"sp","total_hab_raw","fcover_51_raw","fcover_77_raw","fcover_91_raw","fcover_00_raw","tot_change_raw","total_hab","fcover_51","fcover_77","fcover_91","fcover_00","tot_change","tpa2004","tpa2009","tpa2014","tpa2019","tpa_gs_2004","tpa_gs_2009","tpa_gs_2014","tpa_gs_2019","tpa_diam2_2004","tpa_diam2_2009","tpa_diam2_2014","tpa_diam2_2019","tpa_seedlings_2004","tpa_seedlings_2009","tpa_seedlings_2014","tpa_seedlings_2019","nPlots2004","nPlots2009","nPlots2014","nPlots2019"
"ACNARB",22240.9843754442,2612.76102563087,5978.26614860166,9649.28507894091,9409.01958258171,6796.25855695084,33838,3941,9062,14695,14313,10372,NA,NA,NA,NA,NA,NA,NA,NA,NA,NA,NA,NA,NA,NA,NA,NA,NA,NA,NA,NA
"ADEPAV",14491.5703662267,2787.01430623251,5126.39482128946,5404.7180402058,5646.51423352258,2859.49992729007,9199,2356,3576,2978,3339,983,6.79882434100443,5.6399519410739,6.61236502046928,6.97885084894265,0.227924407568837,0.225873865985772,0.0848188817614354,0.465032079946476,2.18864601378944,2.12468066850922,2.00169466153223,2.31889976437135,3.19166193776346,10.6012949492703,1.40796249859295,39.289859273635,3,2,3,3
"ADERIC",19801.1854815872,2629.89616029891,5443.1812893539,7113.02916669878,7478.27734999928,4848.38118970037,9537,1016,1927,2148,2564,1548,NA,1.11104984826585,2.19676261556471,3.98103435166364,NA,NA,NA,NA,NA,0.056468466496443,0.436809504061982,1.25089113933472,NA,3.1029371872982,9.60405571755126,NA,NA,3,3,5
"AIPMIN",24272.481118666,3861.65166604891,7659.89905737899,10192.4652622491,10328.7298587803,6467.07819273137,37211,5928,11752,15603,15817,9889,NA,NA,NA,NA,NA,NA,NA,NA,NA,NA,NA,NA,NA,NA,NA,NA,NA,NA,NA,NA
"ALBLEB",20720.1293187402,2889.90727909841,5751.69426451251,7392.67198875174,7738.3897204008,4848.48244130239,10963,1221,2101,2769,3070,1849,1.62772840787419,0.056468466496443,NA,0.0642671423591184,0.0854716528383138,0.0282342332482215,NA,NA,1.62772840787419,0.056468466496443,NA,0.0642671423591184,1.28472898789956,NA,NA,3.08769260588487,7,1,NA,2
"ALBPRO",24575.9616152495,3835.05203246139,7600.04784501344,10081.4367391858,10266.3329293504,6431.28089688905,15447,1862,3112,3836,4292,2430,2.91268547452437,5.85591110409123,4.2800026550884,3.82325664049415,0.37037716229936,0.338810798978658,0.172414872647194,0.314547116696827,2.12981337836857,3.92384337563231,3.92801203278785,3.0513334915972,6.60416554197239,3.51527128194308,22.1754093317097,2.31576946213646,11,15,15,13
"ALCLAT",17491.3661732227,3043.88446501642,6374.78683627397,9178.73669929057,8915.61861350387,5871.73414848745,14151,2257,5415,8467,7894,5637,7.39704383708551,3.5837891382183,4.41271260902035,4.44493975176109,0.256414958514942,0.254108099233993,0.0848188817614354,0.250279974337709,3.0678807199951,2.47106372572337,2.54838269042778,2.37307092357069,6.53055164054236,2.10916277291721,22.4189551876753,18.2656519352477,19,19,25,23
"ALLCRA",22938.7222546041,3839.29505234957,7636.84862446785,10670.048612088,10726.4120316207,6887.11697927117,22063,4188,8056,11942,12181,7993,NA,NA,NA,1.5438462977939,NA,NA,NA,NA,NA,NA,NA,NA,NA,NA,NA,NA,NA,NA,NA,3
"ALLRAC",24410.8776230812,4255.80592825264,8205.99247916043,10752.0970984623,10882.8591430336,6627.05321478099,7543,2519,3999,3370,3791,1272,NA,NA,0.0282729605871451,0.0620042773261967,NA,NA,0.0282729605871451,0.0310021386630984,NA,NA,0.0282729605871451,0.0620042773261967,NA,NA,106.825301354927,NA,NA,NA,1,1
"ALSBRY",13999.8333937945,1804.50025503617,4432.75781602692,7641.88230864145,7395.44866662007,5590.9484115839,20434,2626,6518,11316,10942,8316,NA,NA,NA,NA,NA,NA,NA,NA,NA,NA,NA,NA,NA,NA,NA,NA,NA,NA,NA,NA
"ALSPOR",21111.1181966607,3286.28540094756,6891.22987610288,10298.7939524893,10091.0514446963,6804.76604374871,14627,2005,5150,8950,8407,6402,0.354629102093461,1.2572477071942,0.830111703835279,1.6626749574993,NA,NA,NA,NA,0.354629102093461,1.2572477071942,0.830111703835279,1.6626749574993,0.7092582089175,28.8225616382678,6.2621787609135,2.70173102628786,1,3,3,5
"AMYELE",15299.5137059093,2977.70010279864,5462.80829601735,6494.26339945942,6764.93204973638,3787.23194693774,9034,2736,4453,3912,4417,1681,7.80184024605615,9.8427595631811,10.9465015603469,15.0809135946801,NA,NA,NA,NA,1.06388730628038,1.75763563628234,3.90668911433596,4.65995108457129,18.7486093273133,10.2497678274786,11.6156906016534,0.385961574448474,6,7,7,9
"ANAPER",22257.1670824131,2781.37642289605,6147.20224525686,9774.20693930425,9543.04567260202,6761.66924970597,34397,4275,9477,15127,14754,10479,NA,NA,0.0848188817614354,0.0620042773261967,NA,NA,NA,NA,NA,NA,0.0848188817614354,0.0620042773261967,NA,NA,8.13057661950557,NA,NA,NA,1,1
"ANDINE",26492.9784041047,4162.25218800455,8405.61510623991,11123.5017023459,11179.4898568243,7017.23766881973,30931,4755,10112,12489,12669,7914,22.6844740272268,22.5003944109716,19.149498597528,18.3004253842594,1.53449924106786,1.18552309660341,0.517244617941583,1.16970778086386,14.7354059972329,15.5306588394711,13.4132718336294,12.039803619515,0.709258204186922,2.10916277291721,28.8243709459266,0.41437376563808,66,70,73,73
"ANNGLA",26435.6693843827,4042.92722446471,8112.34612184763,10971.3665105402,11129.9589635357,7087.03173907101,26513,3742,7110,8200,8875,5133,NA,NA,NA,NA,NA,NA,NA,NA,NA,NA,NA,NA,NA,NA,NA,NA,NA,NA,NA,NA
"ANNMON",18630.7340036198,2272.02344230935,4885.97795366566,8475.08765171515,8404.16586840735,6132.142426098,11322,1280,2556,5163,5272,3992,NA,NA,NA,NA,NA,NA,NA,NA,NA,NA,NA,NA,NA,NA,NA,NA,NA,NA,NA,NA
"ARDELL",18494.0186438523,3418.58659283072,6967.38780703023,9730.19298359007,9730.71945440397,6312.13286157325,27399,5125,10455,14605,14600,9475,NA,NA,NA,NA,NA,NA,NA,NA,NA,NA,NA,NA,NA,NA,NA,NA,NA,NA,NA,NA
"ARDGLA",5592.45347316279,902.676650718135,2252.23307328255,3272.86123925993,2977.10820556944,2074.4315548513,5289,893,2349,3041,2687,1794,NA,NA,NA,NA,NA,NA,NA,NA,NA,NA,NA,NA,NA,NA,NA,NA,NA,NA,NA,NA
"ARDOBO",18669.7679391243,3323.23962879181,6300.68536769226,7131.24713656679,7373.9005834572,4050.66095466539,14155,2876,4878,4230,4638,1762,12.4958803906652,16.7490252181495,18.508198041807,22.542231323639,NA,NA,NA,NA,2.96762781060877,4.04123049199772,5.41902841062799,5.93407452014863,33.4356303822334,0.703054259202135,1.7599531208935,1.18629691968357,13,11,13,18
"ARTALT",18263.539021356,3312.7680856213,6838.36291452311,9712.5500896126,9680.98383723386,6368.21575161256,19740,2598,6446,11215,10792,8194,0.748539501659245,1.16503723624005,1.72408306551873,2.267851091916,0.233812251109995,0.183365166202494,0.169637763522871,0.465032079946476,0.748539501659245,0.813510108983584,1.02010182091764,1.49592794301906,1.06388731101096,2.86769811680358,0.351990622300547,39.8676911495688,7,9,10,11
"AVIGER",20231.3740170649,2197.82352829026,4838.6813287125,6886.90691596176,7123.42946415488,4925.60593586462,20584,1548,3648,5275,5593,4045,3.36649552385424,2.96890608926326,4.02881951357408,7.5776525533242,0.0284905509461046,0.056468466496443,0.0565459211742903,0.0620042773261967,2.30260821757385,0.859743325724455,1.21289453516971,2.14577831985596,8.51109850701,1.75763564566074,87.5464810792884,0.771923148896948,2,1,1,2
"BADPEN",5068.14044366344,941.60546716606,1602.06962282549,2047.28022170228,2144.9331883406,1203.32772117454,5238,896,1473,2168,2268,1372,NA,NA,NA,NA,NA,NA,NA,NA,NA,NA,NA,NA,NA,NA,NA,NA,NA,NA,NA,NA
"BIXORE",26687.0213461239,4165.59667978063,8415.61446455307,11635.5942254812,11665.9222325813,7500.32555280067,41381,6460,13061,18065,18104,11644,NA,NA,1.05597186690164,NA,NA,NA,NA,NA,NA,NA,NA,NA,NA,NA,NA,NA,NA,NA,1,NA
"BOCFRU",23084.7257399918,3058.8052033335,6740.66521759052,10861.5422031302,10723.647781563,7664.84257822949,18972,2386,5435,10264,10256,7870,0.0284905509461046,NA,NA,NA,NA,NA,NA,NA,0.0284905509461046,NA,NA,NA,1.06388731101096,NA,NA,NA,1,NA,NA,NA
"BONUMB",14060.7779524345,2845.27231073566,5393.01562339813,7281.43480520137,7394.18870339543,4548.91639265977,2649,877,1325,1152,1268,391,NA,NA,NA,NA,NA,NA,NA,NA,NA,NA,NA,NA,NA,NA,NA,NA,NA,NA,NA,NA
"BOUSUC",16810.3404146481,2244.01621584944,4707.56709430325,5270.66496822483,5649.97837590268,3405.96216005324,14567,1745,3502,2640,3235,1490,5.03792430016698,19.154175332445,21.6022055228252,22.5976063937062,NA,NA,NA,NA,1.33096513754371,6.96967688282299,8.08739279928463,7.5166927990261,2.48240372411538,0.703054254512936,82.2451575310972,144.969903806186,6,16,16,13
"BOUVIR",11619.3194803172,2185.44845822873,3749.62225966575,3684.45278499555,4043.71392961359,1858.26547138486,12955,2865,4641,3921,4491,1626,1.06388730628038,0.703054254512936,1.05597186690164,1.96081001090547,NA,NA,NA,NA,0.354629102093461,NA,NA,0.0310021386630984,2.1277746267525,NA,0.703981249296475,1.54384630809097,2,1,2,3
"BRUAME",26719.9125801921,4320.59392654896,8571.49363017082,11765.334118396,11800.3992083669,7479.80528181791,41940,6794,13476,18497,18545,11751,NA,NA,NA,NA,NA,NA,NA,NA,NA,NA,NA,NA,NA,NA,NA,NA,NA,NA,NA,NA
"BRUDEN",13950.399997673,2004.05845804792,4651.69423707109,7838.66430272348,7571.24246880691,5567.184010759,20415,2940,6871,11667,11250,8310,NA,NA,NA,NA,NA,NA,NA,NA,NA,NA,NA,NA,NA,NA,NA,NA,NA,NA,NA,NA
"BRULAC",10706.2541797645,1571.52154896362,3620.44140263041,6083.5936097037,5796.49335833173,4224.97180936811,6743,1046,2548,3482,2987,1941,NA,NA,NA,NA,NA,NA,NA,NA,NA,NA,NA,NA,NA,NA,NA,NA,NA,NA,NA,NA
"BUCBUC",21632.9475701342,2880.71922336868,6176.34515022556,8098.65874906606,8394.71934713307,5514.00012376439,19376,1998,4750,5400,6052,4054,11.6379578163351,2.48086105133674,2.24614765973285,3.38830380179333,0.227924407568837,0.141171166241107,0.144141912060049,0.0952692810222168,4.90000487655931,1.42627966956734,1.8941570374323,2.2304190784479,1.06388731101096,21.0308207758512,3.20270787443025,21.1330621746756,16,6,8,9
"BUCTET",13603.2838400248,2617.13659344241,5085.71376468241,7123.51151198708,6877.89632260054,4260.75972915813,9500,2239,4365,6463,5915,3676,0.725006264392821,0.258761354805048,0.288283824120099,0.254805704403552,0.170943305676628,0.117590188563941,0.0565459211742903,0.130797149751159,0.37037716229936,0.258761354805048,0.288283824120099,0.254805704403552,8.31713753062881,1.40610851371507,12.9500006127962,1.18629691453503,7,6,6,5
"BUNGLA",17902.9899036693,2415.16408000654,4971.15079642786,6451.1181745152,6789.93895751564,4374.7748775091,13347,1425,3037,4048,4543,3118,NA,NA,NA,NA,NA,NA,NA,NA,NA,NA,NA,NA,NA,NA,NA,NA,NA,NA,NA,NA
"BURSIM",17955.0872251205,2649.03288185038,4889.01791423373,5534.75043361634,5953.6122498475,3304.57936799712,18573,3036,5176,4568,5196,2160,7.38825558257068,10.9967772431899,9.15416821619929,8.60385344688696,0.211209543705048,0.169405399489329,NA,0.0310021386630984,5.89612528222796,8.71318238747449,6.93784767530617,7.03159495790346,1.28472898789956,10.8973409965317,0.386782891330494,0.385961574448474,28,33,32,33
"BUXPOR",15713.9407317489,3324.78426671959,6303.53930833749,8284.09673003107,8331.90615241788,5007.12188569829,12272,3385,5723,6264,6519,3134,NA,NA,NA,NA,NA,NA,NA,NA,NA,NA,NA,NA,NA,NA,NA,NA,NA,NA,NA,NA
"BUXVAH",24632.1768761724,3872.20457860827,7691.12504799291,10243.4914005026,10405.5155650713,6533.31098646298,37905,5956,11824,15704,15967,10011,NA,NA,NA,NA,NA,NA,NA,NA,NA,NA,NA,NA,NA,NA,NA,NA,NA,NA,NA,NA
"BYRCRA",21004.7801528275,2106.61118694674,5052.19397655409,8176.52307153074,8171.14799811831,6064.53681117157,21535,1758,4330,6426,6847,5089,NA,NA,NA,NA,NA,NA,NA,NA,NA,NA,NA,NA,NA,NA,NA,NA,NA,NA,NA,NA
"BYRLUC",14945.0062745879,1931.30383682507,4163.54598459415,6265.72335679736,6434.26259102393,4502.95875419886,15275,1738,3771,6124,6456,4718,4.6386688781611,5.09078518107988,4.37177157898509,6.82482632875099,NA,0.0282342332482215,NA,NA,2.15626516350687,2.63009529028461,2.92901682075295,4.83819407412941,6.38332387079635,11.9519223970579,0.703981244601093,145.026728261782,2,4,5,6
"BYRSPI",21649.1621718789,2587.36297462462,5898.76056874637,8978.67774466472,8748.98028411297,6161.61730948836,14530,1350,3536,4355,3949,2599,1.05114481554018,1.2441579418002,0.897508200829275,0.726985099742556,0.113962203784418,0.141171166241107,0.0565459211742903,0.0620042773261967,0.696515713446717,0.892630814543731,0.897508200829275,0.341023525294082,21.1439588044755,1.40610851840427,17.0347190221362,0.41437376563808,5,10,10,8
"BYRWAD",7537.96358065796,1562.19445658103,3034.56372650666,4804.70081031718,4531.01053240336,2968.81607582234,7483,1842,3219,5235,4703,2861,0.41161020398567,0.379761360504689,0.380263582887692,0.416963713111572,0.0284905509461046,NA,0.0282729605871451,NA,0.0569811018922092,0.0282342332482215,0.0282729605871451,0.0310021386630984,0.428242994062336,35.1527129085256,22.171341387479,3.85961576507889,2,2,2,2
"CALANT",18029.8213062165,3022.73235340789,5681.19994868338,6661.65027017333,6761.55160775967,3738.81925435178,18420,3260,6064,6363,6455,3195,5.27134884251656,10.2871324080007,4.74300207968149,7.70226475389,0.341886611353255,0.423513498723322,NA,0.434029941283377,1.01579961739503,3.20110877504917,2.49188926975842,1.77078018121486,2.55601761608426,4.85790988145283,43.4954645231642,7.80446808313245,11,14,16,20
"CALKRU",4041.20501761796,952.973622630729,1642.33742524011,2358.19899342628,2212.83924326059,1259.86562062986,3356,1359,2016,2468,2284,925,NA,NA,NA,NA,NA,NA,NA,NA,NA,NA,NA,NA,NA,NA,NA,NA,NA,NA,NA,NA
"CALPAL",11297.1506714851,2133.90641497541,3411.61802639603,2837.29233959015,3240.48992992379,1106.58351494838,17356,3322,5296,4368,5008,1686,NA,0.351527127256468,0.703981244601093,0.771923148896948,NA,NA,NA,NA,NA,NA,0.351990622300547,0.385961574448474,NA,1.0545813864586,13.3019912163152,NA,NA,1,2,2
"CAPFRO",5229.28411360671,583.306599619327,1283.10947146684,1670.22200790318,1807.07161152225,1223.76501190293,3412,241,464,312,476,235,NA,NA,NA,NA,NA,NA,NA,NA,NA,NA,NA,NA,NA,NA,NA,NA,NA,NA,NA,NA
"CASACU",20672.4057351819,2421.17711884016,5236.17428312998,7065.00485636888,7327.35449090973,4906.17737206956,21999,1738,4080,5597,5956,4218,NA,1.40610850902587,1.40796248920219,1.15788472334542,NA,NA,NA,NA,NA,NA,NA,NA,NA,NA,NA,NA,NA,2,2,2
"CASARB",17842.8908391986,2793.61492592562,5829.81296431087,9256.78749958985,8806.66357773542,6013.0486518098,13856,2407,5177,8500,7843,5436,8.72786296395317,9.76452431702586,7.61269587013583,6.25627768459181,NA,NA,NA,NA,2.25748487655108,3.14631587278181,4.27081892428117,3.0549363242456,0.354629102093461,0.351527127256468,6.64896164754861,17.9247056596716,15,17,18,18
"CASDEC",27179.5140800178,4269.53646889329,8669.83961424232,11538.5190443397,11587.6136285365,7318.07715964317,22008,3057,7114,7659,7617,4560,3.19166191884115,2.84045125129997,2.49872662513377,2.43200815892276,NA,NA,NA,NA,0.354629102093461,0.379761360504689,0.351990622300547,0.445375904301178,2.83703283093942,14.7641394291772,0.703981244601093,11.7493204328352,5,9,7,7
"CASELA",26834.5731739346,4117.23384900764,8328.85318353213,11713.1328549683,11796.1832781341,7678.94942912646,28108,4211,8446,13221,13516,9305,NA,0.056468466496443,0.0848188817614354,0.0620042773261967,NA,NA,NA,NA,NA,0.056468466496443,0.0848188817614354,0.0620042773261967,NA,10.3025859817404,5.27985936268049,NA,NA,1,1,1
"CASEQU",6895.108232397,753.864408087451,1134.2314183847,944.707042307826,1088.93963082356,335.075222736108,10372,1137,1712,1430,1658,521,NA,0.169405399489329,NA,NA,NA,0.0847026997446644,NA,NA,NA,0.169405399489329,NA,NA,NA,0.351527127256468,NA,NA,NA,1,NA,NA
"CASGUI",19547.1237609342,2937.30989293661,6226.69188255793,7453.86362476833,7480.1824011351,4542.87250819849,23935,3690,7945,8912,8932,5242,55.2340643960767,53.7377630153424,44.2600593909212,44.2154938226063,NA,NA,NA,NA,8.9312919089853,11.1554883581975,8.18712250311681,9.85310459448607,1.41851641310442,0.351527127256468,0.351990622300547,74.8031184001068,40,40,35,40
"CASSYL",25606.3706267616,4118.46790154371,8389.80103769619,12290.7658169623,12129.4611342074,8010.99323266372,30173,5099,10100,14491,14314,9215,44.9111091975578,53.3962150294636,44.3283531061044,35.3217745213078,NA,NA,NA,NA,5.1190358711213,10.4016062714334,13.0441158543878,12.3393471883146,0.354629102093461,25.6614804350873,1.79474538522806,22.3407561272584,27,39,37,36
"CECSCH",21513.518709911,3752.69385617226,7601.68078422546,10490.5098543409,10299.2269579694,6546.5331017971,14031,2460,5708,8304,7611,5151,15.0261354133462,10.4217197194498,12.154884410663,9.75683449248886,2.10336159323027,2.24911744889372,0.766147044977243,0.0930064159892951,9.20484199591303,8.95746717969844,11.0641202747314,8.59894976914344,0.354629102093461,21.3242038716066,0.351990622300547,125.172214709274,58,68,69,52
"CEIPEN",25636.9926519394,3886.01290997863,7677.5653899312,10255.624602139,10480.8690987825,6594.85618880391,15030,1728,3025,3840,4262,2534,NA,0.437905391230215,0.41505585191764,0.445375904301178,NA,NA,NA,0.0310021386630984,NA,0.437905391230215,0.41505585191764,0.445375904301178,NA,9.31147446809544,7.42252744006448,NA,NA,2,2,2
"CELTRI",11972.3008269379,2287.59012392117,4494.9565199702,5673.22714178776,5904.91236420535,3617.32224028418,3787,736,1279,1050,1239,503,NA,NA,NA,NA,NA,NA,NA,NA,NA,NA,NA,NA,NA,NA,NA,NA,NA,NA,NA,NA
"CESCIT",26065.6160635948,4267.03048694134,8485.30247020721,11707.0587910414,11725.902739346,7458.87225240469,32128,5991,12179,17499,17328,11337,NA,NA,NA,NA,NA,NA,NA,NA,NA,NA,NA,NA,NA,NA,NA,NA,NA,NA,NA,NA
"CESMAC",19256.4110000208,3540.17369607463,6733.91903965175,9826.65308977664,9537.67299056426,5997.49929448962,11342,2663,4707,8000,7310,4647,0.119850047325576,0.794085774057738,1.47754702726208,1.60067068017311,0.0854716528383138,NA,NA,NA,0.119850047325576,0.0328874888192764,NA,0.41437376563808,15.7509083432601,10.0726727837959,1.40796249859295,0.385961574448474,3,3,3,3
"CHICOM",17679.7660608217,2945.76969444705,5853.12793497695,6758.79586454993,6798.89536983566,3853.12567538861,9115,1587,2929,2912,2798,1211,NA,NA,NA,NA,NA,NA,NA,NA,NA,NA,NA,NA,NA,NA,NA,NA,NA,NA,NA,NA
"CHIDOM",20788.5803611875,3764.76223097742,7282.95891834795,9829.10782124102,9803.85945510864,6039.09722413123,19240,4377,8384,11042,10769,6392,0.383119653039566,0.436229827001132,0.760527165775383,1.57484843645699,NA,0.0282342332482215,NA,NA,0.383119653039566,0.0847026997446644,0.408536543474837,0.802925287560046,16.5472207896696,0.351527127256468,9.15175623146341,0.771923148896948,2,3,4,4
"CHIHOL",6859.26923179906,1771.4806861775,3023.46463199612,3407.75474636117,3549.85933806794,1778.37865189044,2266,663,1083,888,1011,348,NA,NA,NA,NA,NA,NA,NA,NA,NA,NA,NA,NA,NA,NA,NA,NA,NA,NA,NA,NA
"CHIVEN",24815.09669213,4102.36073936522,8222.94441971183,10849.1190658957,10811.0434926972,6708.68275333196,19262,3173,6501,7067,6893,3720,NA,NA,NA,NA,NA,NA,NA,NA,NA,NA,NA,NA,NA,NA,NA,NA,NA,NA,NA,NA
"CHRARG",21603.8844464177,3821.22939759842,7394.75225840975,9880.03907589708,9803.921930518,5982.69253291958,19727,3792,7071,8273,8096,4304,NA,1.11272541249493,1.05597186690164,0.771923148896948,NA,NA,NA,NA,NA,NA,NA,NA,NA,NA,NA,NA,NA,3,3,2
"CHRICA",23690.9546529949,2858.61758477241,6172.02031223476,8692.77206395566,8857.34145844728,5998.72387367487,21480,1676,4015,6021,6275,4599,0.383119653039566,3.86679839982115,4.5758780899071,3.08769259558779,NA,NA,NA,NA,0.383119653039566,1.0545813817694,2.11194373380328,1.5438462977939,111.073139582105,0.351527127256468,13.0195851363058,1.24312129691424,1,1,1,1
"CHROLI",16762.4329680069,2312.50308821507,4414.52940516237,5421.86579673114,5804.60333603471,3492.10024781965,11822,1316,2183,2980,3258,1942,NA,NA,NA,NA,NA,NA,NA,NA,NA,NA,NA,NA,NA,NA,NA,NA,NA,NA,NA,NA
"CHRPAU",24537.8003286379,3495.95360851986,7217.55071203737,10151.8675657804,10231.6524980026,6735.69888948277,24543,2634,5980,9831,9789,7155,0.354629102093461,NA,0.0282729605871451,0.0310021386630984,NA,NA,NA,NA,0.354629102093461,NA,0.0282729605871451,0.0310021386630984,0.7092582089175,NA,44.0336202960627,1.92980787739091,1,NA,1,1
"CINELO",26503.989293078,3799.86537064984,7983.99669078924,11642.4508294314,11555.909070557,7756.04369990714,33838,3941,9062,14695,14313,10372,4.46356633650083,3.48977992733152,3.75384532746545,3.10494047367285,0.176831149217785,0.395279265475101,0.254456645284306,0.812844200339323,2.4695791501269,2.43519854556212,1.64190159366218,2.3330173247759,11.1541703568377,0.351527127256468,12.9152083479975,4.63153891912438,10,29,31,33
"CINMON",18709.3814582527,3593.59346590936,7158.11280268431,9904.55086866021,9911.38150599599,6317.78804008663,27958,5459,10870,15037,15041,9582,0.440100754931775,0.0940092108867744,0.473413792022098,0.581025866558751,NA,0.0328874888192764,NA,NA,0.0854716528383138,0.0940092108867744,0.473413792022098,0.581025866558751,0.709258204186922,1.75763564566074,1.54713157048147,0.385961574448474,4,2,4,5
"CITCAU",7158.9213075015,1475.4931269316,2949.89315811195,4422.5868798783,4120.29608388717,2644.80295695557,7088,1806,3344,4666,4216,2410,NA,0.703054254512936,NA,NA,NA,NA,NA,NA,NA,NA,NA,NA,NA,NA,NA,NA,NA,1,NA,NA
"CITSPI",27738.6517069936,4275.48508891463,8780.60599473119,11792.5231543481,11852.1246936023,7576.63960468769,28778,4110,9275,11347,11460,7350,NA,NA,0.0931502091344064,0.13306001478408,NA,NA,NA,NA,NA,NA,0.0931502091344064,0.13306001478408,NA,NA,12.6716624732504,NA,NA,NA,1,1
"CLIEGG",15094.5287778638,2520.30594453029,5477.96626920579,8474.06816123798,8263.06188959396,5742.75594506366,10493,1943,4348,7143,6644,4701,NA,NA,NA,NA,NA,NA,NA,NA,NA,NA,NA,NA,NA,NA,NA,NA,NA,NA,NA,NA
"CLIERO",4333.39193117846,1073.44411865642,1896.9534016758,2945.31560410347,2754.74962670149,1681.30550804507,1529,904,1121,1328,1268,364,NA,NA,NA,NA,NA,NA,NA,NA,NA,NA,NA,NA,NA,NA,NA,NA,NA,NA,NA,NA
"CLIHIR",26956.4987639487,3757.63982090354,7917.77544716001,11698.8538865447,11606.3460688293,7848.70624792576,34416,3961,9124,14776,14446,10485,NA,NA,NA,NA,NA,NA,NA,NA,NA,NA,NA,NA,NA,NA,NA,NA,NA,NA,NA,NA
"CLUCLU",14903.7931927815,2168.00863175606,4997.92740977556,8563.26645109383,8191.32960648695,6023.32097473089,4965,1073,1954,3130,2963,1890,1.01079650372463,0.0847026997446644,NA,NA,0.0284905509461046,NA,NA,NA,0.656167401631173,0.0847026997446644,NA,NA,1.13750119824926,47.1046353337187,NA,NA,6,2,NA,NA
"CLUGUN",15919.1276939753,2953.05562891811,6010.38776728325,9125.96606530622,8864.58020298928,5911.52457407117,10347,2237,4457,7224,6680,4443,NA,NA,NA,NA,NA,NA,NA,NA,NA,NA,NA,NA,NA,NA,NA,NA,NA,NA,NA,NA
"CLUMIN",27075.6195043921,4331.29000639915,8582.3007029891,11769.4525144696,11835.8251721859,7504.53516578674,42833,6852,13577,18619,18724,11872,NA,NA,NA,NA,NA,NA,NA,NA,NA,NA,NA,NA,NA,NA,NA,NA,NA,NA,NA,NA
"CLUROS",26965.1457098424,4253.51814949512,8482.98119950294,11342.070232749,11449.542093426,7196.02394393086,13640,2110,4013,3493,3758,1648,3.02761448196668,4.26034341238963,4.24158087349987,4.67245994482406,0.0854716528383138,0.056468466496443,NA,0.0310021386630984,1.89011328371742,2.0930366181253,1.74285424836609,2.35669049813322,1.06388731101096,0.351527127256468,130.635947346414,3.47365419063042,15,15,15,14
"COCCOS",11221.4401737894,2599.83939037472,4611.49617674341,4955.84868382337,5189.96972388867,2590.13033351395,9683,2484,4417,4496,4757,2273,NA,NA,NA,NA,NA,NA,NA,NA,NA,NA,NA,NA,NA,NA,NA,NA,NA,NA,NA,NA
"COCDIV",15253.7075442523,2937.04404818453,5043.00127794035,5173.17216768861,5593.62256975099,2656.57852156647,17817,3330,5318,4439,5108,1778,7.6425678383889,10.8487007478339,9.41305565517212,9.6776648401679,0.0284905509461046,0.0282342332482215,NA,NA,1.74766052898689,3.64372611052798,3.32483826897298,3.83141684106158,0.709258204186922,81.4721834058962,0.351990622300547,3.88802795111996,16,16,13,15
"COCKRU",1899.35904748568,358.091836485483,544.784654621462,402.888349071656,482.972800843629,124.880964358146,2994,551,837,591,731,180,3.90092012302807,5.27290690884702,4.92786871220765,5.78942361672711,NA,NA,NA,NA,NA,NA,NA,NA,NA,NA,NA,NA,2,1,1,1
"COCMIC",17894.6353577152,2941.47418451682,5456.94024277478,7032.21561678499,7345.91272584349,4404.43854132667,8263,1472,2562,2559,2853,1381,5.68750599124629,11.1239029964911,11.6138183307329,15.3097376675278,NA,0.0282342332482215,NA,NA,1.49213030034272,4.44755052152155,5.13881805320327,5.29133982085106,1.418516417835,5.62443406892788,5.63184998967642,2.37259384489467,5,8,9,10
"COCPUB",13774.8298894335,3001.06320319697,5516.17184275296,7006.82309105434,7179.20606517559,4178.14286197862,4546,1593,2550,2284,2575,982,5.9954019168727,NA,NA,NA,NA,NA,NA,NA,0.428242994062336,NA,NA,NA,1.13750120297984,NA,NA,NA,1,NA,NA,NA
"COCPYR",20623.8676535562,3612.31225042045,7077.60247580707,9945.11257664859,9796.76040218771,6184.44815176725,17342,3950,7347,10170,9667,5717,NA,NA,0.41505585191764,0.445375904301178,NA,NA,NA,NA,NA,NA,0.0282729605871451,0.0310021386630984,NA,NA,0.351990622300547,NA,NA,NA,2,2
"COCRUG",15708.4696389809,2039.1366624455,5078.40438276669,8831.95458973944,8440.36955812527,6401.23289567977,11005,1365,3893,5375,4879,3514,NA,4.91605389578393,4.64139469596593,5.80123271893312,NA,NA,NA,NA,NA,0.819342315963987,0.773565782660989,0.82874753127616,NA,0.351527127256468,1.75995311619811,NA,NA,1,1,1
"COCSIN",13532.5113136768,2371.9222676754,4407.18731784821,5666.17469727993,5762.21767234802,3390.29540467262,559,334,415,432,441,107,0.354629102093461,0.0282342332482215,1.78822607208988,1.92980787224237,NA,NA,NA,NA,0.354629102093461,0.0282342332482215,0.0282729605871451,0.385961574448474,0.354629102093461,17.6345004779545,55.6841031859917,13.0326630364742,1,1,2,1
"COCSWA",16274.128225781,2903.86385869235,5825.79240074754,8480.76575378329,8268.0596608147,5364.19580212235,12038,2307,5005,8121,7665,5358,0.354629102093461,NA,NA,NA,NA,NA,NA,NA,NA,NA,NA,NA,NA,NA,NA,NA,1,NA,NA,NA
"COCUVI",24412.3349382691,3882.66192545742,7702.63670899346,10254.8752053082,10391.094037246,6508.43211178854,37211,5928,11752,15603,15817,9889,NA,NA,NA,NA,NA,NA,NA,NA,NA,NA,NA,NA,NA,NA,NA,NA,NA,NA,NA,NA
"COCVEN",15383.2812792056,2355.76708200428,4723.41347234999,5280.03655741026,5604.59999588341,3248.83291387913,20754,3379,6352,6152,6756,3377,NA,0.703054254512936,0.703981244601093,0.416963713111572,NA,NA,NA,NA,NA,0.703054254512936,0.703981244601093,0.416963713111572,NA,8.78817821892529,6.82699093785734,NA,NA,1,1,1
"COFARA",25863.7726786584,4202.19714643806,8458.14283905923,11951.7219917849,11878.8279864714,7676.63084003329,23398,3408,7898,13538,12959,9551,11.4486258744615,12.8294086734094,5.2798593345082,2.70173102113932,NA,NA,NA,NA,1.13750119824926,1.11272541249493,0.351990622300547,0.385961574448474,3.61990492709522,4.56718972236039,0.703981249296475,7.33326995570931,13,13,7,4
"COJARB",19067.0596484728,3430.27740237862,6099.46723120473,6940.40470290184,7272.28113385476,3842.00373147614,17914,3656,5711,4800,5449,1793,0.600134966498647,0.379761360504689,0.380263582887692,0.416963713111572,NA,NA,NA,NA,0.600134966498647,0.0282342332482215,0.0282729605871451,0.0310021386630984,6.69121980035065,0.351527127256468,22.0321723057356,7.17460587988645,1,2,2,2
"COLARB",19873.9327788986,3443.3172250241,6395.3509769626,7827.01920113713,8158.20122447982,4714.88399945572,12921,2866,4597,3871,4465,1599,1.77314551046731,1.63868463192797,0.773565782660989,0.82874753127616,NA,NA,NA,NA,0.709258204186922,NA,NA,NA,0.354629102093461,NA,NA,17.266431266373,1,2,1,1
"COLELL",4356.25555905331,575.080900176653,1068.42590796801,865.804965020937,1073.21169187039,498.130791693737,3888,561,885,551,725,164,NA,NA,NA,NA,NA,NA,NA,NA,NA,NA,NA,NA,NA,NA,NA,NA,NA,NA,NA,NA
"COLVER",14413.6187154513,2374.81513761636,4958.36134306365,7684.3128940172,7735.29662976437,5360.48149214801,5030,749,1661,1646,1964,1215,NA,NA,NA,NA,NA,NA,NA,NA,NA,NA,NA,NA,NA,NA,NA,NA,NA,NA,NA,NA
"COMDOD",10741.8683592044,1555.44894469716,3145.00154152978,3753.12428705953,4020.97503670119,2465.52609200403,7766,1141,2232,2551,2781,1640,0.709258204186922,0.703054254512936,0.703981244601093,0.771923148896948,NA,NA,NA,NA,NA,NA,NA,NA,NA,NA,NA,NA,1,1,1,1
"COMGLA",24755.8009038568,4192.83281028271,8277.95215561986,10775.9259528071,10789.2221933305,6596.38938304782,15209,3246,5957,5959,5941,2695,0.354629102093461,0.351527127256468,1.05597186690164,1.5438462977939,NA,NA,NA,NA,NA,NA,NA,NA,NA,NA,NA,NA,1,1,2,3
"CONERE",18010.115175847,2598.04126364505,5133.91609757161,6551.48320791777,6839.00978946593,4240.96852582088,27098,3843,7706,8963,9769,5926,0.794729857025236,0.787756954257601,0.436809504061982,0.478967990437769,NA,NA,NA,NA,0.0854716528383138,0.0847026997446644,0.0848188817614354,0.478967990437769,11.7027604447735,1.40610851371507,0.703981244601093,11.9648088696851,1,1,1,1
"CORALL",27075.6195043921,4331.29000639915,8582.3007029891,11769.4525144696,11835.8251721859,7504.53516578674,42833,6852,13577,18619,18724,11872,2.53141735501346,4.72480747263899,3.96169403770595,2.65730170433875,0.0854716528383138,0.404585776617211,0.344829745294389,0.562564226001614,1.3939161567642,1.50291929660525,2.55373154850377,1.8853785554418,11.3481313142965,2.1091627776064,2.95509405968366,3.0876926110334,11,20,26,24
"CORBOR",18554.5704939235,3100.72912298515,6561.34763073549,9887.51965121552,9548.14810137078,6447.41897838563,13893,2609,5667,9479,8819,6210,3.41958632640999,1.81410410277878,1.11251778807593,1.21988900067162,0.142452754730523,NA,NA,NA,1.29181171384922,0.759522721009379,0.0565459211742903,0.0620042773261967,6.02869477343346,4.21832554583441,0.351990622300547,10.0350010025913,8,6,4,4
"CORCOL",17612.3768781863,1874.95856299727,4644.22694872965,7379.69285032878,7545.10679549175,5670.14823249448,22735,1885,5355,9007,9194,7309,NA,0.351527127256468,0.351990622300547,0.385961574448474,NA,NA,NA,NA,NA,NA,0.351990622300547,NA,NA,0.409671157981994,NA,NA,NA,1,1,1
"CORHIR",17385.5388584531,2235.92797676573,4559.90535174805,5794.83440111351,6144.53449424828,3908.60651748255,24479,2679,5919,7937,8577,5898,NA,NA,NA,NA,NA,NA,NA,NA,NA,NA,NA,NA,NA,NA,NA,NA,NA,NA,NA,NA
"CORLAE",27317.3544141948,4144.89901147038,8246.34259235114,11112.8054190502,11251.8500040174,7106.95099254698,31943,4373,9072,11438,12078,7705,2.30349294744462,NA,NA,0.155010693315492,NA,NA,NA,0.124008554652394,0.737748755133027,NA,NA,0.155010693315492,8.52453885253313,NA,NA,31.2628877156737,3,NA,NA,3
"COROBO",24273.3607904874,3861.80132406205,7660.1911902912,10192.8790263385,10329.1401744001,6467.33885033801,37211,5928,11752,15603,15817,9889,NA,NA,NA,0.0310021386630984,NA,NA,NA,0.0310021386630984,NA,NA,NA,0.0310021386630984,NA,NA,NA,NA,NA,NA,NA,1
"CORRIC",19017.5660617153,2553.5339097523,5180.34170006033,6667.6116531849,7044.2080488416,4490.6741390893,17799,1998,3934,4951,5515,3517,0.709258204186922,NA,NA,NA,NA,NA,NA,NA,NA,NA,NA,NA,NA,NA,NA,NA,1,NA,NA,NA
"CORSUL",22261.9964008443,3375.0675374791,7030.84355348162,9960.85966568068,9811.54160228372,6436.47406480461,21285,2797,6518,9493,9060,6263,2.849816529091,6.5624338644174,6.76174310384543,6.54208552765846,0.284905509461046,0.141171166241107,0.169637763522871,0.188275697011512,2.14055832490408,4.0435999428966,5.63618669888389,4.16949169858841,2.56945798151167,0.703054259202135,1.40796248920219,113.766061633886,23,33,33,27
"CRECUJ",21465.4555234332,3020.09033604898,6035.02780750394,7807.60478045233,8141.11184095033,5121.02150490135,11757,1324,2288,2981,3299,1975,0.0343783944872623,0.0328874888192764,NA,0.03326500369602,NA,NA,NA,NA,0.0343783944872623,0.0328874888192764,NA,0.03326500369602,2.1277746267525,63.5669342447038,NA,3.28657795049766,1,1,NA,1
"CRELIN",7669.85509319267,920.828319963145,1703.69272257382,1687.32494782846,1915.39351118641,994.565191223267,7629,855,1568,1550,1811,956,NA,NA,NA,NA,NA,NA,NA,NA,NA,NA,NA,NA,NA,NA,NA,NA,NA,NA,NA,NA
"CREPOR",16193.1186418496,2087.59528220817,4417.79720821604,6711.36243872344,6627.66020898148,4540.06492677331,10487,1145,1722,1450,1675,530,NA,NA,NA,NA,NA,NA,NA,NA,NA,NA,NA,NA,NA,NA,NA,NA,NA,NA,NA,NA
"CRIPOR",24238.7545570135,4043.72450947762,7891.73925008252,10479.895911213,10610.2195881531,6566.49507867545,27628,5189,10573,14722,14738,9549,NA,NA,NA,NA,NA,NA,NA,NA,NA,NA,NA,NA,NA,NA,NA,NA,NA,NA,NA,NA
"CROAST",6014.57687654826,626.224954227967,1784.04177097045,2461.91140068489,2625.65099886973,1999.42604464176,1991,143,482,370,538,395,1.63935808428047,2.39988291716644,0.738773513631041,NA,NA,NA,NA,NA,NA,NA,NA,NA,NA,NA,NA,NA,2,3,2,NA
"CROBET",17142.6013789418,2393.8819884354,4675.30054860876,5757.6485875909,6160.17621346831,3766.29422503291,12616,1402,2574,3275,3694,2292,NA,NA,NA,NA,NA,NA,NA,NA,NA,NA,NA,NA,NA,NA,NA,NA,NA,NA,NA,NA
"CRODIS",10342.0076071867,1391.95409541996,2777.98947290448,3631.74192784377,3882.83878567489,2490.88469025493,5124,711,1236,909,1135,424,NA,NA,NA,NA,NA,NA,NA,NA,NA,NA,NA,NA,NA,NA,NA,NA,NA,NA,NA,NA
"CROFLA",12245.9487648598,1775.09078010211,3650.55469338642,4192.46078264218,4534.87943580528,2759.78865570316,10877,1418,3060,2516,3145,1727,1.49213030034272,0.819342315963987,NA,NA,NA,NA,NA,NA,0.428242994062336,NA,NA,NA,3.90092014195038,NA,NA,NA,3,1,NA,NA
"CROGLA",7821.06590808532,1438.64789048559,2311.18630477111,1916.43723373837,2229.98600219097,791.33811170538,4817,739,1218,812,1050,311,NA,NA,NA,NA,NA,NA,NA,NA,NA,NA,NA,NA,NA,NA,NA,NA,NA,NA,NA,NA
"CROIMP",8686.88708115387,1171.75429940192,2535.7937532588,5176.97334602775,5138.68348927589,3966.92918987398,6212,746,1590,3274,3415,2669,NA,NA,NA,NA,NA,NA,NA,NA,NA,NA,NA,NA,NA,NA,NA,NA,NA,NA,NA,NA
"CROPOE",13223.7405091561,2346.86286897492,4861.98680768535,7391.29163864162,7169.41576236486,4822.55289338995,925,592,789,853,809,217,1.26332116290312,1.13928408151407,0.732254205188238,0.0310021386630984,0.0854716528383138,NA,NA,NA,0.554062958716193,0.436229827001132,0.732254205188238,0.0310021386630984,117.154979713317,0.703054259202135,0.703981249296475,1.18629691453503,3,3,2,1
"CRORHA",14730.1378088596,2049.95284479663,4072.81191969443,5214.53147367846,5568.56607410473,3518.6132293081,11125,1126,2350,3158,3593,2467,3.90092012302807,4.56985265433408,4.5758780899071,6.56134676562406,NA,NA,NA,NA,NA,NA,NA,NA,NA,NA,NA,NA,2,3,3,3
"CSSGUI",18462.8986702356,3590.73666352965,7138.96003420465,10251.7531843148,10071.2957620863,6480.55909855664,18270,3736,7692,11726,11136,7400,NA,0.0328874888192764,0.703981244601093,0.771923148896948,NA,NA,NA,NA,NA,0.0328874888192764,0.351990622300547,0.771923148896948,NA,102.204295238439,0.351990622300547,NA,NA,1,1,1
"CUPAME",25378.3359496798,3802.60746979527,7923.78529989161,10458.3302475568,10531.5107096527,6728.90323985741,30856,4381,9691,12801,12909,8528,3.85371716401348,5.18008244771806,4.1588975322994,4.69598768565406,0.0569811018922092,0.056468466496443,NA,0.0620042773261967,0.588441353203456,2.3097213989408,2.75093504309721,3.15214138786017,13.4759059599713,0.409671157981994,0.738773513631041,10.5061991149478,15,19,20,24
"CYAARB",10804.4540770808,1585.82302800163,4035.19275473773,6011.71939391676,5568.47901180618,3982.65598380455,12695,1791,4981,6501,5982,4191,2.84187178284383,6.81547468848218,6.05731249040536,2.81210403568992,NA,NA,NA,NA,2.84187178284383,6.81547468848218,6.05731249040536,2.81210403568992,1.77314551992846,4.92137980972575,0.351990622300547,7.33326995570931,8,15,18,9
"CYABOR",21069.5514786392,3880.95571767166,7878.88370763883,11288.7436634228,11191.9641667269,7311.00844905525,32128,5991,12179,17499,17328,11337,NA,NA,NA,NA,NA,NA,NA,NA,NA,NA,NA,NA,NA,NA,NA,NA,NA,NA,NA,NA
"CYNFLE",18595.7529574616,2658.78665479574,5177.42282386286,6339.11313119832,6724.04629731666,4065.25964252092,10480,1210,2008,1984,2319,1109,NA,1.75763563628234,0.703981244601093,0.771923148896948,NA,NA,NA,NA,NA,0.703054254512936,0.351990622300547,0.385961574448474,NA,0.703054259202135,0.703981244601093,NA,NA,2,1,1
"CYNHAS",12249.1463597304,1480.09211576721,3221.13287988567,3979.98081355288,4358.76617634305,2878.67406057584,7390,852,1847,1388,1844,992,NA,2.46068989079528,2.46393435610383,1.92980787224237,NA,NA,NA,NA,NA,0.703054254512936,1.05597186690164,1.15788472334542,NA,22.6721683350637,2.70748024963245,NA,NA,1,1,1
"CYNPOR",18692.5768713573,2816.50389472715,5356.29095349961,6188.61098653078,6570.28418474819,3753.78029002104,13634,2208,3475,2711,3257,1049,NA,NA,NA,NA,NA,NA,NA,NA,NA,NA,NA,NA,NA,NA,NA,NA,NA,NA,NA,NA
"CYRRAC",9303.40846351907,2020.07791132573,3802.61303468235,5685.67175180372,5452.29542201385,3432.21751068812,5615,2017,2971,4111,3791,1774,0.142452754730523,0.0282342332482215,0.0282729605871451,0.0310021386630984,NA,NA,NA,NA,0.142452754730523,0.0282342332482215,0.0282729605871451,0.0310021386630984,0.7092582089175,0.761198285238462,1.05597187159702,10.1202375349718,2,1,1,1
"DACEXC",14229.2474240236,2132.23050396633,5034.17746673821,7828.39592665498,7454.88060530269,5322.65010133636,18242,2680,6435,10578,9898,7218,0.696515713446717,1.18936503953284,1.19391799214969,1.14362173041356,0.227924407568837,0.338810798978658,0.226183684697161,0.18601283197859,0.341886611353255,0.837837912276371,1.19391799214969,1.14362173041356,2.83703282147827,44.3794139721795,69.7515242913469,17.9247056501325,5,6,6,4
"DAPAME",17424.3047083337,2388.46085722838,5305.37128345994,8753.93646476511,8406.48197632842,6018.02111910004,6036,1304,2482,4283,3897,2593,0.0343783944872623,1.69980635399547,1.63750466533206,1.78602934727056,0.0343783944872623,NA,NA,NA,0.0343783944872623,0.0611217220674979,0.0903731000100827,0.957281815994397,7.80184027917019,0.351527127256468,1.05597187159702,3.88802794082288,1,3,4,5
"DAPHEL",17858.9069262389,3155.10240190802,5797.43065467197,6352.16629568581,6600.98492564168,3445.88252373366,9985,2056,3152,2510,2874,818,NA,NA,NA,NA,NA,NA,NA,NA,NA,NA,NA,NA,NA,NA,NA,NA,NA,NA,NA,NA
"DAPPHI",9867.53173370927,2077.30201868818,3990.55621879653,6484.72263967246,6075.49687304033,3998.19485435216,8994,2089,3783,6393,5814,3725,0.354629102093461,0.351527127256468,0.351990622300547,NA,NA,NA,NA,NA,NA,NA,NA,NA,NA,NA,NA,NA,1,1,1,NA
"DELREG",19842.7157647824,2321.54083085107,5072.29630443826,7833.41950115003,7789.17377834814,5467.63294749707,11378,929,1551,2556,2805,1876,0.119850047325576,0.881766165144375,1.70457764069526,1.76538699850143,NA,NA,NA,0.0310021386630984,0.119850047325576,0.178711910631439,0.648605773793616,0.607502275156006,0.428242994062336,0.351527127256468,9.64291591626171,1.92980787739091,2,4,5,4
"DENARB",19110.6125627505,3661.8042014977,7059.77090205345,9926.60969947837,9686.39816920739,6024.59396770969,18034,4037,7533,10002,9604,5567,8.48151816966793,9.40418724283026,10.3214144318211,8.80362053944359,0.256414958514942,NA,NA,0.0620042773261967,3.4430968483906,5.18586171575264,5.39354571961345,6.10188951830427,4.96480744823077,0.409671157981994,66.2664103331401,0.385961574448474,25,22,24,26
"DENLAU",16285.4532386474,2219.53796083387,4923.40383684961,7918.36271395022,7683.33306094306,5463.79510010919,12811,1912,4703,7606,7230,5318,NA,NA,NA,NA,NA,NA,NA,NA,NA,NA,NA,NA,NA,NA,NA,NA,NA,NA,NA,NA
"DIOSIN",12306.3580345847,2755.39100955334,4745.22369980998,5069.82326999586,5313.90005572047,2558.50904616714,4584,1827,2673,2329,2610,783,NA,NA,NA,NA,NA,NA,NA,NA,NA,NA,NA,NA,NA,NA,NA,NA,NA,NA,NA,NA
"DITMYR",5479.87417901841,926.412447564784,1934.8154161336,2483.26270537473,2280.82781626808,1354.4153687033,2485,799,1404,1832,1559,760,0.709258204186922,0.703054254512936,0.732254205188238,NA,NA,NA,NA,NA,NA,NA,0.380263582887692,NA,NA,9.13970536024936,NA,NA,1,1,2,NA
"DRYALB",25804.8171283603,4286.69264286757,8323.68185353279,11075.2133929133,11178.7482739091,6892.05563104153,18030,3664,5721,4820,5466,1802,2.83703281674769,NA,NA,NA,NA,NA,NA,NA,NA,NA,NA,NA,NA,NA,NA,NA,2,NA,NA,NA
"DRYGLA",14436.3691355232,2730.66467179544,5514.83883311413,8316.78504954837,8030.39693340845,5299.73226161301,13226,2500,5456,9072,8370,5870,0.440100754931775,0.351527127256468,0.0282729605871451,0.0310021386630984,0.0569811018922092,NA,NA,0.0310021386630984,0.0854716528383138,NA,0.0282729605871451,0.0310021386630984,1.418516417835,0.703054254512936,0.386782891330494,0.771923154045485,3,1,1,1
"DRYILI",11878.971963339,2260.45703187864,3623.87776491884,3063.29712306894,3482.56542096147,1222.10838908283,12126,2563,4031,3324,3753,1190,NA,NA,NA,NA,NA,NA,NA,NA,NA,NA,NA,NA,NA,NA,NA,NA,NA,NA,NA,NA
"ELAXYL",19528.3001832757,2971.49070816845,5697.32843446758,6945.06802736441,7299.63303760995,4328.1423294415,15692,2166,3774,3599,4034,1868,NA,NA,NA,NA,NA,NA,NA,NA,NA,NA,NA,NA,NA,NA,NA,NA,NA,NA,NA,NA
"ERIFRU",14900.846348688,2240.42097836314,4147.94490948552,4655.67581353337,4994.33625856414,2753.91528020101,14489,2089,3411,2765,3214,1125,1.41851640837384,0.703054254512936,0.735031314312562,0.03326500369602,NA,NA,NA,NA,NA,NA,0.0310500697114688,0.03326500369602,NA,NA,5.345375961205,NA,2,1,2,1
"ERYARE",5399.46239849506,705.336004687959,1340.05771767262,1222.41121006132,1469.48303226277,764.147027574815,5287,702,1186,756,1014,312,NA,0.819342315963987,2.31695514866449,2.52436041003091,NA,NA,NA,NA,NA,0.409671157981994,0.417832961041963,0.48090377303012,NA,0.819342321428799,19.7769915309438,NA,NA,1,3,3
"ERYBER",19525.1339699463,2426.4113614657,5290.91223897459,8193.24384123366,8067.99788817065,5641.58652670495,30111,3735,8158,12645,12450,8715,4.32430601409606,3.86679839982115,3.9284427664803,NA,0.0343783944872623,NA,NA,NA,1.48727319734837,3.51527127256468,3.57645214417975,NA,1.06388731101096,60.0450062640046,0.351990622300547,NA,2,1,1,NA
"ERYBRE",22197.8351173755,2916.92612108402,6032.27626543306,7555.22127697431,7857.08127122931,4940.15515014529,17380,1953,3840,3065,3586,1633,NA,NA,NA,NA,NA,NA,NA,NA,NA,NA,NA,NA,NA,NA,NA,NA,NA,NA,NA,NA
"ERYPOE",25132.1565770879,4045.56813664734,7957.60711876675,10643.250678122,10764.9922861345,6719.42414948717,29668,3409,7753,12233,12026,8617,1.95983687634983,2.94067185601504,2.62737633281469,1.40590183265021,0.284905509461046,0.19763963273755,0.141364802935726,0.155010693315492,1.25057867216291,1.88609047424564,2.27538571051415,1.40590183265021,8.1564693718025,0.351527127256468,24.4961066853163,11.1479455035058,11,15,16,9
"ERYROT",18934.1460522701,2488.50927452382,5075.09087618289,6228.86598334729,6622.43688874447,4133.92761422065,15001,1594,2957,3174,3646,2052,NA,3.86679839982115,3.87189684530601,4.63153889338169,NA,NA,NA,NA,NA,0.351527127256468,0.351990622300547,0.385961574448474,NA,10.6039578953116,13.3675078289259,NA,NA,4,4,5
"ERYRUF",24226.2774057202,4017.89906271547,7791.71841446124,10243.7402978875,10393.1447533388,6375.2456906233,18030,3664,5721,4820,5466,1802,0.428242994062336,0.409671157981994,0.738773513631041,1.24312129691424,NA,NA,NA,NA,NA,NA,0.386782891330494,0.41437376563808,NA,NA,28.6852018928196,NA,1,1,2,2
"ERYURB",19140.4553636536,3370.92481212318,6186.11472899094,7527.4633038491,7762.30035847053,4391.37554634735,18030,3664,5721,4820,5466,1802,NA,NA,NA,NA,NA,NA,NA,NA,NA,NA,NA,NA,NA,NA,NA,NA,NA,NA,NA,NA
"EUGAXI",21945.3727857592,3161.79152047727,6277.64176387433,7998.07454396319,8316.53905765247,5154.74753717519,13563,1890,3249,2832,3308,1418,NA,NA,NA,NA,NA,NA,NA,NA,NA,NA,NA,NA,NA,NA,NA,NA,NA,NA,NA,NA
"EUGBIF",22513.7963992069,2927.72103871871,6373.55018665362,7980.3994748937,8176.35404122341,5248.63300250471,19629,2115,4996,5355,5614,3499,8.54339722673851,9.02237117986535,9.50090950673547,11.5254851769982,0.0628689454333669,NA,NA,NA,1.73183039499387,4.21994240262916,3.44748438956628,2.94909396556296,0.428242994062336,8.14326799513788,2.11194374319404,0.385961574448474,14,11,13,16
"EUGBOR",2917.48693208666,687.517793093335,1336.51137639313,1684.25671495769,1540.44694044751,852.929147354177,5906,1218,2785,3381,2938,1720,1.85861716330562,1.43434274227409,1.08424482748878,1.5438462977939,0.0284905509461046,0.0282342332482215,NA,NA,0.794729857025236,0.0282342332482215,0.0282729605871451,NA,4.25554923931327,6.38563235416634,15.4487272477848,1.21470911125218,4,4,3,3
"EUGCON",7185.96276060678,1588.72507762536,2922.90258539189,3788.27089375071,3840.15994378086,2251.4348661555,559,334,415,432,441,107,0.383119653039566,1.08281561501763,0.0282729605871451,0.0310021386630984,0.0284905509461046,NA,NA,NA,0.0284905509461046,0.731288487761158,0.0282729605871451,0.0310021386630984,20.4686095994276,3.51527129132148,1.75995311619811,41.4801708875061,2,2,1,1
"EUGCOR",16433.4894311298,2035.49052244797,5119.53017843049,8991.04741155449,8708.50603059679,6673.01550814882,13645,1384,3834,8089,8083,6699,0.0569811018922092,NA,NA,NA,0.0569811018922092,NA,NA,NA,0.0569811018922092,NA,NA,NA,12.9407562459421,NA,NA,NA,1,NA,NA,NA
"EUGDOM",26396.2785375267,4137.03527400643,8422.48365221918,11511.6576325223,11450.5098314658,7313.47455745935,23019,3410,7700,9003,8844,5434,NA,NA,NA,1.15788472334542,NA,NA,NA,NA,NA,NA,NA,0.385961574448474,NA,NA,NA,NA,NA,NA,NA,1
"EUGEGG",19078.9241445633,2477.73425947875,5584.46782259271,9089.62012289837,8783.50775591657,6305.77349643782,9396,1991,3982,6505,5963,3972,NA,NA,NA,NA,NA,NA,NA,NA,NA,NA,NA,NA,NA,NA,NA,NA,NA,NA,NA,NA
"EUGFOE",10548.1593574949,1960.49438088527,3126.71580196661,2587.55218011746,2975.94136782875,1015.44698694348,17515,3337,5315,4393,5033,1696,NA,NA,NA,NA,NA,NA,NA,NA,NA,NA,NA,NA,NA,NA,NA,NA,NA,NA,NA,NA
"EUGLIG",13518.4724997489,1879.27255026518,3703.97604672754,3907.29797511462,4266.77675244132,2387.50420217613,14019,2019,3521,2733,3270,1251,NA,3.01488334347654,1.86432991859258,3.22975355153582,NA,0.0282342332482215,NA,NA,NA,0.0282342332482215,NA,NA,NA,1.0545813864586,NA,NA,NA,2,3,4
"EUGMON",27182.9223017991,4314.98666512966,8612.06921136379,11728.4748642743,11840.7652669847,7525.77860185504,35099,5176,10561,14670,14985,9809,12.3201620557813,23.4007937814484,23.3139440405266,20.1729321258913,NA,NA,NA,0.0665300073920401,1.52062085128882,4.12760875597147,6.20964055592068,4.97836976645282,3.54629103985692,0.351527127256468,15.4875874563502,12.2489307672726,12,22,22,22
"EUGPAD",8080.99154931307,1967.29514570907,3476.05548888072,4217.00964981318,4301.78335009143,2334.48820438236,8218,2861,4424,3822,4249,1388,NA,NA,NA,NA,NA,NA,NA,NA,NA,NA,NA,NA,NA,NA,NA,NA,NA,NA,NA,NA
"EUGPSE",17006.5047854949,2689.51571697759,5333.16559384655,5883.42606854863,6063.50784647301,3373.99212949543,19201,2937,6108,6216,6343,3406,0.0569811018922092,3.98042351836889,1.82953764956263,1.98663225462158,NA,NA,NA,NA,0.0569811018922092,1.22901347394598,0.351990622300547,0.385961574448474,22.4286877572971,4.56985266371248,1.09076413593159,58.8886631367069,1,3,3,3
"EUGRHO",14751.4324275227,2303.14750662539,4529.23921983968,5660.55611564964,5973.72865143698,3670.58114481159,9712,1061,2478,2273,2838,1777,5.11203521324621,2.22545082498986,5.48861294868788,5.78942361672711,NA,NA,NA,NA,0.354629102093461,NA,1.93391445665247,NA,8.15646939545539,8.60842025342294,NA,12.3507704595792,4,3,4,6
"EUGSTA",10363.8760285256,2161.4551823712,4202.5915616313,6544.46488061361,6179.90243393835,4018.44725156715,8154,1995,3534,5808,5241,3246,NA,0.0282342332482215,0.0282729605871451,0.0310021386630984,NA,NA,NA,NA,NA,0.0282342332482215,0.0282729605871451,0.0310021386630984,NA,22.4950732874674,2.11194374319404,NA,NA,1,1,1
"EUGSTE",16698.9630999649,2181.14175901748,5357.5861977376,9368.23124518525,9013.83922911342,6832.69747009594,19603,2404,6173,11364,11041,8637,NA,NA,NA,NA,NA,NA,NA,NA,NA,NA,NA,NA,NA,NA,NA,NA,NA,NA,NA,NA
"EUGWOO",5425.48867427378,953.760037894197,1887.67727289865,2400.42782933612,2530.40777226084,1576.64773436665,2773,561,896,682,833,272,NA,NA,NA,NA,NA,NA,NA,NA,NA,NA,NA,NA,NA,NA,NA,NA,NA,NA,NA,NA
"EUPPET",13966.9728645832,1731.89601985461,3623.82967369366,4631.65087387644,4965.49126821876,3233.59524836414,3473,470,720,406,573,103,NA,NA,NA,NA,NA,NA,NA,NA,NA,NA,NA,NA,NA,NA,NA,NA,NA,NA,NA,NA
"EXOCAR",15758.5671302434,2320.3626681678,4565.02299471665,5584.74285536539,5933.70147526637,3613.33880709857,11130,1284,2904,2655,3272,1988,11.0219927158434,7.26311866803146,9.09985736189759,12.1094597113242,NA,NA,NA,NA,1.44700695931995,0.703054254512936,2.16848965497757,3.50465630869936,5.67406565714827,85.7593047220917,11.6423470113223,1.15788472849396,10,8,12,11
"EXOPAN",21725.6499770284,3759.20590258017,7084.07331713662,8674.39047174528,8879.23514613137,5120.02924355119,8838,2307,3567,2974,3331,1024,NA,2.10916276353881,2.11194373380328,2.31576944669084,NA,NA,NA,NA,NA,0.351527127256468,0.351990622300547,0.385961574448474,NA,0.761198285238462,1.40796249389757,NA,NA,2,2,3
"FAROCC",24970.6375501528,3906.5646433197,8012.84378211945,11156.8873617277,11046.499410525,7139.93476720527,22432,3511,7517,8242,8195,4684,2.12777461256077,1.40610850902587,3.87189684530601,5.01750046783016,NA,NA,NA,NA,NA,NA,0.703981244601093,0.771923148896948,NA,NA,11.08567068858,NA,3,4,8,7
"FICAME",19192.2082115095,3485.8383073844,7179.57463512104,9776.17603547312,9535.72017707117,6049.88186968677,13597,2443,5750,7341,6916,4473,0.0284905509461046,0.0282342332482215,0.0282729605871451,0.0310021386630984,NA,NA,NA,NA,0.0284905509461046,0.0282342332482215,0.0282729605871451,0.0310021386630984,0.354629102093461,96.645993970385,49.9826686718774,2.31576946213646,1,1,1,1
"FICCIT",25369.2729905359,3989.12133760378,8015.67303418741,10751.7602601685,10938.2053648718,6949.08402726799,9916,2680,4306,3528,4055,1375,2.03544831252341,1.40269869189017,1.46012464249464,2.01566697283914,0.0284905509461046,NA,NA,NA,0.971561006243022,1.40269869189017,1.1081340201941,1.24374382394219,9.92961491065327,24.6015731291866,0.351990622300547,5.78942365276687,10,11,11,12
"FICCRA",24412.3460396603,3882.66114498675,7702.63733435422,10254.8871593177,10391.1044003293,6508.44325534254,37211,5928,11752,15603,15817,9889,NA,NA,NA,NA,NA,NA,NA,NA,NA,NA,NA,NA,NA,NA,NA,NA,NA,NA,NA,NA
"FICTRI",20267.1908804309,3372.88516928628,6780.86213090736,9711.46552930865,9484.31819391623,6111.43302462995,9812,1513,3410,4995,4732,3219,0.0284905509461046,0.056468466496443,0.0565459211742903,0.0620042773261967,0.0284905509461046,NA,NA,NA,0.0284905509461046,0.056468466496443,0.0565459211742903,0.0620042773261967,2.48240372884596,0.703054254512936,6.18852629740436,2.37259383936713,1,2,2,2
"FORSEG",7344.6618260406,1115.93570097815,2039.93388633849,1989.04713766137,2255.80550212925,1139.8698011511,3180,501,751,463,626,125,NA,NA,NA,NA,NA,NA,NA,NA,NA,NA,NA,NA,NA,NA,NA,NA,NA,NA,NA,NA
"GARHES",4972.51169306552,1063.61606883873,1976.22878468733,2449.25841589722,2498.29015084038,1434.67408200165,3778,576,1274,1944,1924,1348,NA,NA,NA,NA,NA,NA,NA,NA,NA,NA,NA,NA,NA,NA,NA,NA,NA,NA,NA,NA
"GARPOR",18852.259604861,2951.04498911276,6511.63465387188,10054.7827115059,9869.80939254072,6918.76440342795,8526,1012,3031,3943,3583,2571,NA,NA,NA,NA,NA,NA,NA,NA,NA,NA,NA,NA,NA,NA,NA,NA,NA,NA,NA,NA
"GAUATT",21971.0323478081,2833.59542211005,5798.98721191566,7915.96853417018,8132.23032345483,5298.63490134478,12362,935,1594,2442,2693,1758,NA,NA,NA,NA,NA,NA,NA,NA,NA,NA,NA,NA,NA,NA,NA,NA,NA,NA,NA,NA
"GENAME",17876.0916563553,2158.57635709061,5042.37539297703,6754.59087121394,6577.15079500014,4418.57443790953,20658,2270,6004,7629,7367,5097,2.48240371465423,NA,NA,NA,NA,NA,NA,NA,2.48240371465423,NA,NA,NA,0.7092582089175,NA,NA,NA,1,NA,NA,NA
"GESPED",20602.8842914892,3471.94168032611,6917.02504628122,10659.3562269559,10576.9547757488,7105.01309542274,17204,3272,5986,9888,9851,6579,2.56945796437401,NA,NA,NA,NA,NA,NA,NA,0.856485988124671,NA,NA,NA,20.7157157952395,NA,NA,NA,1,NA,NA,NA
"GOEELE",4396.78931983115,778.905346995307,1803.3460193997,1856.71147096437,1831.83511111142,1052.92976411611,8841,1604,3797,3951,3902,2298,NA,NA,NA,NA,NA,NA,NA,NA,NA,NA,NA,NA,NA,NA,NA,NA,NA,NA,NA,NA
"GOMLIN",15670.9078768804,2129.53548360243,5118.66316998564,8876.34527460719,8532.42517619301,6402.88969259057,9279,1519,3656,6151,5724,4205,0.709258204186922,NA,NA,NA,NA,NA,NA,NA,NA,NA,NA,NA,NA,NA,NA,NA,1,NA,NA,NA
"GONHIR",22707.70654542,4057.72272463515,7936.66061919555,11268.0323211551,11100.978977818,7043.25625318289,25226,5052,9756,15175,14528,9476,NA,NA,NA,NA,NA,NA,NA,NA,NA,NA,NA,NA,NA,NA,NA,NA,NA,NA,NA,NA
"GONPOR",17151.2408835988,2152.7123475282,4873.60567821632,7347.01772712125,7065.42345625535,4912.71110872715,807,559,688,749,710,151,NA,NA,NA,NA,NA,NA,NA,NA,NA,NA,NA,NA,NA,NA,NA,NA,NA,NA,NA,NA
"GOSHIR",10310.1100848649,1161.67274416971,2285.586690292,2909.88999821083,3131.34816181683,1969.67541764711,14807,1401,2614,3474,3881,2480,NA,NA,NA,NA,NA,NA,NA,NA,NA,NA,NA,NA,NA,NA,NA,NA,NA,NA,NA,NA
"GUABLA",25152.328374058,4126.93554823101,8237.29119481146,11699.1526672319,11642.3718397245,7515.43629149348,7237,1777,3089,5220,4894,3117,NA,NA,NA,NA,NA,NA,NA,NA,NA,NA,NA,NA,NA,NA,NA,NA,NA,NA,NA,NA
"GUACAR",19055.4332496272,3471.59668719955,7246.51311430149,10075.3006505556,9927.8035349166,6456.20684771705,17346,3512,7501,8611,8425,4913,NA,NA,NA,NA,NA,NA,NA,NA,NA,NA,NA,NA,NA,NA,NA,NA,NA,NA,NA,NA
"GUAFRA",26473.3978810757,4066.73260015249,8376.43516477942,11014.1626355201,11077.2626514733,7010.53005132079,18605,2512,5478,5786,5787,3275,3.52757861286612,10.470124137087,12.9110955392733,15.1103481763795,0.0284905509461046,0.112936932992886,0.0848188817614354,0.0620042773261967,1.68081921042994,3.85191569284299,6.78808588404426,8.37852826361778,0.354629102093461,1.4642525444406,7.10939700285235,8.96235280132933,13,29,33,35
"GUAGLA",14419.1984659433,2801.93686345033,5593.2477628123,8383.25328131206,8116.79358423501,5314.85672078468,9565,2068,4077,6667,6116,4048,2.03433549818947,1.75763563628234,2.46393435610383,2.31576944669084,NA,NA,NA,NA,0.46859130587788,0.703054254512936,0.703981244601093,NA,14.1851641641583,11.2435422231028,1.54713157564097,5.01750049872139,4,4,5,5
"GUAGUI",22178.8635840751,3730.29704119265,7895.20448176563,11275.8543358557,11144.6028163359,7414.30577514321,27078,4646,9989,14695,14428,9782,68.9353872430989,74.1948086771722,81.8103031607381,79.7471769489127,2.17705755898627,1.15760356317708,0.622005132917193,1.96444906093981,25.8242766748487,35.8281966042016,39.8312460958865,43.7557048494298,1.41851641310442,3.16374415937581,3.30708469653446,10.1486497423651,74,87,96,93
"GUAOBT",9837.80785911344,2315.9730967069,3631.96213532519,3156.00954279909,3533.26681180857,1217.29371510167,8102,2853,4414,3802,4232,1379,NA,0.819342315963987,0.773565782660989,1.24312129691424,NA,NA,NA,NA,NA,0.409671157981994,0.386782891330494,0.41437376563808,NA,4.8024287873902,36.2550343129439,39.3514777023002,NA,1,1,1
"GUAOFF",5981.22509257145,734.541717884142,1539.59389025597,1411.13285575943,1665.63923368688,931.097515802738,8512,979,2163,1650,2116,1137,0.772127149620289,0.0893559553157194,0.0875959908857591,0.0952692810222168,NA,NA,NA,NA,0.0628689454333669,0.0893559553157194,0.0875959908857591,0.0952692810222168,2.1277746267525,1.40610851371507,0.703981249296475,25.4970822302996,3,2,2,2
"GUASAN",2840.65535061021,483.671080796135,869.167503759279,658.420116147012,797.053706709616,313.38262591348,1412,387,561,390,452,65,NA,NA,NA,NA,NA,NA,NA,NA,NA,NA,NA,NA,NA,NA,NA,NA,NA,NA,NA,NA
"GUAULM",22685.8546974659,2997.39484490454,6562.81532798707,9648.36235614121,9768.91011337936,6771.51526847482,16243,1723,4340,7258,7527,5804,1.87817344906085,2.13647405652204,3.43924573560607,4.42557902070317,0.0284905509461046,0.0282342332482215,0.0565459211742903,0.0952692810222168,1.52354434696739,2.13647405652204,2.27889706161459,2.38212238370238,0.354629102093461,8.14326799982708,4.11544274353002,2.70173103143639,10,14,19,18
"GUEELL",4405.97892581125,636.361705531071,1242.82853907164,1109.93785824393,1310.95921592586,674.597510394787,6834,866,1855,1327,1712,846,0.354629102093461,NA,NA,NA,NA,NA,NA,NA,NA,NA,NA,NA,NA,NA,NA,NA,1,NA,NA,NA
"GUEKRU",13503.1812168919,2095.07158387173,4007.50878069457,4549.25588469859,4843.40946336091,2748.33787948918,4307,628,1012,653,845,217,NA,NA,NA,NA,NA,NA,NA,NA,NA,NA,NA,NA,NA,NA,NA,NA,NA,NA,NA,NA
"GUEOVA",23655.6830030829,4036.58182949573,7976.7678398788,10920.0047469437,10944.9826390892,6908.4008095935,20701,4131,8424,11276,11305,7174,NA,0.351527127256468,0.0282729605871451,0.450228716807592,NA,NA,NA,NA,NA,0.351527127256468,0.0282729605871451,0.0642671423591184,NA,5.68257808558581,7.74379373287046,1.15788472334542,NA,1,1,3
"GUEPUN",15679.9927218817,2972.23617609218,5949.9297481738,8473.09961784631,8408.50739303045,5436.27121693827,559,334,415,432,441,107,NA,4.56985265433408,6.05342511716919,5.84624799910632,NA,NA,NA,NA,NA,1.0545813817694,1.75995311150273,2.31576944669084,NA,1.52239658063093,2.8507172521297,1.54384630809097,NA,2,3,2
"GUESCA",15596.3511568873,2662.46604864035,4885.9385056641,5579.76757353036,5866.50024816793,3204.03419952758,12706,2623,4248,3760,4159,1536,23.8364591434462,28.6424300770277,29.5162183592685,35.9904086953403,NA,0.0282342332482215,0.0565459211742903,0.0310021386630984,1.83601445590067,3.04441970383765,3.19057415678845,3.77331576677328,2.48240372884596,0.409671157981994,42.5090771084133,22.4710080052271,18,23,24,22
"GUEVAL",17376.5412723627,2809.07205818594,6176.35731580667,9404.87846907601,9235.33470321819,6426.26264503226,12787,1784,4810,7079,6715,4931,NA,NA,0.0282729605871451,0.0310021386630984,NA,NA,NA,NA,NA,NA,0.0282729605871451,0.0310021386630984,NA,NA,0.738773513631041,2.34418164817752,NA,NA,1,1
"GYMLAT",15940.8734336048,2867.02988249436,4853.8955321908,4930.35982922837,5369.34935767204,2502.31947517768,17622,3276,5264,4323,5010,1734,NA,2.04835578990997,1.54713156532198,3.56148069107858,NA,NA,NA,NA,NA,0.819342315963987,0.773565782660989,0.416963713111572,NA,0.761198285238462,34.8389359198017,1.18629691453503,NA,1,1,4
"GYMLUC",18363.2265065189,2843.6448106529,5808.06439926676,6898.57757166661,7242.06568108472,4398.42087043182,7659,1735,3024,2254,2667,932,14.2942419459657,11.6914267190082,11.6467406056295,17.8678811893882,NA,NA,NA,NA,1.27987187919266,0.735941743332212,1.08702193661311,1.15788472334542,2.12777461729135,26.242920678245,40.5485063233057,0.771923154045485,3,9,10,10
"HAESAL",4079.88127165689,1034.2792948354,1853.46630131832,2657.42903651536,2473.40515252214,1439.12585768674,10791,2135,4635,7332,6661,4526,NA,NA,NA,NA,NA,NA,NA,NA,NA,NA,NA,NA,NA,NA,NA,NA,NA,NA,NA,NA
"HAMAXI",26837.6363417953,4353.055421561,8579.0465337038,11636.1171159521,11698.484437868,7345.429016307,21641,3862,6615,6850,7312,3450,NA,NA,NA,NA,NA,NA,NA,NA,NA,NA,NA,NA,NA,NA,NA,NA,NA,NA,NA,NA
"HAMPAT",25610.3876496255,4290.60467085242,8592.59434223175,11929.5273342431,11956.0034384131,7665.39876756072,24995,4333,9076,13391,13527,9194,NA,NA,NA,NA,NA,NA,NA,NA,NA,NA,NA,NA,NA,NA,NA,NA,NA,NA,NA,NA
"HEDARB",3249.89066491797,749.272776109106,1475.41512620038,1894.53439395383,1726.57631380563,977.303537696529,3434,997,1817,2287,1979,982,NA,NA,NA,NA,NA,NA,NA,NA,NA,NA,NA,NA,NA,NA,NA,NA,NA,NA,NA,NA
"HELJAM",17227.8295679137,2466.04099893547,4682.17738883081,5577.16357837315,5967.84245697665,3501.80145804118,16646,2383,4033,4009,4548,2165,NA,NA,0.703981244601093,1.15788472334542,NA,NA,NA,NA,NA,NA,0.351990622300547,0.385961574448474,NA,NA,1.05597187159702,6.58975898255635,NA,NA,2,1
"HENFAS",17843.3717901362,2583.07553672791,6019.39938270021,9964.55637103133,9639.56835928094,7056.49282255303,23910,3130,7755,13677,13079,9949,0.0284905509461046,NA,NA,NA,NA,NA,NA,NA,0.0284905509461046,NA,NA,NA,1.63935808999302,NA,NA,NA,1,NA,NA,NA
"HENSQU",8474.52548057726,1614.35340202088,3264.58500837488,5293.74157234235,4986.07755896542,3371.72415694455,4865,1574,2388,3539,3217,1643,1.94408881614393,2.60186105703638,0.521628385823417,0.478967990437769,NA,NA,NA,NA,0.525572407770089,0.141171166241107,0.521628385823417,0.478967990437769,2.12777461729135,0.409671157981994,0.351990622300547,28.5161413956621,7,6,4,2
"HIBELA",22256.0556992954,2781.16789223906,6146.81271141674,9773.72491853125,9542.54994895961,6761.38205672055,34397,4275,9477,15127,14754,10479,0.896834299940215,0.819342315963987,NA,NA,NA,NA,NA,NA,0.542205197846754,0.409671157981994,NA,NA,2.12777461729135,0.351527127256468,NA,NA,4,1,NA,NA
"HIBTIL",17856.1763633443,3327.04166859016,6786.08447611332,9477.28118121438,9476.24979133904,6149.20812274888,27283,5117,10445,14585,14583,9466,NA,NA,NA,NA,NA,NA,NA,NA,NA,NA,NA,NA,NA,NA,NA,NA,NA,NA,NA,NA
"HIECLU",26685.0783749223,4308.55484603345,8571.01009318233,11742.0249389559,11794.9459163323,7486.39107029885,26388,4886,9913,13856,13969,9083,NA,NA,NA,NA,NA,NA,NA,NA,NA,NA,NA,NA,NA,NA,NA,NA,NA,NA,NA,NA
"HIPMAN",17525.3817952294,3074.84859694447,6315.76052251179,8915.73381428421,8914.96678605117,5840.1181891067,10697,1665,3188,4171,4493,2828,NA,NA,0.351990622300547,0.771923148896948,NA,NA,NA,NA,NA,NA,NA,NA,NA,NA,NA,NA,NA,NA,1,1
"HIRRUG",13673.6472985226,2281.12091373291,5084.93146308244,7955.43316146493,7542.74625827029,5261.62534453737,10273,1896,4465,6169,5597,3701,0.709258204186922,0.703054254512936,0.703981244601093,NA,NA,NA,NA,NA,NA,NA,NA,NA,NA,NA,NA,NA,1,1,1,NA
"HOMRAC",18925.6427748865,3028.08033145964,6479.87494081724,9467.3832902601,9210.07232001517,6181.99198855553,8115,1293,3454,4225,3821,2528,5.5344543006563,3.41785224454221,4.67625483700088,4.67960726021659,0.170943305676628,0.0847026997446644,NA,0.0930064159892951,3.40667968809553,1.66021660825987,2.91630172549815,2.74979938797422,0.428242994062336,8.08512397379075,37.8206864046327,4.83042425858863,12,9,13,11
"HURCRE",19844.8410290927,2301.34305051342,5212.20908170566,8199.26756589115,8065.26816533133,5763.92511481792,29668,3409,7753,12233,12026,8617,0.0569811018922092,NA,NA,0.0310021386630984,NA,NA,NA,NA,0.0569811018922092,NA,NA,0.0310021386630984,64.1347225792012,NA,NA,13.0776783250495,2,NA,NA,1
"HYMCOU",25839.5480449945,3361.46355599165,7226.7914057374,10746.6274198592,10752.0894841999,7390.62592820823,18762,1459,3764,6004,6360,4901,2.68675861116023,3.13501909758873,2.84194971167065,0.988252316804302,0.182718992758943,0.159784188525327,0.0310500697114688,0.126271419685315,1.97750040697331,2.43196484307579,2.48995908937011,0.988252316804302,1.06388731101096,0.409671157981994,0.351990622300547,7.50374309883542,5,5,5,6
"HYPTRI",2956.35122811221,636.037535314583,1123.34815833798,1226.71175790972,1323.13906740288,687.101532088302,1452,429,649,467,539,110,NA,NA,NA,NA,NA,NA,NA,NA,NA,NA,NA,NA,NA,NA,NA,NA,NA,NA,NA,NA
"ILENIT",22553.8800942935,3812.94925770909,7384.01561472937,10864.2423356399,10812.667652119,6999.71839440987,15013,3087,5115,9736,9388,6301,0.709258204186922,0.703054254512936,1.40796248920219,1.5438462977939,NA,NA,NA,NA,0.354629102093461,0.351527127256468,0.703981244601093,0.771923148896948,4.61017835559846,6.67901543194049,1.05597187159702,37.0523113581435,2,2,3,3
"ILESID",13415.1646375991,1987.89827250689,4475.60662919655,7547.1032803515,7254.32634436246,5266.42807185557,466,327,388,431,399,72,NA,NA,0.351990622300547,NA,NA,NA,NA,NA,NA,NA,0.351990622300547,NA,NA,NA,1.09076414062697,NA,NA,NA,1,NA
"ILEURB",12908.9382443074,2597.09684052225,5065.50398694351,6947.33849325031,6954.469619276,4357.37277875375,559,334,415,432,441,107,NA,NA,NA,NA,NA,NA,NA,NA,NA,NA,NA,NA,NA,NA,NA,NA,NA,NA,NA,NA
"INDSUF",25102.8975310028,3575.40167318285,7065.00629623234,9378.43714974821,9621.79602372646,6046.39435054362,15628,1570,2678,3134,3511,1941,NA,NA,NA,NA,NA,NA,NA,NA,NA,NA,NA,NA,NA,NA,NA,NA,NA,NA,NA,NA
"INGLAU",21935.4832327068,3443.17224080861,7209.51479712129,10424.167036742,10219.8593047708,6776.68706396222,7523,1300,3337,4190,3753,2453,7.15442519456247,6.36951197427691,7.40125782024458,6.2849853203688,0.969627398927241,0.451747731971544,0.25723375440863,0.436292806316299,5.30766579212629,4.20220518001258,4.16375768147976,2.72609457676371,20.9231171512398,9.84275962414069,0.386782891330494,11.3633588477107,34,38,40,36
"INGVER",24882.3418682069,3794.25694033504,7979.76607555151,11721.1417137608,11614.2911813706,7820.03424103558,19740,2598,6446,11215,10792,8194,13.3472267255271,13.5809417521548,9.86662942063838,9.40900996162673,0.57569886246325,0.319883076872546,0.228960793821485,0.343286390327004,6.25464468365788,9.6559993216081,8.45866693143619,7.47920208938436,23.6999764404641,1.40610851371507,11.2636999746575,5.98830898155505,36,47,51,45
"IXOFER",24077.635430757,4135.29933119565,8029.95696462318,11159.2055715919,11023.5360556841,6888.23672448844,14622,3246,5876,6610,6519,3273,1.12086840817259,0.056468466496443,0.436809504061982,0.92693384221244,0.0569811018922092,0.056468466496443,0.0565459211742903,0.155010693315492,0.0569811018922092,0.056468466496443,0.0848188817614354,0.155010693315492,2.8504731859237,3.27736928025039,9.9253220141244,32.0182076836714,3,1,2,2
"JACARB",11066.3515131134,1375.62414490944,2726.96092316601,3332.90006877901,3554.98343181005,2179.35928690061,5097,564,993,566,837,273,NA,NA,NA,NA,NA,NA,NA,NA,NA,NA,NA,NA,NA,NA,NA,NA,NA,NA,NA,NA
"JACBER",7670.5386570351,1420.48169912875,2456.35684781114,2774.44147230999,3010.4524321066,1589.97073297785,5238,778,1397,1135,1367,589,NA,NA,NA,NA,NA,NA,NA,NA,NA,NA,NA,NA,NA,NA,NA,NA,NA,NA,NA,NA
"JATGOS",15862.4692217052,1835.56071713794,3654.79587867408,4612.32802089822,4973.24587511207,3137.68515797413,14469,1397,2447,2968,3379,1982,NA,NA,NA,NA,NA,NA,NA,NA,NA,NA,NA,NA,NA,NA,NA,NA,NA,NA,NA,NA
"JATHER",26082.5225303359,3978.24904566072,7915.62794543616,10493.8336496595,10656.0858545676,6677.83680890687,25652,3803,6847,7644,8314,4511,NA,NA,NA,NA,NA,NA,NA,NA,NA,NA,NA,NA,NA,NA,NA,NA,NA,NA,NA,NA
"KOAPOL",22350.3440907374,2796.45110472292,6176.28093957156,9811.806972377,9582.04243347794,6785.59132875502,34397,4275,9477,15127,14754,10479,NA,NA,NA,NA,NA,NA,NA,NA,NA,NA,NA,NA,NA,NA,NA,NA,NA,NA,NA,NA
"KRUFER",15985.0798788925,2119.39563525119,4333.98574498016,5462.93563488591,5802.98253427166,3683.58689902048,19865,2546,4860,5600,6303,3757,1.41851640837385,4.92137978159055,5.2798593345082,7.75023362763258,NA,NA,NA,NA,NA,0.703054254512936,1.40796248920219,1.57484843645699,NA,0.761198285238462,5.27985936268049,69.2007709930002,2,5,5,7
"LAGRAC",17467.749996555,1879.80787082325,4019.29464827519,5173.09667886893,5387.90204205282,3508.09417122958,12644,887,1807,1981,2134,1247,2.98249114094391,2.86868548454819,2.36046245295317,0.92693384221244,NA,0.0282342332482215,NA,NA,1.56397473257006,1.11104984826585,1.23490604799164,0.92693384221244,4.61017835559846,16.9154685792071,44.3652712540181,1.18629691453503,2,1,2,1
"LANCAM",27855.9066362381,4312.06495308876,8649.29990825057,11826.4232801497,11935.3015074134,7623.23655432463,29133,3764,7765,11175,11404,7640,NA,NA,NA,NA,NA,NA,NA,NA,NA,NA,NA,NA,NA,NA,NA,NA,NA,NA,NA,NA
"LANINV",21307.5191411525,2896.00719344243,5967.23152247816,7866.47324664891,8206.758602947,5310.75140950456,18552,1908,4071,5205,5814,3906,NA,NA,NA,NA,NA,NA,NA,NA,NA,NA,NA,NA,NA,NA,NA,NA,NA,NA,NA,NA
"LEULEU",23104.537860468,3742.22106067464,7113.61871431768,8920.93162737042,9229.20502661541,5486.98396594077,23369,3969,6478,6821,7576,3607,61.5991096925403,76.9856170315707,68.4852449039315,49.1863202669683,0.0687567889745246,NA,NA,NA,15.0415865595039,20.2051063926369,21.6723112569385,15.9748006467651,14.3323919632697,1.0545813817694,13.4452282563755,0.41437376563808,29,29,32,26
"LICBRI",13927.4394619912,2823.60357608274,5449.51100834832,7436.00985652953,7427.27839108929,4603.67481500655,559,334,415,432,441,107,NA,NA,NA,0.385961574448474,NA,NA,NA,NA,NA,NA,NA,NA,NA,NA,NA,NA,NA,NA,NA,1
"LICPAR",24396.6493302733,3503.41299171746,7016.33147054911,9384.43508705497,9641.16815316677,6137.75516144931,21833,3082,5797,6999,7510,4428,1.91559826519783,2.60353662126547,4.48266769451773,4.09727306389556,0.0854716528383138,NA,NA,NA,1.20634006101091,1.19742811223959,1.17558301769302,0.924343894738948,6.73795298235096,0.351527127256468,2.46393436549459,2.70173103658493,5,4,6,5
"LONGLA",15771.0876819608,3133.68475789949,5594.01524163457,6560.55781729147,6793.76174083352,3660.07698293403,12937,2717,4348,3804,4270,1553,1.80163606141341,0.0282342332482215,0.732254205188238,0.802925287560046,0.0284905509461046,NA,NA,NA,0.383119653039566,0.0282342332482215,0.0282729605871451,0.0310021386630984,1.77314551992846,175.617984172385,26.425953184116,1.54384630294243,3,1,2,2
"LONHEP",18709.484485358,3593.59823768586,7158.12290064245,9904.56532664597,9911.39706430584,6317.79882661998,27958,5459,10870,15037,15041,9582,NA,NA,0.311002566458597,0.279019247967885,NA,NA,NA,NA,NA,NA,0.311002566458597,0.279019247967885,NA,NA,72.4630724852101,0.385961574448474,NA,NA,1,1
"LONSER",11856.9449942335,2394.62458001077,3761.31203426793,3222.76315963268,3638.04117212817,1243.4165921174,17914,3656,5711,4800,5449,1793,0.0628689454333669,0.0282342332482215,0.0282729605871451,0.802925287560046,NA,NA,NA,NA,0.0628689454333669,0.0282342332482215,0.0282729605871451,0.416963713111572,1.06388731101096,3.68704044369719,7.07460472912702,27.5855541717003,2,1,1,2
"LYOSTA",9530.74784211101,1294.39732819705,2905.64798556062,4665.65284149352,4481.00649267473,3186.60916447768,14802,1890,4857,7753,7543,5653,NA,NA,NA,NA,NA,NA,NA,NA,NA,NA,NA,NA,NA,NA,NA,NA,NA,NA,NA,NA
"MACLUN",17210.6854067676,1595.4635522014,3585.1525851991,5687.12821777875,5683.65190216101,4088.18834995962,15979,1123,2314,3536,3629,2506,NA,NA,NA,NA,NA,NA,NA,NA,NA,NA,NA,NA,NA,NA,NA,NA,NA,NA,NA,NA
"MACPOR",7700.04782565695,1211.79569234955,2643.97250273929,3431.46393357159,3612.50109656621,2400.70540421666,4748,816,1667,1445,1694,878,NA,NA,NA,NA,NA,NA,NA,NA,NA,NA,NA,NA,NA,NA,NA,NA,NA,NA,NA,NA
"MAGPOR",8910.77241140301,2017.93499363121,3754.15450040367,5786.23938803165,5491.78033709573,3473.84534346452,10341,2323,4462,7262,6768,4445,0.0569811018922092,0.117590188563941,0.115868951472904,0.126271419685315,NA,0.0282342332482215,NA,NA,0.0569811018922092,0.117590188563941,0.115868951472904,0.126271419685315,18.7351689618859,56.244340693968,3.94148139275667,1.62908287689026,1,3,3,3
"MAGSPL",16044.6574048856,2101.37688786257,5165.73356205504,9055.37158822455,8670.13703969028,6568.76015182771,23910,3130,7755,13677,13079,9949,NA,0.0282342332482215,0.0282729605871451,NA,NA,0.0282342332482215,NA,NA,NA,0.0282342332482215,0.0282729605871451,NA,NA,2.4580269642864,14.4316155988393,NA,NA,1,1,NA
"MALCOC",26287.8119447604,3938.29470429942,7802.06546819583,10413.807731133,10575.8441673592,6637.54946305975,26166,3720,6961,7916,8577,4857,NA,NA,NA,NA,NA,NA,NA,NA,NA,NA,NA,NA,NA,NA,NA,NA,NA,NA,NA,NA
"MALFUC",20901.0619407669,3713.11019345745,7703.50718794391,11143.447931841,11037.9977257065,7324.88753224909,31569,5657,11764,17067,16887,11230,NA,NA,NA,NA,NA,NA,NA,NA,NA,NA,NA,NA,NA,NA,NA,NA,NA,NA,NA,NA
"MAMAME",25706.9073976465,3945.39496809803,8326.27086834796,11673.4187355842,11635.9814681616,7690.58650006354,22415,3400,7734,11294,11258,7858,0.474479149419037,0.759522721009379,0.436809504061982,0.478967990437769,NA,NA,NA,0.0310021386630984,0.474479149419037,0.407995593752911,0.436809504061982,0.478967990437769,8.86572759491173,2.87036104877727,1.05597187159702,0.800335340086554,3,1,2,2
"MANBID",15807.6658310113,2499.21080525219,4920.09129331028,6203.76492696907,6194.25137405214,3695.04056879994,8879,1087,2191,2144,2089,1002,0.0284905509461046,0.819342315963987,0.773565782660989,1.21470910572463,0.0284905509461046,NA,NA,NA,0.0284905509461046,0.819342315963987,0.773565782660989,0.82874753127616,208.335596653794,16.0512969064892,0.351990622300547,59.7790290955112,1,1,1,2
"MANIND",22494.018810261,3298.16081622988,6962.73609318398,10288.4862093478,10201.9769322816,6903.81611605175,19740,2598,6446,11215,10792,8194,2.28894472316647,3.48053790321542,4.36166840558978,3.37138758568158,0.113962203784418,0.0847026997446644,0.0565459211742903,0.0620042773261967,1.93431562107301,2.77748364870249,2.95370591638759,2.21350286233616,1.06388731101096,1.40610851371507,0.351990622300547,8.71845220970859,20,26,27,28
"MANPLE",12231.6296277195,2400.66433081031,3789.33338094503,3274.06439037621,3716.51261594146,1315.84828513116,18608,3684,5783,4901,5599,1915,NA,NA,NA,NA,NA,NA,NA,NA,NA,NA,NA,NA,NA,NA,NA,NA,NA,NA,NA,NA
"MARMIC",26525.9230601806,4140.6638774015,8367.75003843196,11571.0594134405,11599.1996084582,7458.53573105671,41381,6460,13061,18065,18104,11644,NA,NA,NA,NA,NA,NA,NA,NA,NA,NA,NA,NA,NA,NA,NA,NA,NA,NA,NA,NA
"MARNOB",26920.2762020826,4286.22902387381,8536.55402588844,11693.8474330902,11736.5664900541,7450.33746618032,9484,1267,2787,3110,2825,1558,0.137513577949049,0.131549955277106,0.209019160607311,0.226066430773375,NA,NA,NA,NA,0.137513577949049,0.131549955277106,0.209019160607311,0.226066430773375,5.54027823667398,9.31413743444475,6.64896164331734,1.15788472849396,1,1,3,3
"MATDOM",11325.3988200529,1998.32226167596,4257.31086447579,7058.37340813084,6638.7181283657,4640.39586668974,8276,1965,3548,5803,5266,3301,0.46859130587788,0.492698293497575,0.169637763522871,0.155010693315492,NA,0.0282342332482215,NA,NA,0.46859130587788,0.492698293497575,0.169637763522871,0.155010693315492,6.18936291333747,1.40610850902587,5.31465161292891,16.4945081384492,3,3,3,3
"MAYELO",26681.5939442515,4316.29585444927,8562.59605050087,11753.0722462237,11787.0032760501,7470.70742160082,41940,6794,13476,18497,18545,11751,NA,NA,NA,0.385961574448474,NA,NA,NA,NA,NA,NA,NA,NA,NA,NA,NA,NA,NA,NA,NA,1
"MAYLAE",15804.8648363427,2364.39783931803,4790.21143188013,5325.33811286208,5496.97250970732,3132.57467038929,13498,1993,4068,3730,3915,1922,NA,NA,NA,0.802925287560046,NA,NA,NA,NA,NA,NA,NA,0.416963713111572,NA,NA,NA,7.74764371619885,NA,NA,NA,3
"MAYPON",8656.70044338331,2242.75890101492,3798.27309145406,4146.6107810596,4353.43701715954,2110.67811614461,8796,2881,4486,3903,4382,1501,NA,0.0282342332482215,0.0282729605871451,0.416963713111572,NA,NA,NA,0.0310021386630984,NA,0.0282342332482215,0.0282729605871451,0.416963713111572,NA,6.85344753349546,3.87189686408754,5.87466022671469,NA,1,1,1
"MECLAT",8342.79438811028,1708.82248321199,3342.8532514383,5556.14070578496,5162.90434796328,3454.08186475129,8012,1910,3412,5740,5176,3266,NA,NA,NA,NA,NA,NA,NA,NA,NA,NA,NA,NA,NA,NA,NA,NA,NA,NA,NA,NA
"MELAZE",24524.8351771049,3854.99580397457,7656.17393330857,10191.3939065337,10354.4387057908,6499.44290181622,37905,5956,11824,15704,15967,10011,NA,NA,NA,NA,NA,NA,NA,NA,NA,NA,NA,NA,NA,NA,NA,NA,NA,NA,NA,NA
"MELBIJ",21760.5241417456,3019.67763701454,6051.16369347461,7840.4178146217,8194.31577233411,5174.63813531958,18903,2434,4271,5045,5604,3170,1.61795026499658,1.81069428564308,2.30269358090714,2.36836354359159,0.0284905509461046,0.0611217220674979,0.0565459211742903,0.0620042773261967,0.554062958716193,0.404585776617211,0.542740469404405,0.438555671349221,41.6657136905439,0.351527127256468,8.83455787819281,3.88802795111996,4,7,10,8
"MELHER",22350.3483397188,2796.46446074266,6176.29449692834,9811.795942856,9582.04038052727,6785.57591978461,34397,4275,9477,15127,14754,10479,0.199433856622732,0.19763963273755,0.197910724110016,0.602976545090163,0.0569811018922092,0.056468466496443,NA,NA,0.199433856622732,0.19763963273755,0.197910724110016,0.602976545090163,0.354629102093461,9.84275961476229,8.51735950614068,17.3966831391931,1,1,1,1
"MELOBT",16126.0326598855,2277.23064337205,5341.87741172221,9178.1844815854,8804.81456251349,6527.58391914144,24469,3464,8170,14109,13520,10056,NA,NA,NA,NA,NA,NA,NA,NA,NA,NA,NA,NA,NA,NA,NA,NA,NA,NA,NA,NA
"MELTOM",5364.78247781308,557.995497811183,1249.34042091562,989.054244573148,1272.4942896227,714.498791811514,7490,863,1815,1232,1689,826,NA,NA,NA,NA,NA,NA,NA,NA,NA,NA,NA,NA,NA,NA,NA,NA,NA,NA,NA,NA
"MICCAL",18058.9609047559,3147.70688799798,6746.58155434841,10456.0012183141,10208.1280481585,7060.42116016056,14095,2451,5486,9394,8947,6496,NA,NA,NA,NA,NA,NA,NA,NA,NA,NA,NA,NA,NA,NA,NA,NA,NA,NA,NA,NA
"MICFOV",8641.95137820439,1363.98984475713,2997.68550802255,4982.6606814391,4768.00389241986,3404.01404766273,917,592,785,846,804,212,NA,NA,NA,NA,NA,NA,NA,NA,NA,NA,NA,NA,NA,NA,NA,NA,NA,NA,NA,NA
"MICGAR",7767.92231144733,1211.30953282723,2778.57046371792,4350.8372342519,4067.95183301182,2856.64230018458,6733,976,2563,3469,2969,1993,2.81154783526728,1.50632911374095,0.141364802935726,0.0310021386630984,0.0569811018922092,0.056468466496443,NA,NA,2.10228963108036,1.15480198648448,0.141364802935726,0.0310021386630984,5.67406566660942,0.351527127256468,0.386782891330494,0.385961574448474,5,4,2,1
"MICGUY",8777.34735773492,1722.20364497066,3324.46444260003,5338.58364127879,4994.90150171123,3272.69785674056,12988,2557,5347,8898,8284,5727,3.79296905817504,3.12559516047478,2.25615130681654,2.34990190303445,0.313396060407151,0.508216198467987,0.0848188817614354,0.0310021386630984,2.72908175189466,2.42254090596184,1.90416068451599,2.34990190303445,13.4759059599713,1.75763564097154,2.11194374788942,17.8678812828199,8,7,7,6
"MICIMP",18517.5817451843,2405.31238480075,5240.11628279486,8077.82310837228,7854.77567655058,5449.46329174982,23544,2571,6009,10417,9887,7316,1.77314551046731,2.57697795224633,4.3282642746964,1.15788472334542,NA,NA,NA,NA,0.354629102093461,NA,1.09076413593159,0.385961574448474,2.1277746267525,NA,1.82953765425801,3.08769260588487,2,4,3,1
"MICLAE",27416.6102793664,4339.70597453415,8763.29310266674,12564.757295683,12478.7552002072,8139.04922567308,34390,5329,10984,16565,16197,10868,1.91559826519783,2.71479799002927,0.386782891330494,0.82874753127616,NA,0.0847026997446644,NA,NA,0.851710958917446,1.3086894810034,NA,NA,18.701876180391,51.9940598198242,NA,NA,1,4,1,1
"MICMIR",15094.7965720892,2688.67742252536,5459.67470468767,7690.43574346229,7410.7477509696,4722.07032844424,8078,1729,3777,5015,4504,2775,NA,NA,NA,NA,NA,NA,NA,NA,NA,NA,NA,NA,NA,NA,NA,NA,NA,NA,NA,NA
"MICPAC",5838.96859637462,1035.18311577057,2143.6662312937,3390.57994674565,3230.02669321746,2194.84357744688,1446,663,1008,1192,1102,439,0.354629102093461,NA,NA,NA,NA,NA,NA,NA,NA,NA,NA,NA,NA,NA,NA,NA,1,NA,NA,NA
"MICPRA",23786.3432407677,3079.07833528519,6843.44466856867,10007.7587459907,9802.87803825736,6723.79970297217,24171,2730,6910,9814,9522,6792,7.1661959338381,23.625819555019,21.4843712005217,20.2032295807056,NA,NA,NA,0.0310021386630984,1.77314551046731,3.07302737420207,8.43066838632644,7.21078790319946,0.354629102093461,5.50548306143554,0.351990622300547,6.64658335501749,14,19,22,19
"MICRAC",18562.6621683277,2774.40341704246,5763.28167635202,9139.96433953196,8704.65089352522,5930.24747648276,18497,2904,5896,9433,8668,5764,NA,1.08281561501763,1.40796248920219,0.802925287560046,NA,NA,NA,NA,NA,0.0282342332482215,0.351990622300547,0.416963713111572,NA,1.75763564566074,37.090048717495,46.1235189324627,NA,3,3,1
"MICSER",22966.6191975176,3235.44469636679,6834.18354821205,10304.3154471368,10138.6224327385,6903.17773637176,4170,532,1309,2462,2287,1755,0.709258204186922,0.819342315963987,1.16034867399148,1.24312129691424,NA,NA,NA,NA,NA,0.409671157981994,0.386782891330494,0.82874753127616,NA,10.9528220523051,8.86935013313661,89.8342227541153,1,1,1,1
"MICSIN",10602.3739598081,2035.48290951131,4101.4534075195,6488.38602818083,6184.01572787343,4148.53281836212,7576,1805,3213,5326,4805,3000,NA,NA,NA,0.385961574448474,NA,NA,NA,NA,NA,NA,NA,NA,NA,NA,NA,NA,NA,NA,NA,1
"MICTET",9399.87773157955,1503.62624787074,3621.67944391272,5312.13994089866,4911.95841022709,3408.33216235635,10714,1567,4386,5581,5048,3481,0.782872096155797,2.42941927752755,2.66494571096897,5.60223358593175,NA,NA,0.0282729605871451,0.0310021386630984,0.428242994062336,0.907022707050624,1.60897384406733,2.28724346082712,0.354629102093461,2.5188339215208,23.5833718349981,80.0147101265914,2,5,8,11
"MICTHO",10558.6785867594,874.612170843076,2208.19710056299,2842.95894246933,2773.90648986363,1899.29431902056,12690,936,2630,3098,2989,2053,NA,NA,NA,NA,NA,NA,NA,NA,NA,NA,NA,NA,NA,NA,NA,NA,NA,NA,NA,NA
"MORCIT",26908.0779651981,4126.99659737572,8304.89633644931,11402.6861932799,11454.2303960193,7327.23379864357,9812,803,1297,998,1217,414,NA,NA,NA,NA,NA,NA,NA,NA,NA,NA,NA,NA,NA,NA,NA,NA,NA,NA,NA,NA
"MOSXER",2945.80560083436,501.701141989647,808.734620523775,582.380607985483,709.934435093307,208.23329310366,3112,584,910,623,773,189,NA,1.40610850902587,1.40796248920219,1.15788472334542,NA,NA,NA,NA,NA,NA,NA,NA,NA,NA,NA,NA,NA,1,1,1
"MOUHEL",14589.0916132107,2612.13266725838,4780.18164435402,5885.25318235904,6047.63767556474,3435.50500830635,559,334,415,432,441,107,0.354629102093461,NA,NA,NA,NA,NA,NA,NA,NA,NA,NA,NA,NA,NA,NA,NA,1,NA,NA,NA
"MUNCAL",19830.8170934277,2320.04069619573,4884.32838069354,6689.86722513792,6975.22911767723,4655.18842148149,17218,1279,2826,4173,4452,3173,NA,NA,NA,NA,NA,NA,NA,NA,NA,NA,NA,NA,NA,NA,NA,NA,NA,NA,NA,NA
"MYRAMA",19203.3239352033,3493.65179391671,7290.05846713297,10159.1823002202,10013.4309123484,6519.77911843173,12023,2316,5045,5832,5536,3220,NA,0.351527127256468,0.351990622300547,0.385961574448474,NA,NA,NA,NA,NA,NA,NA,NA,NA,NA,NA,NA,NA,1,1,1
"MYRBOR",6810.4559307186,962.729312528145,2201.18384249776,3211.69417235579,3384.46969963078,2421.74038710264,7408,976,2495,2922,3348,2372,NA,NA,NA,NA,NA,NA,NA,NA,NA,NA,NA,NA,NA,NA,NA,NA,NA,NA,NA,NA
"MYRCER",24532.608850047,4073.51857011765,7916.98950378969,10508.6691080593,10628.8371307626,6555.31856064498,27097,5076,9298,13169,12794,7718,NA,NA,NA,NA,NA,NA,NA,NA,NA,NA,NA,NA,NA,NA,NA,NA,NA,NA,NA,NA
"MYRCIT",13675.6344764978,2015.17473424971,3899.48706644028,5939.85593745112,6000.95480317622,3985.78006892651,10807,1192,2395,4476,4656,3464,NA,NA,NA,NA,NA,NA,NA,NA,NA,NA,NA,NA,NA,NA,NA,NA,NA,NA,NA,NA
"MYRCOR",13832.7990666293,2195.83327286132,4731.81397468038,7480.2637432199,7131.00949526578,4935.17622240447,16856,2614,6323,10552,9883,7269,2.96277070761442,5.48320418118484,3.87189684530601,2.40359596773315,0.0284905509461046,NA,NA,0.0310021386630984,0.834996095053656,1.50011771991265,1.75995311150273,0.831337478749652,2.49584408383024,0.351527127256468,5.98384061197696,3.72936391285289,5,5,6,6
"MYRDEF",19692.0069766566,2848.59323425218,6198.21372822672,9448.14825807512,9140.12499175221,6291.53175750002,9011,1692,3976,5380,4869,3177,1.06388730628038,1.40610850902587,2.14673600283323,4.30240170131242,NA,NA,NA,NA,0.354629102093461,0.351527127256468,0.703981244601093,0.771923148896948,4.61017834613731,3.16374415937581,0.351990622300547,14.2805783421187,2,3,5,7
"MYRFAL",6187.76605290528,1213.24705580524,2458.58990690226,3599.02247727146,3371.32059795187,2158.07354214662,4860,1326,2336,3142,2899,1573,0.709258204186922,0.703054254512936,NA,NA,NA,NA,NA,NA,0.354629102093461,0.703054254512936,NA,NA,10.431471802397,2.81221703680854,NA,NA,2,2,NA,NA
"MYRFLO",17514.083312802,1920.7796016559,4268.45260623097,6520.79174992442,6500.4083403796,4579.6287387237,10506,831,1369,1099,1367,536,NA,NA,NA,NA,NA,NA,NA,NA,NA,NA,NA,NA,NA,NA,NA,NA,NA,NA,NA,NA
"MYRGUI",26377.7036761343,4219.05182525516,8289.61428451538,11462.7030103207,11465.7207466066,7246.66892135143,12433,1514,2707,3813,3758,2244,NA,NA,NA,NA,NA,NA,NA,NA,NA,NA,NA,NA,NA,NA,NA,NA,NA,NA,NA,NA
"MYRSPL",22140.3084246926,3201.83807123452,6819.720541168,10687.9527730346,10360.8868113607,7159.04874012619,11892,2071,4360,7057,6479,4408,25.8031506669951,16.8971978344263,15.290905082684,11.7118250914174,0.0284905509461046,NA,NA,NA,6.15132226791694,4.82898744625532,4.90921569081843,3.13543387998212,0.428242994062336,21.8528260190997,5.27985934389896,34.1302978763575,32,22,24,21
"NECCOR",19554.5437152218,3409.93000521231,6373.48307540733,7286.43143060245,7548.10567239393,4138.17566718161,14218,2805,4540,3902,4405,1600,1.18373735360596,5.47389767004274,5.7601159566039,5.25286328435486,NA,0.0282342332482215,NA,0.0620042773261967,0.474479149419037,3.7162620337604,3.61337995377067,2.90868164647442,2.12777462202192,0.351527127256468,5.0281776130939,18.8955141171416,3,7,14,18
"NECKRU",19698.2477726527,2450.27182681113,5339.30701059289,8264.51454589143,8138.83017594181,5688.55834913068,30111,3735,8158,12645,12450,8715,0.354629102093461,NA,NA,NA,NA,NA,NA,NA,0.354629102093461,NA,NA,NA,0.354629102093461,NA,NA,NA,1,NA,NA,NA
"NECMEM",16203.8644622765,2128.32822808437,5225.05911561754,9177.70202968828,8787.6460412275,6659.31781314313,9331,1620,3597,6408,5938,4318,NA,NA,NA,NA,NA,NA,NA,NA,NA,NA,NA,NA,NA,NA,NA,NA,NA,NA,NA,NA
"NECPAT",20068.3227437288,3792.41193029284,6915.5401503928,8473.44591167197,8699.94590522908,4907.53397493623,13649,3017,4758,4193,4669,1652,NA,NA,NA,NA,NA,NA,NA,NA,NA,NA,NA,NA,NA,NA,NA,NA,NA,NA,NA,NA
"NECTUR",22483.5294732922,3812.19924378861,7649.97431322327,9814.0596380122,9799.24183336645,5987.04258957785,14385,3161,5911,6108,5995,2834,2.31535070831406,1.11272541249493,0.773565782660989,NA,0.0569811018922092,NA,NA,NA,0.46859130587788,0.409671157981994,0.386782891330494,NA,1.06388731101096,8.08512396910155,2.6726879806025,NA,7,2,1,NA
"NEEBUX",12346.7898350873,2274.67298617237,4016.50072919135,4022.58895443729,4334.79228358692,2060.11929741455,11714,2444,3922,3399,3806,1362,0.354629102093461,0.351527127256468,0.351990622300547,NA,NA,NA,NA,NA,NA,NA,NA,NA,NA,NA,NA,NA,1,1,1,NA
"NEORES",18913.8485418372,3452.07606289163,6257.82934970781,7545.4899087362,7722.69967622682,4270.62361333519,6221,1990,2958,2588,2886,896,6.72113328683904,7.55762777702592,5.8456420678819,7.1926217072297,0.341886611353255,0.19763963273755,0.0565459211742903,0.0620042773261967,3.7368726861536,3.63268534647925,3.69890606504867,4.0481047292627,1.77314551992846,0.703054254512936,1.40796249859295,1.15788472849396,13,12,12,14
"OCHPYR",21963.7010858199,2572.16188922059,5897.79044096824,9536.40248567052,9295.13299120869,6722.97110198811,33722,3933,9052,14675,14296,10363,0.0284905509461046,NA,0.0848188817614354,0.0310021386630984,NA,NA,0.0282729605871451,0.0310021386630984,0.0284905509461046,NA,0.0848188817614354,0.0310021386630984,30.9263459396702,NA,0.351990622300547,2.70173103658493,1,NA,2,1
"OCOCUN",20834.8143073395,3465.60938890278,6777.76970979571,9249.09465479478,9279.21937096864,5813.60998206586,559,334,415,432,441,107,NA,NA,NA,NA,NA,NA,NA,NA,NA,NA,NA,NA,NA,NA,NA,NA,NA,NA,NA,NA
"OCOFLO",21069.4838642478,3880.95406663045,7878.88279836252,11288.7496437132,11191.9670037366,7311.01293710619,32128,5991,12179,17499,17328,11337,0.88020150986355,1.28380637621334,0.144141912060049,0.48090377303012,0.0569811018922092,NA,NA,NA,0.525572407770089,0.464464060249354,0.144141912060049,0.48090377303012,50.2504260431989,1.40610851371507,1.05597187159702,8.19042968370261,4,4,3,1
"OCOLEU",17866.7505159602,3376.75093900412,6728.46945993602,9206.14317053556,8999.87507280707,5623.12413380295,20797,4518,9029,12170,11735,7217,22.6958067344743,17.7972247925561,20.2491954564881,16.5488559220424,0.547208311517145,0.423513498723322,0.169637763522871,0.376551394023024,8.85183139507837,7.48665004066752,7.54274078463845,7.61491532734832,9.92961491065327,0.703054254512936,0.386782891330494,5.43187424376532,43,41,51,45
"OCOSPA",1687.23621811302,585.15047632638,898.13877619541,1159.86304291274,1087.30317731001,502.152700983628,3026,1238,1886,2185,1971,733,NA,0.409671157981994,NA,NA,NA,NA,NA,NA,NA,NA,NA,NA,NA,NA,NA,NA,NA,1,NA,NA
"OCOWRI",19736.6196864212,2439.94796996424,5270.59260584181,9040.72433464392,8953.57029941957,6513.62232945533,14935,1952,3555,7746,7739,5787,0.0284905509461046,0.0282342332482215,0.0282729605871451,0.0310021386630984,NA,0.0282342332482215,NA,NA,0.0284905509461046,0.0282342332482215,0.0282729605871451,0.0310021386630984,1.77314551992846,1.0545813864586,95.037468579898,29.3448888750739,1,1,1,1
"ORMKRU",12562.1377358833,1870.46258574699,4258.67530443802,6178.11699397332,5788.83332334459,3918.37073759759,12519,1788,4898,6443,5899,4111,1.40958214318297,0.869049836866565,1.54216641513175,0.562564226001614,0.296681196543362,0.235180377127882,NA,NA,0.981339149120639,0.517522709610096,1.54216641513175,0.562564226001614,0.354629102093461,4.56985267309088,1.93391446697146,5.90307240283769,5,4,5,4
"OSSKRU",12238.2264960858,1723.91033207189,4165.16185944079,7301.1217617527,6977.29759712535,5253.38726505346,12635,1854,4829,8069,7724,5870,NA,NA,NA,NA,NA,NA,NA,NA,NA,NA,NA,NA,NA,NA,NA,NA,NA,NA,NA,NA
"OTTRHO",11984.4614830324,2315.64808644645,3672.39860853992,3079.0534256098,3516.0197453399,1200.37165889345,15569,3155,5012,4144,4740,1585,NA,NA,NA,NA,NA,NA,NA,NA,NA,NA,NA,NA,NA,NA,NA,NA,NA,NA,NA,NA
"OURLIT",22455.2498554951,2748.53504725546,6105.0024358863,9707.82782117464,9500.48954128847,6751.95449403301,23285,1930,4836,7399,7707,5777,NA,5.56096411957134,4.98686600982368,8.73544116453627,NA,NA,NA,0.0310021386630984,NA,1.17086944322046,1.15382936554868,4.17732974251739,NA,34.4443327330192,6.08821739135863,7.33326993511515,NA,4,4,5
"OXALAN",14229.4572709985,2639.31261316221,5257.59107847791,7029.42993107764,7189.48809448257,4550.17548132036,8868,2537,4122,3523,4019,1482,1.41851640837384,NA,NA,NA,NA,NA,NA,NA,0.354629102093461,NA,NA,NA,4.25554924877442,NA,NA,NA,1,NA,NA,NA
"PALALP",2357.6943334638,542.175711970451,931.092557383221,1717.97008385985,1622.7406136533,1080.56490168285,5019,945,1719,3540,3277,2332,NA,NA,NA,NA,NA,NA,NA,NA,NA,NA,NA,NA,NA,NA,NA,NA,NA,NA,NA,NA
"PALCRO",23150.5520077012,2812.19032326154,6264.22080697212,9959.87121359445,9733.23480447382,6921.04448121227,33835,3938,9059,14692,14310,10372,0.354629102093461,0.351527127256468,NA,1.95822006343198,NA,NA,NA,NA,NA,NA,NA,0.41437376563808,NA,NA,NA,2.70173103143639,1,1,NA,3
"PALRIP",19821.8463198692,3016.89414368197,6388.00098784268,10046.2821463794,9721.69427569211,6704.80013201013,16002,2555,5484,10113,9348,6793,1.06388730628038,NA,NA,NA,NA,NA,NA,NA,NA,NA,NA,NA,NA,NA,NA,NA,2,NA,NA,NA
"PARCRE",25234.9412341863,4145.90350875258,8196.69566607475,11256.9178341851,11284.2073601633,7138.30385141075,559,334,415,432,441,107,0.0343783944872623,0.0328874888192764,0.0310500697114688,0.03326500369602,NA,NA,NA,NA,0.0343783944872623,0.0328874888192764,0.0310500697114688,0.03326500369602,1.28472898789956,1.40610851371507,11.720067381035,11.8913813895413,1,1,1,1
"PERAME",26687.4139333367,4293.1986604929,8480.36887401342,11560.7481487989,11637.2978566885,7344.0991961956,22778,4216,7092,7363,7886,3670,0.937182611755759,1.41989216108967,1.14641062786493,0.684309915621086,NA,0.056468466496443,0.0565459211742903,0.18601283197859,0.937182611755759,1.01022100310767,1.14641062786493,0.684309915621086,0.709258204186922,4.68614074000674,7.03981248826937,1.62908287136271,5,11,14,11
"PETDOM",20933.867409274,3101.65018385276,6309.5978525281,9764.83021768183,9946.66927959397,6845.01909574121,11293,1607,3306,6558,6812,5205,3.25453086427452,2.6772572942557,0.975100544631341,0.995399632196831,NA,0.0282342332482215,NA,NA,2.19064355799413,1.03857266232773,0.623109922330795,0.995399632196831,0.7092582089175,4.21832555052361,1.75995311150273,4.97248521529467,4,9,8,6
"PHIMYR",10701.999522869,1953.47603843408,3280.93483235687,3566.62880453607,3769.97331783315,1816.49727939907,3835,560,850,954,1085,525,NA,NA,NA,NA,NA,NA,NA,NA,NA,NA,NA,NA,NA,NA,NA,NA,NA,NA,NA,NA
"PHLCOW",23223.0685525984,3431.8923788555,6894.5376745984,9615.94716558233,9832.62214054167,6400.72976168618,8538,963,1751,2107,2390,1427,NA,NA,NA,NA,NA,NA,NA,NA,NA,NA,NA,NA,NA,NA,NA,NA,NA,NA,NA,NA
"PHYCUN",6030.98907547261,623.603581894006,1419.84254436925,1598.84503864339,1842.75288446444,1219.14930257044,7145,598,1551,1407,1815,1217,NA,NA,NA,NA,NA,NA,NA,NA,NA,NA,NA,NA,NA,NA,NA,NA,NA,NA,NA,NA
"PHYEPI",14945.1355571686,2711.5822961235,4824.35440960806,5003.93534251628,5310.70371456863,2599.12141844514,23646,3826,7138,7565,7839,4013,NA,NA,NA,NA,NA,NA,NA,NA,NA,NA,NA,NA,NA,NA,NA,NA,NA,NA,NA,NA
"PHYJUG",15113.3131968558,1700.77078186662,3908.54745270065,5381.72006621955,5578.08242481242,3877.3116429458,4963,352,940,898,1083,731,NA,NA,NA,NA,NA,NA,NA,NA,NA,NA,NA,NA,NA,NA,NA,NA,NA,NA,NA,NA
"PICACU",10731.6510906631,1301.98775376119,2974.15306698541,3327.04883562525,3684.26048958768,2382.27273582649,11838,1104,3280,2920,3587,2483,12.1111781407441,9.40051566481849,10.4034430440099,12.5574255630989,NA,NA,NA,NA,3.66025322471903,2.4889241240435,3.22446152187921,3.18069901157709,4.25554923931327,29.1132818090655,6.79219866413201,2.07186883924548,7,7,7,8
"PICPEN",20831.1847746596,3516.07232655212,6587.2459958829,7643.22182470746,7934.8328658957,4418.76053934358,14002,2753,4446,3789,4291,1538,0.354629102093461,0.703054254512936,1.05597186690164,0.385961574448474,NA,NA,NA,NA,0.354629102093461,NA,0.351990622300547,NA,132.392439346122,NA,4.32826427939178,NA,1,2,3,1
"PILRAC",7409.39096706484,1406.12019627616,2175.22932787937,1850.79256689473,2109.21212890724,703.091932631083,2392,404,546,535,615,211,NA,NA,NA,NA,NA,NA,NA,NA,NA,NA,NA,NA,NA,NA,NA,NA,NA,NA,NA,NA
"PIMRAC",25027.8102026582,3972.00718391687,7893.64292867482,10724.1487480178,10833.5842460021,6861.57706208527,24715,3929,7296,9792,10068,6139,5.59837212353468,1.96160408882003,2.64286853719382,4.07371368521236,0.0343783944872623,NA,NA,NA,2.40671020469353,1.61007696156356,1.58689667029218,2.11549362178039,2.48240372884596,4.74162183015579,0.386782891330494,1.54384630809097,7,7,7,7
"PINCAR",13589.8013067562,1945.0946759088,4521.41283079702,7800.83322036453,7459.78866896499,5514.69399305619,4729,866,1724,2894,2728,1862,0.565756572011385,0.197324932915659,0.186300418268813,0.19959002217612,0.137513577949049,0.197324932915659,0.186300418268813,0.13306001478408,0.565756572011385,0.197324932915659,0.186300418268813,0.19959002217612,2.83703283567,4.21832553645601,0.703981249296475,0.800335340086554,1,1,1,2
"PINCOR",21113.7823504992,3914.78525462188,7920.15682039224,11408.3939314205,11281.1736477949,7366.38839317299,26095,5109,10087,15677,15102,9993,NA,NA,NA,NA,NA,NA,NA,NA,NA,NA,NA,NA,NA,NA,NA,NA,NA,NA,NA,NA
"PIPADU",20441.6959856469,3500.25133703649,7406.90995015763,11165.3841851577,10966.7112645563,7466.45992751978,18688,2531,6237,11084,10608,8077,2.29595280663716,1.40610850902587,5.73622676389859,1.60067068017311,NA,NA,NA,NA,NA,0.351527127256468,0.738773513631041,0.82874753127616,NA,6.32748832813002,15.800717855071,91.7238093730133,3,2,2,2
"PIPAMA",27701.1918531228,4224.62556319125,8714.0657227356,11867.553366961,11907.3494598512,7682.72389665991,34459,5134,10907,15091,15065,9931,5.67406563349538,2.9285050795028,1.05597186690164,NA,NA,NA,NA,NA,1.06388730628038,NA,NA,NA,2.83703283567,NA,NA,NA,5,4,1,NA
"PIPBLA",21070.578084603,3712.29909615964,7657.07656158134,11254.3384201676,11121.598291073,7409.29919491336,22244,3243,7399,13557,12737,9494,NA,NA,NA,0.385961574448474,NA,NA,NA,NA,NA,NA,NA,NA,NA,NA,NA,NA,NA,NA,NA,1
"PIPGLA",22859.6922958642,3714.67831573635,7651.61819996685,11185.160207592,11043.6132526919,7328.93493695557,14773,2317,4991,9256,8485,6168,NA,NA,NA,NA,NA,NA,NA,NA,NA,NA,NA,NA,NA,NA,NA,NA,NA,NA,NA,NA
"PIPHIS",26895.4276532456,4148.26141387969,8452.12712746114,12144.0775301605,12058.0613480955,7909.79993421584,30530,3737,8632,14407,13878,10141,NA,NA,NA,NA,NA,NA,NA,NA,NA,NA,NA,NA,NA,NA,NA,NA,NA,NA,NA,NA
"PIPJAC",24095.6216967758,3873.92060486972,7511.78781353496,9814.068608962,10006.126702439,6132.20609756932,21675,3458,6253,8185,8432,4974,NA,NA,NA,NA,NA,NA,NA,NA,NA,NA,NA,NA,NA,NA,NA,NA,NA,NA,NA,NA
"PIPMAR",18136.3366796412,3381.38988837413,6906.02137904242,9555.11593762413,9544.24172780849,6162.85183943436,15624,3323,7073,7908,7910,4587,NA,NA,NA,NA,NA,NA,NA,NA,NA,NA,NA,NA,NA,NA,NA,NA,NA,NA,NA,NA
"PIPUMB",20358.5184953734,3305.51295576431,7185.03536031954,11199.8805143125,10939.1092406046,7633.59628484026,24026,3138,7765,13697,13096,9958,NA,NA,NA,NA,NA,NA,NA,NA,NA,NA,NA,NA,NA,NA,NA,NA,NA,NA,NA,NA
"PISALB",8209.03021572204,1144.9908512921,2443.00245454322,2849.8288964534,3124.17121040262,1979.18035911053,7491,910,2048,1636,2124,1214,0.840783727909483,2.16563123003525,1.81649903267702,1.99181214956857,NA,NA,NA,NA,0.840783727909483,2.16563123003525,1.81649903267702,1.99181214956857,0.354629102093461,18.3877099555311,5.345375961205,1.24312130244178,1,3,3,3
"PISCAR",10180.7269124938,1147.91636835225,2094.90510334633,2710.80645573931,2776.58930305112,1628.67293469887,15235,1697,3093,3993,4095,2398,0.354629102093461,NA,0.0310500697114688,0.03326500369602,NA,NA,NA,NA,NA,NA,0.0310500697114688,0.03326500369602,NA,NA,4.15023501302408,74.1046227420297,1,NA,1,1
"PISSUB",20806.4153772742,3850.75537627563,7821.69326992705,11219.1007400081,11117.684052784,7266.92867650837,32128,5991,12179,17499,17328,11337,NA,1.28274485077583,0.719037240589525,0.873622304724166,NA,NA,NA,NA,NA,0.521546565537368,0.367046618288978,0.487660730275692,NA,39.955141700605,0.351990622300547,5.15956142377819,NA,3,4,7
"PITDUL",15600.925054701,2238.37599389814,4194.31889562029,5462.27828924637,5671.29314073082,3432.91714683268,4316,417,647,791,884,467,3.00789404863719,2.53738825512749,2.56354368742607,0.632035070224381,NA,NA,NA,NA,0.45187644201409,0.253793399412102,0.629629230773597,0.632035070224381,5.31943655978538,0.351527127256468,0.703981249296475,17.039133714746,6,4,5,1
"PITUNG",5003.11606083526,748.239847432573,1657.25470490561,1897.42330830085,2097.59212876073,1349.35228132816,4221,667,1385,996,1280,613,NA,3.68231301950361,13.5867574890436,13.8260420212887,NA,NA,NA,NA,NA,0.870096001451864,2.25754096936728,0.833600343782574,NA,0.703054259202135,18.6902953213896,7.80446808828098,NA,5,8,8
"PLUALB",18481.0515224484,2367.16015562089,4836.96359836077,6273.36694458849,6641.90887616039,4274.7487205395,21022,2532,4844,5826,6417,3885,NA,NA,NA,0.385961574448474,NA,NA,NA,NA,NA,NA,NA,NA,NA,NA,NA,NA,NA,NA,NA,1
"PLUCAR",24646.2692312337,3888.01614224724,7618.13793188892,10102.1215321478,10285.5713263992,6397.55518415198,34260,5049,10309,13919,14337,9288,NA,NA,NA,NA,NA,NA,NA,NA,NA,NA,NA,NA,NA,NA,NA,NA,NA,NA,NA,NA
"PLUOBT",12428.2543345802,2567.26365895942,4916.68258888274,6633.75600808486,6645.24252145365,4077.97886249423,8222,2863,4426,3824,4251,1388,0.766239306079132,0.57740099324224,0.634720228171998,1.08194453552793,NA,0.0282342332482215,NA,NA,0.41161020398567,0.57740099324224,0.282729605871451,0.310021386630984,1.41851641310442,2.10916277291721,0.351990622300547,1.57225849413204,2,4,4,4
"PODCOR",21001.9017820582,3609.738882415,6664.96744707972,8145.19944978505,8425.90304020047,4816.16415778548,18724,3692,5793,4921,5616,1924,0.0284905509461046,1.78586986953056,0.788800126362528,0.478967990437769,NA,0.0282342332482215,NA,NA,0.0284905509461046,0.0282342332482215,0.0848188817614354,0.0930064159892951,29.6684976313918,0.409671157981994,0.351990622300547,2.90061637604919,1,2,3,2
"POIFLO",26073.0581015646,3772.09269012883,7566.90041450039,10056.1075309627,10270.6656579971,6498.5729678683,20345,2534,4546,5120,5675,3141,0.0569811018922092,2.99185771591341,3.29368936451289,3.67056425698143,NA,NA,0.0310500697114688,0.0665300073920401,0.0569811018922092,2.23065943067495,2.16813295955135,2.4558551512568,10.5050856754436,22.1462091296983,4.92786873568456,0.41437376563808,1,3,3,4
"POIPUN",17949.6772706136,2408.24178447574,5185.34744909033,8084.60403256863,8073.40413565561,5665.16235117987,12309,1509,3255,6743,6801,5292,NA,NA,NA,NA,NA,NA,NA,NA,NA,NA,NA,NA,NA,NA,NA,NA,NA,NA,NA,NA
"POUDIC",23047.6705466229,3814.18993547279,7333.33105005324,9034.95064275619,9287.05249716155,5472.86256168876,15163,2894,4946,4249,4655,1761,NA,NA,NA,NA,NA,NA,NA,NA,NA,NA,NA,NA,NA,NA,NA,NA,NA,NA,NA,NA
"POUMUL",24519.03389889,4047.89625370502,7880.50538637489,10422.8493353799,10562.5545034632,6514.65824975818,37770,6262,12167,16035,16258,9996,2.59636591843865,0.872459654002265,0.169637763522871,0.155010693315492,NA,0.0847026997446644,0.0565459211742903,0.0930064159892951,0.823220407971341,0.520932526745797,0.169637763522871,0.155010693315492,0.354629102093461,2.46068990486287,1.7599531208935,7.74764370590177,4,3,3,2
"PREMON",8018.70697553772,1398.54454599439,3015.57839158086,4205.12235878859,3859.02834760082,2460.48380160643,6729,1366,3072,3965,3551,2185,6.9358230752534,7.45288767971633,8.78998231157139,7.06988302757176,0.0284905509461046,0.367045032226879,NA,NA,6.9358230752534,7.45288767971633,8.78998231157139,7.06988302757176,2.48240372884596,31.6321156883835,19.8465760652365,23.7543506191632,21,19,20,17
"PROJUL",5715.54354217149,728.938060368966,1488.80804649607,1401.99741048471,1670.65730915274,941.719248783774,6808,847,1680,1164,1567,720,NA,NA,NA,NA,NA,NA,NA,NA,NA,NA,NA,NA,NA,NA,NA,NA,NA,NA,NA,NA
"PRUMYR",11173.1486922137,2825.38543921628,4995.96334730263,6112.10884720203,6208.07695813524,3382.69151891896,7913,2548,3920,3980,4282,1734,0.354629102093461,NA,NA,0.385961574448474,NA,NA,NA,NA,NA,NA,NA,NA,NA,NA,NA,NA,1,NA,NA,1
"PSESPU",17588.7390849246,3455.39130444406,6372.89493979374,7235.28493268229,7454.9333536895,3999.54204924544,4013,1498,2266,1910,2182,684,0.0284905509461046,1.51904544201876,3.33755336422779,2.85674171445481,0.0284905509461046,0.0282342332482215,NA,0.0620042773261967,0.0284905509461046,0.815991187505822,0.873619008123964,0.92693384221244,2.5560176066231,1.75763564097154,37.3417304661534,27.1143559769672,1,2,5,4
"PSIAMP",7691.87800469843,2194.53179838916,3710.09229492582,4025.50655390741,4229.82566415635,2035.29386576719,3481,1493,2291,2057,2283,790,NA,NA,NA,NA,NA,NA,NA,NA,NA,NA,NA,NA,NA,NA,NA,NA,NA,NA,NA,NA
"PSYBER",8603.00138518593,1830.26293076656,3458.51914881152,5427.81821655427,5022.37812687038,3192.11519610381,12877,2503,5106,8742,8010,5507,7.09258204186923,3.51527127256468,2.11194373380328,3.20134136034622,NA,NA,NA,NA,2.12777461256077,1.0545813817694,0.351990622300547,0.385961574448474,8.51109849754885,63.5629404865241,0.703981244601093,3.2013413710223,11,8,4,5
"PSYBRA",18803.6477779914,2758.18111935072,6090.74755215645,9589.84456030838,9324.06015932001,6565.8790399693,15553,2357,5217,9779,9019,6662,1.06388730628038,0.703054254512936,0.351990622300547,NA,NA,NA,NA,NA,NA,NA,NA,NA,NA,NA,NA,NA,2,1,1,NA
"PSYGRA",18061.68440862,3217.1365365088,6664.63483901322,9767.17470861226,9666.92451360822,6449.78797709942,20415,2940,6871,11667,11250,8310,NA,NA,0.351990622300547,0.385961574448474,NA,NA,NA,NA,NA,NA,NA,0.385961574448474,NA,NA,NA,0.771923148896948,NA,NA,1,1
"PSYMAL",5651.54519276073,865.027953071017,1813.71412727519,2162.5507787761,2002.09949117918,1137.07153810816,1640,693,949,1101,1027,334,NA,NA,NA,NA,NA,NA,NA,NA,NA,NA,NA,NA,NA,NA,NA,NA,NA,NA,NA,NA
"PSYMAR",16840.7890239218,2044.84188206587,4182.44703355059,6317.13290544786,6329.61695606913,4284.77507400326,11072,1171,1827,1541,1790,619,NA,NA,NA,NA,NA,NA,NA,NA,NA,NA,NA,NA,NA,NA,NA,NA,NA,NA,NA,NA
"PSYPUB",25613.4301876426,4275.60619205236,8448.21637046337,11219.5195037127,11234.3692150116,6958.76302295923,30923,5549,10930,14183,13946,8397,NA,NA,NA,NA,NA,NA,NA,NA,NA,NA,NA,NA,NA,NA,NA,NA,NA,NA,NA,NA
"PTEIND",24457.4521021992,4024.32713511959,7827.30778433383,10320.1247174144,10474.9127957001,6450.58566058055,24896,3674,6760,7546,8243,4569,NA,NA,NA,NA,NA,NA,NA,NA,NA,NA,NA,NA,NA,NA,NA,NA,NA,NA,NA,NA
"QUACYN",11041.2157353513,1387.9643886634,2943.36829642959,3582.6096760868,3879.47947042266,2491.51508175925,7884,880,1912,1439,1884,1004,NA,3.19197837855643,4.2521604281937,2.73273315980242,NA,NA,NA,NA,NA,0.731288487761158,1.78822607208988,0.802925287560046,NA,19.8492995281576,0.703981249296475,NA,NA,3,4,3
"QUAIND",8262.67037340566,1080.49022123643,2222.99058061369,2193.22514145224,2496.2455442878,1415.75532305137,6979,872,1751,1172,1522,650,NA,NA,NA,0.385961574448474,NA,NA,NA,NA,NA,NA,NA,NA,NA,NA,NA,NA,NA,NA,NA,1
"QUATUR",22765.7311229426,3465.23792795278,7144.77324472554,9044.02743889205,9097.71549825557,5632.47757030278,20115,3074,6353,6870,6781,3707,3.22015246978726,3.16374414530821,3.51990622300546,4.63153889338169,0.0284905509461046,NA,NA,NA,2.15626516350687,1.75763563628234,1.75995311150273,1.92980787224237,10.7124870068091,0.819342321428799,64.9117606825214,0.41437376563808,3,3,4,4
"RANACU",24674.7344050314,3493.82739548571,7312.44709171914,9318.35509865172,9590.3080792632,6096.48068377748,21741,3004,6091,5344,6061,3057,3.69351880487236,4.6253337421563,3.30708467682471,5.1879736149678,NA,NA,NA,NA,NA,NA,NA,0.771923148896948,NA,NA,NA,23.271343319192,6,8,8,8
"RAUNIT",20098.364319097,2593.03980624056,6117.27912940539,8174.47657399517,8386.68236134755,5793.64255510699,15406,1464,4791,5679,6051,4587,0.354629102093461,NA,NA,NA,NA,NA,NA,NA,0.354629102093461,NA,NA,NA,2.83703283093942,NA,NA,NA,1,NA,NA,NA
"RAVURB",4696.72616410486,782.726111087822,1730.85441285762,2199.75023836113,1946.52165739925,1163.79554631143,1933,587,1039,1387,1160,573,NA,NA,NA,NA,NA,NA,NA,NA,NA,NA,NA,NA,NA,NA,NA,NA,NA,NA,NA,NA
"REYKRU",16904.5044430122,3289.4522047583,6500.50545522384,9097.13912855461,9048.22642570548,5758.77422094718,12388,3393,5733,6284,6536,3143,NA,NA,NA,NA,NA,NA,NA,NA,NA,NA,NA,NA,NA,NA,NA,NA,NA,NA,NA,NA
"REYUNC",4169.15086476865,591.06822285834,973.603953065307,721.982427489032,899.615518757684,308.547295899344,5075,699,1182,786,1025,326,NA,NA,NA,NA,NA,NA,NA,NA,NA,NA,NA,NA,NA,NA,NA,NA,NA,NA,NA,NA
"REYVIV",3758.68697089684,1185.17993437394,1905.26692579919,1610.57260229788,1805.5538874428,620.373953068862,1182,355,511,365,413,58,NA,NA,NA,NA,NA,NA,NA,NA,NA,NA,NA,NA,NA,NA,NA,NA,NA,NA,NA,NA
"RHIMAN",22990.7823266489,2675.33326271735,5875.68606643192,8386.68515079375,8581.59093132894,5906.25766861159,21102,1551,3828,5736,6033,4482,0.497081856823984,1.49081120877054,2.46393435610383,5.46999204967068,NA,0.0282342332482215,NA,NA,0.142452754730523,0.0847026997446644,NA,0.0665300073920401,64.3018028105358,NA,1.40796249389757,32.1886808782829,2,1,1,2
"ROCACA",8681.46578456741,1044.76696137059,2550.68742939644,2732.98194277566,3109.04699526541,2064.28003389481,4967,621,1391,912,1240,619,NA,1.40610850902587,1.40796248920219,1.5438462977939,NA,NA,NA,NA,NA,0.703054254512936,1.05597186690164,1.5438462977939,NA,46.2164971989504,0.351990622300547,2.37259383421859,NA,1,1,1
"RONINE",22596.5921895243,3530.25705165043,6923.26091241464,9043.29488195851,9305.98504168913,5775.72799003869,18154,3507,5802,6609,6998,3491,0.709258204186922,1.75763563628234,3.87189684530601,3.85961574448474,NA,NA,NA,NA,NA,NA,NA,NA,NA,NA,NA,NA,2,1,4,3
"RONPOR",7737.52873699879,1588.42197805387,3054.5620588006,5026.50601637922,4750.88867673441,3162.46669868054,11529,2435,4847,7985,7512,5077,NA,NA,NA,NA,NA,NA,NA,NA,NA,NA,NA,NA,NA,NA,NA,NA,NA,NA,NA,NA
"SAMDOD",24353.1651507169,3573.52843925357,7167.52279855311,9445.51266242564,9736.43867777288,6162.91023851931,13616,2004,3361,3921,4389,2385,NA,NA,NA,1.5722584889835,NA,NA,NA,NA,NA,NA,NA,NA,NA,NA,NA,NA,NA,NA,NA,2
"SAMSAM",18796.5417729374,3406.44676483423,6944.90502738208,9746.8796430584,9780.09028512426,6373.64352029003,21055,3765,7445,11371,11628,7863,0.0687567889745246,0.0986624664578293,0.15247323943302,0.0997950110880602,NA,NA,NA,NA,0.0687567889745246,0.0986624664578293,0.15247323943302,0.0997950110880602,21.1573991736515,4.56985268246928,3.16791561948645,6.98752967730948,1,1,3,1
"SAMSPI",24742.2794773579,4143.71062475443,8089.28370475769,11106.2005477846,11077.6597488523,6933.94912409782,17250,3691,6616,7483,7341,3650,NA,NA,NA,NA,NA,NA,NA,NA,NA,NA,NA,NA,NA,NA,NA,NA,NA,NA,NA,NA
"SAPLAU",17295.7331905216,3157.72836871818,6174.9281511642,8629.39576023445,8420.02503975108,5262.29667103291,9505,2145,4118,6475,5853,3708,1.91559826519783,0.141171166241107,0.113091842348581,0.155010693315492,0.0854716528383138,0.056468466496443,NA,NA,1.20634006101091,0.141171166241107,0.113091842348581,0.155010693315492,6.24953643514835,1.52239657594174,2.11194374319404,35.1343125329893,3,5,4,5
"SAPSAP",18773.809424825,3411.30118919723,6960.65495021455,9720.8722188808,9749.40077670477,6338.09958750755,28093,5153,10527,14706,14750,9597,0.113962203784418,NA,NA,NA,NA,NA,NA,NA,0.113962203784418,NA,NA,NA,1.28472898789956,NA,NA,NA,2,NA,NA,NA
"SAVSES",9591.90109843776,1248.54719803585,3081.56006215052,4387.88151723334,4559.09128305601,3310.54408502016,7400,794,2391,2438,2942,2148,0.737748755133027,0.703054254512936,NA,NA,NA,NA,NA,NA,0.383119653039566,0.351527127256468,NA,NA,2.1277746267525,10.1942867373296,NA,NA,1,1,NA,NA
"SCHFRU",23701.2544968668,3800.85853704438,7430.65866183117,9581.83837383613,9819.75127851404,6018.89274146967,28952,4371,8454,10775,11481,7110,NA,0.703054254512936,1.05597186690164,2.34418163788045,NA,NA,NA,NA,NA,NA,0.703981244601093,0.385961574448474,NA,NA,15.2011134377336,51.5387901148821,NA,1,2,5
"SCHGLE",13950.4560815077,2004.06065632775,4651.68801859207,7838.63195241615,7571.21649511717,5567.15583878942,20415,2940,6871,11667,11250,8310,0.0284905509461046,NA,NA,NA,0.0284905509461046,NA,NA,NA,0.0284905509461046,NA,NA,NA,2.83703282620885,NA,NA,NA,1,NA,NA,NA
"SCHMOR",16787.0670011234,2768.94932195637,6060.53216874972,8292.20027910545,7973.24039442465,5204.29107246827,9200,1453,3900,4823,4352,2899,6.30089897591278,5.32971703271451,4.77594298972462,3.83502425324273,1.2250936906825,1.27054049616997,0.681328163215807,0.372025663957181,4.09951047138314,3.92360852368864,4.03716947609358,3.83502425324273,10.3111247274459,1.6386846428576,56.8444518365063,8.57639125300255,27,30,36,35
"SCHOBO",5882.94975070516,1940.88801894942,3031.4496951513,2686.73809487,2969.496415067,1028.60839611758,8102,2853,4414,3802,4232,1379,0.0284905509461046,0.351527127256468,0.351990622300547,0.385961574448474,NA,NA,NA,NA,0.0284905509461046,NA,NA,NA,10.1504565828113,NA,NA,NA,1,1,1,1
"SENPOL",4168.73857770889,640.466724014944,1025.07229142702,797.328384479381,975.765035621444,335.2983116065,5419,854,1388,1010,1260,406,NA,NA,NA,NA,NA,NA,NA,NA,NA,NA,NA,NA,NA,NA,NA,NA,NA,NA,NA,NA
"SENSIA",26610.8757258486,4153.82342666015,8393.06845405512,11605.2348814979,11634.4801039714,7480.65667731129,41381,6460,13061,18065,18104,11644,2.60614406131626,1.56745083580845,2.71201686686302,3.74903894750256,0.142452754730523,0.141171166241107,0.197910724110016,0.376551394023024,2.17790106725393,0.86439658129551,2.00803562226193,2.20519264970866,1.21111509593068,1.75763563628234,0.738773513631041,2.4010060257872,5,3,5,5
"SIDCUB",15104.6202082727,2766.94709901325,5120.14417972229,6385.23959008418,6541.56910553575,3774.62200652249,7987,2819,4344,3741,4149,1330,1.06388730628038,0.499027113297713,0.47160177309193,0.476378042964277,NA,NA,NA,NA,0.354629102093461,0.499027113297713,0.47160177309193,0.476378042964277,2.98426060541602,1.22901347941079,1.93391446697146,25.0258841024975,1,2,2,2
"SIDFOE",18881.4935178235,3198.97502358258,5764.64106846415,6461.6381216459,6842.96537853964,3643.99035495706,18049,3350,5368,4469,5158,1808,0.913467090016881,0.056468466496443,0.0565459211742903,1.01928609332059,0.0569811018922092,NA,NA,0.0310021386630984,0.0569811018922092,0.056468466496443,0.0565459211742903,0.190538562044434,0.354629102093461,0.409671157981994,27.0296255893349,8.10519310975479,3,2,2,5
"SIDOBO",8949.98855082598,1606.28894003108,2583.99026648654,2191.34720026795,2532.09317822009,925.804238189012,5364,837,1361,937,1197,360,0.0284905509461046,0.0282342332482215,NA,2.0718688281904,NA,NA,NA,NA,0.0284905509461046,0.0282342332482215,NA,NA,137.409159683729,0.703054259202135,NA,NA,1,1,NA,1
"SIDPOR",25690.2880213037,4396.66910725832,8497.50322039425,11420.5350238159,11454.0420633405,7057.37295608222,15486,3321,5446,5659,5889,2568,NA,NA,NA,NA,NA,NA,NA,NA,NA,NA,NA,NA,NA,NA,NA,NA,NA,NA,NA,NA
"SIDSAL",22786.6797965541,3742.8070735801,7208.63060396723,8737.85334332474,9012.66535330936,5269.85827972926,14362,3059,4876,3973,4514,1455,0.142452754730523,1.60374814176342,1.42907457278317,1.56543825603154,0.0284905509461046,NA,0.0282729605871451,0.0620042773261967,0.142452754730523,0.900693887250486,1.07708395048263,1.56543825603154,1.71297198767444,15.7579138294906,0.738773513631041,1.24312130244178,2,6,9,8
"SIMTUL",17527.2664850801,2996.37020580657,6008.60900099948,9083.99631407298,8939.7200507354,5943.34984492883,13723,2259,4055,8187,7966,5707,NA,NA,NA,NA,NA,NA,NA,NA,NA,NA,NA,NA,NA,NA,NA,NA,NA,NA,NA,NA
"SIPDEN",14063.250214871,2124.95133407786,4802.14554884844,8174.17281156871,7802.60069683474,5677.64936275687,8370,1751,3244,5359,4950,3199,NA,NA,NA,NA,NA,NA,NA,NA,NA,NA,NA,NA,NA,NA,NA,NA,NA,NA,NA,NA
"SLOAMY",16733.4828736819,3474.40601091925,6668.36645700317,8892.38098932616,8927.21130869817,5452.80529777892,8102,2853,4414,3802,4232,1379,NA,0.0282342332482215,0.0282729605871451,0.0310021386630984,NA,NA,NA,NA,NA,0.0282342332482215,0.0282729605871451,0.0310021386630984,NA,44.524994391677,6.33583123897289,85.8561642582521,NA,1,1,1
"SLOBER",7126.6910784967,1225.57349572484,2878.24008838233,4117.17902585722,3788.70480453531,2563.13130881047,11183,1875,4610,6253,5758,3883,2.3556990201296,3.00985665078929,1.63414617389935,1.05094239686483,0.142452754730523,0.141171166241107,0.0565459211742903,NA,0.582553509662298,0.900693887250486,0.930164929298254,1.05094239686483,0.354629102093461,33.7732326852598,1.05597187159702,7.40190343227148,7,6,5,4
"SOLENS",18296.2945392709,3389.90232111327,6910.2214578446,9650.94814699888,9650.7114194762,6260.80909836292,27399,5125,10455,14605,14600,9475,NA,NA,NA,NA,NA,NA,NA,NA,NA,NA,NA,NA,NA,NA,NA,NA,NA,NA,NA,NA
"SOLRUG",14320.1299030755,1853.07654334799,4520.99501634478,8031.36832517946,7672.49308928954,5819.41654594155,14928,1749,4760,9104,8635,6886,2.48240371465423,1.40610850902587,NA,NA,NA,NA,NA,NA,0.709258204186922,NA,NA,NA,0.7092582089175,NA,NA,NA,1,1,NA,NA
"SOLTOR",26230.2197742835,3265.32556713372,7310.30485108495,11144.1461616084,11058.9023932293,7793.57682609558,23009,1888,5407,8978,8985,7097,NA,NA,NA,NA,NA,NA,NA,NA,NA,NA,NA,NA,NA,NA,NA,NA,NA,NA,NA,NA
"SPACAM",26924.2835885175,4148.95566457137,8265.40241231397,11438.8305513822,11455.3537139893,7306.39804941788,20067,3043,5569,7079,7416,4373,100.895434989826,86.5492496002436,77.3942834515369,56.0871443929184,7.73411290042012,4.67072005373836,1.16146662385337,2.84902697053482,53.8326080202253,52.7524901816071,44.9844897948587,33.5308999277693,1.41851641310442,26.4808227463621,0.773565782660989,8.87711625865174,71,79,86,80
"SPOMOM",27099.6617278252,3998.84975837544,8238.91783220507,11689.6402404606,11690.8574128803,7692.00765450485,34532,3969,9134,14796,14463,10494,1.89569096900829,1.92996003843611,0.694043258470612,0.729247964775478,NA,0.056468466496443,0.0282729605871451,0.0310021386630984,0.182718992758943,1.16876175319764,0.342052636170065,0.343286390327004,16.5337804630688,1.40610851840427,272.59254570881,10.9205729067076,4,15,8,7
"STAMON",10912.2480253424,1497.16377208848,2659.06418919889,3374.10059971851,3614.61737493891,2117.45360285044,6774,677,1099,1201,1412,735,NA,NA,NA,NA,NA,NA,NA,NA,NA,NA,NA,NA,NA,NA,NA,NA,NA,NA,NA,NA
"STEACU",7931.99867067253,1245.18122491706,2208.15123546799,2425.41107259016,2634.18718657386,1389.0059616568,6754,924,1684,1764,1982,1058,NA,NA,NA,NA,NA,NA,NA,NA,NA,NA,NA,NA,NA,NA,NA,NA,NA,NA,NA,NA
"STESIN",8031.99901328702,2044.33000914194,3561.20706757624,3930.62644292228,4094.44120737817,2050.11119823623,11713,3051,5308,5832,6078,3027,NA,NA,NA,NA,NA,NA,NA,NA,NA,NA,NA,NA,NA,NA,NA,NA,NA,NA,NA,NA
"SURMAR",1660.96248195916,199.136497953919,299.266223762545,198.249654026977,259.729560371061,60.5930624171414,1045,143,205,128,156,13,NA,NA,NA,NA,NA,NA,NA,NA,NA,NA,NA,NA,NA,NA,NA,NA,NA,NA,NA,NA
"SWIMAC",26499.4753264384,4118.29482685961,8340.80751563329,11565.6766960807,11587.0857514916,7468.79092463199,33722,3933,9052,14675,14296,10363,0.0854716528383138,0.611964046290599,0.561974873102013,0.511905911693218,0.0569811018922092,0.056468466496443,0.0565459211742903,0.0310021386630984,0.0854716528383138,0.611964046290599,0.561974873102013,0.511905911693218,0.354629102093461,2.81221703680854,1.54713157048147,1.54384630809097,2,3,3,2
"SWIMAH",25749.2220184729,3860.25698511302,7767.68780632317,10431.5330106989,10634.0428570732,6773.78587196022,29814,4244,8386,10116,10826,6582,NA,NA,NA,NA,NA,NA,NA,NA,NA,NA,NA,NA,NA,NA,NA,NA,NA,NA,NA,NA
"SYMMAR",26287.7378653511,4337.78003837913,8494.28283873945,11534.8630104512,11563.3268131092,7225.54677473009,22368,4502,7911,9280,9311,4809,0.0854716528383138,0.0847026997446644,0.113091842348581,0.124008554652393,NA,NA,NA,NA,0.0854716528383138,0.0847026997446644,0.113091842348581,0.124008554652393,0.7092582089175,2.1091627776064,5.03224553854313,0.800335340086554,1,1,1,1
"SYMMIC",8733.28238357599,1114.56410693615,2598.0139429018,3118.23523147031,2874.88415885929,1760.32005192315,11057,1393,3229,3774,3406,2013,NA,NA,NA,NA,NA,NA,NA,NA,NA,NA,NA,NA,NA,NA,NA,NA,NA,NA,NA,NA
"SYZJAM",23293.1024386249,3565.1062800996,7430.15241860226,10718.5121694468,10517.6640129313,6952.55773283169,17092,2575,5983,9139,8486,5911,35.0335778550738,24.0856411580741,25.2709270820449,19.1146098984836,0.341886611353255,0.0282342332482215,NA,0.0310021386630984,19.2826695790238,12.7204850244161,12.7772939563761,8.99437238925447,0.354629102093461,1.4642525444406,56.9754850678153,12.3507704492822,42,42,44,34
"SYZMAL",15858.1416268311,2076.48424402531,5113.98343550041,8978.0839687977,8593.44853740744,6516.96429338213,23910,3130,7755,13677,13079,9949,1.21111509021813,NA,NA,NA,NA,NA,NA,NA,0.428242994062336,NA,NA,NA,0.709258204186922,NA,NA,NA,2,NA,NA,NA
"TABCIT",20594.3654229343,3485.45679173805,7413.68552657776,11306.9633709788,11078.7197941002,7593.2630023621,23910,3130,7755,13677,13079,9949,0.0284905509461046,0.0282342332482215,NA,NA,NA,NA,NA,NA,0.0284905509461046,0.0282342332482215,NA,NA,23.0508917732617,0.351527127256468,NA,NA,1,1,NA,NA
"TABHAE",19293.1363137942,2264.05804785341,5059.36324120127,8413.44839962013,8430.80785080418,6166.74980295077,23027,2783,6228,11161,11228,8445,12.2164750159849,12.8294086734094,12.0024734272485,22.8971907594244,NA,NA,NA,NA,2.56787536749254,2.81221701805174,2.81592497840437,4.6883632757609,3.4125036051909,3.51527129132148,72.9583001719761,4.55811144965659,8,7,7,9
"TABHET",27664.841664046,4380.54905948043,8745.1072396934,11948.0182387829,12026.6220597327,7646.07300025225,36439,5412,11105,14904,15134,9722,36.7185517782104,42.2243186791619,43.5290807833232,46.7055698409587,1.02072065727829,NA,0.169637763522871,1.17649637596262,15.989395715101,17.7998406920956,21.1489858962102,21.7649224445335,0.354629102093461,1.11272541249493,5.98384061197696,0.771923148896948,40,48,53,51
"TABKAR",5012.36472759733,1686.60359015944,2681.09385286679,2286.55325689644,2564.70715435862,878.103564199177,5023,1914,2999,2607,2913,999,NA,NA,NA,NA,NA,NA,NA,NA,NA,NA,NA,NA,NA,NA,NA,NA,NA,NA,NA,NA
"TABRIG",4780.49393507222,793.206303327343,1912.428272171,2542.44228067168,2284.81626460435,1491.60996127701,8327,1148,3187,4257,3725,2577,NA,0.0282342332482215,0.0282729605871451,NA,NA,NA,NA,NA,NA,0.0282342332482215,0.0282729605871451,NA,NA,0.703054259202135,1.12555641012103,NA,NA,1,1,NA
"TABSCH",11493.3754883922,1794.15701896721,3913.18201715138,6478.92753585731,6182.59689750359,4388.43987853639,15597,2402,5727,9612,9095,6693,NA,0.351527127256468,0.703981244601093,0.771923148896948,NA,NA,NA,NA,NA,NA,NA,NA,NA,NA,NA,NA,NA,1,1,1
"TAMIND",17574.1956616619,1951.51974018267,4408.30470873974,6135.39386627288,6451.86846816004,4500.34872797737,16134,1461,3627,4987,5532,4071,0.913467090016881,0.0282342332482215,0.0848188817614354,0.0642671423591184,NA,NA,NA,NA,0.913467090016881,0.0282342332482215,0.0848188817614354,0.0642671423591184,0.354629102093461,7.79174087257061,28.57675713118,3.11610480222301,3,1,2,2
"TECGRA",24307.5834662355,4019.59198380262,7819.41481205262,10327.7428521551,10468.2004715037,6448.60848770104,37770,6262,12167,16035,16258,9996,NA,NA,NA,NA,NA,NA,NA,NA,NA,NA,NA,NA,NA,NA,NA,NA,NA,NA,NA,NA
"TECSTA",16706.8397121422,1578.78543440317,4262.74620026926,5735.31043856793,5956.97575267752,4378.19031827435,15192,889,3362,4119,4438,3549,NA,NA,NA,0.41437376563808,NA,NA,NA,NA,NA,NA,NA,0.41437376563808,NA,NA,NA,61.1760204286269,NA,NA,NA,1
"TERCAT",27103.8708239496,4361.82910960913,8673.08771461248,11915.6413006634,11951.5373739898,7589.70826438069,41381,6460,13061,18065,18104,11644,0.290793353002204,0.291648843624325,0.753829509619473,0.99763085937656,0.199433856622732,0.174058655060384,0.0282729605871451,0.0952692810222168,0.290793353002204,0.291648843624325,0.367046618288978,0.611669284928086,0.354629102093461,0.351527127256468,2.81592498309975,10.0350009819972,4,5,6,7
"TERSTA",13630.9456075132,2591.95912863314,4657.85805150867,5572.70989816636,5749.42847248167,3157.46934384853,10359,2798,4777,4944,5266,2468,NA,NA,0.351990622300547,0.385961574448474,NA,NA,NA,NA,NA,NA,NA,NA,NA,NA,NA,NA,NA,NA,1,1
"TETBAL",25933.3440279067,3953.16792938113,7963.91477200389,11173.2657619119,11197.4638976157,7244.29596823454,30921,3771,8240,12766,12617,8846,0.0687567889745246,4.48795153128202,4.47214832607886,0.864929564886243,0.0687567889745246,0.169405399489329,0.169637763522871,0.0310021386630984,0.0687567889745246,2.02726164048674,2.32541232324564,0.864929564886243,5.67406566187885,11.9519223876795,2.11194373849866,241.79735372424,1,7,6,3
"TETCRO",12211.0568765295,1709.33035704173,3819.93221945543,7368.51383689704,7147.40301262931,5438.07265558757,8583,1266,2271,5742,5534,4268,NA,NA,NA,NA,NA,NA,NA,NA,NA,NA,NA,NA,NA,NA,NA,NA,NA,NA,NA,NA
"TETELA",26733.5715866382,3941.71737913648,8327.33604373736,11165.1601648773,11236.246575275,7294.52919613849,21188,2913,7020,7168,7344,4431,10.5180562118204,9.66994434655608,12.2453197666916,11.8210302829309,0.0569811018922092,0.056468466496443,NA,NA,3.78010327204461,3.34245605593965,3.76275256244857,3.63060064594411,11.8634285695038,1.11272541718413,9.57333138712847,0.385961574448474,8,8,12,7
"TETURB",22192.0849016886,2612.39771278389,5986.28292777948,9680.04419757798,9435.0496559497,6822.65194316581,24026,3138,7765,13697,13096,9958,NA,NA,NA,NA,NA,NA,NA,NA,NA,NA,NA,NA,NA,NA,NA,NA,NA,NA,NA,NA
"THEGRA",26890.5499982983,4223.17642449588,8419.75945602357,11465.1401679739,11571.9130404815,7348.73661598563,26671,3809,7179,8355,9031,5222,0.937182611755759,2.45728007365958,1.45734753337032,0.855519384460793,NA,NA,NA,0.0310021386630984,0.227924407568837,0.699644437377236,1.10535691106977,0.855519384460793,0.354629102093461,30.2868141647273,0.773565787820483,3.11610480222301,6,10,10,9
"THEPOP",16233.7979469824,1664.74023455533,3485.75723096856,4722.61445729632,4988.82226468937,3324.08203013404,18859,1533,3199,4423,4820,3287,0.354629102093461,NA,NA,0.03326500369602,NA,NA,NA,NA,NA,NA,NA,0.03326500369602,NA,NA,NA,4.2455773446759,1,NA,NA,1
"THOPOR",5125.77937952534,716.707099318837,1300.16301963384,1157.59043628597,1357.7105730486,641.003473729766,5178,710,1273,878,1126,416,NA,NA,NA,NA,NA,NA,NA,NA,NA,NA,NA,NA,NA,NA,NA,NA,NA,NA,NA,NA
"THOSTR",21407.5421774611,3536.88185918331,6788.46975249797,8458.37221146375,8787.28567453474,5250.40381535143,15377,3131,5014,4952,5586,2455,15.0300203954568,8.81300259752422,10.5153119354868,10.5193621088115,0.0569811018922092,0.0282342332482215,0.0282729605871451,0.0310021386630984,7.93743835358762,5.29773132495954,5.55265095424917,6.65974636432678,10.3683331003238,20.868371335473,3.48104603745293,68.4406569331377,18,16,15,15
"THRMOR",21577.8593006991,3665.86027587578,6774.82931387797,8405.36865714937,8704.38390029967,5038.52362442389,5970,1004,1630,1433,1666,662,NA,NA,NA,NA,NA,NA,NA,NA,NA,NA,NA,NA,NA,NA,NA,NA,NA,NA,NA,NA
"TOUFIL",24112.328500731,3372.46366688807,7170.92049580358,9992.34737186425,10142.3808369023,6769.91717001423,18332,1449,4571,7916,7928,6479,NA,NA,NA,NA,NA,NA,NA,NA,NA,NA,NA,NA,NA,NA,NA,NA,NA,NA,NA,NA
"TRELAM",12086.200450127,2133.08246967429,4311.40141797205,6749.58028056659,6676.33278613072,4543.25031645643,7504,1100,2136,4431,4424,3324,NA,NA,NA,NA,NA,NA,NA,NA,NA,NA,NA,NA,NA,NA,NA,NA,NA,NA,NA,NA
"TREMIC",19690.2110153297,2450.01431907061,5339.61045138631,8266.89446573891,8140.73433222715,5690.72001315653,30111,3735,8158,12645,12450,8715,0.737748755133027,3.33048660189423,1.7223235470935,0.0310021386630984,NA,0.056468466496443,NA,NA,0.383119653039566,1.74994600069178,1.335540655763,0.0310021386630984,61.8795726385787,0.761198285238462,0.703981244601093,75.3027287558963,3,7,3,1
"TRIHIR",20879.5402289632,2624.64257911865,5872.44809728004,7175.07281545007,7485.76679917208,4861.12422005343,26289,2955,7222,8102,8626,5671,0.0687567889745246,3.46041968161979,2.19953972468904,1.99407501460149,0.0687567889745246,NA,NA,NA,0.0687567889745246,0.825297698647932,0.791577235486852,1.22215186570454,17.3768261066523,77.6950281723164,65.6708738647288,0.385961574448474,1,7,7,6
"TRIPAL",21145.844485498,3512.98490023706,7335.03744524531,9979.69827696588,9826.19613312371,6313.21123288665,12917,1934,4718,5805,5560,3626,11.5799459738961,7.79006526613874,6.36410416199698,3.14969687291399,0.256414958514942,NA,NA,NA,2.64060452959065,2.16563123003525,1.43623544978933,1.21988900067162,2.1277746267525,1.0545813864586,3.09426315128193,1.15788472334542,14,9,9,8
"TRITRI",16927.4264793238,3206.01779378019,6402.06138278544,8923.19372395705,8961.36156896036,5755.34377518017,1789,482,800,575,675,193,NA,NA,NA,NA,NA,NA,NA,NA,NA,NA,NA,NA,NA,NA,NA,NA,NA,NA,NA,NA
"TRORAC",15154.8681361079,2947.03769060515,5578.24683722074,6345.8280418854,6452.84639268846,3505.8087020833,17472,3034,6102,6325,6299,3265,NA,NA,NA,NA,NA,NA,NA,NA,NA,NA,NA,NA,NA,NA,NA,NA,NA,NA,NA,NA
"TUROCC",17097.2913049348,3365.31126278732,6755.86683572596,10044.760759728,9743.24302263558,6377.93175984826,14187,3027,5934,9629,9042,6015,0.211209543705048,0.413892287759321,0.384211142378829,0.354600715491612,0.0854716528383138,0.0282342332482215,NA,NA,0.211209543705048,0.413892287759321,0.384211142378829,0.354600715491612,3.33888971795261,4.97952383576207,10.242520367395,1.92980787739091,4,6,5,4
"UREBAC",21516.1567981304,3928.47002871521,7256.9267117139,10768.3092225746,10574.2519256065,6645.78189689131,13496,3693,5411,9020,8841,5148,4.96480742930846,1.40610850902587,1.86432991859258,3.6441273171739,NA,NA,NA,NA,NA,NA,NA,NA,NA,NA,NA,NA,5,3,2,3
"VACFAR",17701.1109506614,2190.82539723455,4827.70977652005,6714.48135733323,7016.23732471781,4825.41192748326,17076,1595,4264,6493,6960,5365,NA,NA,NA,NA,NA,NA,NA,NA,NA,NA,NA,NA,NA,NA,NA,NA,NA,NA,NA,NA
"VARBEL",17157.0858349279,3345.75624510273,6617.26680051535,9129.28747097403,9136.65313561261,5790.89689050987,559,334,415,432,441,107,NA,NA,NA,NA,NA,NA,NA,NA,NA,NA,NA,NA,NA,NA,NA,NA,NA,NA,NA,NA
"VARPOL",26890.6290207803,4288.05831629038,8527.34739005566,11827.9370184541,11856.9383046031,7568.87998831272,25028,3328,7072,11897,11357,8029,NA,NA,NA,NA,NA,NA,NA,NA,NA,NA,NA,NA,NA,NA,NA,NA,NA,NA,NA,NA
"VARRUP",2215.87347473705,662.929640198621,1062.72250226006,864.602949799664,973.772888836553,310.843248637932,1430,425,645,470,540,115,NA,NA,NA,NA,NA,NA,NA,NA,NA,NA,NA,NA,NA,NA,NA,NA,NA,NA,NA,NA
"VITDIV",20477.1026858971,2905.44193658698,6346.73449424515,9680.19444031268,9568.73513902491,6663.29320243793,20434,2626,6518,11316,10942,8316,0.113962203784418,0.436229827001132,0.436809504061982,0.478967990437769,NA,NA,NA,NA,0.113962203784418,0.0847026997446644,0.0848188817614354,0.0930064159892951,0.354629102093461,9.07623543352767,0.351990622300547,11.3065344760075,2,2,2,2
"WALLAM",26509.0110667944,4351.49782121181,8581.00101268291,11667.9634292126,11725.3238453865,7373.82602417469,7543,2519,3999,3370,3791,1272,NA,NA,NA,NA,NA,NA,NA,NA,NA,NA,NA,NA,NA,NA,NA,NA,NA,NA,NA,NA
"XYLBUX",20580.5097449254,3422.11120283231,6319.30952960066,7429.75325718522,7773.84909950383,4351.73789667152,18049,3350,5368,4469,5158,1808,NA,NA,NA,NA,NA,NA,NA,NA,NA,NA,NA,NA,NA,NA,NA,NA,NA,NA,NA,NA
"XYLSCH",14737.1222461388,2854.86876741052,5678.69869492576,7963.85415866226,7940.84899229184,5085.98022488132,559,334,415,432,441,107,NA,NA,NA,NA,NA,NA,NA,NA,NA,NA,NA,NA,NA,NA,NA,NA,NA,NA,NA,NA
"ZANFLA",17862.5967793092,3408.67520980537,6040.02852825448,6777.68250707537,7141.15492228046,3732.47971247509,7543,2519,3999,3370,3791,1272,NA,0.703054254512936,1.05597186690164,NA,NA,NA,NA,NA,NA,NA,0.703981244601093,NA,NA,NA,184.216672379744,NA,NA,1,1,NA
"ZANMAR",25215.6362443566,4079.25787828863,8401.0016272366,11188.634036243,11225.2741478607,7146.01626957208,19377,3130,7471,8990,9008,5878,4.63282225622305,4.89403675747894,5.5607298956428,4.46266014481404,0.484339366083778,0.367045032226879,0.20068783323434,0.593566364664712,2.78606285378687,3.42978421772755,4.43517349068126,3.2195388478998,5.31943655978538,2.46068990017367,1.40796249389757,3.47365419063042,27,31,34,34
"ZANMON",13612.9530302704,1416.77079175504,4184.40986295135,5682.97219045934,5938.76140501919,4521.99061326415,13523,1033,4083,5763,5989,4956,2.8940139186399,2.51715835729172,2.9572897813401,2.11582070422096,0.0569811018922092,NA,NA,NA,1.12086840817259,1.11104984826585,2.253308536739,1.34389755532401,2.48240372884596,6.32748831875162,6.68782186596882,0.828747536803702,3,4,6,5
"ZANPUN",9143.84751841513,1493.61563683505,3168.23942271661,4740.9046124217,4753.04871588683,3259.43307905179,4333,565,1209,1515,1743,1178,NA,NA,NA,NA,NA,NA,NA,NA,NA,NA,NA,NA,NA,NA,NA,NA,NA,NA,NA,NA
"ZAPPOR",23886.1422244105,3640.26212121174,7306.90824911185,9704.4329477828,9920.67702784017,6280.41490662843,7897,874,1945,1447,1928,1054,NA,NA,NA,NA,NA,NA,NA,NA,NA,NA,NA,NA,NA,NA,NA,NA,NA,NA,NA,NA
"ZIZRET",8244.87385043362,1041.19320253073,2123.15449978504,2297.35989791993,2574.09530179389,1532.90209926316,4552,562,940,547,763,201,NA,NA,NA,NA,NA,NA,NA,NA,NA,NA,NA,NA,NA,NA,NA,NA,NA,NA,NA,NA
