"sp","sum","sum.1","sum.2","sum.3","sum.4","sum.5","sum.6","sum.7","sum.8","sum.9","sum.10","sum.11","tpa2004","tpa2009","tpa2014","tpa2019","tpa_gs_2004","tpa_gs_2009","tpa_gs_2014","tpa_gs_2019","tpa_diam2_2004","tpa_diam2_2009","tpa_diam2_2014","tpa_diam2_2019","tpa_seedlings_2004","tpa_seedlings_2009","tpa_seedlings_2014","tpa_seedlings_2019","nPlots2004","nPlots2009","nPlots2014","nPlots2019"
"ACNARB",23173.209542226,2572.76298902277,6232.49563427363,10043.8798264442,9766.62753247097,7193.8645434482,35257,3879,9451,15295,14859,10980,NA,NA,NA,NA,NA,NA,NA,NA,NA,NA,NA,NA,NA,NA,NA,NA,NA,NA,NA,NA
"ADEPAV",15166.9453390292,2817.25979813625,5265.34176973498,5603.81213712832,5844.33098625235,3027.0711881161,9692,2402,3675,3062,3457,1055,6.79882434100443,5.6399519410739,6.61236502046928,6.97885084894265,0.227924407568837,0.225873865985772,0.0848188817614354,0.465032079946476,2.18864601378944,2.12468066850922,2.00169466153223,2.31889976437135,3.19166193776346,10.6012949492703,1.40796249859295,39.289859273635,3,2,3,3
"ADERIC",20667.7868179801,2615.59690030435,5614.84196307734,7368.63769511706,7719.90990935944,5104.31300905509,9948,1004,1995,2205,2608,1604,NA,1.11104984826585,2.19676261556471,3.98103435166364,NA,NA,NA,NA,NA,0.056468466496443,0.436809504061982,1.25089113933472,NA,3.1029371872982,9.60405571755126,NA,NA,3,3,5
"AIPMIN",25312.1185230464,3858.06705359928,7913.22847817838,10582.2826941609,10685.4994588215,6827.43240522221,38806,5923,12141,16198,16364,10441,NA,NA,NA,NA,NA,NA,NA,NA,NA,NA,NA,NA,NA,NA,NA,NA,NA,NA,NA,NA
"ALBLEB",21637.5644574463,2885.06888892874,5924.55374058895,7647.94956023991,7993.06312535331,5107.99423642457,11469,1211,2154,2804,3121,1910,1.62772840787419,0.056468466496443,NA,0.0642671423591184,0.0854716528383138,0.0282342332482215,NA,NA,1.62772840787419,0.056468466496443,NA,0.0642671423591184,1.28472898789956,NA,NA,3.08769260588487,7,1,NA,2
"ALBPRO",25623.152526401,3825.26347517036,7844.1468018014,10475.7523989063,10617.2194743156,6791.95599914528,16145,1833,3222,3957,4392,2559,2.91268547452437,5.85591110409123,4.2800026550884,3.82325664049415,0.37037716229936,0.338810798978658,0.172414872647194,0.314547116696827,2.12981337836857,3.92384337563231,3.92801203278785,3.0513334915972,6.60416554197239,3.51527128194308,22.1754093317097,2.31576946213646,11,15,15,13
"ALCLAT",18184.5408743657,3036.57469381765,6574.30326480046,9508.7078391239,9193.06827970222,6156.49358588457,14659,2217,5595,8803,8150,5933,7.39704383708551,3.5837891382183,4.41271260902035,4.44493975176109,0.256414958514942,0.254108099233993,0.0848188817614354,0.250279974337709,3.0678807199951,2.47106372572337,2.54838269042778,2.37307092357069,6.53055164054236,2.10916277291721,22.4189551876753,18.2656519352477,19,19,25,23
"ALLCRA",23895.9554060102,3838.30706456304,7874.57177594304,11065.2378998995,11071.2522190213,7232.94515445828,22960,4200,8301,12376,12529,8329,NA,NA,NA,1.5438462977939,NA,NA,NA,NA,NA,NA,NA,NA,NA,NA,NA,NA,NA,NA,NA,3
"ALLRAC",25470.668753162,4275.26027859747,8467.48493082076,11149.7780964077,11245.3908670023,6970.13058840483,7908,2571,4063,3453,3872,1301,NA,NA,0.0282729605871451,0.0620042773261967,NA,NA,0.0282729605871451,0.0310021386630984,NA,NA,0.0282729605871451,0.0620042773261967,NA,NA,106.825301354927,NA,NA,NA,1,1
"ALSBRY",14503.4332554135,1745.34558547568,4568.58839117084,7916.61650061328,7620.05157116242,5874.70598568674,21161,2536,6714,11725,11273,8737,NA,NA,NA,NA,NA,NA,NA,NA,NA,NA,NA,NA,NA,NA,NA,NA,NA,NA,NA,NA
"ALSPOR",21981.8535254188,3255.99709248915,7124.57023992017,10707.7669013776,10427.6558795832,7171.65878709406,15153,1927,5318,9344,8665,6738,0.354629102093461,1.2572477071942,0.830111703835279,1.6626749574993,NA,NA,NA,NA,0.354629102093461,1.2572477071942,0.830111703835279,1.6626749574993,0.7092582089175,28.8225616382678,6.2621787609135,2.70173102628786,1,3,3,5
"AMYELE",15977.6676641703,3007.10334641486,5607.15503399819,6724.95388364792,6968.93750371784,3961.83415730298,9451,2790,4529,4037,4515,1725,7.80184024605615,9.8427595631811,10.9465015603469,15.0809135946801,NA,NA,NA,NA,1.06388730628038,1.75763563628234,3.90668911433596,4.65995108457129,18.7486093273133,10.2497678274786,11.6156906016534,0.385961574448474,6,7,7,9
"ANAPER",23189.825023029,2757.50729498547,6402.01662214752,10172.8488605665,9902.79722616076,7145.2899311753,35839,4238,9873,15743,15312,11074,NA,NA,0.0848188817614354,0.0620042773261967,NA,NA,NA,NA,NA,NA,0.0848188817614354,0.0620042773261967,NA,NA,8.13057661950557,NA,NA,NA,1,1
"ANDINE",27646.4947330654,4167.62919351459,8677.06241112947,11537.6431309879,11561.3887456208,7393.75955210626,32300,4766,10416,12936,13100,8334,22.6844740272268,22.5003944109716,19.149498597528,18.3004253842594,1.53449924106786,1.18552309660341,0.517244617941583,1.16970778086386,14.7354059972329,15.5306588394711,13.4132718336294,12.039803619515,0.709258204186922,2.10916277291721,28.8243709459266,0.41437376563808,66,70,73,73
"ANNGLA",27583.3972453251,4045.19979748875,8378.62676279992,11379.07652051,11511.2665229514,7466.06672546268,27697,3752,7305,8459,9140,5388,NA,NA,NA,NA,NA,NA,NA,NA,NA,NA,NA,NA,NA,NA,NA,NA,NA,NA,NA,NA
"ANNMON",19392.3445992908,2243.69104380719,5099.31925815623,8816.7112296694,8722.68722786475,6478.99618405756,11772,1290,2705,5380,5488,4198,NA,NA,NA,NA,NA,NA,NA,NA,NA,NA,NA,NA,NA,NA,NA,NA,NA,NA,NA,NA
"ARDELL",19227.7920495942,3399.82731955126,7149.94674900174,10045.293877624,10007.7214595489,6607.89413999766,28481,5096,10725,15071,15011,9915,NA,NA,NA,NA,NA,NA,NA,NA,NA,NA,NA,NA,NA,NA,NA,NA,NA,NA,NA,NA
"ARDGLA",5781.39788259567,903.51405569143,2320.26244713586,3378.93173253024,3054.26534380954,2150.75128811811,5425,909,2411,3091,2726,1817,NA,NA,NA,NA,NA,NA,NA,NA,NA,NA,NA,NA,NA,NA,NA,NA,NA,NA,NA,NA
"ARDOBO",19505.191776935,3350.36469968781,6469.19023016468,7399.4675155282,7613.06261976063,4262.69792007282,14915,2941,5015,4422,4802,1861,12.4958803906652,16.7490252181495,18.508198041807,22.542231323639,NA,NA,NA,NA,2.96762781060877,4.04123049199772,5.41902841062799,5.93407452014863,33.4356303822334,0.703054259202135,1.7599531208935,1.18629691968357,13,11,13,18
"ARTALT",18981.8403253891,3289.63718483411,7019.17186733335,10027.5556842126,9957.38848848082,6667.75130364671,20452,2518,6650,11602,11123,8605,0.748539501659245,1.16503723624005,1.72408306551873,2.267851091916,0.233812251109995,0.183365166202494,0.169637763522871,0.465032079946476,0.748539501659245,0.813510108983584,1.02010182091764,1.49592794301906,1.06388731101096,2.86769811680358,0.351990622300547,39.8676911495688,7,9,10,11
"AVIGER",21117.9283592789,2163.9610653664,5008.7497628089,7138.05854323925,7379.20542262541,5215.24435725901,21509,1518,3780,5456,5791,4273,3.36649552385424,2.96890608926326,4.02881951357408,7.5776525533242,0.0284905509461046,0.056468466496443,0.0565459211742903,0.0620042773261967,2.30260821757385,0.859743325724455,1.21289453516971,2.14577831985596,8.51109850701,1.75763564566074,87.5464810792884,0.771923148896948,2,1,1,2
"BADPEN",5287.32736168742,967.873614490214,1674.70521459362,2144.98638624536,2233.43570681613,1265.56209232591,5431,927,1560,2274,2368,1441,NA,NA,NA,NA,NA,NA,NA,NA,NA,NA,NA,NA,NA,NA,NA,NA,NA,NA,NA,NA
"BIXORE",27835.9903027751,4158.92690240033,8706.20063577965,12077.3494826108,12069.3213629033,7910.39446050301,43165,6450,13514,18748,18731,12281,NA,NA,1.05597186690164,NA,NA,NA,NA,NA,NA,NA,NA,NA,NA,NA,NA,NA,NA,NA,1,NA
"BOCFRU",24030.2911850018,3013.62399789877,7002.55660056649,11277.2071368415,11098.1031523664,8084.47915446758,19713,2341,5679,10637,10617,8276,0.0284905509461046,NA,NA,NA,NA,NA,NA,NA,0.0284905509461046,NA,NA,NA,1.06388731101096,NA,NA,NA,1,NA,NA,NA
"BONUMB",14631.3421847411,2852.07655304298,5528.76357955486,7531.52389377914,7602.74403435178,4750.6674813088,2777,911,1359,1191,1299,388,NA,NA,NA,NA,NA,NA,NA,NA,NA,NA,NA,NA,NA,NA,NA,NA,NA,NA,NA,NA
"BOUSUC",17567.0618873908,2246.43947837427,4863.08225704224,5462.27415309161,5833.77105796074,3587.33157958646,15284,1737,3636,2688,3317,1580,5.03792430016698,19.154175332445,21.6022055228252,22.5976063937062,NA,NA,NA,NA,1.33096513754371,6.96967688282299,8.08739279928463,7.5166927990261,2.48240372411538,0.703054254512936,82.2451575310972,144.969903806186,6,16,16,13
"BOUVIR",12166.6508726911,2222.45635942696,3867.4605652797,3833.70946392743,4188.13890311448,1965.68254368752,13584,2942,4770,4072,4635,1693,1.06388730628038,0.703054254512936,1.05597186690164,1.96081001090547,NA,NA,NA,NA,0.354629102093461,NA,NA,0.0310021386630984,2.1277746267525,NA,0.703981249296475,1.54384630809097,2,1,2,3
"BRUAME",27869.7634389699,4329.19705981016,8863.10665893555,12211.6365605295,12206.5215379596,7877.32447814941,43747,6809,13936,19196,19184,12375,NA,NA,NA,NA,NA,NA,NA,NA,NA,NA,NA,NA,NA,NA,NA,NA,NA,NA,NA,NA
"BRUDEN",14461.1932005063,1967.42988980468,4797.07407550421,8109.91652321164,7803.3206176497,5835.89072784502,21155,2884,7084,12066,11592,8708,NA,NA,NA,NA,NA,NA,NA,NA,NA,NA,NA,NA,NA,NA,NA,NA,NA,NA,NA,NA
"BRULAC",11118.1888661319,1551.46251351619,3751.17245026724,6297.99238092173,5985.53767651413,4434.07516299793,6975,1047,2597,3576,3069,2022,NA,NA,NA,NA,NA,NA,NA,NA,NA,NA,NA,NA,NA,NA,NA,NA,NA,NA,NA,NA
"BUCBUC",22569.779523232,2858.04251889884,6379.24726492912,8394.99428590247,8669.92591296323,5811.88339406438,20252,1960,4869,5478,6160,4200,11.6379578163351,2.48086105133674,2.24614765973285,3.38830380179333,0.227924407568837,0.141171166241107,0.144141912060049,0.0952692810222168,4.90000487655931,1.42627966956734,1.8941570374323,2.2304190784479,1.06388731101096,21.0308207758512,3.20270787443025,21.1330621746756,16,6,8,9
"BUCTET",14160.1084008552,2636.87611726299,5262.97640376538,7399.31340003945,7106.2561931815,4469.38007591851,9845,2257,4545,6721,6102,3845,0.725006264392821,0.258761354805048,0.288283824120099,0.254805704403552,0.170943305676628,0.117590188563941,0.0565459211742903,0.130797149751159,0.37037716229936,0.258761354805048,0.288283824120099,0.254805704403552,8.31713753062881,1.40610851371507,12.9500006127962,1.18629691453503,7,6,6,5
"BUNGLA",18675.9098967589,2409.47278165957,5130.75640670536,6670.91147433175,7005.97111297539,4596.49833131582,13906,1427,3111,4121,4625,3198,NA,NA,NA,NA,NA,NA,NA,NA,NA,NA,NA,NA,NA,NA,NA,NA,NA,NA,NA,NA
"BURSIM",18777.3020994421,2664.76402428932,5037.78723388165,5746.52097007819,6156.0747058671,3491.31068157777,19469,3099,5334,4744,5345,2246,7.38825558257068,10.9967772431899,9.15416821619929,8.60385344688696,0.211209543705048,0.169405399489329,NA,0.0310021386630984,5.89612528222796,8.71318238747449,6.93784767530617,7.03159495790346,1.28472898789956,10.8973409965317,0.386782891330494,0.385961574448474,28,33,32,33
"BUXPOR",16380.4907617364,3349.25392531045,6471.80014918745,8548.97920027189,8568.7866115924,5219.53268628195,12849,3457,5858,6451,6692,3235,NA,NA,NA,NA,NA,NA,NA,NA,NA,NA,NA,NA,NA,NA,NA,NA,NA,NA,NA,NA
"BUXVAH",25678.9234297238,3863.04809700325,7939.73284946755,10645.536281161,10761.9713936485,6898.92329664528,39515,5941,12205,16321,16514,10573,NA,NA,NA,NA,NA,NA,NA,NA,NA,NA,NA,NA,NA,NA,NA,NA,NA,NA,NA,NA
"BYRCRA",21884.5200739936,2060.05369859096,5252.46491989121,8512.71695270808,8474.55362095451,6414.49992236355,22492,1729,4516,6674,7124,5395,NA,NA,NA,NA,NA,NA,NA,NA,NA,NA,NA,NA,NA,NA,NA,NA,NA,NA,NA,NA
"BYRLUC",15566.6008227523,1915.4623396548,4295.56254845881,6467.12364141177,6633.51898414898,4718.05664449418,15899,1731,3916,6272,6634,4903,4.6386688781611,5.09078518107988,4.37177157898509,6.82482632875099,NA,0.0282342332482215,NA,NA,2.15626516350687,2.63009529028461,2.92901682075295,4.83819407412941,6.38332387079635,11.9519223970579,0.703981244601093,145.026728261782,2,4,5,6
"BYRSPI",22564.9564124597,2561.23340959474,6129.804471415,9354.35571685899,9076.32986959815,6515.09646000341,15214,1337,3661,4570,4111,2774,1.05114481554018,1.2441579418002,0.897508200829275,0.726985099742556,0.113962203784418,0.141171166241107,0.0565459211742903,0.0620042773261967,0.696515713446717,0.892630814543731,0.897508200829275,0.341023525294082,21.1439588044755,1.40610851840427,17.0347190221362,0.41437376563808,5,10,10,8
"BYRWAD",7818.4974326028,1563.8937259221,3149.46127106668,4988.86320750113,4672.12705148128,3108.23332555918,7772,1857,3352,5463,4848,2991,0.41161020398567,0.379761360504689,0.380263582887692,0.416963713111572,0.0284905509461046,NA,0.0282729605871451,NA,0.0569811018922092,0.0282342332482215,0.0282729605871451,0.0310021386630984,0.428242994062336,35.1527129085256,22.171341387479,3.85961576507889,2,2,2,2
"CALANT",18852.7510341285,3043.19626655616,5858.37431497686,6945.66672145575,7021.43517657928,3978.23891002312,19223,3273,6201,6627,6699,3426,5.27134884251656,10.2871324080007,4.74300207968149,7.70226475389,0.341886611353255,0.423513498723322,NA,0.434029941283377,1.01579961739503,3.20110877504917,2.49188926975842,1.77078018121486,2.55601761608426,4.85790988145283,43.4954645231642,7.80446808313245,11,14,16,20
"CALKRU",4196.75279362596,965.970650510513,1709.46182629652,2451.26932333774,2287.60142620452,1321.63077569401,3485,1408,2110,2574,2358,950,NA,NA,NA,NA,NA,NA,NA,NA,NA,NA,NA,NA,NA,NA,NA,NA,NA,NA,NA,NA
"CALPAL",11866.8934508336,2179.47484926949,3528.80727735953,2968.85756188096,3378.29090627562,1198.81605700613,18234,3398,5479,4580,5225,1827,NA,0.351527127256468,0.703981244601093,0.771923148896948,NA,NA,NA,NA,NA,NA,0.351990622300547,0.385961574448474,NA,1.0545813864586,13.3019912163152,NA,NA,1,2,2
"CAPFRO",5433.17478148417,571.506210004003,1319.53104181255,1743.70021749331,1861.11382413381,1289.60761412981,3502,244,471,353,498,254,NA,NA,NA,NA,NA,NA,NA,NA,NA,NA,NA,NA,NA,NA,NA,NA,NA,NA,NA,NA
"CASACU",21580.227284129,2385.80431755236,5402.97433912731,7329.52775521297,7580.37486862729,5194.57055107492,23004,1668,4222,5820,6147,4479,NA,1.40610850902587,1.40796248920219,1.15788472334542,NA,NA,NA,NA,NA,NA,NA,NA,NA,NA,NA,NA,NA,2,2,2
"CASARB",18581.3246748624,2774.50286583789,6050.05883795209,9646.54896385502,9130.20203846321,6355.69917262532,14379,2382,5349,8882,8142,5760,8.72786296395317,9.76452431702586,7.61269587013583,6.25627768459181,NA,NA,NA,NA,2.25748487655108,3.14631587278181,4.27081892428117,3.0549363242456,0.354629102093461,0.351527127256468,6.64896164754861,17.9247056596716,15,17,18,18
"CASDEC",28347.3385161757,4269.64010238647,8947.22411873937,11978.0899463296,11975.4465768933,7705.80647450686,22968,3061,7247,7923,7828,4767,3.19166191884115,2.84045125129997,2.49872662513377,2.43200815892276,NA,NA,NA,NA,0.354629102093461,0.379761360504689,0.351990622300547,0.445375904301178,2.83703283093942,14.7641394291772,0.703981244601093,11.7493204328352,5,9,7,7
"CASELA",27979.9270056225,4099.94818628766,8615.2227047421,12171.4265627861,12202.6018393021,8102.65365301445,29310,4153,8767,13771,13968,9815,NA,0.056468466496443,0.0848188817614354,0.0620042773261967,NA,NA,NA,NA,NA,0.056468466496443,0.0848188817614354,0.0620042773261967,NA,10.3025859817404,5.27985936268049,NA,NA,1,1,1
"CASEQU",7258.2675107558,784.001175415702,1220.85920957383,1039.09387817676,1186.34440008225,402.343224666547,10908,1186,1838,1575,1806,620,NA,0.169405399489329,NA,NA,NA,0.0847026997446644,NA,NA,NA,0.169405399489329,NA,NA,NA,0.351527127256468,NA,NA,NA,1,NA,NA
"CASGUI",20416.4363214571,2929.10743866721,6394.30016640504,7721.93768489175,7724.82840040792,4795.72096174071,24985,3695,8114,9211,9199,5504,55.2340643960767,53.7377630153424,44.2600593909212,44.2154938226063,NA,NA,NA,NA,8.9312919089853,11.1554883581975,8.18712250311681,9.85310459448607,1.41851641310442,0.351527127256468,0.351990622300547,74.8031184001068,40,40,35,40
"CASSYL",26716.283027974,4107.96033387817,8680.52345099766,12759.6869122144,12549.4736683369,8441.51333445869,31497,5082,10430,15062,14814,9732,44.9111091975578,53.3962150294636,44.3283531061044,35.3217745213078,NA,NA,NA,NA,5.1190358711213,10.4016062714334,13.0441158543878,12.3393471883146,0.354629102093461,25.6614804350873,1.79474538522806,22.3407561272584,27,39,37,36
"CECSCH",22412.9088614006,3758.83333497867,7850.50540832058,10878.9256711341,10634.6270650178,6875.79373003915,14577,2469,5917,8681,7910,5441,15.0261354133462,10.4217197194498,12.154884410663,9.75683449248886,2.10336159323027,2.24911744889372,0.766147044977243,0.0930064159892951,9.20484199591303,8.95746717969844,11.0641202747314,8.59894976914344,0.354629102093461,21.3242038716066,0.351990622300547,125.172214709274,58,68,69,52
"CEIPEN",26745.9321200252,3882.95632508397,7921.49934694171,10641.4177185893,10831.1101026535,6948.15377756953,15723,1698,3120,3945,4343,2645,NA,0.437905391230215,0.41505585191764,0.445375904301178,NA,NA,NA,0.0310021386630984,NA,0.437905391230215,0.41505585191764,0.445375904301178,NA,9.31147446809544,7.42252744006448,NA,NA,2,2,2
"CELTRI",12461.721397853,2275.60747186095,4595.41656695865,5847.02269518701,6049.49973217351,3773.89226031257,3965,720,1307,1091,1244,524,NA,NA,NA,NA,NA,NA,NA,NA,NA,NA,NA,NA,NA,NA,NA,NA,NA,NA,NA,NA
"CESCIT",27180.3117975593,4273.30278509855,8768.84114670753,12143.0839600563,12121.8399180174,7848.53713291883,33422,5982,12520,18069,17831,11849,NA,NA,NA,NA,NA,NA,NA,NA,NA,NA,NA,NA,NA,NA,NA,NA,NA,NA,NA,NA
"CESMAC",20079.8319601677,3550.39747945964,6973.26228682697,10234.7335792482,9883.10049997643,6332.70302051678,11763,2672,4882,8334,7569,4897,0.119850047325576,0.794085774057738,1.47754702726208,1.60067068017311,0.0854716528383138,NA,NA,NA,0.119850047325576,0.0328874888192764,NA,0.41437376563808,15.7509083432601,10.0726727837959,1.40796249859295,0.385961574448474,3,3,3,3
"CHICOM",18451.8665637504,2963.46464300761,6025.69476109138,7005.30548780644,7032.60716635268,4069.14252334507,9559,1583,3024,3007,2911,1328,NA,NA,NA,NA,NA,NA,NA,NA,NA,NA,NA,NA,NA,NA,NA,NA,NA,NA,NA,NA
"CHIDOM",21653.3010174334,3779.8681749627,7509.84037439525,10203.0264258534,10126.2964508832,6346.42827592045,19968,4404,8584,11456,11106,6702,0.383119653039566,0.436229827001132,0.760527165775383,1.57484843645699,NA,0.0282342332482215,NA,NA,0.383119653039566,0.0847026997446644,0.408536543474837,0.802925287560046,16.5472207896696,0.351527127256468,9.15175623146341,0.771923148896948,2,3,4,4
"CHIHOL",7188.83829765068,1808.53152957465,3113.82196141197,3519.61342535028,3653.80047589797,1845.26894632331,2371,665,1111,894,1017,352,NA,NA,NA,NA,NA,NA,NA,NA,NA,NA,NA,NA,NA,NA,NA,NA,NA,NA,NA,NA
"CHIVEN",25893.0589018166,4114.51947364211,8488.83520004153,11258.6375161111,11179.3407243341,7064.82125069201,20098,3202,6653,7320,7106,3904,NA,NA,NA,NA,NA,NA,NA,NA,NA,NA,NA,NA,NA,NA,NA,NA,NA,NA,NA,NA
"CHRARG",22544.5604075019,3830.29292719532,7625.7820137674,10259.076264435,10146.1225958318,6315.82966863643,20560,3825,7231,8572,8357,4532,NA,1.11272541249493,1.05597186690164,0.771923148896948,NA,NA,NA,NA,NA,NA,NA,NA,NA,NA,NA,NA,NA,3,3,2
"CHRICA",24719.6289486885,2834.92114851624,6381.76513072103,9036.95728655905,9176.70499821752,6341.78384970129,22431,1635,4171,6285,6522,4887,0.383119653039566,3.86679839982115,4.5758780899071,3.08769259558779,NA,NA,NA,NA,0.383119653039566,1.0545813817694,2.11194373380328,1.5438462977939,111.073139582105,0.351527127256468,13.0195851363058,1.24312129691424,1,1,1,1
"CHROLI",17528.192882712,2301.81960845907,4542.97920136066,5609.59514955318,5994.40485568983,3692.58524723076,12424,1293,2289,3084,3345,2052,NA,NA,NA,NA,NA,NA,NA,NA,NA,NA,NA,NA,NA,NA,NA,NA,NA,NA,NA,NA
"CHRPAU",25575.05737834,3479.54038267722,7466.01386805577,10547.5740648764,10587.7034197259,7108.16303704865,25614,2588,6239,10262,10167,7579,0.354629102093461,NA,0.0282729605871451,0.0310021386630984,NA,NA,NA,NA,0.354629102093461,NA,0.0282729605871451,0.0310021386630984,0.7092582089175,NA,44.0336202960627,1.92980787739091,1,NA,1,1
"CINELO",27630.5357736535,3777.57219284214,8276.8721945025,12093.1324992329,11965.904532833,8188.33233999088,35257,3879,9451,15295,14859,10980,4.46356633650083,3.48977992733152,3.75384532746545,3.10494047367285,0.176831149217785,0.395279265475101,0.254456645284306,0.812844200339323,2.4695791501269,2.43519854556212,1.64190159366218,2.3330173247759,11.1541703568377,0.351527127256468,12.9152083479975,4.63153891912438,10,29,31,33
"CINMON",19452.8699083328,3590.62041980028,7343.78055541217,10227.4381725043,10193.780601114,6603.16018131375,29063,5455,11147,15519,15464,10009,0.440100754931775,0.0940092108867744,0.473413792022098,0.581025866558751,NA,0.0328874888192764,NA,NA,0.0854716528383138,0.0940092108867744,0.473413792022098,0.581025866558751,0.709258204186922,1.75763564566074,1.54713157048147,0.385961574448474,4,2,4,5
"CITCAU",7421.31586731598,1481.99114637898,3054.26828825509,4583.62760080321,4238.7232507171,2756.73210433812,7357,1852,3469,4847,4314,2462,NA,0.703054254512936,NA,NA,NA,NA,NA,NA,NA,NA,NA,NA,NA,NA,NA,NA,NA,1,NA,NA
"CITSPI",28932.8649546504,4268.72963342071,9064.4594475925,12242.6290118396,12249.3626585007,7980.63302507997,30013,4068,9537,11735,11790,7722,NA,NA,0.0931502091344064,0.13306001478408,NA,NA,NA,NA,NA,NA,0.0931502091344064,0.13306001478408,NA,NA,12.6716624732504,NA,NA,NA,1,1
"CLIEGG",15664.4680901621,2488.75500497781,5642.01065492118,8764.59816259192,8508.96518801572,6020.21018303791,10862,1928,4530,7395,6845,4917,NA,NA,NA,NA,NA,NA,NA,NA,NA,NA,NA,NA,NA,NA,NA,NA,NA,NA,NA,NA
"CLIERO",4499.82466315789,1079.1511910501,1977.63618191981,3061.74005289143,2841.68849696411,1762.53730591401,1587,917,1175,1389,1314,397,NA,NA,NA,NA,NA,NA,NA,NA,NA,NA,NA,NA,NA,NA,NA,NA,NA,NA,NA,NA
"CLIHIR",28094.1276191473,3733.87559816241,8209.61066290736,12170.0703406036,12021.7419840693,8287.86638590693,35845,3890,9503,15402,14993,11103,NA,NA,NA,NA,NA,NA,NA,NA,NA,NA,NA,NA,NA,NA,NA,NA,NA,NA,NA,NA
"CLUCLU",15476.5386201171,2137.8726199856,5172.79573764419,8863.604807036,8450.06833376409,6312.19571377849,5180,1095,2031,3237,3059,1964,1.01079650372463,0.0847026997446644,NA,NA,0.0284905509461046,NA,NA,NA,0.656167401631173,0.0847026997446644,NA,NA,1.13750119824926,47.1046353337187,NA,NA,6,2,NA,NA
"CLUGUN",16535.4504716452,2943.97620492056,6201.52706044912,9456.67898568697,9133.39252324495,6189.41631832439,10712,2238,4654,7489,6876,4638,NA,NA,NA,NA,NA,NA,NA,NA,NA,NA,NA,NA,NA,NA,NA,NA,NA,NA,NA,NA
"CLUMIN",28716.6044513583,4372.37784212828,8932.49548751116,12286.5271241069,12313.7083077431,7941.3304656148,45429,6917,14131,19437,19480,12563,NA,NA,NA,NA,NA,NA,NA,NA,NA,NA,NA,NA,NA,NA,NA,NA,NA,NA,NA,NA
"CLUROS",28126.6356821358,4257.66525894403,8756.20498022437,11777.8551055491,11839.4730250537,7581.8077661097,14322,2096,4094,3605,3906,1810,3.02761448196668,4.26034341238963,4.24158087349987,4.67245994482406,0.0854716528383138,0.056468466496443,NA,0.0310021386630984,1.89011328371742,2.0930366181253,1.74285424836609,2.35669049813322,1.06388731101096,0.351527127256468,130.635947346414,3.47365419063042,15,15,15,14
"COCCOS",11736.189702509,2638.55653467309,4713.71315674717,5122.6252113902,5336.05991216097,2697.50337748788,10145,2535,4506,4650,4886,2351,NA,NA,NA,NA,NA,NA,NA,NA,NA,NA,NA,NA,NA,NA,NA,NA,NA,NA,NA,NA
"COCDIV",15962.0785450824,2978.43640907668,5191.23666967452,5386.04662759416,5788.27486711368,2809.838458037,18705,3400,5490,4658,5319,1919,7.6425678383889,10.8487007478339,9.41305565517212,9.6776648401679,0.0284905509461046,0.0282342332482215,NA,NA,1.74766052898689,3.64372611052798,3.32483826897298,3.83141684106158,0.709258204186922,81.4721834058962,0.351990622300547,3.88802795111996,16,16,13,15
"COCKRU",1970.15003814356,367.248846276007,556.396103404007,411.414602623282,491.859600404294,124.610754128287,3109,569,849,592,731,162,3.90092012302807,5.27290690884702,4.92786871220765,5.78942361672711,NA,NA,NA,NA,NA,NA,NA,NA,NA,NA,NA,NA,2,1,1,1
"COCMIC",18691.7599903122,2960.09741581604,5637.4621716775,7315.24799494818,7597.63408835605,4637.53667254001,8664,1528,2672,2701,2961,1433,5.68750599124629,11.1239029964911,11.6138183307329,15.3097376675278,NA,0.0282342332482215,NA,NA,1.49213030034272,4.44755052152155,5.13881805320327,5.29133982085106,1.418516417835,5.62443406892788,5.63184998967642,2.37259384489467,5,8,9,10
"COCPUB",14340.8835545094,3018.92705016304,5626.92263781792,7249.91106569488,7387.05577410758,4368.12872394454,4756,1620,2564,2360,2621,1001,5.9954019168727,NA,NA,NA,NA,NA,NA,NA,0.428242994062336,NA,NA,NA,1.13750120297984,NA,NA,NA,1,NA,NA,NA
"COCPYR",21493.929396145,3619.24283505976,7303.2887352407,10331.4498205334,10127.2123521119,6507.96951705217,18017,3981,7568,10573,9961,5980,NA,NA,0.41505585191764,0.445375904301178,NA,NA,NA,NA,NA,NA,0.0282729605871451,0.0310021386630984,NA,NA,0.351990622300547,NA,NA,NA,2,2
"COCRUG",16300.9993258622,1985.50580585236,5250.85409862129,9136.61179442285,8703.96590921702,6718.46010336466,11386,1349,3964,5538,4980,3631,NA,4.91605389578393,4.64139469596593,5.80123271893312,NA,NA,NA,NA,NA,0.819342315963987,0.773565782660989,0.82874753127616,NA,0.351527127256468,1.75995311619811,NA,NA,1,1,1
"COCSIN",14127.5171861649,2397.84914135933,4551.93171668053,5891.66356992722,5962.4356790781,3564.58653771877,582,359,422,448,453,94,0.354629102093461,0.0282342332482215,1.78822607208988,1.92980787224237,NA,NA,NA,NA,0.354629102093461,0.0282342332482215,0.0282729605871451,0.385961574448474,0.354629102093461,17.6345004779545,55.6841031859917,13.0326630364742,1,1,2,1
"COCSWA",16930.3086157963,2900.3029037714,6027.25322009623,8814.0549184978,8536.86790820956,5636.56500443816,12465,2285,5195,8452,7909,5624,0.354629102093461,NA,NA,NA,NA,NA,NA,NA,NA,NA,NA,NA,NA,NA,NA,NA,1,NA,NA,NA
"COCUVI",25457.7767443806,3878.98017216101,7957.32819797099,10647.3553594351,10749.9134838544,6870.93331169337,38806,5923,12141,16198,16364,10441,NA,NA,NA,NA,NA,NA,NA,NA,NA,NA,NA,NA,NA,NA,NA,NA,NA,NA,NA,NA
"COCVEN",16084.0890213166,2356.12288522371,4850.57726601121,5455.61251000816,5770.3080769974,3414.18519177369,21738,3417,6583,6401,6976,3559,NA,0.703054254512936,0.703981244601093,0.416963713111572,NA,NA,NA,NA,NA,0.703054254512936,0.703981244601093,0.416963713111572,NA,8.78817821892529,6.82699093785734,NA,NA,1,1,1
"COFARA",26957.3082711026,4200.78553526849,8750.74326892197,12406.6723969802,12284.4055392221,8083.62000395358,24301,3342,8183,14050,13427,10085,11.4486258744615,12.8294086734094,5.2798593345082,2.70173102113932,NA,NA,NA,NA,1.13750119824926,1.11272541249493,0.351990622300547,0.385961574448474,3.61990492709522,4.56718972236039,0.703981249296475,7.33326995570931,13,13,7,4
"COJARB",19938.174273191,3476.84889898635,6300.17902251147,7222.76953258365,7538.67336147465,4061.82446248829,18815,3757,5901,5028,5678,1921,0.600134966498647,0.379761360504689,0.380263582887692,0.416963713111572,NA,NA,NA,NA,0.600134966498647,0.0282342332482215,0.0282729605871451,0.0310021386630984,6.69121980035065,0.351527127256468,22.0321723057356,7.17460587988645,1,2,2,2
"COLARB",20748.9872198626,3461.30553502031,6594.74587725103,8120.70483368635,8433.3680321686,4972.06249714829,13488,2919,4686,3993,4583,1664,1.77314551046731,1.63868463192797,0.773565782660989,0.82874753127616,NA,NA,NA,NA,0.709258204186922,NA,NA,NA,0.354629102093461,NA,NA,17.266431266373,1,2,1,1
"COLELL",4516.6968722567,583.132835352487,1098.49498786539,889.115369834125,1100.34335078937,517.210515436884,4025,567,900,566,742,175,NA,NA,NA,NA,NA,NA,NA,NA,NA,NA,NA,NA,NA,NA,NA,NA,NA,NA,NA,NA
"COLVER",15006.0060825397,2351.71563930903,5124.32296452671,7934.3338430291,7962.82661084551,5611.11097153649,5199,737,1689,1653,1980,1243,NA,NA,NA,NA,NA,NA,NA,NA,NA,NA,NA,NA,NA,NA,NA,NA,NA,NA,NA,NA
"COMDOD",11202.2355876276,1570.86401099805,3268.43101501558,3903.12412079982,4170.66349367611,2599.79948267806,8089,1164,2346,2669,2923,1759,0.709258204186922,0.703054254512936,0.703981244601093,0.771923148896948,NA,NA,NA,NA,NA,NA,NA,NA,NA,NA,NA,NA,1,1,1,1
"COMGLA",25832.3685338199,4211.0198090598,8541.79091704637,11176.8570099324,11152.9234289899,6941.90361993015,15932,3316,6122,6171,6170,2854,0.354629102093461,0.351527127256468,1.05597186690164,1.5438462977939,NA,NA,NA,NA,NA,NA,NA,NA,NA,NA,NA,NA,1,1,2,3
"CONERE",18786.6964319889,2594.01933877543,5299.05232986342,6792.0373069034,7070.83916656347,4476.81982778804,28316,3820,7937,9284,10115,6295,0.794729857025236,0.787756954257601,0.436809504061982,0.478967990437769,NA,NA,NA,NA,0.0854716528383138,0.0847026997446644,0.0848188817614354,0.478967990437769,11.7027604447735,1.40610851371507,0.703981244601093,11.9648088696851,1,1,1,1
"CORALL",28716.6044513583,4372.37784212828,8932.49548751116,12286.5271241069,12313.7083077431,7941.3304656148,45429,6917,14131,19437,19480,12563,2.53141735501346,4.72480747263899,3.96169403770595,2.65730170433875,0.0854716528383138,0.404585776617211,0.344829745294389,0.562564226001614,1.3939161567642,1.50291929660525,2.55373154850377,1.8853785554418,11.3481313142965,2.1091627776064,2.95509405968366,3.0876926110334,11,20,26,24
"CORBOR",19316.044279296,3099.4774405323,6807.75097031333,10287.1046667099,9894.2321824003,6794.754741868,14423,2592,5912,9870,9134,6542,3.41958632640999,1.81410410277878,1.11251778807593,1.21988900067162,0.142452754730523,NA,NA,NA,1.29181171384922,0.759522721009379,0.0565459211742903,0.0620042773261967,6.02869477343346,4.21832554583441,0.351990622300547,10.0350010025913,8,6,4,4
"CORCOL",18392.0446709397,1817.39098837225,4812.87291785109,7638.12465077875,7794.2642336034,5976.87324523115,23819,1776,5578,9349,9570,7794,NA,0.351527127256468,0.351990622300547,0.385961574448474,NA,NA,NA,NA,NA,NA,0.351990622300547,NA,NA,0.409671157981994,NA,NA,NA,1,1,1
"CORHIR",18151.1601577988,2233.05950386869,4724.19774801307,6021.11374416482,6358.50459603872,4125.44509217003,25605,2672,6147,8220,8892,6220,NA,NA,NA,NA,NA,NA,NA,NA,NA,NA,NA,NA,NA,NA,NA,NA,NA,NA,NA,NA
"CORLAE",28512.398730576,4149.31220330298,8534.10808103532,11543.2296753302,11652.6891531125,7503.37694980949,33359,4370,9355,11850,12520,8150,2.30349294744462,NA,NA,0.155010693315492,NA,NA,NA,0.124008554652394,0.737748755133027,NA,NA,0.155010693315492,8.52453885253313,NA,NA,31.2628877156737,3,NA,NA,3
"COROBO",25313.0361831933,3858.21798041835,7913.53070139885,10582.7120929211,10685.923741933,6827.7057615146,38806,5923,12141,16198,16364,10441,NA,NA,NA,0.0310021386630984,NA,NA,NA,0.0310021386630984,NA,NA,NA,0.0310021386630984,NA,NA,NA,NA,NA,NA,NA,1
"CORRIC",19843.4874108954,2532.46851868497,5338.07280452504,6914.93972928299,7276.08166188875,4743.61314320378,18614,1958,4017,5076,5648,3690,0.709258204186922,NA,NA,NA,NA,NA,NA,NA,NA,NA,NA,NA,NA,NA,NA,NA,1,NA,NA,NA
"CORSUL",23200.5379244518,3363.5745411329,7288.12899295613,10356.7449582182,10158.379959425,6794.80541829206,22225,2751,6796,9925,9420,6669,2.849816529091,6.5624338644174,6.76174310384543,6.54208552765846,0.284905509461046,0.141171166241107,0.169637763522871,0.188275697011512,2.14055832490408,4.0435999428966,5.63618669888389,4.16949169858841,2.56945798151167,0.703054259202135,1.40796248920219,113.766061633886,23,33,33,27
"CRECUJ",22414.0243303068,3015.86465717107,6218.41026723571,8080.38536725566,8411.59571182914,5395.73105465807,12299,1325,2345,3035,3359,2034,0.0343783944872623,0.0328874888192764,NA,0.03326500369602,NA,NA,NA,NA,0.0343783944872623,0.0328874888192764,NA,0.03326500369602,2.1277746267525,63.5669342447038,NA,3.28657795049766,1,1,NA,1
"CRELIN",8043.10624975083,931.775222860468,1773.7905308987,1771.91494278887,2001.67212838712,1069.89690552665,7997,854,1627,1618,1886,1032,NA,NA,NA,NA,NA,NA,NA,NA,NA,NA,NA,NA,NA,NA,NA,NA,NA,NA,NA,NA
"CREPOR",16869.6043596938,2080.49725252017,4595.7497436665,6994.57502221689,6882.9144167006,4802.41716418043,11028,1193,1850,1591,1822,629,NA,NA,NA,NA,NA,NA,NA,NA,NA,NA,NA,NA,NA,NA,NA,NA,NA,NA,NA,NA
"CRIPOR",25270.593094673,4053.68613116443,8144.01263575256,10875.4437250383,10968.8441370316,6915.15800586715,28715,5161,10825,15181,15138,9977,NA,NA,NA,NA,NA,NA,NA,NA,NA,NA,NA,NA,NA,NA,NA,NA,NA,NA,NA,NA
"CROAST",6244.04274845612,598.007732083287,1820.01581598335,2517.3221324903,2666.03407611538,2068.02634403209,2049,127,482,372,512,385,1.63935808428047,2.39988291716644,0.738773513631041,NA,NA,NA,NA,NA,NA,NA,NA,NA,NA,NA,NA,NA,2,3,2,NA
"CROBET",17889.4590518383,2391.10844342376,4813.73688767117,5966.51811211195,6357.35864618898,3966.25020276522,13163,1397,2636,3355,3759,2362,NA,NA,NA,NA,NA,NA,NA,NA,NA,NA,NA,NA,NA,NA,NA,NA,NA,NA,NA,NA
"CRODIS",10783.5295447402,1395.29572114022,2894.71184308524,3772.69365836843,4022.82071905187,2627.52499791165,5338,728,1286,946,1184,456,NA,NA,NA,NA,NA,NA,NA,NA,NA,NA,NA,NA,NA,NA,NA,NA,NA,NA,NA,NA
"CROFLA",12789.7488503867,1784.1044871465,3768.90580541496,4329.58621840028,4669.32950925227,2885.22502210577,11315,1437,3145,2585,3221,1784,1.49213030034272,0.819342315963987,NA,NA,NA,NA,NA,NA,0.428242994062336,NA,NA,NA,3.90092014195038,NA,NA,NA,3,1,NA,NA
"CROGLA",8182.69231450651,1476.86973440461,2384.86105819605,2007.66376877762,2314.31542085623,837.445686451625,5026,755,1272,856,1097,342,NA,NA,NA,NA,NA,NA,NA,NA,NA,NA,NA,NA,NA,NA,NA,NA,NA,NA,NA,NA
"CROIMP",9027.88290802418,1143.54638625015,2637.0668759002,5354.40448517428,5312.66119173076,4169.11480548061,6447,740,1633,3354,3516,2776,NA,NA,NA,NA,NA,NA,NA,NA,NA,NA,NA,NA,NA,NA,NA,NA,NA,NA,NA,NA
"CROPOE",13745.6535417503,2339.98818729818,5014.52611918375,7647.84257156309,7395.54197631031,5055.55378901213,967,631,832,892,857,226,1.26332116290312,1.13928408151407,0.732254205188238,0.0310021386630984,0.0854716528383138,NA,NA,NA,0.554062958716193,0.436229827001132,0.732254205188238,0.0310021386630984,117.154979713317,0.703054259202135,0.703981249296475,1.18629691453503,3,3,2,1
"CRORHA",15364.2872468983,2039.55788579961,4198.552559227,5402.2420854811,5743.57589199395,3704.01800619433,11579,1119,2412,3241,3674,2555,3.90092012302807,4.56985265433408,4.5758780899071,6.56134676562406,NA,NA,NA,NA,NA,NA,NA,NA,NA,NA,NA,NA,2,3,3,3
"CSSGUI",19204.0915640295,3596.1973579023,7352.77149185538,10603.9296794347,10372.4436609466,6776.24630304426,19022,3748,7979,12204,11543,7795,NA,0.0328874888192764,0.703981244601093,0.771923148896948,NA,NA,NA,NA,NA,0.0328874888192764,0.351990622300547,0.771923148896948,NA,102.204295238439,0.351990622300547,NA,NA,1,1,1
"CUPAME",26497.4321006704,3792.41132018156,8168.43739852868,10846.7757190187,10885.2056368161,7092.79431663454,32224,4366,9980,13270,13353,8987,3.85371716401348,5.18008244771806,4.1588975322994,4.69598768565406,0.0569811018922092,0.056468466496443,NA,0.0620042773261967,0.588441353203456,2.3097213989408,2.75093504309721,3.15214138786017,13.4759059599713,0.409671157981994,0.738773513631041,10.5061991149478,15,19,20,24
"CYAARB",11188.3611980867,1568.40552345952,4145.7751970249,6210.10874945483,5711.75149514672,4143.3459716872,13140,1773,5094,6703,6111,4338,2.84187178284383,6.81547468848218,6.05731249040536,2.81210403568992,NA,NA,NA,NA,2.84187178284383,6.81547468848218,6.05731249040536,2.81210403568992,1.77314551992846,4.92137980972575,0.351990622300547,7.33326995570931,8,15,18,9
"CYABOR",21921.0986373387,3875.00673644617,8101.45293709636,11661.916764576,11520.0590010844,7645.05226463825,33422,5982,12520,18069,17831,11849,NA,NA,NA,NA,NA,NA,NA,NA,NA,NA,NA,NA,NA,NA,NA,NA,NA,NA,NA,NA
"CYNFLE",19426.3980370355,2654.48438899823,5342.01119718839,6571.42215795301,6953.80942287434,4299.32503387611,11021,1210,2091,2048,2380,1170,NA,1.75763563628234,0.703981244601093,0.771923148896948,NA,NA,NA,NA,NA,0.703054254512936,0.351990622300547,0.385961574448474,NA,0.703054259202135,0.703981244601093,NA,NA,2,1,1
"CYNHAS",12777.8092841789,1467.8877438619,3326.46317199888,4110.07706966525,4477.14154717492,3009.25380331301,7702,860,1908,1418,1868,1008,NA,2.46068989079528,2.46393435610383,1.92980787224237,NA,NA,NA,NA,NA,0.703054254512936,1.05597186690164,1.15788472334542,NA,22.6721683350637,2.70748024963245,NA,NA,1,1,1
"CYNPOR",19546.8696446997,2819.88518256083,5520.89633703965,6421.31691196177,6804.9584684798,3985.07328591897,14304,2207,3554,2795,3342,1135,NA,NA,NA,NA,NA,NA,NA,NA,NA,NA,NA,NA,NA,NA,NA,NA,NA,NA,NA,NA
"CYRRAC",9667.73427447118,2038.1729470659,3935.09978600685,5896.83517153189,5624.78049593791,3586.60754887201,5835,2088,3108,4291,3896,1808,0.142452754730523,0.0282342332482215,0.0282729605871451,0.0310021386630984,NA,NA,NA,NA,0.142452754730523,0.0282342332482215,0.0282729605871451,0.0310021386630984,0.7092582089175,0.761198285238462,1.05597187159702,10.1202375349718,2,1,1,1
"DACEXC",14753.1411428393,2105.31784071994,5181.40896433446,8103.01295820135,7673.7119984795,5568.39415775955,18918,2640,6651,10997,10217,7577,0.696515713446717,1.18936503953284,1.19391799214969,1.14362173041356,0.227924407568837,0.338810798978658,0.226183684697161,0.18601283197859,0.341886611353255,0.837837912276371,1.19391799214969,1.14362173041356,2.83703282147827,44.3794139721795,69.7515242913469,17.9247056501325,5,6,6,4
"DAPAME",18132.782571496,2356.84482861264,5530.27391758654,9117.43793763313,8713.2915844908,6356.44675587816,6279,1297,2596,4471,4012,2715,0.0343783944872623,1.69980635399547,1.63750466533206,1.78602934727056,0.0343783944872623,NA,NA,NA,0.0343783944872623,0.0611217220674979,0.0903731000100827,0.957281815994397,7.80184027917019,0.351527127256468,1.05597187159702,3.88802794082288,1,3,4,5
"DAPHEL",18686.8793823989,3187.40008179937,5983.87709213421,6606.95765182236,6845.81983469194,3658.41975289257,10500,2093,3243,2599,2986,893,NA,NA,NA,NA,NA,NA,NA,NA,NA,NA,NA,NA,NA,NA,NA,NA,NA,NA,NA,NA
"DAPPHI",10253.0211136272,2078.15813112271,4151.95234646695,6753.92354207812,6276.82898387534,4198.67085275264,9334,2097,3945,6656,5981,3884,0.354629102093461,0.351527127256468,0.351990622300547,NA,NA,NA,NA,NA,NA,NA,NA,NA,NA,NA,NA,NA,1,1,1,NA
"DELREG",20673.4350876878,2298.52321462147,5277.50927688973,8158.11923005711,8089.71522203414,5791.19200741267,11865,917,1643,2637,2901,1984,0.119850047325576,0.881766165144375,1.70457764069526,1.76538699850143,NA,NA,NA,0.0310021386630984,0.119850047325576,0.178711910631439,0.648605773793616,0.607502275156006,0.428242994062336,0.351527127256468,9.64291591626171,1.92980787739091,2,4,5,4
"DENARB",19916.0272117332,3672.17175739817,7267.45464667305,10300.0493415873,10013.3027284192,6341.13097102102,18780,4069,7735,10416,9930,5861,8.48151816966793,9.40418724283026,10.3214144318211,8.80362053944359,0.256414958514942,NA,NA,0.0620042773261967,3.4430968483906,5.18586171575264,5.39354571961345,6.10188951830427,4.96480744823077,0.409671157981994,66.2664103331401,0.385961574448474,25,22,24,26
"DENLAU",16943.2970897155,2191.19548693905,5126.46696230955,8247.69963315176,7951.85849130852,5760.66300436947,13267,1881,4918,7926,7486,5605,NA,NA,NA,NA,NA,NA,NA,NA,NA,NA,NA,NA,NA,NA,NA,NA,NA,NA,NA,NA
"DIOSIN",12881.5418685675,2807.82413264085,4868.3780911183,5243.59308073577,5478.17812160216,2670.35398896132,4741,1871,2674,2343,2640,769,NA,NA,NA,NA,NA,NA,NA,NA,NA,NA,NA,NA,NA,NA,NA,NA,NA,NA,NA,NA
"DITMYR",5709.90275272459,942.392676370655,2004.73772210908,2578.5704874182,2356.30953381844,1413.91685744778,2580,842,1445,1896,1602,760,0.709258204186922,0.703054254512936,0.732254205188238,NA,NA,NA,NA,NA,NA,NA,0.380263582887692,NA,NA,9.13970536024936,NA,NA,1,1,2,NA
"DRYALB",26930.3905768991,4305.85781687498,8604.81631302834,11498.16170156,11565.6709058285,7259.8130889535,18936,3764,5913,5044,5694,1930,2.83703281674769,NA,NA,NA,NA,NA,NA,NA,NA,NA,NA,NA,NA,NA,NA,NA,2,NA,NA,NA
"DRYGLA",14998.557894839,2727.98031750321,5696.21840385906,8622.08491739258,8276.73529968783,5548.75498218462,13724,2487,5685,9437,8643,6156,0.440100754931775,0.351527127256468,0.0282729605871451,0.0310021386630984,0.0569811018922092,NA,NA,0.0310021386630984,0.0854716528383138,NA,0.0282729605871451,0.0310021386630984,1.418516417835,0.703054254512936,0.386782891330494,0.771923154045485,3,1,1,1
"DRYILI",12478.3664626614,2309.36527500674,3749.10625985404,3207.64971985621,3630.90191475395,1321.53663974721,12797,2603,4147,3481,3919,1316,NA,NA,NA,NA,NA,NA,NA,NA,NA,NA,NA,NA,NA,NA,NA,NA,NA,NA,NA,NA
"ELAXYL",20414.0265632454,2991.93199834569,5895.97272635785,7227.75658876388,7563.39969767232,4571.46769932663,16483,2227,3949,3796,4256,2029,NA,NA,NA,NA,NA,NA,NA,NA,NA,NA,NA,NA,NA,NA,NA,NA,NA,NA,NA,NA
"ERIFRU",15591.6155830007,2261.07787935715,4303.17082519364,4846.05209262762,5181.8325200472,2920.75464069005,15245,2150,3568,2942,3380,1230,1.41851640837384,0.703054254512936,0.735031314312562,0.03326500369602,NA,NA,NA,NA,NA,NA,0.0310500697114688,0.03326500369602,NA,NA,5.345375961205,NA,2,1,2,1
"ERYARE",5610.54628797602,710.38888954642,1379.71345665431,1254.15557050788,1503.80322137092,793.414331824499,5500,706,1241,774,1044,338,NA,0.819342315963987,2.31695514866449,2.52436041003091,NA,NA,NA,NA,NA,0.409671157981994,0.417832961041963,0.48090377303012,NA,0.819342321428799,19.7769915309438,NA,NA,1,3,3
"ERYBER",20334.5524028763,2405.97095696861,5504.86404858949,8535.97357195569,8377.06407815404,5971.09312118543,31359,3704,8488,13177,12929,9225,4.32430601409606,3.86679839982115,3.9284427664803,NA,0.0343783944872623,NA,NA,NA,1.48727319734837,3.51527127256468,3.57645214417975,NA,1.06388731101096,60.0450062640046,0.351990622300547,NA,2,1,1,NA
"ERYBRE",23178.1662621051,2907.96492147818,6227.14516515285,7841.84469697252,8129.20625974983,5221.24133827165,18204,1928,4008,3178,3724,1796,NA,NA,NA,NA,NA,NA,NA,NA,NA,NA,NA,NA,NA,NA,NA,NA,NA,NA,NA,NA
"ERYPOE",26205.6254139505,4051.45322139934,8221.31114439294,11052.8254224509,11138.0449558981,7086.59173449874,30898,3352,8078,12745,12492,9140,1.95983687634983,2.94067185601504,2.62737633281469,1.40590183265021,0.284905509461046,0.19763963273755,0.141364802935726,0.155010693315492,1.25057867216291,1.88609047424564,2.27538571051415,1.40590183265021,8.1564693718025,0.351527127256468,24.4961066853163,11.1479455035058,11,15,16,9
"ERYROT",19771.1335876845,2475.72783706104,5222.90184981073,6443.61852322705,6830.38178075803,4354.65394369699,15696,1565,3046,3231,3699,2134,NA,3.86679839982115,3.87189684530601,4.63153889338169,NA,NA,NA,NA,NA,0.351527127256468,0.351990622300547,0.385961574448474,NA,10.6039578953116,13.3675078289259,NA,NA,4,4,5
"ERYRUF",25265.7699783314,4031.41563826986,8045.38318780623,10635.7784703262,10750.8970715124,6719.48143324256,18936,3764,5913,5044,5694,1930,0.428242994062336,0.409671157981994,0.738773513631041,1.24312129691424,NA,NA,NA,NA,NA,NA,0.386782891330494,0.41437376563808,NA,NA,28.6852018928196,NA,1,1,2,2
"ERYURB",19990.1579544283,3406.41215726361,6387.27410793677,7824.65452733636,8037.34399789199,4630.93184062839,18936,3764,5913,5044,5694,1930,NA,NA,NA,NA,NA,NA,NA,NA,NA,NA,NA,NA,NA,NA,NA,NA,NA,NA,NA,NA
"EUGAXI",22921.0263355328,3156.55059756432,6482.45642156247,8307.39204730932,8604.78800482396,5448.23740725964,14211,1899,3337,2952,3408,1509,NA,NA,NA,NA,NA,NA,NA,NA,NA,NA,NA,NA,NA,NA,NA,NA,NA,NA,NA,NA
"EUGBIF",23514.0213924944,2907.88686465472,6562.45902010053,8273.4212127775,8445.58942206576,5537.70255741104,20556,2036,5115,5560,5780,3744,8.54339722673851,9.02237117986535,9.50090950673547,11.5254851769982,0.0628689454333669,NA,NA,NA,1.73183039499387,4.21994240262916,3.44748438956628,2.94909396556296,0.428242994062336,8.14326799513788,2.11194374319404,0.385961574448474,14,11,13,16
"EUGBOR",3010.79060666594,698.914851106757,1371.41910315647,1728.80033185074,1570.68992191395,871.775070807196,6101,1244,2852,3444,2978,1734,1.85861716330562,1.43434274227409,1.08424482748878,1.5438462977939,0.0284905509461046,0.0282342332482215,NA,NA,0.794729857025236,0.0282342332482215,0.0282729605871451,NA,4.25554923931327,6.38563235416634,15.4487272477848,1.21470911125218,4,4,3,3
"EUGCON",7473.3213869771,1605.89154303726,2990.51644868869,3915.26565614156,3945.68557219859,2339.79402916133,582,359,422,448,453,94,0.383119653039566,1.08281561501763,0.0282729605871451,0.0310021386630984,0.0284905509461046,NA,NA,NA,0.0284905509461046,0.731288487761158,0.0282729605871451,0.0310021386630984,20.4686095994276,3.51527129132148,1.75995311619811,41.4801708875061,2,2,1,1
"EUGCOR",17049.7909330856,1967.47111020144,5292.22821311234,9306.81467222003,8974.28817619802,7006.81706599658,14201,1274,4000,8354,8343,7069,0.0569811018922092,NA,NA,NA,0.0569811018922092,NA,NA,NA,0.0569811018922092,NA,NA,NA,12.9407562459421,NA,NA,NA,1,NA,NA,NA
"EUGDOM",27533.1080627888,4139.71286337823,8707.71471761912,11951.5925345123,11846.652038835,7706.93917545676,23984,3408,7909,9302,9125,5717,NA,NA,NA,1.15788472334542,NA,NA,NA,NA,NA,NA,NA,0.385961574448474,NA,NA,NA,NA,NA,NA,NA,1
"EUGEGG",19858.1603361135,2442.34110162035,5813.17224214226,9453.17398468032,9102.58928673249,6660.24818511214,9742,1985,4163,6754,6150,4165,NA,NA,NA,NA,NA,NA,NA,NA,NA,NA,NA,NA,NA,NA,NA,NA,NA,NA,NA,NA
"EUGFOE",11065.3633052509,2010.51023721951,3236.50771372113,2711.95662831003,3103.60627080058,1093.09603358107,18403,3415,5502,4602,5248,1833,NA,NA,NA,NA,NA,NA,NA,NA,NA,NA,NA,NA,NA,NA,NA,NA,NA,NA,NA,NA
"EUGLIG",14139.618246569,1879.19132696585,3813.3826364025,4051.64636201708,4402.89423024031,2523.70290327446,14659,2006,3620,2819,3362,1356,NA,3.01488334347654,1.86432991859258,3.22975355153582,NA,0.0282342332482215,NA,NA,NA,0.0282342332482215,NA,NA,NA,1.0545813864586,NA,NA,NA,2,3,4
"EUGMON",28350.5118462443,4311.70334893465,8892.88367134333,12179.7500441968,12239.9858980477,7928.28254911304,36667,5136,10930,15247,15513,10377,12.3201620557813,23.4007937814484,23.3139440405266,20.1729321258913,NA,NA,NA,0.0665300073920401,1.52062085128882,4.12760875597147,6.20964055592068,4.97836976645282,3.54629103985692,0.351527127256468,15.4875874563502,12.2489307672726,12,22,22,22
"EUGPAD",8434.48812662438,2001.0422086753,3562.49622038007,4349.42428361997,4420.67104059085,2419.62883191556,8611,2937,4497,3917,4341,1404,NA,NA,NA,NA,NA,NA,NA,NA,NA,NA,NA,NA,NA,NA,NA,NA,NA,NA,NA,NA
"EUGPSE",17810.8278712752,2705.94983891293,5494.38671982545,6123.29329438304,6276.75219225919,3570.80235334625,20162,2957,6280,6525,6572,3615,0.0569811018922092,3.98042351836889,1.82953764956263,1.98663225462158,NA,NA,NA,NA,0.0569811018922092,1.22901347394598,0.351990622300547,0.385961574448474,22.4286877572971,4.56985266371248,1.09076413593159,58.8886631367069,1,3,3,3
"EUGRHO",15373.0641817469,2301.94926389214,4671.24496096931,5866.66841503978,6159.17608234938,3857.22681845725,10103,1050,2576,2335,2889,1839,5.11203521324621,2.22545082498986,5.48861294868788,5.78942361672711,NA,NA,NA,NA,0.354629102093461,NA,1.93391445665247,NA,8.15646939545539,8.60842025342294,NA,12.3507704595792,4,3,4,6
"EUGSTA",10768.630690001,2167.29558029864,4363.79850293137,6799.34194967244,6375.78731402243,4208.49173372379,8470,2007,3672,6052,5383,3376,NA,0.0282342332482215,0.0282729605871451,0.0310021386630984,NA,NA,NA,NA,NA,0.0282342332482215,0.0282729605871451,0.0310021386630984,NA,22.4950732874674,2.11194374319404,NA,NA,1,1,1
"EUGSTE",17331.1378640644,2126.16463540308,5535.22407151666,9688.98791794572,9289.01590544265,7162.85127003957,20368,2327,6410,11793,11393,9066,NA,NA,NA,NA,NA,NA,NA,NA,NA,NA,NA,NA,NA,NA,NA,NA,NA,NA,NA,NA
"EUGWOO",5638.26592886465,944.07755318423,1923.87798781617,2485.64276145893,2587.87755794007,1643.80000475585,2895,553,900,705,829,276,NA,NA,NA,NA,NA,NA,NA,NA,NA,NA,NA,NA,NA,NA,NA,NA,NA,NA,NA,NA
"EUPPET",14570.0957304143,1721.2497714529,3746.58845692662,4784.41930712956,5122.30202889976,3401.05225744686,3623,488,752,428,599,111,NA,NA,NA,NA,NA,NA,NA,NA,NA,NA,NA,NA,NA,NA,NA,NA,NA,NA,NA,NA
"EXOCAR",16434.5008682571,2328.31292302907,4714.27798642684,5799.23058825079,6124.89913010504,3796.58620707598,11571,1290,3012,2718,3323,2033,11.0219927158434,7.26311866803146,9.09985736189759,12.1094597113242,NA,NA,NA,NA,1.44700695931995,0.703054254512936,2.16848965497757,3.50465630869936,5.67406565714827,85.7593047220917,11.6423470113223,1.15788472849396,10,8,12,11
"EXOPAN",22694.2504835278,3777.91621908359,7312.56707395054,9015.92955119349,9195.25479781628,5417.33857873268,9242,2354,3645,3078,3453,1099,NA,2.10916276353881,2.11194373380328,2.31576944669084,NA,NA,NA,NA,NA,0.351527127256468,0.351990622300547,0.385961574448474,NA,0.761198285238462,1.40796249389757,NA,NA,2,2,3
"FAROCC",26059.9886899665,3899.83261784911,8271.96182904392,11594.1381984055,11432.7219792306,7532.88936138153,23416,3546,7695,8566,8470,4924,2.12777461256077,1.40610850902587,3.87189684530601,5.01750046783016,NA,NA,NA,NA,NA,NA,0.703981244601093,0.771923148896948,NA,NA,11.08567068858,NA,3,4,8,7
"FICAME",19977.6780617852,3489.07081630267,7391.6393586183,10123.3842715677,9825.25924754981,6336.18843124714,14112,2436,5903,7603,7105,4669,0.0284905509461046,0.0282342332482215,0.0282729605871451,0.0310021386630984,NA,NA,NA,NA,0.0284905509461046,0.0282342332482215,0.0282729605871451,0.0310021386630984,0.354629102093461,96.645993970385,49.9826686718774,2.31576946213646,1,1,1,1
"FICCIT",26462.0696685538,3979.5774776414,8270.92706628144,11158.2277066633,11298.6473655179,7319.06988787651,10347,2740,4383,3627,4153,1413,2.03544831252341,1.40269869189017,1.46012464249464,2.01566697283914,0.0284905509461046,NA,NA,NA,0.971561006243022,1.40269869189017,1.1081340201941,1.24374382394219,9.92961491065327,24.6015731291866,0.351990622300547,5.78942365276687,10,11,11,12
"FICCRA",25457.7879453748,3878.97922999412,7957.32873953879,10647.3683279455,10749.9239951596,6870.94476516545,38806,5923,12141,16198,16364,10441,NA,NA,NA,NA,NA,NA,NA,NA,NA,NA,NA,NA,NA,NA,NA,NA,NA,NA,NA,NA
"FICTRI",21106.3138448279,3371.24622778036,6990.08540281374,10064.7684107143,9803.3008355191,6432.05460773874,10167,1488,3468,5131,4834,3346,0.0284905509461046,0.056468466496443,0.0565459211742903,0.0620042773261967,0.0284905509461046,NA,NA,NA,0.0284905509461046,0.056468466496443,0.0565459211742903,0.0620042773261967,2.48240372884596,0.703054254512936,6.18852629740436,2.37259383936713,1,2,2,2
"FORSEG",7639.92714616563,1126.95247151377,2099.47754252702,2061.84743892169,2323.52299953625,1196.57052802248,3291,516,769,482,637,121,NA,NA,NA,NA,NA,NA,NA,NA,NA,NA,NA,NA,NA,NA,NA,NA,NA,NA,NA,NA
"GARHES",5205.78689083991,1084.40659639273,2035.29931824513,2525.39425452953,2571.53734256765,1487.13074617492,3946,596,1329,2000,1995,1399,NA,NA,NA,NA,NA,NA,NA,NA,NA,NA,NA,NA,NA,NA,NA,NA,NA,NA,NA,NA
"GARPOR",19576.4709500466,2905.56274449732,6697.69461982418,10406.5932128774,10160.6755993953,7255.11285489798,8805,999,3093,4103,3688,2689,NA,NA,NA,NA,NA,NA,NA,NA,NA,NA,NA,NA,NA,NA,NA,NA,NA,NA,NA,NA
"GAUATT",22927.6950937635,2811.93937578099,6006.30610663258,8227.14362189686,8432.15038138255,5620.21100560157,12935,934,1717,2578,2822,1888,NA,NA,NA,NA,NA,NA,NA,NA,NA,NA,NA,NA,NA,NA,NA,NA,NA,NA,NA,NA
"GENAME",18671.3279771736,2139.59534231725,5221.35266118834,7027.89617066365,6824.10333265411,4684.50799033686,21540,2253,6228,7932,7635,5382,2.48240371465423,NA,NA,NA,NA,NA,NA,NA,2.48240371465423,NA,NA,NA,0.7092582089175,NA,NA,NA,1,NA,NA,NA
"GESPED",21475.9796483541,3450.90504142148,7118.34981155554,11054.7774514817,10924.2384860734,7473.33344465188,18012,3280,6146,10313,10263,6983,2.56945796437401,NA,NA,NA,NA,NA,NA,NA,0.856485988124671,NA,NA,NA,20.7157157952395,NA,NA,NA,1,NA,NA,NA
"GOEELE",4550.33404727764,775.268430279982,1811.93536147397,1885.31146628088,1859.16044063304,1083.89201035306,9142,1587,3801,4014,3966,2379,NA,NA,NA,NA,NA,NA,NA,NA,NA,NA,NA,NA,NA,NA,NA,NA,NA,NA,NA,NA
"GOMLIN",16259.0460962495,2073.65767216915,5290.97811242798,9198.19372576848,8789.42036021827,6715.76268804912,9638,1491,3806,6409,5897,4406,0.709258204186922,NA,NA,NA,NA,NA,NA,NA,NA,NA,NA,NA,NA,NA,NA,NA,1,NA,NA,NA
"GONHIR",23673.7052571028,4068.29639686644,8191.31560639665,11690.3962154686,11477.2941402793,7408.99774341285,26245,5070,10027,15738,15031,9961,NA,NA,NA,NA,NA,NA,NA,NA,NA,NA,NA,NA,NA,NA,NA,NA,NA,NA,NA,NA
"GONPOR",17884.4362564485,2134.87217461946,5072.58625214826,7650.78743557306,7334.68742394191,5199.81524932245,847,590,731,783,749,159,NA,NA,NA,NA,NA,NA,NA,NA,NA,NA,NA,NA,NA,NA,NA,NA,NA,NA,NA,NA
"GOSHIR",10749.4887551322,1156.94488498743,2367.01588621235,3016.53738653928,3234.94855404156,2078.00366905413,15478,1348,2716,3574,3987,2639,NA,NA,NA,NA,NA,NA,NA,NA,NA,NA,NA,NA,NA,NA,NA,NA,NA,NA,NA,NA
"GUABLA",26213.6188867092,4130.11019004136,8521.60617829114,12143.01818005,12038.9157924056,7908.80560236424,7518,1774,3241,5433,5075,3301,NA,NA,NA,NA,NA,NA,NA,NA,NA,NA,NA,NA,NA,NA,NA,NA,NA,NA,NA,NA
"GUACAR",19813.997869391,3462.44708884601,7437.22699034121,10398.4117689952,10210.6484295502,6748.20134070423,17973,3549,7619,8817,8585,5036,NA,NA,NA,NA,NA,NA,NA,NA,NA,NA,NA,NA,NA,NA,NA,NA,NA,NA,NA,NA
"GUAFRA",27622.2755540907,4060.82879108191,8634.79850484431,11432.7636155635,11446.8714739829,7386.04268290102,19450,2503,5584,6004,5953,3450,3.52757861286612,10.470124137087,12.9110955392733,15.1103481763795,0.0284905509461046,0.112936932992886,0.0848188817614354,0.0620042773261967,1.68081921042994,3.85191569284299,6.78808588404426,8.37852826361778,0.354629102093461,1.4642525444406,7.10939700285235,8.96235280132933,13,29,33,35
"GUAGLA",14982.5550037324,2799.71836305968,5778.44564777426,8691.65698738955,8366.65676060878,5566.93839754909,9920,2063,4267,6927,6300,4237,2.03433549818947,1.75763563628234,2.46393435610383,2.31576944669084,NA,NA,NA,NA,0.46859130587788,0.703054254512936,0.703981244601093,NA,14.1851641641583,11.2435422231028,1.54713157564097,5.01750049872139,4,4,5,5
"GUAGUI",23073.9854559936,3709.72665774077,8118.00659888983,11650.5101525374,11478.0353711993,7768.30871345848,28130,4605,10228,15139,14823,10218,68.9353872430989,74.1948086771722,81.8103031607381,79.7471769489127,2.17705755898627,1.15760356317708,0.622005132917193,1.96444906093981,25.8242766748487,35.8281966042016,39.8312460958865,43.7557048494298,1.41851641310442,3.16374415937581,3.30708469653446,10.1486497423651,74,87,96,93
"GUAOBT",10323.3336880803,2376.76344244462,3732.16985927243,3279.23173295613,3655.26653525466,1278.50309281005,8490,2930,4485,3901,4325,1395,NA,0.819342315963987,0.773565782660989,1.24312129691424,NA,NA,NA,NA,NA,0.409671157981994,0.386782891330494,0.41437376563808,NA,4.8024287873902,36.2550343129439,39.3514777023002,NA,1,1,1
"GUAOFF",6242.43475880342,744.690653799273,1599.65103936374,1471.65915487711,1726.87346162153,982.182807822254,8876,986,2244,1735,2193,1207,0.772127149620289,0.0893559553157194,0.0875959908857591,0.0952692810222168,NA,NA,NA,NA,0.0628689454333669,0.0893559553157194,0.0875959908857591,0.0952692810222168,2.1277746267525,1.40610851371507,0.703981249296475,25.4970822302996,3,2,2,2
"GUASAN",2960.08438711074,483.842300251694,888.301610197872,669.663439051452,809.873463010081,326.031162758387,1472,387,572,387,451,64,NA,NA,NA,NA,NA,NA,NA,NA,NA,NA,NA,NA,NA,NA,NA,NA,NA,NA,NA,NA
"GUAULM",23621.7988089323,2969.50366361439,6795.11865946651,10010.6940052658,10091.5467105657,7122.04304695129,16890,1647,4467,7492,7744,6097,1.87817344906085,2.13647405652204,3.43924573560607,4.42557902070317,0.0284905509461046,0.0282342332482215,0.0565459211742903,0.0952692810222168,1.52354434696739,2.13647405652204,2.27889706161459,2.38212238370238,0.354629102093461,8.14326799982708,4.11544274353002,2.70173103143639,10,14,19,18
"GUEELL",4570.91425553978,644.689497358256,1281.83157834654,1145.14442534794,1346.62586528714,701.936367928886,7098,892,1892,1373,1766,874,0.354629102093461,NA,NA,NA,NA,NA,NA,NA,NA,NA,NA,NA,NA,NA,NA,NA,1,NA,NA,NA
"GUEKRU",14096.0125746159,2114.4899730077,4147.31765831355,4721.83688157517,5011.31128703151,2896.82131402381,4483,649,1056,685,882,233,NA,NA,NA,NA,NA,NA,NA,NA,NA,NA,NA,NA,NA,NA,NA,NA,NA,NA,NA,NA
"GUEOVA",24653.8302402571,4045.24609944224,8231.62722473592,11321.4990690425,11304.0554830804,7258.8093836382,21463,4120,8664,11597,11591,7471,NA,0.351527127256468,0.0282729605871451,0.450228716807592,NA,NA,NA,NA,NA,0.351527127256468,0.0282729605871451,0.0642671423591184,NA,5.68257808558581,7.74379373287046,1.15788472334542,NA,1,1,3
"GUEPUN",16313.2987342812,2976.43437112868,6115.32461600192,8751.9739554245,8652.98901100084,5676.55463987216,582,359,422,448,453,94,NA,4.56985265433408,6.05342511716919,5.84624799910632,NA,NA,NA,NA,NA,1.0545813817694,1.75995311150273,2.31576944669084,NA,1.52239658063093,2.8507172521297,1.54384630809097,NA,2,3,2
"GUESCA",16321.4773270596,2687.7912391388,5033.66905399359,5816.136530151,6080.64467560034,3392.85343646153,13332,2671,4368,3937,4303,1632,23.8364591434462,28.6424300770277,29.5162183592685,35.9904086953403,NA,0.0282342332482215,0.0565459211742903,0.0310021386630984,1.83601445590067,3.04441970383765,3.19057415678845,3.77331576677328,2.48240372884596,0.409671157981994,42.5090771084133,22.4710080052271,18,23,24,22
"GUEVAL",18037.9640922304,2770.50736375526,6350.60101471469,9718.98515890539,9507.53083776683,6737.02347401157,13198,1732,4935,7302,6908,5176,NA,NA,0.0282729605871451,0.0310021386630984,NA,NA,NA,NA,NA,NA,0.0282729605871451,0.0310021386630984,NA,NA,0.738773513631041,2.34418164817752,NA,NA,1,1
"GYMLAT",16688.8874139488,2913.31879030913,5005.71636472642,5147.65007296205,5568.93864599988,2655.61985569075,18493,3344,5424,4529,5205,1861,NA,2.04835578990997,1.54713156532198,3.56148069107858,NA,NA,NA,NA,NA,0.819342315963987,0.773565782660989,0.416963713111572,NA,0.761198285238462,34.8389359198017,1.18629691453503,NA,1,1,4
"GYMLUC",19180.4030684401,2848.78782554494,5982.4732234179,7145.19371117826,7464.73359675269,4615.94577120775,8046,1751,3098,2296,2729,978,14.2942419459657,11.6914267190082,11.6467406056295,17.8678811893882,NA,NA,NA,NA,1.27987187919266,0.735941743332212,1.08702193661311,1.15788472334542,2.12777461729135,26.242920678245,40.5485063233057,0.771923154045485,3,9,10,10
"HAESAL",4226.31817316316,1047.16242361825,1922.50594893598,2753.66576031479,2543.11833264417,1495.95590902591,11195,2118,4807,7624,6877,4759,NA,NA,NA,NA,NA,NA,NA,NA,NA,NA,NA,NA,NA,NA,NA,NA,NA,NA,NA,NA
"HAMAXI",28002.1122354046,4364.80592705309,8873.03036677837,12079.5712864026,12104.2602815479,7739.45435449481,22713,3932,6864,7146,7608,3676,NA,NA,NA,NA,NA,NA,NA,NA,NA,NA,NA,NA,NA,NA,NA,NA,NA,NA,NA,NA
"HAMPAT",26683.8526147008,4286.7095759511,8859.46873980761,12368.7077409923,12340.4692661464,8053.75969019532,26038,4287,9321,13847,13920,9633,NA,NA,NA,NA,NA,NA,NA,NA,NA,NA,NA,NA,NA,NA,NA,NA,NA,NA,NA,NA
"HEDARB",3357.28952171706,765.621999595239,1517.54974480732,1949.16428604616,1764.58218328888,998.960183693644,3539,1045,1868,2330,1995,950,NA,NA,NA,NA,NA,NA,NA,NA,NA,NA,NA,NA,NA,NA,NA,NA,NA,NA,NA,NA
"HELJAM",18003.3715171865,2473.43274214631,4823.91245315457,5782.12346804282,6163.30007921671,3689.86733707041,17418,2376,4143,4159,4658,2282,NA,NA,0.703981244601093,1.15788472334542,NA,NA,NA,NA,NA,NA,0.351990622300547,0.385961574448474,NA,NA,1.05597187159702,6.58975898255635,NA,NA,2,1
"HENFAS",18523.8906893786,2530.96489226539,6212.40959220193,10304.2341363803,9934.81137762126,7403.84648535587,24811,3045,8023,14152,13490,10445,0.0284905509461046,NA,NA,NA,NA,NA,NA,NA,0.0284905509461046,NA,NA,NA,1.63935808999302,NA,NA,NA,1,NA,NA,NA
"HENSQU",8796.02001957782,1606.55468431208,3392.93260113848,5497.87619748665,5144.30139043275,3537.74670612067,5054,1598,2503,3709,3313,1715,1.94408881614393,2.60186105703638,0.521628385823417,0.478967990437769,NA,NA,NA,NA,0.525572407770089,0.141171166241107,0.521628385823417,0.478967990437769,2.12777461729135,0.409671157981994,0.351990622300547,28.5161413956621,7,6,4,2
"HIBELA",23188.6654292755,2757.29760008585,6401.61606639531,10172.3489112454,9902.2858890444,7144.98828895856,35839,4238,9873,15743,15312,11074,0.896834299940215,0.819342315963987,NA,NA,NA,NA,NA,NA,0.542205197846754,0.409671157981994,NA,NA,2.12777461729135,0.351527127256468,NA,NA,4,1,NA,NA
"HIBTIL",18562.5899119517,3308.66847768985,6961.97076535877,9782.59389072657,9744.5771660842,6435.90868839435,28360,5089,10713,15055,14995,9906,NA,NA,NA,NA,NA,NA,NA,NA,NA,NA,NA,NA,NA,NA,NA,NA,NA,NA,NA,NA
"HIECLU",27830.4346330687,4314.48631231487,8858.43167962879,12184.3315927833,12197.1462351233,7882.65992280841,27432,4857,10150,14295,14344,9487,NA,NA,NA,NA,NA,NA,NA,NA,NA,NA,NA,NA,NA,NA,NA,NA,NA,NA,NA,NA
"HIPMAN",18231.850422089,3051.70849328954,6480.52972532995,9191.83638702799,9161.24457544461,6109.53608215507,11136,1600,3230,4254,4550,2950,NA,NA,0.351990622300547,0.771923148896948,NA,NA,NA,NA,NA,NA,NA,NA,NA,NA,NA,NA,NA,NA,1,1
"HIRRUG",14190.6048667021,2268.60056777298,5247.7584453412,8234.76628404181,7769.13362604909,5500.53305827611,10652,1909,4608,6377,5708,3799,0.709258204186922,0.703054254512936,0.703981244601093,NA,NA,NA,NA,NA,NA,NA,NA,NA,NA,NA,NA,NA,1,1,1,NA
"HOMRAC",19696.0646670293,3022.60150470585,6688.92485062499,9809.04292218573,9503.94761449844,6481.34610979259,8361,1312,3491,4279,3839,2527,5.5344543006563,3.41785224454221,4.67625483700088,4.67960726021659,0.170943305676628,0.0847026997446644,NA,0.0930064159892951,3.40667968809553,1.66021660825987,2.91630172549815,2.74979938797422,0.428242994062336,8.08512397379075,37.8206864046327,4.83042425858863,12,9,13,11
"HURCRE",20667.725940574,2263.96237044409,5428.95454937965,8542.48207911476,8376.36325263977,6112.40088219568,30898,3352,8078,12745,12492,9140,0.0569811018922092,NA,NA,0.0310021386630984,NA,NA,NA,NA,0.0569811018922092,NA,NA,0.0310021386630984,64.1347225792012,NA,NA,13.0776783250495,2,NA,NA,1
"HYMCOU",26923.5186928362,3331.29473057389,7481.7465198189,11169.6069176197,11132.01813142,7800.72340084612,19500,1392,3840,6201,6570,5178,2.68675861116023,3.13501909758873,2.84194971167065,0.988252316804302,0.182718992758943,0.159784188525327,0.0310500697114688,0.126271419685315,1.97750040697331,2.43196484307579,2.48995908937011,0.988252316804302,1.06388731101096,0.409671157981994,0.351990622300547,7.50374309883542,5,5,5,6
"HYPTRI",3090.64074166165,636.042539818638,1151.1392414703,1260.30487962049,1352.86154654383,716.819006725193,1515,424,654,462,533,109,NA,NA,NA,NA,NA,NA,NA,NA,NA,NA,NA,NA,NA,NA,NA,NA,NA,NA,NA,NA
"ILENIT",23533.0247600302,3816.72244585305,7646.13937113062,11297.8726274669,11199.1915765442,7382.46913069114,15695,3079,5333,10191,9791,6712,0.709258204186922,0.703054254512936,1.40796248920219,1.5438462977939,NA,NA,NA,NA,0.354629102093461,0.351527127256468,0.703981244601093,0.771923148896948,4.61017835559846,6.67901543194049,1.05597187159702,37.0523113581435,2,2,3,3
"ILESID",13925.3284096671,1964.94037401211,4630.25681077596,7823.1195277432,7487.80952927191,5522.8691552598,499,355,421,461,431,76,NA,NA,0.351990622300547,NA,NA,NA,NA,NA,NA,NA,0.351990622300547,NA,NA,NA,1.09076414062697,NA,NA,NA,1,NA
"ILEURB",13420.8675950896,2605.89784092829,5194.09991722088,7172.90566244069,7151.14824044146,4545.25039951317,582,359,422,448,453,94,NA,NA,NA,NA,NA,NA,NA,NA,NA,NA,NA,NA,NA,NA,NA,NA,NA,NA,NA,NA
"INDSUF",26211.0570443571,3578.47500357032,7317.28086407483,9768.57303372025,9979.41446706653,6400.93946349621,16402,1559,2814,3290,3671,2112,NA,NA,NA,NA,NA,NA,NA,NA,NA,NA,NA,NA,NA,NA,NA,NA,NA,NA,NA,NA
"INGLAU",22837.725709483,3430.48064565659,7452.35042205453,10822.8741834164,10563.056068629,7132.57542297244,7741,1313,3417,4272,3815,2502,7.15442519456247,6.36951197427691,7.40125782024458,6.2849853203688,0.969627398927241,0.451747731971544,0.25723375440863,0.436292806316299,5.30766579212629,4.20220518001258,4.16375768147976,2.72609457676371,20.9231171512398,9.84275962414069,0.386782891330494,11.3633588477107,34,38,40,36
"INGVER",25907.5617701635,3770.05121953785,8246.3423217833,12153.773034133,12001.1392434686,8231.08802393079,20452,2518,6650,11602,11123,8605,13.3472267255271,13.5809417521548,9.86662942063838,9.40900996162673,0.57569886246325,0.319883076872546,0.228960793821485,0.343286390327004,6.25464468365788,9.6559993216081,8.45866693143619,7.47920208938436,23.6999764404641,1.40610851371507,11.2636999746575,5.98830898155505,36,47,51,45
"IXOFER",25118.5651982091,4147.2286118269,8297.07341209427,11592.6787891686,11411.9110103995,7264.68239857256,15179,3264,6007,6788,6691,3427,1.12086840817259,0.056468466496443,0.436809504061982,0.92693384221244,0.0569811018922092,0.056468466496443,0.0565459211742903,0.155010693315492,0.0569811018922092,0.056468466496443,0.0848188817614354,0.155010693315492,2.8504731859237,3.27736928025039,9.9253220141244,32.0182076836714,3,1,2,2
"JACARB",11521.3558248361,1373.00245174719,2818.44302562065,3455.93790866015,3673.25044387113,2300.24799212394,5278,573,1032,584,863,290,NA,NA,NA,NA,NA,NA,NA,NA,NA,NA,NA,NA,NA,NA,NA,NA,NA,NA,NA,NA
"JACBER",8007.07510003459,1438.39137216529,2530.47096697649,2885.86414066528,3105.13932918257,1666.74795701727,5485,800,1447,1209,1421,621,NA,NA,NA,NA,NA,NA,NA,NA,NA,NA,NA,NA,NA,NA,NA,NA,NA,NA,NA,NA
"JATGOS",16570.7129495961,1824.95158472232,3778.47547468106,4784.36330228689,5142.87551367207,3317.92392894975,15148,1370,2555,3069,3490,2120,NA,NA,NA,NA,NA,NA,NA,NA,NA,NA,NA,NA,NA,NA,NA,NA,NA,NA,NA,NA
"JATHER",27231.2925652824,3979.99080944061,8191.69145848602,10902.0687554702,11038.031119898,7058.04031045735,26825,3815,7073,7910,8605,4790,NA,NA,NA,NA,NA,NA,NA,NA,NA,NA,NA,NA,NA,NA,NA,NA,NA,NA,NA,NA
"KOAPOL",23286.8035900071,2772.49297753721,6431.82684700936,10212.134671092,9942.99336354434,7170.50038600713,35839,4238,9873,15743,15312,11074,NA,NA,NA,NA,NA,NA,NA,NA,NA,NA,NA,NA,NA,NA,NA,NA,NA,NA,NA,NA
"KRUFER",16677.7953800999,2104.70026571187,4467.73053762317,5667.35472903098,5990.19534751261,3885.49508180073,20759,2519,4984,5754,6481,3962,1.41851640837385,4.92137978159055,5.2798593345082,7.75023362763258,NA,NA,NA,NA,NA,0.703054254512936,1.40796248920219,1.57484843645699,NA,0.761198285238462,5.27985936268049,69.2007709930002,2,5,5,7
"LAGRAC",18270.5269684099,1858.04632835387,4166.29787871835,5378.04773765028,5594.86998680478,3736.82365845091,13273,880,1936,2124,2269,1389,2.98249114094391,2.86868548454819,2.36046245295317,0.92693384221244,NA,0.0282342332482215,NA,NA,1.56397473257006,1.11104984826585,1.23490604799164,0.92693384221244,4.61017835559846,16.9154685792071,44.3652712540181,1.18629691453503,2,1,2,1
"LANCAM",29048.4148781598,4306.10636657476,8940.0548145175,12287.9681085944,12345.3496139944,8039.2432474196,30429,3754,8051,11685,11852,8098,NA,NA,NA,NA,NA,NA,NA,NA,NA,NA,NA,NA,NA,NA,NA,NA,NA,NA,NA,NA
"LANINV",22231.0807684734,2879.87322643027,6162.85729182512,8155.71862729639,8480.16040338576,5600.28717695549,19391,1858,4185,5336,5947,4089,NA,NA,NA,NA,NA,NA,NA,NA,NA,NA,NA,NA,NA,NA,NA,NA,NA,NA,NA,NA
"LEULEU",24110.9606059752,3756.41136879474,7334.60198623314,9273.15365312994,9548.03996584937,5791.62859705463,24463,4025,6686,7101,7838,3813,61.5991096925403,76.9856170315707,68.4852449039315,49.1863202669683,0.0687567889745246,NA,NA,NA,15.0415865595039,20.2051063926369,21.6723112569385,15.9748006467651,14.3323919632697,1.0545813817694,13.4452282563755,0.41437376563808,29,29,32,26
"LICBRI",14503.7726563625,2840.84361856058,5597.90363153815,7679.04920158163,7641.84116357192,4800.99754501134,582,359,422,448,453,94,NA,NA,NA,0.385961574448474,NA,NA,NA,NA,NA,NA,NA,NA,NA,NA,NA,NA,NA,NA,NA,1
"LICPAR",25494.6208654791,3497.1454462707,7247.40950469673,9752.12070015073,9983.03390546143,6485.88845919073,22861,3082,5982,7243,7758,4676,1.91559826519783,2.60353662126547,4.48266769451773,4.09727306389556,0.0854716528383138,NA,NA,NA,1.20634006101091,1.19742811223959,1.17558301769302,0.924343894738948,6.73795298235096,0.351527127256468,2.46393436549459,2.70173103658493,5,4,6,5
"LONGLA",16494.1849165093,3157.71814498445,5753.16109132534,6820.22111293115,7024.96313693188,3867.24499194743,13611,2768,4501,3987,4446,1678,1.80163606141341,0.0282342332482215,0.732254205188238,0.802925287560046,0.0284905509461046,NA,NA,NA,0.383119653039566,0.0282342332482215,0.0282729605871451,0.0310021386630984,1.77314551992846,175.617984172385,26.425953184116,1.54384630294243,3,1,2,2
"LONHEP",19452.9780553952,3590.62510644644,7343.79175615311,10227.4544846937,10193.7975466624,6603.17244021595,29063,5455,11147,15519,15464,10009,NA,NA,0.311002566458597,0.279019247967885,NA,NA,NA,NA,NA,NA,0.311002566458597,0.279019247967885,NA,NA,72.4630724852101,0.385961574448474,NA,NA,1,1
"LONSER",12450.3108904399,2458.63000411913,3887.17187990621,3372.84902249277,3788.93525783345,1330.30525371432,18815,3757,5901,5028,5678,1921,0.0628689454333669,0.0282342332482215,0.0282729605871451,0.802925287560046,NA,NA,NA,NA,0.0628689454333669,0.0282342332482215,0.0282729605871451,0.416963713111572,1.06388731101096,3.68704044369719,7.07460472912702,27.5855541717003,2,1,1,2
"LYOSTA",9910.48024057798,1270.30225217741,3024.2459430313,4862.98949547237,4633.33668057315,3363.03442839574,15370,1842,5014,8039,7781,5939,NA,NA,NA,NA,NA,NA,NA,NA,NA,NA,NA,NA,NA,NA,NA,NA,NA,NA,NA,NA
"MACLUN",17985.4421010699,1565.67150909558,3754.60558350722,5938.40308662935,5932.21277228283,4366.54126318725,16710,1103,2466,3707,3820,2717,NA,NA,NA,NA,NA,NA,NA,NA,NA,NA,NA,NA,NA,NA,NA,NA,NA,NA,NA,NA
"MACPOR",8005.74004270544,1194.35348572617,2710.10011039104,3524.26192682877,3692.47245172446,2498.11896599829,4928,800,1672,1467,1719,919,NA,NA,NA,NA,NA,NA,NA,NA,NA,NA,NA,NA,NA,NA,NA,NA,NA,NA,NA,NA
"MAGPOR",9260.79785706988,2027.49391254899,3899.48239101004,6016.74791261693,5666.44154534931,3638.94763280032,10731,2341,4675,7544,6974,4633,0.0569811018922092,0.117590188563941,0.115868951472904,0.126271419685315,NA,0.0282342332482215,NA,NA,0.0569811018922092,0.117590188563941,0.115868951472904,0.126271419685315,18.7351689618859,56.244340693968,3.94148139275667,1.62908287689026,1,3,3,3
"MAGSPL",16652.1307253074,2045.64706797432,5345.19859336223,9369.4537936477,8942.80264319852,6897.1555752242,24811,3045,8023,14152,13490,10445,NA,0.0282342332482215,0.0282729605871451,NA,NA,0.0282342332482215,NA,NA,NA,0.0282342332482215,0.0282729605871451,NA,NA,2.4580269642864,14.4316155988393,NA,NA,1,1,NA
"MALCOC",27447.2060369477,3948.29495797306,8077.66341695562,10822.8209767975,10959.650913503,7011.35595552996,27344,3735,7170,8188,8864,5129,NA,NA,NA,NA,NA,NA,NA,NA,NA,NA,NA,NA,NA,NA,NA,NA,NA,NA,NA,NA
"MALFUC",21745.1068029366,3691.54899686947,7923.76459954679,11509.9368785657,11361.6741406731,7670.12514380366,32840,5623,12098,17621,17378,11755,NA,NA,NA,NA,NA,NA,NA,NA,NA,NA,NA,NA,NA,NA,NA,NA,NA,NA,NA,NA
"MAMAME",26788.9368546568,3926.34917192534,8583.29383455589,12088.7402843852,12014.7190418169,8088.36986989155,23192,3326,7827,11553,11519,8193,0.474479149419037,0.759522721009379,0.436809504061982,0.478967990437769,NA,NA,NA,0.0310021386630984,0.474479149419037,0.407995593752911,0.436809504061982,0.478967990437769,8.86572759491173,2.87036104877727,1.05597187159702,0.800335340086554,3,1,2,2
"MANBID",16511.4547042302,2511.00126240728,5091.9546078213,6454.86541944765,6433.95127707184,3922.95001466456,9379,1112,2340,2318,2271,1159,0.0284905509461046,0.819342315963987,0.773565782660989,1.21470910572463,0.0284905509461046,NA,NA,NA,0.0284905509461046,0.819342315963987,0.773565782660989,0.82874753127616,208.335596653794,16.0512969064892,0.351990622300547,59.7790290955112,1,1,1,2
"MANIND",23413.1249225866,3275.83303249814,7200.29420738481,10679.1374820545,10551.0523708109,7275.21933831275,20452,2518,6650,11602,11123,8605,2.28894472316647,3.48053790321542,4.36166840558978,3.37138758568158,0.113962203784418,0.0847026997446644,0.0565459211742903,0.0620042773261967,1.93431562107301,2.77748364870249,2.95370591638759,2.21350286233616,1.06388731101096,1.40610851371507,0.351990622300547,8.71845220970859,20,26,27,28
"MANPLE",12831.6972186193,2458.18636044115,3909.91513920575,3436.81964676082,3866.82166498154,1408.6353045404,19524,3775,5965,5151,5828,2053,NA,NA,NA,NA,NA,NA,NA,NA,NA,NA,NA,NA,NA,NA,NA,NA,NA,NA,NA,NA
"MARMIC",27668.5567137562,4134.12095628865,8657.18561543897,12009.6518112645,12000.5353853013,7866.41442901269,43165,6450,13514,18748,18731,12281,NA,NA,NA,NA,NA,NA,NA,NA,NA,NA,NA,NA,NA,NA,NA,NA,NA,NA,NA,NA
"MARNOB",28070.6438595653,4289.79592049122,8821.36792218685,12146.8109970689,12138.3423574567,7848.54643696547,9927,1299,2914,3268,2962,1663,0.137513577949049,0.131549955277106,0.209019160607311,0.226066430773375,NA,NA,NA,NA,0.137513577949049,0.131549955277106,0.209019160607311,0.226066430773375,5.54027823667398,9.31413743444475,6.64896164331734,1.15788472849396,1,1,3,3
"MATDOM",11753.1587792195,1985.08221848798,4419.81399737624,7328.60829612194,6850.83429384325,4865.75207535527,8583,1965,3703,6046,5417,3452,0.46859130587788,0.492698293497575,0.169637763522871,0.155010693315492,NA,0.0282342332482215,NA,NA,0.46859130587788,0.492698293497575,0.169637763522871,0.155010693315492,6.18936291333747,1.40610850902587,5.31465161292891,16.4945081384492,3,3,3,3
"MAYELO",27830.1308323443,4325.11705309153,8854.14187049866,12198.500087589,12192.7809149623,7867.66386187077,43747,6809,13936,19196,19184,12375,NA,NA,NA,0.385961574448474,NA,NA,NA,NA,NA,NA,NA,NA,NA,NA,NA,NA,NA,NA,NA,1
"MAYLAE",16531.8164857054,2360.16817683447,4923.93000052124,5519.77798932139,5694.06361636182,3333.89543952735,14134,1964,4162,3866,4069,2105,NA,NA,NA,0.802925287560046,NA,NA,NA,NA,NA,NA,NA,0.416963713111572,NA,NA,NA,7.74764371619885,NA,NA,NA,3
"MAYPON",9051.79468492977,2282.86973382533,3882.94276325218,4281.55136242136,4466.7730866177,2183.90335279237,9199,2948,4549,4024,4475,1527,NA,0.0282342332482215,0.0282729605871451,0.416963713111572,NA,NA,NA,0.0310021386630984,NA,0.0282342332482215,0.0282729605871451,0.416963713111572,NA,6.85344753349546,3.87189686408754,5.87466022671469,NA,1,1,1
"MECLAT",8661.63878225297,1701.5543288014,3481.84932951891,5779.20503901655,5324.88213845796,3623.32780965656,8312,1913,3557,5974,5321,3408,NA,NA,NA,NA,NA,NA,NA,NA,NA,NA,NA,NA,NA,NA,NA,NA,NA,NA,NA,NA
"MELAZE",25566.9221624658,3845.7650876157,7903.50038378686,10591.474398911,10709.1482124664,6863.38312485069,39515,5941,12205,16321,16514,10573,NA,NA,NA,NA,NA,NA,NA,NA,NA,NA,NA,NA,NA,NA,NA,NA,NA,NA,NA,NA
"MELBIJ",22713.8492215928,3009.75208161585,6228.45324048959,8123.41063941084,8464.05971749686,5454.30763588101,19755,2387,4389,5210,5744,3357,1.61795026499658,1.81069428564308,2.30269358090714,2.36836354359159,0.0284905509461046,0.0611217220674979,0.0565459211742903,0.0620042773261967,0.554062958716193,0.404585776617211,0.542740469404405,0.438555671349221,41.6657136905439,0.351527127256468,8.83455787819281,3.88802795111996,4,7,10,8
"MELHER",23286.8076025657,2772.50635279063,6431.8391591059,10212.1237994274,9942.99020186067,7170.48384907003,35839,4238,9873,15743,15312,11074,0.199433856622732,0.19763963273755,0.197910724110016,0.602976545090163,0.0569811018922092,0.056468466496443,NA,NA,0.199433856622732,0.19763963273755,0.197910724110016,0.602976545090163,0.354629102093461,9.84275961476229,8.51735950614068,17.3966831391931,1,1,1,1
"MELOBT",16737.6846787538,2238.23636623379,5522.73863243777,9497.14836161304,9080.51318395324,6842.27681771945,25393,3404,8445,14600,13943,10539,NA,NA,NA,NA,NA,NA,NA,NA,NA,NA,NA,NA,NA,NA,NA,NA,NA,NA,NA,NA
"MELTOM",5587.77301146781,564.632308009472,1298.36154666756,1025.51384165599,1306.73719683564,742.10488882617,7791,868,1870,1254,1707,839,NA,NA,NA,NA,NA,NA,NA,NA,NA,NA,NA,NA,NA,NA,NA,NA,NA,NA,NA,NA
"MICCAL",18787.2923287621,3124.27857602551,6970.97248354764,10837.8832111533,10531.6016247848,7407.32304875925,14649,2425,5713,9760,9268,6843,NA,NA,NA,NA,NA,NA,NA,NA,NA,NA,NA,NA,NA,NA,NA,NA,NA,NA,NA,NA
"MICFOV",8973.05059314705,1354.28720316291,3107.58543191245,5159.95059897704,4926.25446258485,3571.96725942194,959,631,828,886,851,220,NA,NA,NA,NA,NA,NA,NA,NA,NA,NA,NA,NA,NA,NA,NA,NA,NA,NA,NA,NA
"MICGAR",8061.74926975672,1208.10503717745,2869.54161986965,4505.35125165735,4199.41433042777,2991.30929325032,6961,978,2599,3571,3062,2084,2.81154783526728,1.50632911374095,0.141364802935726,0.0310021386630984,0.0569811018922092,0.056468466496443,NA,NA,2.10228963108036,1.15480198648448,0.141364802935726,0.0310021386630984,5.67406566660942,0.351527127256468,0.386782891330494,0.385961574448474,5,4,2,1
"MICGUY",9127.87086506793,1720.93618604413,3472.02832992678,5568.34061457682,5168.97409991978,3448.03791387565,13481,2545,5586,9252,8584,6039,3.79296905817504,3.12559516047478,2.25615130681654,2.34990190303445,0.313396060407151,0.508216198467987,0.0848188817614354,0.0310021386630984,2.72908175189466,2.42254090596184,1.90416068451599,2.34990190303445,13.4759059599713,1.75763564097154,2.11194374788942,17.8678812828199,8,7,7,6
"MICIMP",19331.7648474637,2377.90124577819,5428.92757314583,8438.92566459463,8190.22648098855,5812.32523521036,24590,2518,6224,10896,10341,7823,1.77314551046731,2.57697795224633,4.3282642746964,1.15788472334542,NA,NA,NA,NA,0.354629102093461,NA,1.09076413593159,0.385961574448474,2.1277746267525,NA,1.82953765425801,3.08769260588487,2,4,3,1
"MICLAE",28609.7817373574,4332.04830183089,9059.81576061249,13059.2893484682,12917.2438990027,8585.19559717178,35902,5296,11362,17238,16780,11484,1.91559826519783,2.71479799002927,0.386782891330494,0.82874753127616,NA,0.0847026997446644,NA,NA,0.851710958917446,1.3086894810034,NA,NA,18.701876180391,51.9940598198242,NA,NA,1,4,1,1
"MICMIR",15712.3132423535,2699.55137570947,5643.54932820611,7977.81750514358,7652.66069361754,4953.10931790806,8372,1768,3892,5163,4614,2846,NA,NA,NA,NA,NA,NA,NA,NA,NA,NA,NA,NA,NA,NA,NA,NA,NA,NA,NA,NA
"MICPAC",6063.55889394507,1039.3249793076,2223.01377078705,3512.80779745243,3340.33631545771,2301.01133615011,1500,697,1047,1221,1143,446,0.354629102093461,NA,NA,NA,NA,NA,NA,NA,NA,NA,NA,NA,NA,NA,NA,NA,1,NA,NA,NA
"MICPRA",24798.0305574909,3057.75710145384,7096.29811908305,10406.5267472714,10156.9575495049,7099.2004480511,25201,2688,7170,10185,9850,7162,7.1661959338381,23.625819555019,21.4843712005217,20.2032295807056,NA,NA,NA,0.0310021386630984,1.77314551046731,3.07302737420207,8.43066838632644,7.21078790319946,0.354629102093461,5.50548306143554,0.351990622300547,6.64658335501749,14,19,22,19
"MICRAC",19347.9687073715,2757.51638438925,5993.04867248796,9524.61796997767,9037.372608101,6279.85622371174,19241,2887,6130,9896,9032,6145,NA,1.08281561501763,1.40796248920219,0.802925287560046,NA,NA,NA,NA,NA,0.0282342332482215,0.351990622300547,0.416963713111572,NA,1.75763564566074,37.090048717495,46.1235189324627,NA,3,3,1
"MICSER",23944.6399380416,3224.17226013541,7096.90209794044,10708.4179430753,10504.2562943995,7280.08403426409,4359,527,1373,2550,2367,1840,0.709258204186922,0.819342315963987,1.16034867399148,1.24312129691424,NA,NA,NA,NA,NA,0.409671157981994,0.386782891330494,0.82874753127616,NA,10.9528220523051,8.86935013313661,89.8342227541153,1,1,1,1
"MICSIN",11007.0749173262,2027.19565718062,4250.92352407565,6734.70561415609,6374.32998316083,4347.13432598021,7858,1802,3350,5555,4928,3126,NA,NA,NA,0.385961574448474,NA,NA,NA,NA,NA,NA,NA,NA,NA,NA,NA,NA,NA,NA,NA,1
"MICTET",9732.98545014823,1497.83676453803,3724.74398169091,5487.81905061564,5040.52369996208,3542.68693542404,11073,1572,4492,5757,5161,3589,0.782872096155797,2.42941927752755,2.66494571096897,5.60223358593175,NA,NA,0.0282729605871451,0.0310021386630984,0.428242994062336,0.907022707050624,1.60897384406733,2.28724346082712,0.354629102093461,2.5188339215208,23.5833718349981,80.0147101265914,2,5,8,11
"MICTHO",11085.6531700966,863.724335924784,2313.05772537279,2982.17329835976,2902.19083457336,2038.46649864858,13379,912,2785,3284,3179,2267,NA,NA,NA,NA,NA,NA,NA,NA,NA,NA,NA,NA,NA,NA,NA,NA,NA,NA,NA,NA
"MORCIT",28075.6081510819,4122.91523541324,8599.07149837539,11844.7791410461,11859.7123872135,7736.79715180025,10325,827,1416,1127,1353,526,NA,NA,NA,NA,NA,NA,NA,NA,NA,NA,NA,NA,NA,NA,NA,NA,NA,NA,NA,NA
"MOSXER",3077.47317100603,516.507327835008,837.063689403855,606.8509449969,735.878586890429,219.371259055421,3246,610,930,634,781,171,NA,1.40610850902587,1.40796248920219,1.15788472334542,NA,NA,NA,NA,NA,NA,NA,NA,NA,NA,NA,NA,NA,1,1,1
"MOUHEL",15231.9966641329,2642.94035242125,4933.59531429783,6116.34450424463,6259.51910070702,3616.57874828577,582,359,422,448,453,94,0.354629102093461,NA,NA,NA,NA,NA,NA,NA,NA,NA,NA,NA,NA,NA,NA,NA,1,NA,NA,NA
"MUNCAL",20698.0430180166,2295.30569260046,5051.85835920242,6946.73247768541,7233.82444328387,4938.5187506834,17988,1238,2956,4354,4652,3414,NA,NA,NA,NA,NA,NA,NA,NA,NA,NA,NA,NA,NA,NA,NA,NA,NA,NA,NA,NA
"MYRAMA",19968.466232691,3483.8279627841,7482.88504715264,10485.5175570659,10299.2419350762,6815.4139722921,12445,2334,5106,5973,5634,3300,NA,0.351527127256468,0.351990622300547,0.385961574448474,NA,NA,NA,NA,NA,NA,NA,NA,NA,NA,NA,NA,NA,1,1,1
"MYRBOR",7075.62413910028,940.878848260633,2262.45278207586,3293.6064652149,3458.77631682972,2517.89746856909,7688,955,2565,2959,3382,2427,NA,NA,NA,NA,NA,NA,NA,NA,NA,NA,NA,NA,NA,NA,NA,NA,NA,NA,NA,NA
"MYRCER",25584.647324916,4085.00958490744,8174.59791301191,10912.6945273131,10995.6743462309,6910.66476132348,28287,5096,9590,13709,13286,8190,NA,NA,NA,NA,NA,NA,NA,NA,NA,NA,NA,NA,NA,NA,NA,NA,NA,NA,NA,NA
"MYRCIT",14258.0764349699,2019.44543077052,4055.32832382619,6191.26297786832,6225.27774765342,4205.83231688291,11230,1183,2503,4667,4858,3675,NA,NA,NA,NA,NA,NA,NA,NA,NA,NA,NA,NA,NA,NA,NA,NA,NA,NA,NA,NA
"MYRCOR",14388.7131081447,2177.08132802881,4914.06303745694,7776.24760200828,7368.03844979219,5190.95712176338,17497,2569,6541,10973,10205,7636,2.96277070761442,5.48320418118484,3.87189684530601,2.40359596773315,0.0284905509461046,NA,NA,0.0310021386630984,0.834996095053656,1.50011771991265,1.75995311150273,0.831337478749652,2.49584408383024,0.351527127256468,5.98384061197696,3.72936391285289,5,5,6,6
"MYRDEF",20499.9259335659,2829.61904793605,6429.25388885662,9818.93553002551,9460.07278822735,6630.4537402913,9321,1694,4105,5563,4979,3285,1.06388730628038,1.40610850902587,2.14673600283323,4.30240170131242,NA,NA,NA,NA,0.354629102093461,0.351527127256468,0.703981244601093,0.771923148896948,4.61017834613731,3.16374415937581,0.351990622300547,14.2805783421187,2,3,5,7
"MYRFAL",6412.89811916348,1214.31391865649,2548.63347519824,3736.20974111455,3463.82508605106,2249.51116739456,5030,1346,2420,3268,2958,1612,0.709258204186922,0.703054254512936,NA,NA,NA,NA,NA,NA,0.354629102093461,0.703054254512936,NA,NA,10.431471802397,2.81221703680854,NA,NA,2,2,NA,NA
"MYRFLO",18247.2468850091,1887.66921208799,4448.23581470549,6825.31189932674,6762.42141815275,4874.75220606476,11034,845,1480,1250,1503,658,NA,NA,NA,NA,NA,NA,NA,NA,NA,NA,NA,NA,NA,NA,NA,NA,NA,NA,NA,NA
"MYRGUI",27521.7591453195,4226.51145732403,8575.16176760197,11922.8287729323,11872.5238795578,7646.01242223382,13077,1525,2860,4030,3950,2425,NA,NA,NA,NA,NA,NA,NA,NA,NA,NA,NA,NA,NA,NA,NA,NA,NA,NA,NA,NA
"MYRSPL",23056.5009402372,3174.76353865117,7068.64588715136,11120.327646561,10733.904991854,7559.14145320281,12319,2041,4498,7374,6732,4691,25.8031506669951,16.8971978344263,15.290905082684,11.7118250914174,0.0284905509461046,NA,NA,NA,6.15132226791694,4.82898744625532,4.90921569081843,3.13543387998212,0.428242994062336,21.8528260190997,5.27985934389896,34.1302978763575,32,22,24,21
"NECCOR",20436.8701477898,3431.39123461768,6569.06073077023,7584.94575580396,7815.46465114411,4384.07341652643,14970,2852,4700,4113,4607,1755,1.18373735360596,5.47389767004274,5.7601159566039,5.25286328435486,NA,0.0282342332482215,NA,0.0620042773261967,0.474479149419037,3.7162620337604,3.61337995377067,2.90868164647442,2.12777462202192,0.351527127256468,5.0281776130939,18.8955141171416,3,7,14,18
"NECKRU",20514.9020929318,2429.53094080649,5555.09460997768,8609.57559705153,8450.06991649233,6020.53897568583,31359,3704,8488,13177,12929,9225,0.354629102093461,NA,NA,NA,NA,NA,NA,NA,0.354629102093461,NA,NA,NA,0.354629102093461,NA,NA,NA,1,NA,NA,NA
"NECMEM",16815.7610930768,2070.38392833946,5406.64203220932,9496.83834523102,9062.90902102133,6992.52509268187,9687,1588,3759,6645,6121,4533,NA,NA,NA,NA,NA,NA,NA,NA,NA,NA,NA,NA,NA,NA,NA,NA,NA,NA,NA,NA
"NECPAT",20963.4260210656,3822.3809698252,7120.26740031876,8807.77063160669,8996.24292514566,5173.86195532046,14361,3080,4917,4388,4854,1774,NA,NA,NA,NA,NA,NA,NA,NA,NA,NA,NA,NA,NA,NA,NA,NA,NA,NA,NA,NA
"NECTUR",23464.7880083523,3821.38311271276,7886.77216237644,10175.1132617304,10125.2878355626,6303.90472284984,14999,3213,6040,6271,6172,2959,2.31535070831406,1.11272541249493,0.773565782660989,NA,0.0569811018922092,NA,NA,NA,0.46859130587788,0.409671157981994,0.386782891330494,NA,1.06388731101096,8.08512396910155,2.6726879806025,NA,7,2,1,NA
"NEEBUX",12942.1459061329,2293.961084635,4115.9316374308,4179.83990109735,4473.39591792878,2179.43483329378,12296,2470,4009,3513,3886,1416,0.354629102093461,0.351527127256468,0.351990622300547,NA,NA,NA,NA,NA,NA,NA,NA,NA,NA,NA,NA,NA,1,1,1,NA
"NEORES",19778.8922779597,3486.3433960937,6457.42997298762,7869.19582325593,8007.41855521873,4521.07515912503,6505,2040,3034,2719,3015,975,6.72113328683904,7.55762777702592,5.8456420678819,7.1926217072297,0.341886611353255,0.19763963273755,0.0565459211742903,0.0620042773261967,3.7368726861536,3.63268534647925,3.69890606504867,4.0481047292627,1.77314551992846,0.703054254512936,1.40796249859295,1.15788472849396,13,12,12,14
"OCHPYR",22884.4650748335,2532.46788932662,6149.33438393753,9926.73229689989,9649.12858188525,7116.66069255862,35136,3872,9439,15279,14843,10971,0.0284905509461046,NA,0.0848188817614354,0.0310021386630984,NA,NA,0.0282729605871451,0.0310021386630984,0.0284905509461046,NA,0.0848188817614354,0.0310021386630984,30.9263459396702,NA,0.351990622300547,2.70173103658493,1,NA,2,1
"OCOCUN",21731.1384838782,3482.1789823398,7005.6599354744,9599.61754799262,9597.37341309339,6115.19443075359,582,359,422,448,453,94,NA,NA,NA,NA,NA,NA,NA,NA,NA,NA,NA,NA,NA,NA,NA,NA,NA,NA,NA,NA
"OCOFLO",21921.0276199989,3875.00511128828,8101.45154705644,11661.9216942228,11520.0611819066,7645.05607061833,33422,5982,12520,18069,17831,11849,0.88020150986355,1.28380637621334,0.144141912060049,0.48090377303012,0.0569811018922092,NA,NA,NA,0.525572407770089,0.464464060249354,0.144141912060049,0.48090377303012,50.2504260431989,1.40610851371507,1.05597187159702,8.19042968370261,4,4,3,1
"OCOLEU",18592.1346955597,3387.93359755725,6937.70309571922,9544.53068826348,9278.46704150736,5890.53344395012,21619,4536,9273,12617,12100,7564,22.6958067344743,17.7972247925561,20.2491954564881,16.5488559220424,0.547208311517145,0.423513498723322,0.169637763522871,0.376551394023024,8.85183139507837,7.48665004066752,7.54274078463845,7.61491532734832,9.92961491065327,0.703054254512936,0.386782891330494,5.43187424376532,43,41,51,45
"OCOSPA",1748.82190885153,603.678191774932,934.745340743015,1202.45844910378,1122.4744691033,518.796277328365,3112,1289,1946,2225,2019,730,NA,0.409671157981994,NA,NA,NA,NA,NA,NA,NA,NA,NA,NA,NA,NA,NA,NA,NA,1,NA,NA
"OCOWRI",20539.5260838566,2401.29127052403,5490.17090018443,9417.0246692556,9288.7431728316,6887.45190230757,15533,1913,3742,8074,8050,6137,0.0284905509461046,0.0282342332482215,0.0282729605871451,0.0310021386630984,NA,0.0282342332482215,NA,NA,0.0284905509461046,0.0282342332482215,0.0282729605871451,0.0310021386630984,1.77314551992846,1.0545813864586,95.037468579898,29.3448888750739,1,1,1,1
"ORMKRU",13072.6346246791,1869.74653257475,4412.77699631831,6423.85903443256,5985.20311584015,4115.4565832654,12985,1778,5022,6699,6090,4312,1.40958214318297,0.869049836866565,1.54216641513175,0.562564226001614,0.296681196543362,0.235180377127882,NA,NA,0.981339149120639,0.517522709610096,1.54216641513175,0.562564226001614,0.354629102093461,4.56985267309088,1.93391446697146,5.90307240283769,5,4,5,4
"OSSKRU",12703.1447312299,1677.19815303263,4318.8527125456,7565.11085578363,7187.87167547975,5510.67352244712,13129,1798,5028,8378,8000,6202,NA,NA,NA,NA,NA,NA,NA,NA,NA,NA,NA,NA,NA,NA,NA,NA,NA,NA,NA,NA
"OTTRHO",12592.125125132,2360.83708509331,3783.82379126435,3217.59357250031,3652.34840152177,1291.51131642846,16394,3216,5162,4334,4929,1713,NA,NA,NA,NA,NA,NA,NA,NA,NA,NA,NA,NA,NA,NA,NA,NA,NA,NA,NA,NA
"OURLIT",23397.9511573091,2723.31972789578,6357.71993227676,10102.6487020599,9859.5293840291,7136.20965613332,24297,1893,5031,7703,8013,6120,NA,5.56096411957134,4.98686600982368,8.73544116453627,NA,NA,NA,0.0310021386630984,NA,1.17086944322046,1.15382936554868,4.17732974251739,NA,34.4443327330192,6.08821739135863,7.33326993511515,NA,4,4,5
"OXALAN",14791.4639871013,2624.71286457404,5369.47365370207,7261.47709609242,7377.7775103231,4753.06464574905,9244,2564,4176,3616,4076,1512,1.41851640837384,NA,NA,NA,NA,NA,NA,NA,0.354629102093461,NA,NA,NA,4.25554924877442,NA,NA,NA,1,NA,NA,NA
"PALALP",2465.38923581884,534.727002846235,987.265879903754,1808.3839215775,1690.7133728065,1155.98636996026,5231,919,1808,3705,3417,2498,NA,NA,NA,NA,NA,NA,NA,NA,NA,NA,NA,NA,NA,NA,NA,NA,NA,NA,NA,NA
"PALCRO",24125.6894329917,2783.63532643579,6529.06996936258,10370.4312161701,10105.4718069788,7321.83648054302,35254,3876,9448,15292,14856,10980,0.354629102093461,0.351527127256468,NA,1.95822006343198,NA,NA,NA,NA,NA,NA,NA,0.41437376563808,NA,NA,NA,2.70173103143639,1,1,NA,3
"PALRIP",20629.0127319023,2997.70679320768,6608.42994795367,10429.8283098117,10059.0840305164,7061.37723730877,16615,2534,5662,10533,9717,7183,1.06388730628038,NA,NA,NA,NA,NA,NA,NA,NA,NA,NA,NA,NA,NA,NA,NA,2,NA,NA,NA
"PARCRE",26317.4851646051,4157.1450484246,8471.77829194069,11680.7168709412,11668.7390008122,7511.59395238757,582,359,422,448,453,94,0.0343783944872623,0.0328874888192764,0.0310500697114688,0.03326500369602,NA,NA,NA,NA,0.0343783944872623,0.0328874888192764,0.0310500697114688,0.03326500369602,1.28472898789956,1.40610851371507,11.720067381035,11.8913813895413,1,1,1,1
"PERAME",27832.2564510703,4299.48570692539,8763.43470919132,12010.8740714788,12036.3955629468,7736.9098560214,23883,4302,7338,7701,8195,3893,0.937182611755759,1.41989216108967,1.14641062786493,0.684309915621086,NA,0.056468466496443,0.0565459211742903,0.18601283197859,0.937182611755759,1.01022100310767,1.14641062786493,0.684309915621086,0.709258204186922,4.68614074000674,7.03981248826937,1.62908287136271,5,11,14,11
"PETDOM",21843.7846735902,3078.6982950978,6534.01717327163,10157.1116944961,10302.7963523678,7224.09805727005,11763,1590,3439,6784,7058,5468,3.25453086427452,2.6772572942557,0.975100544631341,0.995399632196831,NA,0.0282342332482215,NA,NA,2.19064355799413,1.03857266232773,0.623109922330795,0.995399632196831,0.7092582089175,4.21832555052361,1.75995311150273,4.97248521529467,4,9,8,6
"PHIMYR",11220.911161148,2003.38801100571,3410.0267760898,3727.20402280707,3925.607003788,1922.21899278229,3973,605,893,998,1129,524,NA,NA,NA,NA,NA,NA,NA,NA,NA,NA,NA,NA,NA,NA,NA,NA,NA,NA,NA,NA
"PHLCOW",24223.3170167059,3427.12134787068,7129.84240560606,9973.58675040677,10168.4251540117,6741.30380614102,8894,962,1807,2156,2434,1472,NA,NA,NA,NA,NA,NA,NA,NA,NA,NA,NA,NA,NA,NA,NA,NA,NA,NA,NA,NA
"PHYCUN",6276.64052972678,630.260774398294,1476.13708508263,1658.0631477005,1904.11676574388,1273.85599134559,7415,609,1593,1456,1872,1263,NA,NA,NA,NA,NA,NA,NA,NA,NA,NA,NA,NA,NA,NA,NA,NA,NA,NA,NA,NA
"PHYEPI",15676.6038323201,2749.20265368395,4981.79290881567,5205.84948867583,5508.6813901565,2759.47873647255,24820,3881,7387,7889,8143,4262,NA,NA,NA,NA,NA,NA,NA,NA,NA,NA,NA,NA,NA,NA,NA,NA,NA,NA,NA,NA
"PHYJUG",15813.7745358948,1670.082727166,4050.00847559768,5578.79938982437,5768.8555654027,4098.7728382367,5207,351,981,901,1083,732,NA,NA,NA,NA,NA,NA,NA,NA,NA,NA,NA,NA,NA,NA,NA,NA,NA,NA,NA,NA
"PICACU",11160.0409439662,1302.00029455557,3066.19949886122,3441.97290701759,3789.13204405752,2487.13174950195,12290,1089,3380,2973,3639,2550,12.1111781407441,9.40051566481849,10.4034430440099,12.5574255630989,NA,NA,NA,NA,3.66025322471903,2.4889241240435,3.22446152187921,3.18069901157709,4.25554923931327,29.1132818090655,6.79219866413201,2.07186883924548,7,7,7,8
"PICPEN",21764.514572762,3536.16797637939,6795.26531527564,7958.48977970146,8218.02139917575,4681.85342279635,14738,2797,4602,3993,4485,1688,0.354629102093461,0.703054254512936,1.05597186690164,0.385961574448474,NA,NA,NA,NA,0.354629102093461,NA,0.351990622300547,NA,132.392439346122,NA,4.32826427939178,NA,1,2,3,1
"PILRAC",7778.85388131898,1447.32850684786,2246.37027860623,1933.78354293223,2190.75266963958,743.424162791722,2517,434,566,562,641,207,NA,NA,NA,NA,NA,NA,NA,NA,NA,NA,NA,NA,NA,NA,NA,NA,NA,NA,NA,NA
"PIMRAC",26124.4315150455,3982.25272486359,8154.50813384354,11132.9109095261,11212.8514903709,7230.59876550734,25902,3944,7524,10223,10481,6537,5.59837212353468,1.96160408882003,2.64286853719382,4.07371368521236,0.0343783944872623,NA,NA,NA,2.40671020469353,1.61007696156356,1.58689667029218,2.11549362178039,2.48240372884596,4.74162183015579,0.386782891330494,1.54384630809097,7,7,7,7
"PINCAR",14116.4827514654,1918.76275684219,4680.30277780257,8072.86087711062,7696.00343887415,5777.24068203196,4941,886,1795,2998,2820,1934,0.565756572011385,0.197324932915659,0.186300418268813,0.19959002217612,0.137513577949049,0.197324932915659,0.186300418268813,0.13306001478408,0.565756572011385,0.197324932915659,0.186300418268813,0.19959002217612,2.83703283567,4.21832553645601,0.703981249296475,0.800335340086554,1,1,1,2
"PINCOR",21967.9346275385,3910.53424615972,8144.69622062892,11790.3814952243,11616.2512394041,7705.71699324436,27145,5128,10385,16252,15604,10476,NA,NA,NA,NA,NA,NA,NA,NA,NA,NA,NA,NA,NA,NA,NA,NA,NA,NA,NA,NA
"PIPADU",21243.3311043065,3475.7852788195,7623.05500413477,11540.5753820445,11294.097487662,7818.31220884249,19367,2463,6442,11474,10941,8478,2.29595280663716,1.40610850902587,5.73622676389859,1.60067068017311,NA,NA,NA,NA,NA,0.351527127256468,0.738773513631041,0.82874753127616,NA,6.32748832813002,15.800717855071,91.7238093730133,3,2,2,2
"PIPAMA",28900.1679315362,4212.4856894929,9003.70699498989,12315.4013802838,12312.763599569,8100.27791007608,35972,5090,11248,15675,15578,10488,5.67406563349538,2.9285050795028,1.05597186690164,NA,NA,NA,NA,NA,1.06388730628038,NA,NA,NA,2.83703283567,NA,NA,NA,5,4,1,NA
"PIPBLA",21907.3801804632,3696.25691799447,7874.39791317657,11641.1088928394,11450.1572010815,7753.90028308704,23096,3196,7667,14080,13169,9973,NA,NA,NA,0.385961574448474,NA,NA,NA,NA,NA,NA,NA,NA,NA,NA,NA,NA,NA,NA,NA,1
"PIPGLA",23797.8809762374,3702.77299303561,7900.63652910292,11593.410716109,11406.9655430764,7704.19255004078,15320,2273,5146,9628,8808,6535,NA,NA,NA,NA,NA,NA,NA,NA,NA,NA,NA,NA,NA,NA,NA,NA,NA,NA,NA,NA
"PIPHIS",28040.5999694392,4142.47624385357,8748.8071570769,12610.8132604659,12479.3114409298,8336.8351970762,31826,3656,8991,14972,14385,10729,NA,NA,NA,NA,NA,NA,NA,NA,NA,NA,NA,NA,NA,NA,NA,NA,NA,NA,NA,NA
"PIPJAC",25150.4283224009,3880.67260334827,7744.51631708071,10188.1532198954,10358.9032501467,6478.23064679839,22728,3448,6429,8509,8767,5319,NA,NA,NA,NA,NA,NA,NA,NA,NA,NA,NA,NA,NA,NA,NA,NA,NA,NA,NA,NA
"PIPMAR",18852.5620323569,3365.23800560646,7083.57153778523,9861.74893433601,9814.12243086286,6448.8844252564,16181,3350,7206,8124,8096,4746,NA,NA,NA,NA,NA,NA,NA,NA,NA,NA,NA,NA,NA,NA,NA,NA,NA,NA,NA,NA
"PIPUMB",21152.2633369323,3273.37700133957,7403.24908412993,11578.5911283512,11268.9203411024,7995.54333976284,24932,3052,8035,14168,13506,10454,NA,NA,NA,NA,NA,NA,NA,NA,NA,NA,NA,NA,NA,NA,NA,NA,NA,NA,NA,NA
"PISALB",8550.5964196985,1140.28980977746,2518.38684066336,2929.43413508142,3205.88314525271,2065.59333547525,7785,912,2128,1677,2182,1270,0.840783727909483,2.16563123003525,1.81649903267702,1.99181214956857,NA,NA,NA,NA,0.840783727909483,2.16563123003525,1.81649903267702,1.99181214956857,0.354629102093461,18.3877099555311,5.345375961205,1.24312130244178,1,3,3,3
"PISCAR",10673.3563568909,1169.46034965478,2216.46392344683,2877.76366101019,2927.31839878159,1757.85804912681,15975,1731,3275,4248,4323,2592,0.354629102093461,NA,0.0310500697114688,0.03326500369602,NA,NA,NA,NA,NA,NA,0.0310500697114688,0.03326500369602,NA,NA,4.15023501302408,74.1046227420297,1,NA,1,1
"PISSUB",21646.1992988326,3844.89474293217,8041.88114324212,11587.8588185422,11442.3540461548,7597.4593032226,33422,5982,12520,18069,17831,11849,NA,1.28274485077583,0.719037240589525,0.873622304724166,NA,NA,NA,NA,NA,0.521546565537368,0.367046618288978,0.487660730275692,NA,39.955141700605,0.351990622300547,5.15956142377819,NA,3,4,7
"PITDUL",16297.3948628679,2231.8892204063,4335.50627365336,5657.8985721292,5855.92033484858,3624.03111444227,4512,410,673,816,908,498,3.00789404863719,2.53738825512749,2.56354368742607,0.632035070224381,NA,NA,NA,NA,0.45187644201409,0.253793399412102,0.629629230773597,0.632035070224381,5.31943655978538,0.351527127256468,0.703981249296475,17.039133714746,6,4,5,1
"PITUNG",5205.98993281455,730.737243295338,1697.49476334112,1932.94393518947,2129.42443722761,1398.68719393227,4395,654,1426,1003,1303,649,NA,3.68231301950361,13.5867574890436,13.8260420212887,NA,NA,NA,NA,NA,0.870096001451864,2.25754096936728,0.833600343782574,NA,0.703054259202135,18.6902953213896,7.80446808828098,NA,5,8,8
"PLUALB",19292.6424932451,2345.18016087881,4982.82815597916,6493.52524486452,6856.67666139256,4511.49650051375,21932,2501,4959,5994,6579,4078,NA,NA,NA,0.385961574448474,NA,NA,NA,NA,NA,NA,NA,NA,NA,NA,NA,NA,NA,NA,NA,1
"PLUCAR",25699.1596661657,3886.63649718836,7860.88224521652,10496.6883977819,10635.4320254344,6748.79552824609,35692,4988,10633,14503,14843,9855,NA,NA,NA,NA,NA,NA,NA,NA,NA,NA,NA,NA,NA,NA,NA,NA,NA,NA,NA,NA
"PLUOBT",12941.8050884735,2585.19625042751,5047.33996804059,6848.73684133776,6834.91241406277,4249.71616363525,8615,2939,4500,3920,4344,1405,0.766239306079132,0.57740099324224,0.634720228171998,1.08194453552793,NA,0.0282342332482215,NA,NA,0.41161020398567,0.57740099324224,0.282729605871451,0.310021386630984,1.41851641310442,2.10916277291721,0.351990622300547,1.57225849413204,2,4,4,4
"PODCOR",21924.7796646506,3638.48161621392,6876.70766891912,8477.53205624595,8721.73491234705,5083.25329613313,19645,3782,5977,5167,5844,2062,0.0284905509461046,1.78586986953056,0.788800126362528,0.478967990437769,NA,0.0282342332482215,NA,NA,0.0284905509461046,0.0282342332482215,0.0848188817614354,0.0930064159892951,29.6684976313918,0.409671157981994,0.351990622300547,2.90061637604919,1,2,3,2
"POIFLO",27223.3954951167,3771.83691226318,7828.9136652723,10445.420039136,10640.6716226265,6868.8347103633,21282,2498,4708,5315,5875,3377,0.0569811018922092,2.99185771591341,3.29368936451289,3.67056425698143,NA,NA,0.0310500697114688,0.0665300073920401,0.0569811018922092,2.23065943067495,2.16813295955135,2.4558551512568,10.5050856754436,22.1462091296983,4.92786873568456,0.41437376563808,1,3,3,4
"POIPUN",18687.4566142298,2384.39100490138,5371.36110569537,8399.57774511352,8347.94931711257,5963.55831221119,12800,1471,3412,7002,7043,5572,NA,NA,NA,NA,NA,NA,NA,NA,NA,NA,NA,NA,NA,NA,NA,NA,NA,NA,NA,NA
"POUDIC",24062.0041261446,3836.57430461608,7562.94781897869,9381.60867410619,9614.01627917401,5777.44197455794,15979,2959,5115,4460,4875,1916,NA,NA,NA,NA,NA,NA,NA,NA,NA,NA,NA,NA,NA,NA,NA,NA,NA,NA,NA,NA
"POUMUL",25568.3222690225,4059.4143659398,8136.9432073459,10821.65775951,10925.2433352098,6865.82896926999,39388,6282,12563,16646,16817,10535,2.59636591843865,0.872459654002265,0.169637763522871,0.155010693315492,NA,0.0847026997446644,0.0565459211742903,0.0930064159892951,0.823220407971341,0.520932526745797,0.169637763522871,0.155010693315492,0.354629102093461,2.46068990486287,1.7599531208935,7.74764370590177,4,3,3,2
"PREMON",8327.86778886848,1413.38414886184,3122.45683561609,4363.5086292836,3971.26658755936,2557.88243869751,6950,1400,3154,4070,3624,2224,6.9358230752534,7.45288767971633,8.78998231157139,7.06988302757176,0.0284905509461046,0.367045032226879,NA,NA,6.9358230752534,7.45288767971633,8.78998231157139,7.06988302757176,2.48240372884596,31.6321156883835,19.8465760652365,23.7543506191632,21,19,20,17
"PROJUL",5936.31136086897,732.426014121983,1534.28110887142,1435.24083484643,1707.30985284617,974.883838724184,7065,861,1742,1189,1609,748,NA,NA,NA,NA,NA,NA,NA,NA,NA,NA,NA,NA,NA,NA,NA,NA,NA,NA,NA,NA
"PRUMYR",11629.8828108349,2856.23620481393,5103.66397695767,6316.58905324608,6386.53373999172,3530.29753517779,8204,2572,3964,4045,4350,1778,0.354629102093461,NA,NA,0.385961574448474,NA,NA,NA,NA,NA,NA,NA,NA,NA,NA,NA,NA,1,NA,NA,1
"PSESPU",18374.8132641958,3491.87299423246,6552.23245185241,7496.28419170668,7698.26993057085,4206.39693633839,4153,1519,2263,1912,2204,685,0.0284905509461046,1.51904544201876,3.33755336422779,2.85674171445481,0.0284905509461046,0.0282342332482215,NA,0.0620042773261967,0.0284905509461046,0.815991187505822,0.873619008123964,0.92693384221244,2.5560176066231,1.75763564097154,37.3417304661534,27.1143559769672,1,2,5,4
"PSIAMP",8031.03109981713,2226.76174736617,3784.44818665716,4155.20928227762,4344.05320951832,2117.29146215215,3648,1542,2333,2134,2344,802,NA,NA,NA,NA,NA,NA,NA,NA,NA,NA,NA,NA,NA,NA,NA,NA,NA,NA,NA,NA
"PSYBER",8940.94534087458,1840.31608167445,3603.64352359294,5657.88919962785,5199.54297251609,3359.22689084164,13356,2481,5329,9109,8305,5824,7.09258204186923,3.51527127256468,2.11194373380328,3.20134136034622,NA,NA,NA,NA,2.12777461256077,1.0545813817694,0.351990622300547,0.385961574448474,8.51109849754885,63.5629404865241,0.703981244601093,3.2013413710223,11,8,4,5
"PSYBRA",19545.9170366935,2720.29031174816,6292.46460710838,9941.96064310148,9632.12999288365,6911.83968113549,16142,2311,5385,10184,9370,7059,1.06388730628038,0.703054254512936,0.351990622300547,NA,NA,NA,NA,NA,NA,NA,NA,NA,NA,NA,NA,NA,2,1,1,NA
"PSYGRA",18761.7287009582,3200.92213225365,6846.51844073832,10090.697705023,9948.04236862063,6747.12023636699,21155,2884,7084,12066,11592,8708,NA,NA,0.351990622300547,0.385961574448474,NA,NA,NA,NA,NA,NA,NA,0.385961574448474,NA,NA,NA,0.771923148896948,NA,NA,1,1
"PSYMAL",5904.75370146516,880.567300037605,1885.95823328441,2254.43123920251,2080.26833944885,1199.70103941124,1719,724,988,1131,1068,344,NA,NA,NA,NA,NA,NA,NA,NA,NA,NA,NA,NA,NA,NA,NA,NA,NA,NA,NA,NA
"PSYMAR",17560.8245196473,2041.96611150168,4367.90503622312,6601.47393826488,6592.6157518765,4550.64964037482,11624,1213,1963,1681,1945,732,NA,NA,NA,NA,NA,NA,NA,NA,NA,NA,NA,NA,NA,NA,NA,NA,NA,NA,NA,NA
"PSYPUB",26713.6996797621,4287.43276283145,8720.66198146343,11649.9428336918,11613.6907893121,7326.25802648067,32308,5569,11300,14774,14439,8870,NA,NA,NA,NA,NA,NA,NA,NA,NA,NA,NA,NA,NA,NA,NA,NA,NA,NA,NA,NA
"PTEIND",25505.8219604529,4035.71837030351,8081.14820183441,10713.7432607226,10834.4537694082,6798.73539910465,26028,3698,6948,7807,8513,4815,NA,NA,NA,NA,NA,NA,NA,NA,NA,NA,NA,NA,NA,NA,NA,NA,NA,NA,NA,NA
"QUACYN",11510.1855380673,1386.98903242628,3052.7378096432,3710.53620933151,4007.30979778202,2620.32076535574,8216,890,1981,1489,1944,1054,NA,3.19197837855643,4.2521604281937,2.73273315980242,NA,NA,NA,NA,NA,0.731288487761158,1.78822607208988,0.802925287560046,NA,19.8492995281576,0.703981249296475,NA,NA,3,4,3
"QUAIND",8627.82789045062,1090.18637231729,2302.97684887629,2288.51733029595,2576.9169758381,1486.73060352081,7270,896,1810,1236,1580,684,NA,NA,NA,0.385961574448474,NA,NA,NA,NA,NA,NA,NA,NA,NA,NA,NA,NA,NA,NA,NA,1
"QUATUR",23771.0209130887,3464.83285236917,7362.96309104376,9374.76308193617,9407.39455152117,5942.56169915199,21087,3112,6512,7150,7025,3913,3.22015246978726,3.16374414530821,3.51990622300546,4.63153889338169,0.0284905509461046,NA,NA,NA,2.15626516350687,1.75763563628234,1.75995311150273,1.92980787224237,10.7124870068091,0.819342321428799,64.9117606825214,0.41437376563808,3,3,4,4
"RANACU",25751.6281987466,3482.97181456909,7535.01957030222,9658.8395650126,9902.42681536078,6419.4550007917,22700,2972,6187,5478,6187,3215,3.69351880487236,4.6253337421563,3.30708467682471,5.1879736149678,NA,NA,NA,NA,NA,NA,NA,0.771923148896948,NA,NA,NA,23.271343319192,6,8,8,8
"RAUNIT",20967.7419278617,2560.38224970191,6307.80026077071,8461.13061036089,8637.03420148545,6076.65195178353,16034,1415,4923,5834,6161,4746,0.354629102093461,NA,NA,NA,NA,NA,NA,NA,0.354629102093461,NA,NA,NA,2.83703283093942,NA,NA,NA,1,NA,NA,NA
"RAVURB",4886.08839797597,801.155142720332,1786.45954025334,2278.63161608534,2004.81541515945,1203.66027243912,1999,615,1072,1447,1200,585,NA,NA,NA,NA,NA,NA,NA,NA,NA,NA,NA,NA,NA,NA,NA,NA,NA,NA,NA,NA
"REYKRU",17594.7380928006,3298.54943043925,6680.13810490072,9395.0245287884,9310.7909009289,6012.24147048965,12970,3464,5870,6467,6708,3244,NA,NA,NA,NA,NA,NA,NA,NA,NA,NA,NA,NA,NA,NA,NA,NA,NA,NA,NA,NA
"REYUNC",4342.72246876267,610.850884151988,1010.41310546758,760.57645895261,938.912068776776,328.061184624788,5292,721,1227,828,1069,348,NA,NA,NA,NA,NA,NA,NA,NA,NA,NA,NA,NA,NA,NA,NA,NA,NA,NA,NA,NA
"REYVIV",3950.20227143599,1209.64665453037,1944.98635298252,1658.51956230123,1846.02882489358,636.382170363213,1232,353,507,358,404,51,NA,NA,NA,NA,NA,NA,NA,NA,NA,NA,NA,NA,NA,NA,NA,NA,NA,NA,NA,NA
"RHIMAN",23992.5818274068,2640.68960812688,6082.00120294746,8698.06110373605,8890.42937886063,6249.73977073375,22057,1504,3959,5975,6278,4774,0.497081856823984,1.49081120877054,2.46393435610383,5.46999204967068,NA,0.0282342332482215,NA,NA,0.142452754730523,0.0847026997446644,NA,0.0665300073920401,64.3018028105358,NA,1.40796249389757,32.1886808782829,2,1,1,2
"ROCACA",9011.17420689017,1035.24403673969,2631.00803030934,2804.96025822032,3179.63589977007,2144.39186303038,5144,617,1418,914,1256,639,NA,1.40610850902587,1.40796248920219,1.5438462977939,NA,NA,NA,NA,NA,0.703054254512936,1.05597186690164,1.5438462977939,NA,46.2164971989504,0.351990622300547,2.37259383421859,NA,1,1,1
"RONINE",23597.5288998336,3534.09100233018,7132.73237089813,9382.03222236782,9614.84280733019,6080.75180500001,19063,3540,5961,6844,7227,3687,0.709258204186922,1.75763563628234,3.87189684530601,3.85961574448474,NA,NA,NA,NA,NA,NA,NA,NA,NA,NA,NA,NA,2,1,4,3
"RONPOR",8033.62446341047,1584.96391230752,3178.61228189641,5222.9325984699,4904.52610069246,3319.56218838494,11959,2453,5058,8288,7759,5306,NA,NA,NA,NA,NA,NA,NA,NA,NA,NA,NA,NA,NA,NA,NA,NA,NA,NA,NA,NA
"SAMDOD",25412.1530224308,3567.83912709355,7385.56986465305,9796.03742484003,10062.3197953776,6494.480668284,14219,1969,3386,3987,4429,2460,NA,NA,NA,1.5722584889835,NA,NA,NA,NA,NA,NA,NA,NA,NA,NA,NA,NA,NA,NA,NA,2
"SAMSAM",19536.8432403542,3380.92095737532,7122.9602293428,10074.8906677458,10057.0099342819,6676.08897690661,21929,3739,7676,11785,11956,8217,0.0687567889745246,0.0986624664578293,0.15247323943302,0.0997950110880602,NA,NA,NA,NA,0.0687567889745246,0.0986624664578293,0.15247323943302,0.0997950110880602,21.1573991736515,4.56985268246928,3.16791561948645,6.98752967730948,1,1,3,1
"SAMSPI",25801.2513081133,4155.05519366264,8358.27441588044,11540.4316865206,11462.0452489257,7306.99005526304,17925,3738,6781,7734,7578,3840,NA,NA,NA,NA,NA,NA,NA,NA,NA,NA,NA,NA,NA,NA,NA,NA,NA,NA,NA,NA
"SAPLAU",18025.3350759707,3170.58181331679,6397.63345261291,8969.50006541982,8709.31037025154,5538.72855693474,9869,2152,4276,6725,6021,3869,1.91559826519783,0.141171166241107,0.113091842348581,0.155010693315492,0.0854716528383138,0.056468466496443,NA,NA,1.20634006101091,0.141171166241107,0.113091842348581,0.155010693315492,6.24953643514835,1.52239657594174,2.11194374319404,35.1343125329893,3,5,4,5
"SAPSAP",19511.7519168165,3387.02780199982,7137.56726403162,10046.5408340972,10024.6746427473,6637.64684074745,29190,5114,10789,15194,15161,10047,0.113962203784418,NA,NA,NA,NA,NA,NA,NA,0.113962203784418,NA,NA,NA,1.28472898789956,NA,NA,NA,2,NA,NA,NA
"SAVSES",9948.42153526693,1206.14052306456,3150.10899446178,4506.57820731764,4647.6731086591,3441.53258559454,7662,735,2412,2420,2913,2178,0.737748755133027,0.703054254512936,NA,NA,NA,NA,NA,NA,0.383119653039566,0.351527127256468,NA,NA,2.1277746267525,10.1942867373296,NA,NA,1,1,NA,NA
"SCHFRU",24719.8170181736,3797.79952270538,7665.70892119966,9956.77704552934,10153.059680121,6355.26015741564,30264,4337,8728,11183,11863,7526,NA,0.703054254512936,1.05597186690164,2.34418163788045,NA,NA,NA,NA,NA,NA,0.703981244601093,0.385961574448474,NA,NA,15.2011134377336,51.5387901148821,NA,1,2,5
"SCHGLE",14461.2535591163,1967.43254406191,4797.06833416596,8109.88474540785,7803.29485191777,5835.86230785586,21155,2884,7084,12066,11592,8708,0.0284905509461046,NA,NA,NA,0.0284905509461046,NA,NA,NA,0.0284905509461046,NA,NA,NA,2.83703282620885,NA,NA,NA,1,NA,NA,NA
"SCHMOR",17460.4686107612,2764.82169781532,6240.98506161477,8576.46402588207,8210.21590798907,5445.39421017375,9485,1458,3990,4923,4420,2962,6.30089897591278,5.32971703271451,4.77594298972462,3.83502425324273,1.2250936906825,1.27054049616997,0.681328163215807,0.372025663957181,4.09951047138314,3.92360852368864,4.03716947609358,3.83502425324273,10.3111247274459,1.6386846428576,56.8444518365063,8.57639125300255,27,30,36,35
"SCHOBO",6162.4087790153,1990.57548472518,3084.31323503796,2758.12410863815,3037.08764941338,1046.5121646882,8490,2930,4485,3901,4325,1395,0.0284905509461046,0.351527127256468,0.351990622300547,0.385961574448474,NA,NA,NA,NA,0.0284905509461046,NA,NA,NA,10.1504565828113,NA,NA,NA,1,1,1,1
"SENPOL",4336.88695186241,662.428411803204,1059.40824122278,835.54859209229,1011.4423060012,349.013894197997,5651,880,1437,1067,1313,433,NA,NA,NA,NA,NA,NA,NA,NA,NA,NA,NA,NA,NA,NA,NA,NA,NA,NA,NA,NA
"SENSIA",27756.8648229428,4147.2163767796,8683.12552441284,12045.4832370803,12036.9131192807,7889.69674250111,43165,6450,13514,18748,18731,12281,2.60614406131626,1.56745083580845,2.71201686686302,3.74903894750256,0.142452754730523,0.141171166241107,0.197910724110016,0.376551394023024,2.17790106725393,0.86439658129551,2.00803562226193,2.20519264970866,1.21111509593068,1.75763563628234,0.738773513631041,2.4010060257872,5,3,5,5
"SIDCUB",15773.5340209696,2798.2969452627,5281.44569758698,6623.2084904369,6760.45720910281,3962.16026384011,8372,2895,4419,3844,4243,1348,1.06388730628038,0.499027113297713,0.47160177309193,0.476378042964277,NA,NA,NA,NA,0.354629102093461,0.499027113297713,0.47160177309193,0.476378042964277,2.98426060541602,1.22901347941079,1.93391446697146,25.0258841024975,1,2,2,2
"SIDFOE",19741.6243138742,3224.96358379163,5952.50240767933,6740.06051745638,7095.18272143789,3870.21913764626,18942,3416,5543,4703,5375,1959,0.913467090016881,0.056468466496443,0.0565459211742903,1.01928609332059,0.0569811018922092,NA,NA,0.0310021386630984,0.0569811018922092,0.056468466496443,0.0565459211742903,0.190538562044434,0.354629102093461,0.409671157981994,27.0296255893349,8.10519310975479,3,2,2,5
"SIDOBO",9370.44176426576,1648.31072411546,2669.11483381037,2301.08230479481,2631.68470138498,983.373977269512,5590,854,1411,984,1242,388,0.0284905509461046,0.0282342332482215,NA,2.0718688281904,NA,NA,NA,NA,0.0284905509461046,0.0282342332482215,NA,NA,137.409159683729,0.703054259202135,NA,NA,1,1,NA,1
"SIDPOR",26812.2057789117,4415.1391999796,8779.38182211667,11857.4310736582,11850.3376965821,7435.19849660248,16288,3392,5643,5895,6121,2729,NA,NA,NA,NA,NA,NA,NA,NA,NA,NA,NA,NA,NA,NA,NA,NA,NA,NA,NA,NA
"SIDSAL",23796.5802997816,3759.1085075438,7433.76677780598,9069.66350661777,9324.26600562781,5565.15749808401,15141,3122,5044,4161,4696,1574,0.142452754730523,1.60374814176342,1.42907457278317,1.56543825603154,0.0284905509461046,NA,0.0282729605871451,0.0620042773261967,0.142452754730523,0.900693887250486,1.07708395048263,1.56543825603154,1.71297198767444,15.7579138294906,0.738773513631041,1.24312130244178,2,6,9,8
"SIMTUL",18237.9714778997,2997.1787734665,6204.81508530304,9413.21690657549,9237.07496073842,6239.89618727192,14262,2214,4213,8518,8300,6086,NA,NA,NA,NA,NA,NA,NA,NA,NA,NA,NA,NA,NA,NA,NA,NA,NA,NA,NA,NA
"SIPDEN",14605.5404912634,2101.21223229915,4973.71279483661,8466.23784495797,8050.9011091413,5949.68887684215,8727,1769,3393,5582,5107,3338,NA,NA,NA,NA,NA,NA,NA,NA,NA,NA,NA,NA,NA,NA,NA,NA,NA,NA,NA,NA
"SLOAMY",17430.5894915713,3493.81400481705,6844.33821394295,9177.64919447247,9180.64776110929,5686.83375629224,8490,2930,4485,3901,4325,1395,NA,0.0282342332482215,0.0282729605871451,0.0310021386630984,NA,NA,NA,NA,NA,0.0282342332482215,0.0282729605871451,0.0310021386630984,NA,44.524994391677,6.33583123897289,85.8561642582521,NA,1,1,1
"SLOBER",7365.2784132379,1221.65675555882,2958.91957702157,4246.76423777964,3877.49016099807,2655.83340543925,11575,1863,4737,6496,5928,4065,2.3556990201296,3.00985665078929,1.63414617389935,1.05094239686483,0.142452754730523,0.141171166241107,0.0565459211742903,NA,0.582553509662298,0.900693887250486,0.930164929298254,1.05094239686483,0.354629102093461,33.7732326852598,1.05597187159702,7.40190343227148,7,6,5,4
"SOLENS",19021.5562695824,3371.18400803022,7090.7668734137,9962.57518475316,9924.83222792111,6553.64821989089,28481,5096,10725,15071,15011,9915,NA,NA,NA,NA,NA,NA,NA,NA,NA,NA,NA,NA,NA,NA,NA,NA,NA,NA,NA,NA
"SOLRUG",14871.3799116847,1796.39920149678,4676.97506602788,8347.823671473,7931.22233184269,6134.8231303459,15473,1664,4945,9474,8927,7263,2.48240371465423,1.40610850902587,NA,NA,NA,NA,NA,NA,0.709258204186922,NA,NA,NA,0.7092582089175,NA,NA,NA,1,1,NA,NA
"SOLTOR",27324.7065343931,3219.44968352467,7574.61639158428,11583.533695437,11452.6075158045,8233.1578322798,23946,1810,5588,9266,9292,7482,NA,NA,NA,NA,NA,NA,NA,NA,NA,NA,NA,NA,NA,NA,NA,NA,NA,NA,NA,NA
"SPACAM",28120.6184763163,4151.32734012231,8565.07940996811,11897.690651428,11876.1367273331,7724.80938721076,21033,3014,5704,7409,7728,4714,100.895434989826,86.5492496002436,77.3942834515369,56.0871443929184,7.73411290042012,4.67072005373836,1.16146662385337,2.84902697053482,53.8326080202253,52.7524901816071,44.9844897948587,33.5308999277693,1.41851641310442,26.4808227463621,0.773565782660989,8.87711625865174,71,79,86,80
"SPOMOM",28252.5030122437,3978.97522508539,8527.72819888964,12149.8450165987,12099.1025967132,8120.12737162784,35966,3897,9515,15418,15009,11112,1.89569096900829,1.92996003843611,0.694043258470612,0.729247964775478,NA,0.056468466496443,0.0282729605871451,0.0310021386630984,0.182718992758943,1.16876175319764,0.342052636170065,0.343286390327004,16.5337804630688,1.40610851840427,272.59254570881,10.9205729067076,4,15,8,7
"STAMON",11406.0480985809,1497.57398681925,2748.67510857526,3510.07111954596,3733.36025789892,2235.78627107968,7070,675,1147,1232,1438,763,NA,NA,NA,NA,NA,NA,NA,NA,NA,NA,NA,NA,NA,NA,NA,NA,NA,NA,NA,NA
"STEACU",8280.50792062934,1268.47121644812,2296.51909194794,2528.43168692617,2736.11646197736,1467.64524552925,7049,947,1793,1850,2080,1133,NA,NA,NA,NA,NA,NA,NA,NA,NA,NA,NA,NA,NA,NA,NA,NA,NA,NA,NA,NA
"STESIN",8410.594557276,2074.74277311284,3648.84755486809,4046.03383811563,4203.61357389484,2128.870800782,12267,3098,5436,6003,6239,3141,NA,NA,NA,NA,NA,NA,NA,NA,NA,NA,NA,NA,NA,NA,NA,NA,NA,NA,NA,NA
"SURMAR",1750.21207783379,209.267342593438,312.027617848442,210.444605066114,277.316475586123,68.0491329926853,1112,162,229,140,180,18,NA,NA,NA,NA,NA,NA,NA,NA,NA,NA,NA,NA,NA,NA,NA,NA,NA,NA,NA,NA
"SWIMAC",27640.6894816663,4111.14935020823,8630.43545301445,12005.0283518992,11989.0947534358,7877.94540322758,35136,3872,9439,15279,14843,10971,0.0854716528383138,0.611964046290599,0.561974873102013,0.511905911693218,0.0569811018922092,0.056468466496443,0.0565459211742903,0.0310021386630984,0.0854716528383138,0.611964046290599,0.561974873102013,0.511905911693218,0.354629102093461,2.81221703680854,1.54713157048147,1.54384630809097,2,3,3,2
"SWIMAH",26871.0296483934,3860.5313205719,8018.88244690746,10815.3912908956,10997.3205129653,7136.78919239342,31149,4238,8619,10473,11191,6953,NA,NA,NA,NA,NA,NA,NA,NA,NA,NA,NA,NA,NA,NA,NA,NA,NA,NA,NA,NA
"SYMMAR",27427.0782282725,4352.11246842891,8782.3162663728,11976.3357892781,11964.8181268349,7612.70565840602,23415,4575,8202,9653,9690,5115,0.0854716528383138,0.0847026997446644,0.113091842348581,0.124008554652393,NA,NA,NA,NA,0.0854716528383138,0.0847026997446644,0.113091842348581,0.124008554652393,0.7092582089175,2.1091627776064,5.03224553854313,0.800335340086554,1,1,1,1
"SYMMIC",9128.57181728927,1126.40529893743,2698.48237757149,3253.82891955582,2986.90494627895,1860.49964734152,11575,1416,3368,3937,3561,2145,NA,NA,NA,NA,NA,NA,NA,NA,NA,NA,NA,NA,NA,NA,NA,NA,NA,NA,NA,NA
"SYZJAM",24272.8812688068,3558.14017011598,7693.80181605741,11130.4737701043,10883.4671232887,7325.32695317268,17759,2550,6203,9513,8783,6233,35.0335778550738,24.0856411580741,25.2709270820449,19.1146098984836,0.341886611353255,0.0282342332482215,NA,0.0310021386630984,19.2826695790238,12.7204850244161,12.7772939563761,8.99437238925447,0.354629102093461,1.4642525444406,56.9754850678153,12.3507704492822,42,42,44,34
"SYZMAL",16457.8862313535,2021.06749991328,5291.47895784583,9289.41705816146,8863.59632419888,6842.5288242856,24811,3045,8023,14152,13490,10445,1.21111509021813,NA,NA,NA,NA,NA,NA,NA,0.428242994062336,NA,NA,NA,0.709258204186922,NA,NA,NA,2,NA,NA,NA
"TABCIT",21407.0486239512,3462.40623197146,7635.37834013999,11686.0102829989,11410.1683786716,7947.76214670017,24811,3045,8023,14152,13490,10445,0.0284905509461046,0.0282342332482215,NA,NA,NA,NA,NA,NA,0.0284905509461046,0.0282342332482215,NA,NA,23.0508917732617,0.351527127256468,NA,NA,1,1,NA,NA
"TABHAE",20078.6490256526,2226.98361123726,5265.77631045505,8750.89670452662,8733.71131425351,6506.72770301625,23962,2726,6487,11595,11622,8896,12.2164750159849,12.8294086734094,12.0024734272485,22.8971907594244,NA,NA,NA,NA,2.56787536749254,2.81221701805174,2.81592497840437,4.6883632757609,3.4125036051909,3.51527129132148,72.9583001719761,4.55811144965659,8,7,7,9
"TABHET",28849.5613541007,4379.14332196116,9038.12486732006,12408.2078180909,12439.7116619647,8060.56834000349,38006,5394,11467,15479,15665,10271,36.7185517782104,42.2243186791619,43.5290807833232,46.7055698409587,1.02072065727829,NA,0.169637763522871,1.17649637596262,15.989395715101,17.7998406920956,21.1489858962102,21.7649224445335,0.354629102093461,1.11272541249493,5.98384061197696,0.771923148896948,40,48,53,51
"TABKAR",5253.71584681235,1721.97535835113,2723.64793208498,2343.68210214493,2620.54628380493,898.570925453794,5257,1957,3028,2670,2973,1016,NA,NA,NA,NA,NA,NA,NA,NA,NA,NA,NA,NA,NA,NA,NA,NA,NA,NA,NA,NA
"TABRIG",4950.30508339924,802.758034133074,1960.40737930209,2622.58588273319,2340.85116419177,1538.09313005869,8624,1154,3252,4390,3810,2656,NA,0.0282342332482215,0.0282729605871451,NA,NA,NA,NA,NA,NA,0.0282342332482215,0.0282729605871451,NA,NA,0.703054259202135,1.12555641012103,NA,NA,1,1,NA
"TABSCH",11947.0925584685,1770.59426557238,4072.05658941937,6738.44941914186,6385.11994173925,4614.52567616687,16183,2357,5939,9945,9368,7011,NA,0.351527127256468,0.703981244601093,0.771923148896948,NA,NA,NA,NA,NA,NA,NA,NA,NA,NA,NA,NA,NA,1,1,1
"TAMIND",18337.9026497675,1922.9440212755,4577.86163662537,6365.89265346644,6675.23977351515,4752.29575223965,16868,1422,3772,5124,5696,4274,0.913467090016881,0.0282342332482215,0.0848188817614354,0.0642671423591184,NA,NA,NA,NA,0.913467090016881,0.0282342332482215,0.0848188817614354,0.0642671423591184,0.354629102093461,7.79174087257061,28.57675713118,3.11610480222301,3,1,2,2
"TECGRA",25348.2298456337,4031.57326461188,8073.88184049167,10722.2790446021,10827.8348777425,6796.26161313057,39388,6282,12563,16646,16817,10535,NA,NA,NA,NA,NA,NA,NA,NA,NA,NA,NA,NA,NA,NA,NA,NA,NA,NA,NA,NA
"TECSTA",17435.850773675,1536.52878405669,4409.37166308971,5927.15212001591,6138.46164904447,4601.93286498778,15857,830,3440,4211,4511,3681,NA,NA,NA,0.41437376563808,NA,NA,NA,NA,NA,NA,NA,0.41437376563808,NA,NA,NA,61.1760204286269,NA,NA,NA,1
"TERCAT",28270.0258070081,4368.39815464616,8968.50421583652,12368.0448508412,12363.0060846508,7994.6079300046,43165,6450,13514,18748,18731,12281,0.290793353002204,0.291648843624325,0.753829509619473,0.99763085937656,0.199433856622732,0.174058655060384,0.0282729605871451,0.0952692810222168,0.290793353002204,0.291648843624325,0.367046618288978,0.611669284928086,0.354629102093461,0.351527127256468,2.81592498309975,10.0350009819972,4,5,6,7
"TERSTA",14254.0344050676,2632.16042329371,4806.76279579103,5782.07207129151,5944.78224936128,3312.62182606757,10853,2859,4896,5087,5418,2559,NA,NA,0.351990622300547,0.385961574448474,NA,NA,NA,NA,NA,NA,NA,NA,NA,NA,NA,NA,NA,NA,1,1
"TETBAL",27031.2565664649,3949.80699434876,8237.63252702355,11616.8782036006,11588.6288381815,7638.82184383273,32189,3729,8564,13316,13095,9366,0.0687567889745246,4.48795153128202,4.47214832607886,0.864929564886243,0.0687567889745246,0.169405399489329,0.169637763522871,0.0310021386630984,0.0687567889745246,2.02726164048674,2.32541232324564,0.864929564886243,5.67406566187885,11.9519223876795,2.11194373849866,241.79735372424,1,7,6,3
"TETCRO",12686.6233811087,1655.82175520324,3981.10787854693,7638.08078124753,7387.43207483756,5731.61031963432,8927,1214,2380,5969,5721,4507,NA,NA,NA,NA,NA,NA,NA,NA,NA,NA,NA,NA,NA,NA,NA,NA,NA,NA,NA,NA
"TETELA",27901.1593517705,3923.50603498868,8598.7751495603,11582.7413525812,11610.9532917633,7687.44725677464,22129,2898,7231,7413,7573,4675,10.5180562118204,9.66994434655608,12.2453197666916,11.8210302829309,0.0569811018922092,0.056468466496443,NA,NA,3.78010327204461,3.34245605593965,3.76275256244857,3.63060064594411,11.8634285695038,1.11272541718413,9.57333138712847,0.385961574448474,8,8,12,7
"TETURB",23120.6405292377,2571.81657647155,6239.85348832794,10074.4897403028,9792.22661620006,7220.41003972851,24932,3052,8035,14168,13506,10454,NA,NA,NA,NA,NA,NA,NA,NA,NA,NA,NA,NA,NA,NA,NA,NA,NA,NA,NA,NA
"THEGRA",28054.3071571365,4228.37606389821,8700.26624983549,11894.9209869727,11969.2099082619,7740.83384436369,27869,3824,7383,8642,9313,5489,0.937182611755759,2.45728007365958,1.45734753337032,0.855519384460793,NA,NA,NA,0.0310021386630984,0.227924407568837,0.699644437377236,1.10535691106977,0.855519384460793,0.354629102093461,30.2868141647273,0.773565787820483,3.11610480222301,6,10,10,9
"THEPOP",16968.6351656944,1648.84610138438,3631.42694349657,4915.55884675612,5187.56530748517,3538.7192061008,19710,1502,3336,4558,4991,3489,0.354629102093461,NA,NA,0.03326500369602,NA,NA,NA,NA,NA,NA,NA,0.03326500369602,NA,NA,NA,4.2455773446759,1,NA,NA,1
"THOPOR",5355.32771436588,732.882536804491,1352.826585416,1214.97253532873,1415.46159056267,682.579053758179,5405,723,1330,915,1171,448,NA,NA,NA,NA,NA,NA,NA,NA,NA,NA,NA,NA,NA,NA,NA,NA,NA,NA,NA,NA
"THOSTR",22344.7317125276,3547.39022120088,6984.42685868591,8767.63207196444,9072.41730634123,5525.02708514035,16089,3171,5106,5086,5720,2549,15.0300203954568,8.81300259752422,10.5153119354868,10.5193621088115,0.0569811018922092,0.0282342332482215,0.0282729605871451,0.0310021386630984,7.93743835358762,5.29773132495954,5.55265095424917,6.65974636432678,10.3683331003238,20.868371335473,3.48104603745293,68.4406569331377,18,16,15,15
"THRMOR",22525.1473867595,3691.259211272,6993.39578180388,8750.38995973766,9010.72836002335,5319.46914875135,6209,1057,1701,1505,1729,672,NA,NA,NA,NA,NA,NA,NA,NA,NA,NA,NA,NA,NA,NA,NA,NA,NA,NA,NA,NA
"TOUFIL",25130.6351179873,3332.45575259824,7389.93209509936,10352.9155902724,10478.3022797249,7145.84652712662,19069,1329,4666,8126,8140,6811,NA,NA,NA,NA,NA,NA,NA,NA,NA,NA,NA,NA,NA,NA,NA,NA,NA,NA,NA,NA
"TRELAM",12572.3482828736,2125.87521515647,4448.27653371915,6980.18034303607,6880.42696375446,4754.55174859799,7830,1092,2241,4602,4589,3497,NA,NA,NA,NA,NA,NA,NA,NA,NA,NA,NA,NA,NA,NA,NA,NA,NA,NA,NA,NA
"TREMIC",20506.3347480595,2429.21778423805,5555.2889555851,8611.89568956103,8451.88373544067,6022.66595120262,31359,3704,8488,13177,12929,9225,0.737748755133027,3.33048660189423,1.7223235470935,0.0310021386630984,NA,0.056468466496443,NA,NA,0.383119653039566,1.74994600069178,1.335540655763,0.0310021386630984,61.8795726385787,0.761198285238462,0.703981244601093,75.3027287558963,3,7,3,1
"TRIHIR",21773.4235052105,2598.54134991435,6046.46707684542,7430.84234399088,7715.05421207934,5116.51286216499,27388,2921,7420,8375,8915,5994,0.0687567889745246,3.46041968161979,2.19953972468904,1.99407501460149,0.0687567889745246,NA,NA,NA,0.0687567889745246,0.825297698647932,0.791577235486852,1.22215186570454,17.3768261066523,77.6950281723164,65.6708738647288,0.385961574448474,1,7,7,6
"TRIPAL",22035.7031177431,3522.95539484732,7571.70711688418,10359.875724256,10171.6877997406,6648.73240489326,13373,1960,4835,5992,5736,3776,11.5799459738961,7.79006526613874,6.36410416199698,3.14969687291399,0.256414958514942,NA,NA,NA,2.64060452959065,2.16563123003525,1.43623544978933,1.21988900067162,2.1277746267525,1.0545813864586,3.09426315128193,1.15788472334542,14,9,9,8
"TRITRI",17637.4265000522,3197.75155743491,6586.77608445566,9210.34689065628,9219.90413889382,6022.15258145891,1868,491,807,568,669,178,NA,NA,NA,NA,NA,NA,NA,NA,NA,NA,NA,NA,NA,NA,NA,NA,NA,NA,NA,NA
"TRORAC",15815.3871307136,2966.25423962041,5718.8307548071,6570.10892035777,6658.80579325173,3692.55155363132,18217,3053,6254,6543,6491,3438,NA,NA,NA,NA,NA,NA,NA,NA,NA,NA,NA,NA,NA,NA,NA,NA,NA,NA,NA,NA
"TUROCC",17774.9385677702,3369.9564845846,6969.92746229889,10415.9563804935,10055.3226147681,6685.36613018345,14759,3031,6203,10078,9375,6344,0.211209543705048,0.413892287759321,0.384211142378829,0.354600715491612,0.0854716528383138,0.0282342332482215,NA,NA,0.211209543705048,0.413892287759321,0.384211142378829,0.354600715491612,3.33888971795261,4.97952383576207,10.242520367395,1.92980787739091,4,6,5,4
"UREBAC",22484.7899261075,3950.01783555397,7513.7130440888,11200.3890043006,10961.9177279857,7011.89989243168,14135,3768,5603,9403,9198,5430,4.96480742930846,1.40610850902587,1.86432991859258,3.6441273171739,NA,NA,NA,NA,NA,NA,NA,NA,NA,NA,NA,NA,5,3,2,3
"VACFAR",18458.0438778981,2168.51928609959,5006.90148374706,6967.86284663903,7247.85016868587,5079.33088258628,17780,1560,4429,6678,7147,5587,NA,NA,NA,NA,NA,NA,NA,NA,NA,NA,NA,NA,NA,NA,NA,NA,NA,NA,NA,NA
"VARBEL",17838.4926636294,3347.76151385158,6787.75639169291,9426.53551303968,9396.37483970821,6048.61332585663,582,359,422,448,453,94,NA,NA,NA,NA,NA,NA,NA,NA,NA,NA,NA,NA,NA,NA,NA,NA,NA,NA,NA,NA
"VARPOL",28041.2826690376,4288.71979048848,8813.34822434187,12292.2693953216,12266.6478085816,7977.92801809311,26112,3288,7366,12436,11810,8522,NA,NA,NA,NA,NA,NA,NA,NA,NA,NA,NA,NA,NA,NA,NA,NA,NA,NA,NA,NA
"VARRUP",2325.47626322937,673.128609756648,1082.86251468175,885.56216936835,990.868174160729,317.739564404081,1494,423,645,465,531,108,NA,NA,NA,NA,NA,NA,NA,NA,NA,NA,NA,NA,NA,NA,NA,NA,NA,NA,NA,NA
"VITDIV",21297.8067498589,2863.67459479207,6553.81742201094,10052.3806145489,9882.34592623962,7018.67133144755,21161,2536,6714,11725,11273,8737,0.113962203784418,0.436229827001132,0.436809504061982,0.478967990437769,NA,NA,NA,NA,0.113962203784418,0.0847026997446644,0.0848188817614354,0.0930064159892951,0.354629102093461,9.07623543352767,0.351990622300547,11.3065344760075,2,2,2,2
"WALLAM",27651.614199698,4362.39895260334,8869.01170790195,12108.7429232001,12126.2399869561,7763.84103435278,7908,2571,4063,3453,3872,1301,NA,NA,NA,NA,NA,NA,NA,NA,NA,NA,NA,NA,NA,NA,NA,NA,NA,NA,NA,NA
"XYLBUX",21501.8704459332,3441.1739200186,6524.79813611135,7741.42845115066,8054.5618658457,4613.3879458271,18942,3416,5543,4703,5375,1959,NA,NA,NA,NA,NA,NA,NA,NA,NA,NA,NA,NA,NA,NA,NA,NA,NA,NA,NA,NA
"XYLSCH",15316.5432886966,2856.94850591198,5825.95784234628,8223.96490631253,8167.30473876372,5310.35623285174,582,359,422,448,453,94,NA,NA,NA,NA,NA,NA,NA,NA,NA,NA,NA,NA,NA,NA,NA,NA,NA,NA,NA,NA
"ZANFLA",18666.6155745424,3448.64434060827,6216.60863630101,7045.21085385233,7382.32227260247,3933.6779319942,7908,2571,4063,3453,3872,1301,NA,0.703054254512936,1.05597186690164,NA,NA,NA,NA,NA,NA,NA,0.703981244601093,NA,NA,NA,184.216672379744,NA,NA,1,1,NA
"ZANMAR",26284.7884326801,4073.09691023082,8639.55727235228,11591.2046284378,11578.7339656204,7505.63705538958,20108,3116,7581,9222,9189,6073,4.63282225622305,4.89403675747894,5.5607298956428,4.46266014481404,0.484339366083778,0.367045032226879,0.20068783323434,0.593566364664712,2.78606285378687,3.42978421772755,4.43517349068126,3.2195388478998,5.31943655978538,2.46068990017367,1.40796249389757,3.47365419063042,27,31,34,34
"ZANMON",14141.7482496306,1364.1234530726,4299.53239581184,5859.95182226964,6088.24257330544,4724.11912023284,13986,955,4189,5909,6097,5142,2.8940139186399,2.51715835729172,2.9572897813401,2.11582070422096,0.0569811018922092,NA,NA,NA,1.12086840817259,1.11104984826585,2.253308536739,1.34389755532401,2.48240372884596,6.32748831875162,6.68782186596882,0.828747536803702,3,4,6,5
"ZANPUN",9505.62241047918,1484.33623380814,3251.36312689557,4895.84441129368,4884.44353488804,3400.1073010799,4480,558,1222,1526,1757,1199,NA,NA,NA,NA,NA,NA,NA,NA,NA,NA,NA,NA,NA,NA,NA,NA,NA,NA,NA,NA
"ZAPPOR",24898.1784340478,3629.19423210807,7544.68409811519,10081.6505437978,10255.6186001915,6626.42436808348,8192,875,1996,1467,1960,1085,NA,NA,NA,NA,NA,NA,NA,NA,NA,NA,NA,NA,NA,NA,NA,NA,NA,NA,NA,NA
"ZIZRET",8574.43663418619,1042.58468187437,2192.9553197315,2370.09973758645,2646.12591301324,1603.54123113886,4725,574,966,571,780,206,NA,NA,NA,NA,NA,NA,NA,NA,NA,NA,NA,NA,NA,NA,NA,NA,NA,NA,NA,NA
