"","sp","total_hab_raw","fcover_51_raw","fcover_77_raw","fcover_91_raw","fcover_00_raw","tot_change_raw","total_hab","fcover_51","fcover_77","fcover_91","fcover_00","tot_change","tpa2004","tpa2009","tpa2014","tpa2019","tpa_gs_2004","tpa_gs_2009","tpa_gs_2014","tpa_gs_2019","tpa_diam2_2004","tpa_diam2_2009","tpa_diam2_2014","tpa_diam2_2019","tpa_seedlings_2004","tpa_seedlings_2009","tpa_seedlings_2014","tpa_seedlings_2019","nPlots2004","nPlots2009","nPlots2014","nPlots2019","species","seedmass","ss.guanica","ss.swenson","ss","WD","THK","LA.wp","SLA.wp","MAXHT","ss.log","thk.log","la.log","sla.log","wd.z","ss.log.z","thk.log.z","la.log.z","sla.log.z","maxht.z","ss.log.z_pi","wd.z_pi","thk.log.z_pi","la.log.z_pi","sla.log.z_pi","maxht.z_pi","pca1","pca2","pca1_pi","pca2_pi"
"Acnistus_arborescens","ACNARB",22240.9843754442,2612.76102563087,5978.26614860166,9649.28507894091,9409.01958258171,6796.25855695084,33838,3941,9062,14695,14313,10372,NA,NA,NA,NA,NA,NA,NA,NA,NA,NA,NA,NA,NA,NA,NA,NA,NA,NA,NA,NA,"Acnistus_arborescens",NA,NA,NA,NA,NA,NA,NA,NA,NA,NA,NA,NA,NA,NA,NA,NA,NA,NA,NA,-1.07857141541694,-1.1595874095849,2.66290309171004,0.11857128160043,-1.44823857880129,-1.39850580403619,NA,NA,-3.13103474771719,1.6725164933165
"Adenanthera_pavonina","ADEPAV",14491.5703662267,2787.01430623251,5126.39482128946,5404.7180402058,5646.51423352258,2859.49992729007,9199,2356,3576,2978,3339,983,6.79882434100443,5.6399519410739,6.61236502046928,6.97885084894265,0.227924407568837,0.225873865985772,0.0848188817614354,0.465032079946476,2.18864601378944,2.12468066850922,2.00169466153223,2.31889976437135,3.19166193776346,10.6012949492703,1.40796249859295,39.289859273635,3,2,3,3,"Adenanthera_pavonina",234,NA,NA,234,0.60277991,152.4444444,1233.654518,150.8393019,6.5,2.36921585741014,2.18311160180479,3.09119355359225,2.17851451377814,-0.497151089163936,0.550219047122289,-1.33008999542591,2.28536325555954,0.379992287600102,-0.810256518456059,0.550219047122289,-0.497151089163936,-1.33008999542591,2.28536325555954,0.379992287600102,-0.810256518456059,-1.79228030851101,0.412185409408899,1.5846395453698,0.971086268457642
"Adelia_ricinella","ADERIC",19801.1854815872,2629.89616029891,5443.1812893539,7113.02916669878,7478.27734999928,4848.38118970037,9537,1016,1927,2148,2564,1548,NA,1.11104984826585,2.19676261556471,3.98103435166364,NA,NA,NA,NA,NA,0.056468466496443,0.436809504061982,1.25089113933472,NA,3.1029371872982,9.60405571755126,NA,NA,3,3,5,"Adelia_ricinella",NA,NA,NA,NA,0.817326947,136.6666667,23.93057147,138.3520253,4,NA,2.135662602106,1.37895306983384,2.14098552104962,0.642724942075886,NA,-1.63841529939999,-0.437271451514391,0.20868974686202,-1.11621905452976,-0.449492377217015,0.642724942075886,-1.63841529939999,-0.437271451514391,0.20868974686202,-1.11621905452976,NA,NA,0.686586129237497,-1.24082787515434
"Aiphanes_acanthophylla","AIPMIN",24272.481118666,3861.65166604891,7659.89905737899,10192.4652622491,10328.7298587803,6467.07819273137,37211,5928,11752,15603,15817,9889,NA,NA,NA,NA,NA,NA,NA,NA,NA,NA,NA,NA,NA,NA,NA,NA,NA,NA,NA,NA,"Aiphanes_acanthophylla",NA,NA,NA,NA,NA,192.1111111,45.22604067,174.0977514,8,NA,2.28355248380948,1.65538856894343,2.24079316192217,NA,NA,-0.677421537247481,0.00228881544707484,0.664265588990863,-0.626678996811836,-0.361996169838596,-2.93437428121427,-0.677421537247481,0.00228881544707484,0.664265588990863,-0.626678996811836,NA,NA,0.961460368981887,2.08480583124808
"Albizia_lebbeck","ALBLEB",20720.1293187402,2889.90727909841,5751.69426451251,7392.67198875174,7738.3897204008,4848.48244130239,10963,1221,2101,2769,3070,1849,1.62772840787419,0.056468466496443,NA,0.0642671423591184,0.0854716528383138,0.0282342332482215,NA,NA,1.62772840787419,0.056468466496443,NA,0.0642671423591184,1.28472898789956,NA,NA,3.08769260588487,7,1,NA,2,"Albizia_lebbeck",123,NA,NA,123,NA,NA,NA,NA,NA,2.0899051114394,NA,NA,NA,NA,0.292144845212335,NA,NA,NA,NA,0.292144845212335,-0.393431809716916,-0.78864161804606,0.767194968976719,-0.327968287799549,-0.569221206688828,NA,NA,0.452791510985845,0.302771286429818
"Albizia_procera","ALBPRO",24575.9616152495,3835.05203246139,7600.04784501344,10081.4367391858,10266.3329293504,6431.28089688905,15447,1862,3112,3836,4292,2430,2.91268547452437,5.85591110409123,4.2800026550884,3.82325664049415,0.37037716229936,0.338810798978658,0.172414872647194,0.314547116696827,2.12981337836857,3.92384337563231,3.92801203278785,3.0513334915972,6.60416554197239,3.51527128194308,22.1754093317097,2.31576946213646,11,15,15,13,"Albizia_procera",36,NA,NA,36,NA,NA,NA,NA,NA,1.55630250076729,NA,NA,NA,NA,-0.20088691197146,NA,NA,NA,NA,-0.20088691197146,-0.941567615620022,0.0601959997577298,0.74805982913307,-1.15304067889242,-0.846917915778569,NA,NA,-0.74461522839943,1.02023455443846
"Alchornea_latifolia","ALCLAT",17491.3661732227,3043.88446501642,6374.78683627397,9178.73669929057,8915.61861350387,5871.73414848745,14151,2257,5415,8467,7894,5637,7.39704383708551,3.5837891382183,4.41271260902035,4.44493975176109,0.256414958514942,0.254108099233993,0.0848188817614354,0.250279974337709,3.0678807199951,2.47106372572337,2.54838269042778,2.37307092357069,6.53055164054236,2.10916277291721,22.4189551876753,18.2656519352477,19,19,25,23,"Alchornea_latifolia",34,NA,21.8636,21.8636,0.430138969,179.302682,179.2952453,163.8239611,27,1.33972167323172,2.25358678576458,2.25356877273367,2.21437742253101,-1.41438244974706,-0.401000674229261,-0.872139719235317,0.953455546623167,0.543689923507008,1.69863627734833,-0.401000674229261,-1.41438244974706,-0.872139719235317,0.953455546623167,0.543689923507008,1.69863627734833,-2.07633125363143,-0.28430452811406,1.57716372693324,1.43723112055173
"Allophylus_crassinervis","ALLCRA",22938.7222546041,3839.29505234957,7636.84862446785,10670.048612088,10726.4120316207,6887.11697927117,22063,4188,8056,11942,12181,7993,NA,NA,NA,1.5438462977939,NA,NA,NA,NA,NA,NA,NA,NA,NA,NA,NA,NA,NA,NA,NA,3,"Allophylus_crassinervis",NA,NA,NA,NA,0.881489862,207.25,16.15970792,118.3069046,8,NA,2.31649453922231,1.20843350681736,2.07301009156094,0.983618808174714,NA,-0.463362878199484,-0.708414719593569,-0.101586733602249,-0.626678996811836,-1.08860619683312,0.983618808174714,-0.463362878199484,-0.708414719593569,-0.101586733602249,-0.626678996811836,NA,NA,-0.429614551773417,-1.207537077434
"Allophylus_racemosus","ALLRAC",24410.8776230812,4255.80592825264,8205.99247916043,10752.0970984623,10882.8591430336,6627.05321478099,7543,2519,3999,3370,3791,1272,NA,NA,0.0282729605871451,0.0620042773261967,NA,NA,0.0282729605871451,0.0310021386630984,NA,NA,0.0282729605871451,0.0620042773261967,NA,NA,106.825301354927,NA,NA,NA,1,1,"Allophylus_racemosus",18.55,NA,NA,18.55,0.686336981,204.2888889,235.0207448,242.4582029,8,1.26834391395106,2.31024474636498,2.37110619824849,2.38463688184788,-0.0532171910066567,-0.466951442419202,-0.503974256621424,1.14035188339494,1.32084581939415,-0.626678996811836,-0.466951442419202,-0.0532171910066567,-0.503974256621424,1.14035188339494,1.32084581939415,-0.626678996811836,-1.01334125908097,0.99705777058057,1.11627365686545,0.448085076849887
"NA","ALSBRY",13999.8333937945,1804.50025503617,4432.75781602692,7641.88230864145,7395.44866662007,5590.9484115839,20434,2626,6518,11316,10942,8316,NA,NA,NA,NA,NA,NA,NA,NA,NA,NA,NA,NA,NA,NA,NA,NA,NA,NA,NA,NA,"Alsophila_bryophila",NA,NA,NA,NA,NA,NA,NA,NA,NA,NA,NA,NA,NA,NA,NA,NA,NA,NA,NA,NA,NA,NA,NA,NA,NA,NA,NA,NA,NA
"NA.1","ALSPOR",21111.1181966607,3286.28540094756,6891.22987610288,10298.7939524893,10091.0514446963,6804.76604374871,14627,2005,5150,8950,8407,6402,0.354629102093461,1.2572477071942,0.830111703835279,1.6626749574993,NA,NA,NA,NA,0.354629102093461,1.2572477071942,0.830111703835279,1.6626749574993,0.7092582089175,28.8225616382678,6.2621787609135,2.70173102628786,1,3,3,5,"Alsophila_portoricensis",NA,NA,NA,NA,NA,NA,NA,NA,NA,NA,NA,NA,NA,NA,NA,NA,NA,NA,NA,NA,NA,NA,NA,NA,NA,NA,NA,NA,NA
"Amyris_elemifera","AMYELE",15299.5137059093,2977.70010279864,5462.80829601735,6494.26339945942,6764.93204973638,3787.23194693774,9034,2736,4453,3912,4417,1681,7.80184024605615,9.8427595631811,10.9465015603469,15.0809135946801,NA,NA,NA,NA,1.06388730628038,1.75763563628234,3.90668911433596,4.65995108457129,18.7486093273133,10.2497678274786,11.6156906016534,0.385961574448474,6,7,7,9,"Amyris_elemifera",63.1696,8.2,NA,8.2,0.911156945,225.6262626,27.46144804,74.89156875,8,0.913813852383717,2.35338964955967,1.43872343381847,1.87443292782689,1.14123830878102,-0.7945258877707,-0.223617126294592,-0.342230556860503,-1.00799988799416,-0.626678996811836,-0.7945258877707,1.14123830878102,-0.223617126294592,-0.342230556860503,-1.00799988799416,-0.626678996811836,1.6505459378265,0.357407632019915,-1.02094425263916,-1.1444959165699
"Anadenanthera_peregrina","ANAPER",22257.1670824131,2781.37642289605,6147.20224525686,9774.20693930425,9543.04567260202,6761.66924970597,34397,4275,9477,15127,14754,10479,NA,NA,0.0848188817614354,0.0620042773261967,NA,NA,NA,NA,NA,NA,0.0848188817614354,0.0620042773261967,NA,NA,8.13057661950557,NA,NA,NA,1,1,"Anadenanthera_peregrina",NA,NA,NA,NA,NA,NA,NA,NA,NA,NA,NA,NA,NA,NA,NA,NA,NA,NA,NA,0.210216509191455,0.380543426866039,-1.46162848143922,0.218119131553366,0.178267735189985,-0.765908828750181,NA,NA,0.948183426157922,-0.757973941301715
"Andira_inermis","ANDINE",26492.9784041047,4162.25218800455,8405.61510623991,11123.5017023459,11179.4898568243,7017.23766881973,30931,4755,10112,12489,12669,7914,22.6844740272268,22.5003944109716,19.149498597528,18.3004253842594,1.53449924106786,1.18552309660341,0.517244617941583,1.16970778086386,14.7354059972329,15.5306588394711,13.4132718336294,12.039803619515,0.709258204186922,2.10916277291721,28.8243709459266,0.41437376563808,66,70,73,73,"Andira_inermis",792,NA,13520,13520,0.738835596,161.9027778,385.2892141,189.8808778,28,4.13097669160562,2.20925430009904,2.58578685141524,2.27848123075021,0.225704922057937,2.17802974828605,-1.16021380310482,1.48171572964982,0.836294238745992,1.82102129177781,2.17802974828605,0.225704922057937,-1.16021380310482,1.48171572964982,0.836294238745992,1.82102129177781,-2.28650594084592,-0.972028526779453,2.48289272299562,-0.148837847763236
"Annona_glabra","ANNGLA",26435.6693843827,4042.92722446471,8112.34612184763,10971.3665105402,11129.9589635357,7087.03173907101,26513,3742,7110,8200,8875,5133,NA,NA,NA,NA,NA,NA,NA,NA,NA,NA,NA,NA,NA,NA,NA,NA,NA,NA,NA,NA,"Annona_glabra",NA,NA,NA,NA,NA,NA,NA,NA,NA,NA,NA,NA,NA,NA,NA,NA,NA,NA,NA,0.19567654961536,-0.711247898799892,0.0383651650053939,-0.0563413937567219,0.112768867873744,0.221453163722302,NA,NA,0.188446997131636,0.403395975136794
"Annona_montana","ANNMON",18630.7340036198,2272.02344230935,4885.97795366566,8475.08765171515,8404.16586840735,6132.142426098,11322,1280,2556,5163,5272,3992,NA,NA,NA,NA,NA,NA,NA,NA,NA,NA,NA,NA,NA,NA,NA,NA,NA,NA,NA,NA,"Annona_montana",NA,NA,NA,NA,NA,NA,NA,NA,NA,NA,NA,NA,NA,NA,NA,NA,NA,NA,NA,0.19567654961536,-0.711247898799892,0.0383651650053939,-0.0563413937567219,0.112768867873744,0.221453163722302,NA,NA,0.188446997131636,0.403395975136794
"NA.2","ARDELL",18494.0186438523,3418.58659283072,6967.38780703023,9730.19298359007,9730.71945440397,6312.13286157325,27399,5125,10455,14605,14600,9475,NA,NA,NA,NA,NA,NA,NA,NA,NA,NA,NA,NA,NA,NA,NA,NA,NA,NA,NA,NA,"Ardisia_elliptica",NA,NA,NA,NA,NA,NA,NA,NA,NA,NA,NA,NA,NA,NA,NA,NA,NA,NA,NA,NA,NA,NA,NA,NA,NA,NA,NA,NA,NA
"Ardisia_glauciflora","ARDGLA",5592.45347316279,902.676650718135,2252.23307328255,3272.86123925993,2977.10820556944,2074.4315548513,5289,893,2349,3041,2687,1794,NA,NA,NA,NA,NA,NA,NA,NA,NA,NA,NA,NA,NA,NA,NA,NA,NA,NA,NA,NA,"Ardisia_glauciflora",NA,NA,160,160,0.5485072,541.037037,230.847,59.0405,7,2.20411998265592,2.73322699600151,2.36332423499757,1.77115002676758,-0.785498866623244,0.397675735665581,2.24457959114575,1.12797777856732,-1.47943868983591,-0.749064011241318,0.397675735665581,-0.785498866623244,2.24457959114575,1.12797777856732,-1.47943868983591,-0.749064011241318,0.67447302549084,-2.13242906039228,-2.21030531891225,1.53964653355532
"Ardisia_obovata","ARDOBO",18669.7679391243,3323.23962879181,6300.68536769226,7131.24713656679,7373.9005834572,4050.66095466539,14155,2876,4878,4230,4638,1762,12.4958803906652,16.7490252181495,18.508198041807,22.542231323639,NA,NA,NA,NA,2.96762781060877,4.04123049199772,5.41902841062799,5.93407452014863,33.4356303822334,0.703054259202135,1.7599531208935,1.18629691968357,13,11,13,18,"Ardisia_obovata",NA,NA,NA,NA,0.805142717,395.9377778,50.95726004,71.55747892,12,NA,2.59762694127568,1.70720606804198,1.85465503130255,0.577990830944288,NA,1.3634455660315,0.084683854472088,-1.09827686264102,-0.137138939093906,0.846866837774487,0.577990830944288,1.3634455660315,0.084683854472088,-1.09827686264102,-0.137138939093906,NA,NA,-1.51170916566838,-0.358497649915352
"Artocarpus_altilis","ARTALT",18263.539021356,3312.7680856213,6838.36291452311,9712.5500896126,9680.98383723386,6368.21575161256,19740,2598,6446,11215,10792,8194,0.748539501659245,1.16503723624005,1.72408306551873,2.267851091916,0.233812251109995,0.183365166202494,0.169637763522871,0.465032079946476,0.748539501659245,0.813510108983584,1.02010182091764,1.49592794301906,1.06388731101096,2.86769811680358,0.351990622300547,39.8676911495688,7,9,10,11,"Artocarpus_altilis",5898,NA,NA,5898,0.44683506,288,713.6953333,196.8713333,16,3.77070476821578,2.45939248775923,2.85351285700818,2.29418248253733,-1.32567708139327,1.84515000613272,0.465193122972424,1.90742702530474,0.907963210608834,0.352401118624023,1.84515000613272,-1.32567708139327,0.465193122972424,1.90742702530474,0.907963210608834,0.352401118624023,-2.31900799695131,-1.23515877252208,1.27210278010876,1.7099381523501
"Avicennia_germinans","AVIGER",20231.3740170649,2197.82352829026,4838.6813287125,6886.90691596176,7123.42946415488,4925.60593586462,20584,1548,3648,5275,5593,4045,3.36649552385424,2.96890608926326,4.02881951357408,7.5776525533242,0.0284905509461046,0.056468466496443,0.0565459211742903,0.0620042773261967,2.30260821757385,0.859743325724455,1.21289453516971,2.14577831985596,8.51109850701,1.75763564566074,87.5464810792884,0.771923148896948,2,1,1,2,"Avicennia_germinans",10120,NA,NA,10120,NA,NA,NA,NA,NA,4.00518051250378,NA,NA,NA,NA,2.06179809951007,NA,NA,NA,NA,2.06179809951007,2.46641310117439,-3.75854756038025,0.107727964835243,4.01717221051263,1.50028240978307,NA,NA,5.53677270221487,-3.27511222294513
"Badiera_penaea","BADPEN",5068.14044366344,941.60546716606,1602.06962282549,2047.28022170228,2144.9331883406,1203.32772117454,5238,896,1473,2168,2268,1372,NA,NA,NA,NA,NA,NA,NA,NA,NA,NA,NA,NA,NA,NA,NA,NA,NA,NA,NA,NA,"Badiera_penaea",NA,NA,NA,NA,0.961802083,505.5111111,2.396346125,44.33559746,8,NA,2.70373070579524,0.379549547156758,1.64675256532885,1.41031300546412,NA,2.05291163815019,-2.02642364305694,-2.04725572025762,-0.626678996811836,-0.343071749954571,1.41031300546412,2.05291163815019,-2.02642364305694,-2.04725572025762,-0.626678996811836,NA,NA,-3.48536732617854,-1.73417233714639
"Bixa_orellana","BIXORE",26687.0213461239,4165.59667978063,8415.61446455307,11635.5942254812,11665.9222325813,7500.32555280067,41381,6460,13061,18065,18104,11644,NA,NA,1.05597186690164,NA,NA,NA,NA,NA,NA,NA,NA,NA,NA,NA,NA,NA,NA,NA,1,NA,"Bixa_orellana",25,NA,NA,25,NA,NA,NA,NA,NA,1.39794000867204,NA,NA,NA,NA,-0.347208793064547,NA,NA,NA,NA,-0.347208793064547,-0.480044971061508,-0.300535398691657,0.190272672166478,0.254688351672824,-0.265074641801427,NA,NA,0.291872378865907,0.339405861592941
"Bocconia_frutescens","BOCFRU",23084.7257399918,3058.8052033335,6740.66521759052,10861.5422031302,10723.647781563,7664.84257822949,18972,2386,5435,10264,10256,7870,0.0284905509461046,NA,NA,NA,NA,NA,NA,NA,0.0284905509461046,NA,NA,NA,1.06388731101096,NA,NA,NA,1,NA,NA,NA,"Bocconia_frutescens",17.9147,NA,NA,17.9147,NA,NA,NA,NA,NA,1.25320953985711,NA,NA,NA,NA,-0.480935120355146,NA,NA,NA,NA,-0.480935120355146,-1.23505253284862,0.738938310392675,0.37600064267185,-0.637263214440288,-0.177983683254919,NA,NA,-0.841208956644501,1.32497625258632
"Bonellia_umbellata","BONUMB",14060.7779524345,2845.27231073566,5393.01562339813,7281.43480520137,7394.18870339543,4548.91639265977,2649,877,1325,1152,1268,391,NA,NA,NA,NA,NA,NA,NA,NA,NA,NA,NA,NA,NA,NA,NA,NA,NA,NA,NA,NA,"Bonellia_umbellata",NA,NA,NA,NA,NA,NA,NA,NA,NA,NA,NA,NA,NA,NA,NA,NA,NA,NA,NA,-0.164206277342345,-0.239153130197326,0.78119347441695,-0.0076020019885246,-0.690497762977457,-0.106048913366204,NA,NA,-1.01172516994292,0.29014472190601
"Bourreria_succulenta","BOUSUC",16810.3404146481,2244.01621584944,4707.56709430325,5270.66496822483,5649.97837590268,3405.96216005324,14567,1745,3502,2640,3235,1490,5.03792430016698,19.154175332445,21.6022055228252,22.5976063937062,NA,NA,NA,NA,1.33096513754371,6.96967688282299,8.08739279928463,7.5166927990261,2.48240372411538,0.703054254512936,82.2451575310972,144.969903806186,6,16,16,13,"Bourreria_succulenta",16.4756,31.5,NA,31.5,0.749497768,281.025641,23.06091297,114.0318324,10,1.4983105537896,2.44874594708223,1.36287649680016,2.0570261031425,0.282352426836837,-0.254469617432561,0.396011519327498,-0.462834820753406,-0.17454626776865,-0.381908967952871,-0.254469617432561,0.282352426836837,0.396011519327498,-0.462834820753406,-0.17454626776865,-0.381908967952871,0.893673812587881,0.126903818804157,-0.677256200832939,-0.450323668047898
"Bourreria_virgata","BOUVIR",11619.3194803172,2185.44845822873,3749.62225966575,3684.45278499555,4043.71392961359,1858.26547138486,12955,2865,4641,3921,4491,1626,1.06388730628038,0.703054254512936,1.05597186690164,1.96081001090547,NA,NA,NA,NA,0.354629102093461,NA,NA,0.0310021386630984,2.1277746267525,NA,0.703981249296475,1.54384630809097,2,1,2,3,"Bourreria_virgata",21.0532,NA,NA,21.0532,0.804041863,290.5555556,10.83866897,80.43109454,15,1.32331811616785,2.4632291838304,1.03497595245359,1.90542397880385,0.572142057146053,-0.416157036663618,0.490124111821684,-0.984229689625314,-0.866540035583529,0.230016104194541,-0.416157036663618,0.572142057146053,0.490124111821684,-0.984229689625314,-0.866540035583529,0.230016104194541,1.52109970121695,-0.322720721028214,-1.19951511806965,-0.868220347461218
"Brunfelsia_americana","BRUAME",26719.9125801921,4320.59392654896,8571.49363017082,11765.334118396,11800.3992083669,7479.80528181791,41940,6794,13476,18497,18545,11751,NA,NA,NA,NA,NA,NA,NA,NA,NA,NA,NA,NA,NA,NA,NA,NA,NA,NA,NA,NA,"Brunfelsia_americana",NA,NA,NA,NA,NA,NA,NA,NA,NA,NA,NA,NA,NA,NA,NA,NA,NA,NA,NA,-0.485354981116325,-0.522289917617463,1.21475326436983,0.0855995426670297,-0.345474876999715,-0.766389489244294,NA,NA,-1.2716744559326,0.704362662105831
"NA.3","BRUDEN",13950.399997673,2004.05845804792,4651.69423707109,7838.66430272348,7571.24246880691,5567.184010759,20415,2940,6871,11667,11250,8310,NA,NA,NA,NA,NA,NA,NA,NA,NA,NA,NA,NA,NA,NA,NA,NA,NA,NA,NA,NA,"Brunfelsia_densifolia",NA,NA,NA,NA,NA,NA,NA,NA,NA,NA,NA,NA,NA,NA,NA,NA,NA,NA,NA,NA,NA,NA,NA,NA,NA,NA,NA,NA,NA
"Brunfelsia_lactea","BRULAC",10706.2541797645,1571.52154896362,3620.44140263041,6083.5936097037,5796.49335833173,4224.97180936811,6743,1046,2548,3482,2987,1941,NA,NA,NA,NA,NA,NA,NA,NA,NA,NA,NA,NA,NA,NA,NA,NA,NA,NA,NA,NA,"Brunfelsia_lactea",NA,NA,NA,NA,NA,NA,NA,NA,NA,NA,NA,NA,NA,NA,NA,NA,NA,NA,NA,-0.59819568629966,-0.633285412465231,1.68675343025872,0.117654182000808,-0.605905841067377,-1.02384349007512,NA,NA,-1.81812348351389,0.936826362136884
"Bucida_buceras","BUCBUC",21632.9475701342,2880.71922336868,6176.34515022556,8098.65874906606,8394.71934713307,5514.00012376439,19376,1998,4750,5400,6052,4054,11.6379578163351,2.48086105133674,2.24614765973285,3.38830380179333,0.227924407568837,0.141171166241107,0.144141912060049,0.0952692810222168,4.90000487655931,1.42627966956734,1.8941570374323,2.2304190784479,1.06388731101096,21.0308207758512,3.20270787443025,21.1330621746756,16,6,8,9,"Bucida_buceras",38,2.9,NA,2.9,0.935231475,247.9583333,10.99841035,91.6496375,25,0.462397997898956,2.39437870849481,1.04132991914801,1.96213075154525,1.26914489790984,-1.21161970910136,0.0427312506156571,-0.974126243051126,-0.60769977525651,1.45386624848936,-1.21161970910136,1.26914489790984,0.0427312506156571,-0.974126243051126,-0.60769977525651,1.45386624848936,1.37757928884836,-0.279686892677322,-0.71064507539235,-1.31893339362744
"Buchenavia_tetraphylla","BUCTET",13603.2838400248,2617.13659344241,5085.71376468241,7123.51151198708,6877.89632260054,4260.75972915813,9500,2239,4365,6463,5915,3676,0.725006264392821,0.258761354805048,0.288283824120099,0.254805704403552,0.170943305676628,0.117590188563941,0.0565459211742903,0.130797149751159,0.37037716229936,0.258761354805048,0.288283824120099,0.254805704403552,8.31713753062881,1.40610851371507,12.9500006127962,1.18629691453503,7,6,6,5,"Buchenavia_tetraphylla",586.04,NA,932,932,0.668729366,195.3111111,22.89388163,241.1821938,30,2.96941591235398,2.29072695067217,1.3597194330228,2.38234524119672,-0.146765433790353,1.10478471421683,-0.63080159393293,-0.467854869919525,1.31038553689089,2.06579132063678,1.10478471421683,-0.146765433790353,-0.63080159393293,-0.467854869919525,1.31038553689089,2.06579132063678,-1.36176266444182,-0.202350622708901,1.86205556108639,-0.501739026254002
"Bunchosia_glandulosa","BUNGLA",17902.9899036693,2415.16408000654,4971.15079642786,6451.1181745152,6789.93895751564,4374.7748775091,13347,1425,3037,4048,4543,3118,NA,NA,NA,NA,NA,NA,NA,NA,NA,NA,NA,NA,NA,NA,NA,NA,NA,NA,NA,NA,"Bunchosia_glandulosa",NA,NA,NA,NA,NA,NA,NA,NA,NA,NA,NA,NA,NA,NA,NA,NA,NA,NA,NA,-0.154286831547079,-0.551715684499772,0.775646266573826,0.0902919814777617,-0.0239510940518315,-0.391415841282498,NA,NA,-0.60874898626546,0.575694816832916
"Bursera_simaruba","BURSIM",17955.0872251205,2649.03288185038,4889.01791423373,5534.75043361634,5953.6122498475,3304.57936799712,18573,3036,5176,4568,5196,2160,7.38825558257068,10.9967772431899,9.15416821619929,8.60385344688696,0.211209543705048,0.169405399489329,NA,0.0310021386630984,5.89612528222796,8.71318238747449,6.93784767530617,7.03159495790346,1.28472898789956,10.8973409965317,0.386782891330494,0.385961574448474,28,33,32,33,"Bursera_simaruba",117,62.4,NA,62.4,0.408846119,207.8647343,100.3336848,136.2139871,21,1.79518458968242,2.3177808144972,2.00144676220076,2.13422170528937,-1.52751013349962,0.0198325030051976,-0.455004615272087,0.552556173663936,0.177816047874231,0.964326190771435,0.0198325030051976,-1.52751013349962,-0.455004615272087,0.552556173663936,0.177816047874231,0.964326190771435,-1.46651129565161,-0.339299264329005,0.922689313430361,1.30952472839201
"Buxus_portoricensis","BUXPOR",15713.9407317489,3324.78426671959,6303.53930833749,8284.09673003107,8331.90615241788,5007.12188569829,12272,3385,5723,6264,6519,3134,NA,NA,NA,NA,NA,NA,NA,NA,NA,NA,NA,NA,NA,NA,NA,NA,NA,NA,NA,NA,"Buxus_portoricensis",NA,NA,NA,NA,NA,NA,NA,NA,NA,NA,NA,NA,NA,NA,NA,NA,NA,NA,NA,-0.048148890288472,-0.699177234535288,-0.0131717277887045,0.369111509803647,0.0840872477289465,0.0611169399074166,NA,NA,0.200337836140573,0.637469982220822
"Buxus_vahlii","BUXVAH",24632.1768761724,3872.20457860827,7691.12504799291,10243.4914005026,10405.5155650713,6533.31098646298,37905,5956,11824,15704,15967,10011,NA,NA,NA,NA,NA,NA,NA,NA,NA,NA,NA,NA,NA,NA,NA,NA,NA,NA,NA,NA,"Buxus_vahlii",NA,NA,NA,NA,NA,NA,NA,NA,NA,NA,NA,NA,NA,NA,NA,NA,NA,NA,NA,-0.048148890288472,-0.699177234535288,-0.0131717277887045,0.369111509803647,0.0840872477289465,0.0611169399074166,NA,NA,0.200337836140573,0.637469982220822
"Byrsonima_crassifolia","BYRCRA",21004.7801528275,2106.61118694674,5052.19397655409,8176.52307153074,8171.14799811831,6064.53681117157,21535,1758,4330,6426,6847,5089,NA,NA,NA,NA,NA,NA,NA,NA,NA,NA,NA,NA,NA,NA,NA,NA,NA,NA,NA,NA,"Byrsonima_crassifolia",2.02,NA,NA,2.02,NA,NA,NA,NA,NA,0.305351369446624,NA,NA,NA,NA,-1.3567257742462,NA,NA,NA,NA,-1.3567257742462,-1.98173378555415,2.2912511437176,-0.437304256785697,-2.26772377733918,0.278731878032673,NA,NA,-3.06531379685548,2.07546859231004
"Byrsonima_lucida","BYRLUC",14945.0062745879,1931.30383682507,4163.54598459415,6265.72335679736,6434.26259102393,4502.95875419886,15275,1738,3771,6124,6456,4718,4.6386688781611,5.09078518107988,4.37177157898509,6.82482632875099,NA,0.0282342332482215,NA,NA,2.15626516350687,2.63009529028461,2.92901682075295,4.83819407412941,6.38332387079635,11.9519223970579,0.703981244601093,145.026728261782,2,4,5,6,"Byrsonima_lucida",459.1228,NA,NA,459.1228,NA,NA,NA,NA,NA,2.66192886032934,NA,NA,NA,NA,0.820676506087901,NA,NA,NA,NA,0.820676506087901,0.6431028189014,-1.53999983626838,-0.307674066959365,1.29850630160732,1.41721057993506,NA,NA,2.19622117517955,-1.25802995741892
"Byrsonima_spicata","BYRSPI",21649.1621718789,2587.36297462462,5898.76056874637,8978.67774466472,8748.98028411297,6161.61730948836,14530,1350,3536,4355,3949,2599,1.05114481554018,1.2441579418002,0.897508200829275,0.726985099742556,0.113962203784418,0.141171166241107,0.0565459211742903,0.0620042773261967,0.696515713446717,0.892630814543731,0.897508200829275,0.341023525294082,21.1439588044755,1.40610851840427,17.0347190221362,0.41437376563808,5,10,10,8,"Byrsonima_spicata",108,NA,289.2,289.2,0.676861271,164.2777778,20.99652813,218.7030325,28,2.46119828862249,2.21557881948156,1.32214748813211,2.33985480493469,-0.103561091621697,0.635207873607865,-1.11911684903866,-0.527598043931568,1.11643629499653,1.82102129177781,0.635207873607865,-0.103561091621697,-1.11911684903866,-0.527598043931568,1.11643629499653,1.82102129177781,-1.19880540028178,0.27282850591206,1.89411601169944,-0.616066750507086
"Byrsonima_wadsworthii","BYRWAD",7537.96358065796,1562.19445658103,3034.56372650666,4804.70081031718,4531.01053240336,2968.81607582234,7483,1842,3219,5235,4703,2861,0.41161020398567,0.379761360504689,0.380263582887692,0.416963713111572,0.0284905509461046,NA,0.0282729605871451,NA,0.0569811018922092,0.0282342332482215,0.0282729605871451,0.0310021386630984,0.428242994062336,35.1527129085256,22.171341387479,3.85961576507889,2,2,2,2,"Byrsonima_wadsworthii",NA,NA,NA,NA,0.587397089,286.2777778,27.7614592,87.52933138,19,NA,2.45678763739148,1.44344228980345,1.94215361098679,-0.5788791297649,NA,0.448266711740534,-0.334727100889067,-0.698886207013458,0.71955616191247,-0.353848733951604,-0.5788791297649,0.448266711740534,-0.334727100889067,-0.698886207013458,0.71955616191247,NA,NA,-0.667240934774071,0.383410385025488
"Calophyllum_antillanum","CALANT",18029.8213062165,3022.73235340789,5681.19994868338,6661.65027017333,6761.55160775967,3738.81925435178,18420,3260,6064,6363,6455,3195,5.27134884251656,10.2871324080007,4.74300207968149,7.70226475389,0.341886611353255,0.423513498723322,NA,0.434029941283377,1.01579961739503,3.20110877504917,2.49188926975842,1.77078018121486,2.55601761608426,4.85790988145283,43.4954645231642,7.80446808313245,11,14,16,20,"Calophyllum_antillanum",1000,NA,NA,1000,0.669935491,283.9444444,73.44218385,133.6142177,35,3,2.45323337578395,1.86594558240755,2.12585267326022,-0.140357361241772,1.1330434336691,0.425170992178456,0.337095659528294,0.139615277059981,2.67771639278419,1.1330434336691,-0.140357361241772,0.425170992178456,0.337095659528294,0.139615277059981,2.67771639278419,-1.10660107058351,-1.93875398545796,0.747109637638225,0.194724751009982
"Calyptranthes_krugii","CALKRU",4041.20501761796,952.973622630729,1642.33742524011,2358.19899342628,2212.83924326059,1259.86562062986,3356,1359,2016,2468,2284,925,NA,NA,NA,NA,NA,NA,NA,NA,NA,NA,NA,NA,NA,NA,NA,NA,NA,NA,NA,NA,"Calyptranthes_krugii",NA,NA,NA,NA,0.7178933,352.8333333,6.710427652,57.01176511,7,NA,2.54756960759474,0.826750198408263,1.75596448716561,0.114439711485349,NA,1.03817121417407,-1.31532959658817,-1.54875367345709,-0.749064011241318,-1.01034202702943,0.114439711485349,1.03817121417407,-1.31532959658817,-1.54875367345709,-0.749064011241318,NA,NA,-2.36899464153272,-0.474551453412958
"Calyptranthes_pallens","CALPAL",11297.1506714851,2133.90641497541,3411.61802639603,2837.29233959015,3240.48992992379,1106.58351494838,17356,3322,5296,4368,5008,1686,NA,0.351527127256468,0.703981244601093,0.771923148896948,NA,NA,NA,NA,NA,NA,0.351990622300547,0.385961574448474,NA,1.0545813864586,13.3019912163152,NA,NA,1,2,2,"Calyptranthes_pallens",NA,NA,NA,NA,NA,NA,NA,NA,NA,NA,NA,NA,NA,NA,NA,NA,NA,NA,NA,-0.703282266372651,0.18189479201052,0.576053834335168,-1.07133437148294,-0.847086377210228,-0.757566707886049,NA,NA,-1.51569049164251,-0.575075982508348
"Capparidastrum_frondosum","CAPFRO",5229.28411360671,583.306599619327,1283.10947146684,1670.22200790318,1807.07161152225,1223.76501190293,3412,241,464,312,476,235,NA,NA,NA,NA,NA,NA,NA,NA,NA,NA,NA,NA,NA,NA,NA,NA,NA,NA,NA,NA,"Capparidastrum_frondosum",NA,NA,NA,NA,NA,NA,NA,NA,NA,NA,NA,NA,NA,NA,NA,NA,NA,NA,NA,0.0781177215518836,0.525443975855052,1.20653452576827,-0.307064544808289,-1.86383556380038,-0.906371616322853,NA,NA,-2.30328982928386,-0.455471177002165
"Casearia_aculeata","CASACU",20672.4057351819,2421.17711884016,5236.17428312998,7065.00485636888,7327.35449090973,4906.17737206956,21999,1738,4080,5597,5956,4218,NA,1.40610850902587,1.40796248920219,1.15788472334542,NA,NA,NA,NA,NA,NA,NA,NA,NA,NA,NA,NA,NA,2,2,2,"Casearia_aculeata",23,NA,NA,23,NA,NA,NA,NA,NA,1.36172783601759,NA,NA,NA,NA,-0.380667683179001,NA,NA,NA,NA,-0.380667683179001,1.24990193415154,-2.3156613794117,-0.194460117229749,1.86269252283865,0.585882205655408,NA,NA,2.55120284819851,-1.69062464916926
"Casearia_arborea","CASARB",17842.8908391986,2793.61492592562,5829.81296431087,9256.78749958985,8806.66357773542,6013.0486518098,13856,2407,5177,8500,7843,5436,8.72786296395317,9.76452431702586,7.61269587013583,6.25627768459181,NA,NA,NA,NA,2.25748487655108,3.14631587278181,4.27081892428117,3.0549363242456,0.354629102093461,0.351527127256468,6.64896164754861,17.9247056596716,15,17,18,18,"Casearia_arborea",1.65,NA,0.625,0.625,0.664983974,181.6919192,19.02270949,177.3661477,28,-0.204119982655925,2.25933561236643,1.27927237552197,2.24887073347763,-0.166664485430006,-1.82746101979819,-0.834783637531552,-0.595773788384156,0.70113597718523,1.82102129177781,-1.82746101979819,-0.166664485430006,-0.834783637531552,-0.595773788384156,0.70113597718523,1.82102129177781,-0.442654575722177,0.695131264292477,0.880524728083317,-0.064660049925504
"Casearia_decandra","CASDEC",27179.5140800178,4269.53646889329,8669.83961424232,11538.5190443397,11587.6136285365,7318.07715964317,22008,3057,7114,7659,7617,4560,3.19166191884115,2.84045125129997,2.49872662513377,2.43200815892276,NA,NA,NA,NA,0.354629102093461,0.379761360504689,0.351990622300547,0.445375904301178,2.83703283093942,14.7641394291772,0.703981244601093,11.7493204328352,5,9,7,7,"Casearia_decandra",88.1,NA,NA,88.1,0.77967418,122.9,14.42690396,258.3533886,10,1.94497590841205,2.08955188288645,1.15917314070171,2.41221416218758,0.442677963039034,0.158234893861424,-1.9380444087612,-0.786743659799017,1.44672338352201,-0.381908967952871,0.158234893861424,0.442677963039034,-1.9380444087612,-0.786743659799017,1.44672338352201,-0.381908967952871,-0.415296198906204,2.22239810619114,1.90728550558431,-1.40929184100706
"Castilla_elastica","CASELA",26834.5731739346,4117.23384900764,8328.85318353213,11713.1328549683,11796.1832781341,7678.94942912646,28108,4211,8446,13221,13516,9305,NA,0.056468466496443,0.0848188817614354,0.0620042773261967,NA,NA,NA,NA,NA,0.056468466496443,0.0848188817614354,0.0620042773261967,NA,10.3025859817404,5.27985936268049,NA,NA,1,1,1,"Castilla_elastica",568.18,NA,NA,568.18,0.291154684,191,416.1735704,264.0514617,2,2.75448594244128,2.28103336724773,2.61927449636119,2.42168857593922,-2.15279793851703,0.906196291637636,-0.693790847129223,1.53496445566282,1.48996971201793,-1.36098908338873,0.906196291637636,-2.15279793851703,-0.693790847129223,1.53496445566282,1.48996971201793,-1.36098908338873,-2.45695859439975,0.937223459286713,1.81949943179579,1.97632301279549
"Casuarina_equisetifolia","CASEQU",6895.108232397,753.864408087451,1134.2314183847,944.707042307826,1088.93963082356,335.075222736108,10372,1137,1712,1430,1658,521,NA,0.169405399489329,NA,NA,NA,0.0847026997446644,NA,NA,NA,0.169405399489329,NA,NA,NA,0.351527127256468,NA,NA,NA,1,NA,NA,"Casuarina_equisetifolia",4,NA,NA,4,NA,NA,NA,NA,NA,0.602059991327962,NA,NA,NA,NA,-1.08257649106807,NA,NA,NA,NA,-1.08257649106807,-1.12397499795739,1.64937095194078,-0.0572538017364438,-1.51655035716972,-0.582141289887846,NA,NA,-2.33274603310585,1.33521358997224
"Casearia_guianensis","CASGUI",19547.1237609342,2937.30989293661,6226.69188255793,7453.86362476833,7480.1824011351,4542.87250819849,23935,3690,7945,8912,8932,5242,55.2340643960767,53.7377630153424,44.2600593909212,44.2154938226063,NA,NA,NA,NA,8.9312919089853,11.1554883581975,8.18712250311681,9.85310459448607,1.41851641310442,0.351527127256468,0.351990622300547,74.8031184001068,40,40,35,40,"Casearia_guianensis",NA,NA,6,6,0.807814077,148.0222222,44.17648438,191.0552082,15,0.778151250383644,2.17032691981632,1.64519115121134,2.28115888113299,0.592183612524454,-0.919873795952735,-1.41316531809513,-0.0139261051223643,0.848516477618632,0.230016104194541,-0.919873795952735,0.592183612524454,-1.41316531809513,-0.0139261051223643,0.848516477618632,0.230016104194541,-0.296784863722487,1.41903435083413,1.22775989947514,-0.765942727344671
"Casearia_sylvestris","CASSYL",25606.3706267616,4118.46790154371,8389.80103769619,12290.7658169623,12129.4611342074,8010.99323266372,30173,5099,10100,14491,14314,9215,44.9111091975578,53.3962150294636,44.3283531061044,35.3217745213078,NA,NA,NA,NA,5.1190358711213,10.4016062714334,13.0441158543878,12.3393471883146,0.354629102093461,25.6614804350873,1.79474538522806,22.3407561272584,27,39,37,36,"Casearia_sylvestris",3,NA,5.61,5.61,0.673697322,167.2222222,59.75374673,149.3326007,12,0.748962861256161,2.22329399043282,1.77636514197413,2.17415462861289,-0.120370970143419,-0.946842934583374,-1.06898339113942,0.194653742921079,0.360091422913026,-0.137138939093906,-0.946842934583374,-0.120370970143419,-1.06898339113942,0.194653742921079,0.360091422913026,-0.137138939093906,-0.311490306005797,1.09035987217106,0.731160695343773,-0.0202886673264469
"Cecropia_schreberiana","CECSCH",21513.518709911,3752.69385617226,7601.68078422546,10490.5098543409,10299.2269579694,6546.5331017971,14031,2460,5708,8304,7611,5151,15.0261354133462,10.4217197194498,12.154884410663,9.75683449248886,2.10336159323027,2.24911744889372,0.766147044977243,0.0930064159892951,9.20484199591303,8.95746717969844,11.0641202747314,8.59894976914344,0.354629102093461,21.3242038716066,0.351990622300547,125.172214709274,58,68,69,52,"Cecropia_schreberiana",0.6,NA,0.7,0.7,0.299201722,267.0864198,1748.526657,147.1927964,25,-0.154901959985743,2.42665180656926,3.24267225769174,2.16788655619521,-2.11004448982375,-1.7819851399639,0.252443000856077,2.52622964148832,0.331480563611624,1.45386624848936,-1.7819851399639,-2.11004448982375,0.252443000856077,2.52622964148832,0.331480563611624,1.45386624848936,-2.49422811022587,-1.02570497008158,0.72189577103529,3.33458825628561
"Ceiba_pentandra","CEIPEN",25636.9926519394,3886.01290997863,7677.5653899312,10255.624602139,10480.8690987825,6594.85618880391,15030,1728,3025,3840,4262,2534,NA,0.437905391230215,0.41505585191764,0.445375904301178,NA,NA,NA,0.0310021386630984,NA,0.437905391230215,0.41505585191764,0.445375904301178,NA,9.31147446809544,7.42252744006448,NA,NA,2,2,2,"Ceiba_pentandra",59,NA,NA,59,0.303049231,NA,364.39,343.49,35,1.77085201164214,NA,2.56156645006712,2.53591409799517,-2.08960289645381,-0.00265002138294239,NA,1.44320285371028,2.01135653118644,2.67771639278419,-0.00265002138294239,-2.08960289645381,-4.05133776826961,1.44320285371028,2.01135653118644,2.67771639278419,NA,NA,5.13935119914763,1.39478577294024
"Celtis_trinervia","CELTRI",11972.3008269379,2287.59012392117,4494.9565199702,5673.22714178776,5904.91236420535,3617.32224028418,3787,736,1279,1050,1239,503,NA,NA,NA,NA,NA,NA,NA,NA,NA,NA,NA,NA,NA,NA,NA,NA,NA,NA,NA,NA,"Celtis_trinervia",NA,NA,NA,NA,NA,NA,NA,NA,NA,NA,NA,NA,NA,NA,NA,NA,NA,NA,NA,-0.575165871654594,-0.97618029105229,0.594205001740704,0.543948970696117,-0.246543747622778,-0.0874759142231667,NA,NA,-0.50011628860401,1.19327161445281
"Cestrum_citrifolium","CESCIT",26065.6160635948,4267.03048694134,8485.30247020721,11707.0587910414,11725.902739346,7458.87225240469,32128,5991,12179,17499,17328,11337,NA,NA,NA,NA,NA,NA,NA,NA,NA,NA,NA,NA,NA,NA,NA,NA,NA,NA,NA,NA,"Cestrum_citrifolium",NA,NA,NA,NA,NA,NA,NA,NA,NA,NA,NA,NA,NA,NA,NA,NA,NA,NA,NA,-0.0343370867204684,0.0212437357899246,1.24692408922102,0.209196936767058,0.200799734370113,-1.07692089922658,NA,NA,-0.969470854597999,0.246781324635667
"Cestrum_macrophyllum","CESMAC",19256.4110000208,3540.17369607463,6733.91903965175,9826.65308977664,9537.67299056426,5997.49929448962,11342,2663,4707,8000,7310,4647,0.119850047325576,0.794085774057738,1.47754702726208,1.60067068017311,0.0854716528383138,NA,NA,NA,0.119850047325576,0.0328874888192764,NA,0.41437376563808,15.7509083432601,10.0726727837959,1.40796249859295,0.385961574448474,3,3,3,3,"Cestrum_macrophyllum",NA,NA,NA,NA,0.734914919,356.6666667,62.73823977,155.8040502,4.5,NA,2.55226252300614,1.79753232964863,2.19257874317382,0.204874591324759,NA,1.06866594704365,0.228311701812018,0.444189007358409,-1.05502654731502,0.126232403615719,0.204874591324759,1.06866594704365,0.228311701812018,0.444189007358409,-1.05502654731502,NA,NA,-0.675809769925692,0.0372496322136805
"NA.4","CHICOM",17679.7660608217,2945.76969444705,5853.12793497695,6758.79586454993,6798.89536983566,3853.12567538861,9115,1587,2929,2912,2798,1211,NA,NA,NA,NA,NA,NA,NA,NA,NA,NA,NA,NA,NA,NA,NA,NA,NA,NA,NA,NA,"Chionanthus_compactus",NA,NA,NA,NA,0.951827984,203.6666667,18.41252885,162.8928828,13,NA,2.30891995559397,1.26511344033329,2.21190210930414,1.3573211928421,NA,-0.512582794625763,-0.618287920438361,0.532391260418635,-0.0147539246644238,NA,NA,NA,NA,NA,NA,NA,NA,NA,NA
"Chionanthus_domingensis","CHIDOM",20788.5803611875,3764.76223097742,7282.95891834795,9829.10782124102,9803.85945510864,6039.09722413123,19240,4377,8384,11042,10769,6392,0.383119653039566,0.436229827001132,0.760527165775383,1.57484843645699,NA,0.0282342332482215,NA,NA,0.383119653039566,0.0847026997446644,0.408536543474837,0.802925287560046,16.5472207896696,0.351527127256468,9.15175623146341,0.771923148896948,2,3,4,4,"Chionanthus_domingensis",NA,NA,540,540,0.86194604,213.0555556,81.7644631,139.418911,23,2.73239375982297,2.32849286327229,1.91256458933174,2.14432168614301,0.87978360929188,0.885783821011575,-0.385397337653365,0.41122457276512,0.223917801634314,1.2090962196304,0.885783821011575,0.87978360929188,-0.385397337653365,0.41122457276512,0.223917801634314,1.2090962196304,-0.415065699191963,-0.638474832178009,0.842995499203542,-0.810470509265071
"Chionanthus_holdridgei","CHIHOL",6859.26923179906,1771.4806861775,3023.46463199612,3407.75474636117,3549.85933806794,1778.37865189044,2266,663,1083,888,1011,348,NA,NA,NA,NA,NA,NA,NA,NA,NA,NA,NA,NA,NA,NA,NA,NA,NA,NA,NA,NA,"Chionanthus_holdridgei",NA,NA,NA,NA,NA,NA,NA,NA,NA,NA,NA,NA,NA,NA,NA,NA,NA,NA,NA,0.0759768468319986,0.441071551050179,0.163930072829765,-0.796089283405247,-0.210164322897279,0.152743041844756,NA,NA,-0.428570463842134,-0.843605772370704
"Chione_venosa","CHIVEN",24815.09669213,4102.36073936522,8222.94441971183,10849.1190658957,10811.0434926972,6708.68275333196,19262,3173,6501,7067,6893,3720,NA,NA,NA,NA,NA,NA,NA,NA,NA,NA,NA,NA,NA,NA,NA,NA,NA,NA,NA,NA,"Chione_venosa",NA,NA,NA,NA,0.727326146,250.3518518,25.30916543,152.6668617,17,NA,2.39855080813176,1.40327782452919,2.18374477809979,0.164555878141039,NA,0.0698417038800116,-0.398592643249526,0.403866031654811,0.474786133053506,-0.578652599843061,0.164555878141039,0.0698417038800116,-0.398592643249526,0.403866031654811,0.474786133053506,NA,NA,0.052745861736728,-0.299854635480275
"Chrysophyllum_argenteum","CHRARG",21603.8844464177,3821.22939759842,7394.75225840975,9880.03907589708,9803.921930518,5982.69253291958,19727,3792,7071,8273,8096,4304,NA,1.11272541249493,1.05597186690164,0.771923148896948,NA,NA,NA,NA,NA,NA,NA,NA,NA,NA,NA,NA,NA,3,3,2,"Chrysophyllum_argenteum",236.5,NA,NA,236.5,0.789692307,203.3968254,49.6208973,181.7288127,24,2.37383114507383,2.30834417020904,1.69566461340082,2.25942378919354,0.495903693885257,0.554483425409101,-0.516324268733967,0.0663317799392234,0.74930580870094,1.33148123405988,0.554483425409101,0.495903693885257,-0.516324268733967,0.0663317799392234,0.74930580870094,1.33148123405988,-0.689496532982441,-0.166821296292023,1.17945964395603,-0.644157017474997
"Chrysobalanus_icaco","CHRICA",23690.9546529949,2858.61758477241,6172.02031223476,8692.77206395566,8857.34145844728,5998.72387367487,21480,1676,4015,6021,6275,4599,0.383119653039566,3.86679839982115,4.5758780899071,3.08769259558779,NA,NA,NA,NA,0.383119653039566,1.0545813817694,2.11194373380328,1.5438462977939,111.073139582105,0.351527127256468,13.0195851363058,1.24312129691424,1,1,1,1,"Chrysobalanus_icaco",2114.8,NA,NA,2114.8,NA,NA,NA,NA,NA,3.32526930173307,NA,NA,NA,NA,1.43358187217001,NA,NA,NA,NA,1.43358187217001,2.23257671620311,-2.56850073181552,-0.519802505205032,2.14123726807709,0.237824488551576,NA,NA,3.03935803871307,-3.062580697226
"Chrysophyllum_oliviforme","CHROLI",16762.4329680069,2312.50308821507,4414.52940516237,5421.86579673114,5804.60333603471,3492.10024781965,11822,1316,2183,2980,3258,1942,NA,NA,NA,NA,NA,NA,NA,NA,NA,NA,NA,NA,NA,NA,NA,NA,NA,NA,NA,NA,"Chrysophyllum_oliviforme",NA,NA,NA,NA,NA,NA,NA,NA,NA,NA,NA,NA,NA,NA,NA,NA,NA,NA,NA,0.629214441867425,0.485140112958271,-0.418341484702115,0.069154088075696,0.605578072102716,1.27507239716307,NA,NA,1.03069685214319,-0.626911536717115
"NA.5","CHRPAU",24537.8003286379,3495.95360851986,7217.55071203737,10151.8675657804,10231.6524980026,6735.69888948277,24543,2634,5980,9831,9789,7155,0.354629102093461,NA,0.0282729605871451,0.0310021386630984,NA,NA,NA,NA,0.354629102093461,NA,0.0282729605871451,0.0310021386630984,0.7092582089175,NA,44.0336202960627,1.92980787739091,1,NA,1,1,"Chrysophyllum_pauciflorum",NA,NA,NA,NA,0.921634964,235.5396825,19.91613246,125.3371306,12,NA,2.37206408530338,1.29920500605772,2.09807974797644,1.19690741929395,NA,-0.102269972218097,-0.564078899602647,0.0128446840079113,-0.137138939093906,NA,NA,NA,NA,NA,NA,NA,NA,NA,NA
"Cinnamomum_elongatum","CINELO",26503.989293078,3799.86537064984,7983.99669078924,11642.4508294314,11555.909070557,7756.04369990714,33838,3941,9062,14695,14313,10372,4.46356633650083,3.48977992733152,3.75384532746545,3.10494047367285,0.176831149217785,0.395279265475101,0.254456645284306,0.812844200339323,2.4695791501269,2.43519854556212,1.64190159366218,2.3330173247759,11.1541703568377,0.351527127256468,12.9152083479975,4.63153891912438,10,29,31,33,"Cinnamomum_elongatum",NA,NA,NA,NA,0.583127077,NA,28.63933333,185.214,33,NA,NA,1.45696290419196,2.26767381114153,-0.60156545720137,NA,NA,-0.313227963154446,0.786963353390698,2.43294636392522,1.06833120887023,-0.60156545720137,-2.14495171248476,-0.313227963154446,0.786963353390698,2.43294636392522,NA,NA,2.73759036608326,-0.426139715800184
"Cinnamomum_montanum","CINMON",18709.3814582527,3593.59346590936,7158.11280268431,9904.55086866021,9911.38150599599,6317.78804008663,27958,5459,10870,15037,15041,9582,0.440100754931775,0.0940092108867744,0.473413792022098,0.581025866558751,NA,0.0328874888192764,NA,NA,0.0854716528383138,0.0940092108867744,0.473413792022098,0.581025866558751,0.709258204186922,1.75763564566074,1.54713157048147,0.385961574448474,4,2,4,5,"Cinnamomum_montanum",NA,NA,NA,NA,0.504555451,159.9814815,24.34180101,155.7895246,22,NA,2.20406971423205,1.38635270782044,2.19253825204409,-1.01901197366358,NA,-1.1939034282511,-0.425505282338267,0.444004184028585,1.08671120520092,0.214655831830872,-1.01901197366358,-1.1939034282511,-0.425505282338267,0.444004184028585,1.08671120520092,NA,NA,1.39634468747581,0.184221139024571
"Citharexylum_caudatum","CITCAU",7158.9213075015,1475.4931269316,2949.89315811195,4422.5868798783,4120.29608388717,2644.80295695557,7088,1806,3344,4666,4216,2410,NA,0.703054254512936,NA,NA,NA,NA,NA,NA,NA,NA,NA,NA,NA,NA,NA,NA,NA,1,NA,NA,"Citharexylum_caudatum",NA,NA,NA,NA,0.638421219,NA,40.714,190.7593333,NA,NA,NA,1.60974377230299,2.28048579591408,-0.307790870448297,NA,NA,-0.0702910053838276,0.845444154069564,NA,-0.174695820315988,-0.307790870448297,0.671749426735643,-0.0702910053838276,0.845444154069564,-0.252714319616482,NA,NA,-0.0422328054000246,0.288741172458129
"Citharexylum_spinosum","CITSPI",27738.6517069936,4275.48508891463,8780.60599473119,11792.5231543481,11852.1246936023,7576.63960468769,28778,4110,9275,11347,11460,7350,NA,NA,0.0931502091344064,0.13306001478408,NA,NA,NA,NA,NA,NA,0.0931502091344064,0.13306001478408,NA,NA,12.6716624732504,NA,NA,NA,1,1,"Citharexylum_spinosum",73.0957,NA,NA,73.0957,0.676332689,326.537037,41.24392728,167.8403222,19,1.86389182947223,2.51393244764014,1.61536001245111,2.22489630455746,-0.106369417295963,0.0833157965410876,0.819595740851927,-0.061360618270815,0.59170376789368,0.71955616191247,0.0833157965410876,-0.106369417295963,0.819595740851927,-0.061360618270815,0.59170376789368,0.71955616191247,-0.162960764202356,-0.539482345028041,-0.032234770944087,0.168582577026033
"Clidemia_eggersii","CLIEGG",15094.5287778638,2520.30594453029,5477.96626920579,8474.06816123798,8263.06188959396,5742.75594506366,10493,1943,4348,7143,6644,4701,NA,NA,NA,NA,NA,NA,NA,NA,NA,NA,NA,NA,NA,NA,NA,NA,NA,NA,NA,NA,"Clidemia_eggersii",NA,NA,NA,NA,0.545223463,NA,20.83933333,276.3146667,7,NA,NA,1.31888382135813,2.44140393774975,-0.802945171878885,NA,NA,-0.532787602591965,1.57996124454178,-0.749064011241318,-1.83311480569546,-0.802945171878885,-0.222976400606002,-0.532787602591965,1.57996124454178,-0.749064011241318,NA,NA,0.482882423779517,0.50969436973457
"Clibadium_erosum","CLIERO",4333.39193117846,1073.44411865642,1896.9534016758,2945.31560410347,2754.74962670149,1681.30550804507,1529,904,1121,1328,1268,364,NA,NA,NA,NA,NA,NA,NA,NA,NA,NA,NA,NA,NA,NA,NA,NA,NA,NA,NA,NA,"Clibadium_erosum",NA,NA,380,380,0.322264307,NA,191.962,272.8855,7,2.57978359661681,NA,2.28321526608034,2.43598045968129,-1.98751430610496,0.744776907955311,NA,1.0005964549794,1.55520556885697,-0.749064011241318,0.744776907955311,-1.98751430610496,0.592829377060314,1.0005964549794,1.55520556885697,-0.749064011241318,NA,NA,0.959647618543956,1.96031748752679
"Clidemia_hirta","CLIHIR",26956.4987639487,3757.63982090354,7917.77544716001,11698.8538865447,11606.3460688293,7848.70624792576,34416,3961,9124,14776,14446,10485,NA,NA,NA,NA,NA,NA,NA,NA,NA,NA,NA,NA,NA,NA,NA,NA,NA,NA,NA,NA,"Clidemia_hirta",NA,NA,NA,NA,NA,NA,NA,NA,NA,NA,NA,NA,NA,NA,NA,NA,NA,NA,NA,-2.03925803105186,-0.448415789746558,-0.174000314883523,0.0496047482827518,0.45529963719021,-0.476053067449841,NA,NA,-0.139424037382581,0.58541249599607
"Clusia_clusioides","CLUCLU",14903.7931927815,2168.00863175606,4997.92740977556,8563.26645109383,8191.32960648695,6023.32097473089,4965,1073,1954,3130,2963,1890,1.01079650372463,0.0847026997446644,NA,NA,0.0284905509461046,NA,NA,NA,0.656167401631173,0.0847026997446644,NA,NA,1.13750119824926,47.1046353337187,NA,NA,6,2,NA,NA,"Clusia_clusioides",NA,NA,NA,NA,0.586571429,NA,113.045,34.18,NA,NA,NA,2.05325135818575,1.53377205838472,-0.583265813715951,NA,NA,0.634930695439683,-2.56295961973105,NA,-0.938799823358751,-0.583265813715951,3.7204481374927,0.634930695439683,-2.56295961973105,0.207875150802551,NA,NA,-4.08142988601448,1.79624975836962
"Clusia_gundlachii","CLUGUN",15919.1276939753,2953.05562891811,6010.38776728325,9125.96606530622,8864.58020298928,5911.52457407117,10347,2237,4457,7224,6680,4443,NA,NA,NA,NA,NA,NA,NA,NA,NA,NA,NA,NA,NA,NA,NA,NA,NA,NA,NA,NA,"Clusia_gundlachii",NA,NA,NA,NA,NA,NA,NA,NA,NA,NA,NA,NA,NA,NA,NA,NA,NA,NA,NA,-0.695306933512138,0.295527388442649,3.51465486594307,0.614230622831397,-3.08957819235452,1.38744503443578,NA,NA,-4.03823366595906,1.04326074607733
"Clusia_minor","CLUMIN",27075.6195043921,4331.29000639915,8582.3007029891,11769.4525144696,11835.8251721859,7504.53516578674,42833,6852,13577,18619,18724,11872,NA,NA,NA,NA,NA,NA,NA,NA,NA,NA,NA,NA,NA,NA,NA,NA,NA,NA,NA,NA,"Clusia_minor",NA,NA,NA,NA,NA,NA,NA,NA,NA,NA,NA,NA,NA,NA,NA,NA,NA,NA,NA,-0.827454532992476,-0.202426203072275,3.55105710455583,0.593636357578424,-2.70410819671532,0.624754081041175,NA,NA,-3.98263115640657,1.42758126260403
"Clusia_rosea","CLUROS",26965.1457098424,4253.51814949512,8482.98119950294,11342.070232749,11449.542093426,7196.02394393086,13640,2110,4013,3493,3758,1648,3.02761448196668,4.26034341238963,4.24158087349987,4.67245994482406,0.0854716528383138,0.056468466496443,NA,0.0310021386630984,1.89011328371742,2.0930366181253,1.74285424836609,2.35669049813322,1.06388731101096,0.351527127256468,130.635947346414,3.47365419063042,15,15,15,14,"Clusia_rosea",11.3808,NA,10.7692,10.7692,0.75942992,849.1666667,110.2829417,25.7345768,25,1.03218344252825,2.92899293797585,2.04250834200971,1.41051703075848,0.335121377467605,-0.68515616982165,3.51667371220573,0.6178482184296,-3.12556196677122,1.45386624848936,-0.68515616982165,0.335121377467605,3.51667371220573,0.6178482184296,-3.12556196677122,1.45386624848936,2.21028724331086,-4.18648508423427,-4.04756027385586,1.0152962706521
"NA.6","COCCOS",11221.4401737894,2599.83939037472,4611.49617674341,4955.84868382337,5189.96972388867,2590.13033351395,9683,2484,4417,4496,4757,2273,NA,NA,NA,NA,NA,NA,NA,NA,NA,NA,NA,NA,NA,NA,NA,NA,NA,NA,NA,NA,"Coccoloba_costata",NA,NA,NA,NA,0.864340236,454.2654321,59.29547834,55.14700783,12,NA,2.65730968988658,1.7730215768911,1.74152195343672,0.892503834528504,NA,1.75126620976013,0.189337137907493,-1.61467717799537,-0.137138939093906,NA,NA,NA,NA,NA,NA,NA,NA,NA,NA
"NA.7","COCDIV",15253.7075442523,2937.04404818453,5043.00127794035,5173.17216768861,5593.62256975099,2656.57852156647,17817,3330,5318,4439,5108,1778,7.6425678383889,10.8487007478339,9.41305565517212,9.6776648401679,0.0284905509461046,0.0282342332482215,NA,NA,1.74766052898689,3.64372611052798,3.32483826897298,3.83141684106158,0.709258204186922,81.4721834058962,0.351990622300547,3.88802795111996,16,16,13,15,"Coccoloba_diversifolia",NA,182.6,NA,182.6,0.8267833,217.4962963,39.83395009,92.83507283,17,2.26150077319828,2.33745186584161,1.60025337488106,1.96771208245679,0.692966000066554,0.450693752114299,-0.327181417233022,-0.0853816924981336,-0.582223574156114,0.474786133053506,NA,NA,NA,NA,NA,NA,NA,NA,NA,NA
"Coccoloba_krugii","COCKRU",1899.35904748568,358.091836485483,544.784654621462,402.888349071656,482.972800843629,124.880964358146,2994,551,837,591,731,180,3.90092012302807,5.27290690884702,4.92786871220765,5.78942361672711,NA,NA,NA,NA,NA,NA,NA,NA,NA,NA,NA,NA,2,1,1,1,"Coccoloba_krugii",22.9532,NA,NA,22.9532,0.803922597,379.9259259,12.44092375,58.01309286,4.5,1.36084324087384,2.57969893054111,1.09485262831568,1.76352601968627,0.571508403768021,-0.381485020818286,1.24694870846914,-0.889019748385933,-1.51423876542233,-1.05502654731502,-0.381485020818286,0.571508403768021,1.24694870846914,-0.889019748385933,-1.51423876542233,-1.05502654731502,2.40284366184452,-0.480652780307902,-2.38411175699555,-0.699181544399256
"Coccoloba_microstachya","COCMIC",17894.6353577152,2941.47418451682,5456.94024277478,7032.21561678499,7345.91272584349,4404.43854132667,8263,1472,2562,2559,2853,1381,5.68750599124629,11.1239029964911,11.6138183307329,15.3097376675278,NA,0.0282342332482215,NA,NA,1.49213030034272,4.44755052152155,5.13881805320327,5.29133982085106,1.418516417835,5.62443406892788,5.63184998967642,2.37259384489467,5,8,9,10,"Coccoloba_microstachya",37,1.9,NA,1.9,0.816958416,329.9555556,8.745896136,68.83623612,9,0.278753600952829,2.51845544515794,0.941804315470545,1.83781711562119,0.640766958131933,-1.38130126221307,0.848986341147031,-1.13238197020223,-1.17513418087007,-0.504293982382353,-1.38130126221307,0.640766958131933,0.848986341147031,-1.13238197020223,-1.17513418087007,-0.504293982382353,2.30357275478561,0.0320346269033296,-2.0632906909742,-0.762624325338176
"Coccoloba_pubescens","COCPUB",13774.8298894335,3001.06320319697,5516.17184275296,7006.82309105434,7179.20606517559,4178.14286197862,4546,1593,2550,2284,2575,982,5.9954019168727,NA,NA,NA,NA,NA,NA,NA,0.428242994062336,NA,NA,NA,1.13750120297984,NA,NA,NA,1,NA,NA,NA,"Coccoloba_pubescens",27.144,NA,NA,27.144,0.867839849,500.0833333,955.8042985,73.1111409,20,1.43367384663706,2.69904238068952,2.98036897932417,1.8639835611265,0.911097076519142,-0.314191868914522,2.02244673325175,2.10914102792207,-1.05569642698285,0.841941176341953,-0.314191868914522,0.911097076519142,2.02244673325175,2.10914102792207,-1.05569642698285,0.841941176341953,0.372061049711981,-2.64396063465993,-1.58435976720654,0.85461808124821
"Coccoloba_pyrifolia","COCPYR",20623.8676535562,3612.31225042045,7077.60247580707,9945.11257664859,9796.76040218771,6184.44815176725,17342,3950,7347,10170,9667,5717,NA,NA,0.41505585191764,0.445375904301178,NA,NA,NA,NA,NA,NA,0.0282729605871451,0.0310021386630984,NA,NA,0.351990622300547,NA,NA,NA,2,2,"Coccoloba_pyrifolia",43.6,NA,NA,43.6,0.673755982,287.0833333,43.38516505,84.26827248,7,1.63948648926859,2.45800798014559,1.63734125397563,1.92566409087041,-0.120059312947274,-0.124027565333905,0.45619654278024,-0.0264082318233938,-0.774153260193431,-0.749064011241318,-0.124027565333905,-0.120059312947274,0.45619654278024,-0.0264082318233938,-0.774153260193431,-0.749064011241318,0.849607537456881,-0.20735922730239,-1.0017546194276,0.0628529267850864
"Coccoloba_rugosa","COCRUG",15708.4696389809,2039.1366624455,5078.40438276669,8831.95458973944,8440.36955812527,6401.23289567977,11005,1365,3893,5375,4879,3514,NA,4.91605389578393,4.64139469596593,5.80123271893312,NA,NA,NA,NA,NA,0.819342315963987,0.773565782660989,0.82874753127616,NA,0.351527127256468,1.75995311619811,NA,NA,1,1,1,"Coccoloba_rugosa",NA,NA,NA,NA,0.761756787,381.2555556,1372.782125,37.06288892,15,NA,2.5812161808764,3.13760161559175,1.56893926800813,0.347483887611164,NA,1.25680785563352,2.35915674513439,-2.40243752944371,0.230016104194541,-0.345863011511198,0.347483887611164,1.25680785563352,2.35915674513439,-2.40243752944371,0.230016104194541,NA,NA,-1.91683932545254,1.20287781481163
"Coccoloba_sintenisii","COCSIN",13532.5113136768,2371.9222676754,4407.18731784821,5666.17469727993,5762.21767234802,3390.29540467262,559,334,415,432,441,107,0.354629102093461,0.0282342332482215,1.78822607208988,1.92980787224237,NA,NA,NA,NA,0.354629102093461,0.0282342332482215,0.0282729605871451,0.385961574448474,0.354629102093461,17.6345004779545,55.6841031859917,13.0326630364742,1,1,2,1,"Coccoloba_sintenisii",NA,NA,NA,NA,0.702789775,389.437037,146.9088072,53.35981401,7,NA,2.59043725226832,2.16704783257519,1.72721430714216,0.0341955544209409,NA,1.31672670867424,0.815878543393416,-1.67998498361567,-0.749064011241318,-0.444473351124313,0.0341955544209409,1.31672670867424,0.815878543393416,-1.67998498361567,-0.749064011241318,NA,NA,-2.0550663190778,0.64847425996084
"Coccoloba_swartzii","COCSWA",16274.128225781,2903.86385869235,5825.79240074754,8480.76575378329,8268.0596608147,5364.19580212235,12038,2307,5005,8121,7665,5358,0.354629102093461,NA,NA,NA,NA,NA,NA,NA,NA,NA,NA,NA,NA,NA,NA,NA,1,NA,NA,NA,"Coccoloba_swartzii",NA,NA,NA,NA,0.679182085,388.3671498,82.43277682,77.3510137,18,NA,2.58924248780665,1.91609992967861,1.88846600958589,-0.0912307407179661,NA,1.30896308629732,0.416846119750492,-0.943945342829797,0.597171147482988,-0.167471634553841,-0.0912307407179661,1.30896308629732,0.416846119750492,-0.943945342829797,0.597171147482988,NA,NA,-1.2896473104626,0.559528014774737
"Coccoloba_uvifera","COCUVI",24412.3349382691,3882.66192545742,7702.63670899346,10254.8752053082,10391.094037246,6508.43211178854,37211,5928,11752,15603,15817,9889,NA,NA,NA,NA,NA,NA,NA,NA,NA,NA,NA,NA,NA,NA,NA,NA,NA,NA,NA,NA,"Coccoloba_uvifera",632,NA,NA,632,0.73846227,461.8555556,221.1803612,66.32024873,7,2.80071707828239,2.66450617206175,2.34474656295314,1.82164614633992,0.223721462555587,0.948912383509133,1.79802920936578,1.09843741016429,-1.24894719642626,-0.749064011241318,0.948912383509133,0.223721462555587,1.79802920936578,1.09843741016429,-1.24894719642626,-0.749064011241318,0.84960451540231,-1.90186682707337,-1.76628279136381,0.505113521631546
"Coccoloba_venosa","COCVEN",15383.2812792056,2355.76708200428,4723.41347234999,5280.03655741026,5604.59999588341,3248.83291387913,20754,3379,6352,6152,6756,3377,NA,0.703054254512936,0.703981244601093,0.416963713111572,NA,NA,NA,NA,NA,0.703054254512936,0.703981244601093,0.416963713111572,NA,8.78817821892529,6.82699093785734,NA,NA,1,1,1,"Coccoloba_venosa",14.2288557,NA,NA,14.2288557,NA,NA,NA,NA,NA,1.15316997505559,NA,NA,NA,NA,-0.573368480753944,NA,NA,NA,NA,-0.573368480753944,-0.118427878263755,2.21309524271562,0.721139066383306,-2.00805140652558,-0.469999531022059,NA,NA,-2.83057450421398,0.986434965592306
"Coffea_arabica","COFARA",25863.7726786584,4202.19714643806,8458.14283905923,11951.7219917849,11878.8279864714,7676.63084003329,23398,3408,7898,13538,12959,9551,11.4486258744615,12.8294086734094,5.2798593345082,2.70173102113932,NA,NA,NA,NA,1.13750119824926,1.11272541249493,0.351990622300547,0.385961574448474,3.61990492709522,4.56718972236039,0.703981249296475,7.33326995570931,13,13,7,4,"Coffea_arabica",188.3,NA,NA,188.3,0.666733771,221.0888889,64.53527408,174.0544276,7,2.27485032001666,2.34456691711209,1.80979715883476,2.24068507535251,-0.157367914907639,0.463028306694505,-0.280947558570306,0.24781401467942,0.663772223657699,-0.749064011241318,0.463028306694505,-0.157367914907639,-0.280947558570306,0.24781401467942,0.663772223657699,-0.749064011241318,-0.340424865674022,0.623812631833699,0.572217961619688,-0.0572055791180311
"Cojoba_arborea","COJARB",19067.0596484728,3430.27740237862,6099.46723120473,6940.40470290184,7272.28113385476,3842.00373147614,17914,3656,5711,4800,5449,1793,0.600134966498647,0.379761360504689,0.380263582887692,0.416963713111572,NA,NA,NA,NA,0.600134966498647,0.0282342332482215,0.0282729605871451,0.0310021386630984,6.69121980035065,0.351527127256468,22.0321723057356,7.17460587988645,1,2,2,2,"Cojoba_arborea",850,NA,NA,850,0.570324627,143.5555556,163.7024129,76.44635155,4.5,2.92941892571429,2.1570200043542,2.21405508076461,1.88335676326681,-0.669584135530385,1.06782877695074,-1.4996341326299,0.890624799318659,-0.967266695524924,-1.05502654731502,1.06782877695074,-0.669584135530385,-1.4996341326299,0.890624799318659,-0.967266695524924,-1.05502654731502,-0.55655097200279,0.291104951609042,0.667358041315174,0.22918379337209
"Colubrina_arborescens","COLARB",19873.9327788986,3443.3172250241,6395.3509769626,7827.01920113713,8158.20122447982,4714.88399945572,12921,2866,4597,3871,4465,1599,1.77314551046731,1.63868463192797,0.773565782660989,0.82874753127616,NA,NA,NA,NA,0.709258204186922,NA,NA,NA,0.354629102093461,NA,NA,17.266431266373,1,2,1,1,"Colubrina_arborescens",15.075,1.4,NA,1.4,0.870159995,247.4444444,59.44033843,85.89715348,13,0.146128035678238,2.39347770751671,1.77408127346219,1.93397877211516,0.923423878377407,-1.50384304553093,0.0368765139043182,0.191022162114549,-0.736200575639498,-0.0147539246644238,-1.50384304553093,0.923423878377407,0.0368765139043182,0.191022162114549,-0.736200575639498,-0.0147539246644238,1.14631060839787,0.0742118957256235,-0.912521659168561,-0.464388023533446
"Colubrina_elliptica","COLELL",4356.25555905331,575.080900176653,1068.42590796801,865.804965020937,1073.21169187039,498.130791693737,3888,561,885,551,725,164,NA,NA,NA,NA,NA,NA,NA,NA,NA,NA,NA,NA,NA,NA,NA,NA,NA,NA,NA,NA,"Colubrina_elliptica",NA,NA,NA,NA,0.961254783,451.2666667,13.11389646,59.30892292,4,NA,2.65443325507366,1.11773175039743,1.77312003709778,1.40740523213562,NA,1.73257503305067,-0.852639641480365,-1.47044650138888,-1.11621905452976,-1.45773594217601,1.40740523213562,1.73257503305067,-0.852639641480365,-1.47044650138888,-1.11621905452976,NA,NA,-3.03853374362344,-1.01976369792561
"Colubrina_verrucosa","COLVER",14413.6187154513,2374.81513761636,4958.36134306365,7684.3128940172,7735.29662976437,5360.48149214801,5030,749,1661,1646,1964,1215,NA,NA,NA,NA,NA,NA,NA,NA,NA,NA,NA,NA,NA,NA,NA,NA,NA,NA,NA,NA,"Colubrina_verrucosa",NA,NA,NA,NA,NA,NA,NA,NA,NA,NA,NA,NA,NA,NA,NA,NA,NA,NA,NA,-1.152249612808,1.12318996580576,0.912118036468818,-0.361348424586561,-1.04173507251774,-0.402142783574476,NA,NA,-1.84484318831005,-0.770962024408862
"Comocladia_dodonaea","COMDOD",10741.8683592044,1555.44894469716,3145.00154152978,3753.12428705953,4020.97503670119,2465.52609200403,7766,1141,2232,2551,2781,1640,0.709258204186922,0.703054254512936,0.703981244601093,0.771923148896948,NA,NA,NA,NA,NA,NA,NA,NA,NA,NA,NA,NA,1,1,1,1,"Comocladia_dodonaea",NA,NA,NA,NA,0.837742465,206.2888889,37.86846615,70.45138402,6.5,NA,2.31447583670136,1.57827771451925,1.84788952926006,0.751191411522142,NA,-0.476480479673833,-0.120325204335105,-1.12915825872939,-0.810256518456059,-0.110433342466647,0.751191411522142,-0.476480479673833,-0.120325204335105,-1.12915825872939,-0.810256518456059,NA,NA,-0.717767367589414,-0.924299572178451
"Comocladia_glabra","COMGLA",24755.8009038568,4192.83281028271,8277.95215561986,10775.9259528071,10789.2221933305,6596.38938304782,15209,3246,5957,5959,5941,2695,0.354629102093461,0.351527127256468,1.05597186690164,1.5438462977939,NA,NA,NA,NA,NA,NA,NA,NA,NA,NA,NA,NA,1,1,2,3,"Comocladia_glabra",NA,NA,232,232,0.761581055,126.5111111,17.27466667,215.248,8,2.3654879848909,2.10212866999806,1.23740967603024,2.33293912485044,0.346550233632424,0.546774612065263,-1.85631999446755,-0.662339694078546,1.08486940542039,-0.626678996811836,0.546774612065263,0.346550233632424,-1.85631999446755,-0.662339694078546,1.08486940542039,-0.626678996811836,-0.330412055852981,1.95979422470118,1.69911351552173,-1.33587081321334
"Conocarpus_erectus","CONERE",18010.115175847,2598.04126364505,5133.91609757161,6551.48320791777,6839.00978946593,4240.96852582088,27098,3843,7706,8963,9769,5926,0.794729857025236,0.787756954257601,0.436809504061982,0.478967990437769,NA,NA,NA,NA,0.0854716528383138,0.0847026997446644,0.0848188817614354,0.478967990437769,11.7027604447735,1.40610851371507,0.703981244601093,11.9648088696851,1,1,1,1,"Conocarpus_erectus",3.194,NA,NA,3.194,NA,NA,NA,NA,NA,0.504334911802464,NA,NA,NA,NA,-1.17287134104771,NA,NA,NA,NA,-1.17287134104771,-0.684227314600774,1.63171946812676,-0.738141739950302,-1.52529972050775,1.04524837735694,NA,NA,-2.15817217526966,0.728326754552496
"Cordia_alliodora","CORALL",27075.6195043921,4331.29000639915,8582.3007029891,11769.4525144696,11835.8251721859,7504.53516578674,42833,6852,13577,18619,18724,11872,2.53141735501346,4.72480747263899,3.96169403770595,2.65730170433875,0.0854716528383138,0.404585776617211,0.344829745294389,0.562564226001614,1.3939161567642,1.50291929660525,2.55373154850377,1.8853785554418,11.3481313142965,2.1091627776064,2.95509405968366,3.0876926110334,11,20,26,24,"Cordia_alliodora",33,NA,NA,33,0.575902847,215.3777778,44.30237826,139.9719926,5,1.51851393987789,2.33320089173493,1.64642704083866,2.14604114513465,-0.639947374455085,-0.235802334430282,-0.354804399634051,-0.0119609162219863,0.231766338793149,-0.993834040100283,-0.235802334430282,-0.639947374455085,-0.354804399634051,-0.0119609162219863,0.231766338793149,-0.993834040100283,-0.0516873701773894,0.871937813629646,0.145410707417084,0.291459992290525
"Cordia_borinquensis","CORBOR",18554.5704939235,3100.72912298515,6561.34763073549,9887.51965121552,9548.14810137078,6447.41897838563,13893,2609,5667,9479,8819,6210,3.41958632640999,1.81410410277878,1.11251778807593,1.21988900067162,0.142452754730523,NA,NA,NA,1.29181171384922,0.759522721009379,0.0565459211742903,0.0620042773261967,6.02869477343346,4.21832554583441,0.351990622300547,10.0350010025913,8,6,4,4,"Cordia_borinquensis",61.56,NA,319,319,0.67017749,306.8888889,132.9286248,165.0167243,11,2.50379068305718,2.48698116481901,2.12361851182371,2.21752796180862,-0.139071634514704,0.674561884721771,0.644465337238216,0.746821552214775,0.558070682054245,-0.259523953523389,0.674561884721771,-0.139071634514704,0.644465337238216,0.746821552214775,0.558070682054245,-0.259523953523389,-0.459985305510677,-0.428872740420709,0.143315696237832,0.404960213496004
"Cordia_collococca","CORCOL",17612.3768781863,1874.95856299727,4644.22694872965,7379.69285032878,7545.10679549175,5670.14823249448,22735,1885,5355,9007,9194,7309,NA,0.351527127256468,0.351990622300547,0.385961574448474,NA,NA,NA,NA,NA,NA,0.351990622300547,NA,NA,0.409671157981994,NA,NA,NA,1,1,1,"Cordia_collococca",97.5,NA,NA,97.5,NA,NA,NA,NA,NA,1.98900461569854,NA,NA,NA,NA,0.198916012142773,NA,NA,NA,NA,0.198916012142773,-0.655387258436298,0.404800519385323,0.821004594829804,0.106087492655899,0.0569386988025371,NA,NA,0.0737380046726646,0.895087453951699
"Corchorus_hirsutus","CORHIR",17385.5388584531,2235.92797676573,4559.90535174805,5794.83440111351,6144.53449424828,3908.60651748255,24479,2679,5919,7937,8577,5898,NA,NA,NA,NA,NA,NA,NA,NA,NA,NA,NA,NA,NA,NA,NA,NA,NA,NA,NA,NA,"Corchorus_hirsutus",NA,NA,NA,NA,NA,NA,NA,NA,NA,NA,NA,NA,NA,NA,NA,NA,NA,NA,NA,-0.21520925137836,-1.17441444190506,-2.39559881154495,0.423085817030954,1.54026798436599,0.710468953463495,NA,NA,2.89234668835432,0.50641590405786
"Cordia_laevigata","CORLAE",27317.3544141948,4144.89901147038,8246.34259235114,11112.8054190502,11251.8500040174,7106.95099254698,31943,4373,9072,11438,12078,7705,2.30349294744462,NA,NA,0.155010693315492,NA,NA,NA,0.124008554652394,0.737748755133027,NA,NA,0.155010693315492,8.52453885253313,NA,NA,31.2628877156737,3,NA,NA,3,"Cordia_laevigata",47.6608,NA,NA,47.6608,0.480277102,188.3333333,48.5093526,135.3438543,4.5,1.67816132782726,2.27492719302291,1.68582547862269,2.13143854009031,-1.14800144138192,-0.088293250636,-0.733468986519665,0.0506865653279366,0.165112182536259,-1.05502654731502,-0.088293250636,-1.14800144138192,-0.733468986519665,0.0506865653279366,0.165112182536259,-1.05502654731502,-0.434519331008008,1.00954887271097,0.45493417661417,0.5993402034944
"Cornutia_obovata","COROBO",24273.3607904874,3861.80132406205,7660.1911902912,10192.8790263385,10329.1401744001,6467.33885033801,37211,5928,11752,15603,15817,9889,NA,NA,NA,0.0310021386630984,NA,NA,NA,0.0310021386630984,NA,NA,NA,0.0310021386630984,NA,NA,NA,NA,NA,NA,NA,1,"Cornutia_obovata",NA,NA,NA,NA,NA,NA,NA,NA,NA,NA,NA,NA,NA,NA,NA,NA,NA,NA,NA,-0.529102542801926,-0.286299653534633,1.25435892226569,0.238825288314075,-0.257790759395136,0.718862114007141,NA,NA,-0.901639293448736,0.687786282721244
"Cordia_rickseckeri","CORRIC",19017.5660617153,2553.5339097523,5180.34170006033,6667.6116531849,7044.2080488416,4490.6741390893,17799,1998,3934,4951,5515,3517,0.709258204186922,NA,NA,NA,NA,NA,NA,NA,NA,NA,NA,NA,NA,NA,NA,NA,1,NA,NA,NA,"Cordia_rickseckeri",NA,NA,NA,NA,NA,NA,NA,NA,NA,NA,NA,NA,NA,NA,NA,NA,NA,NA,NA,-0.165225263443,-0.257459191953223,0.191676633185677,-0.00276767822106462,-0.0056318576640492,-0.278615714104529,NA,NA,-0.23042798766756,0.152348260494824
"Cordia_sulcata","CORSUL",22261.9964008443,3375.0675374791,7030.84355348162,9960.85966568068,9811.54160228372,6436.47406480461,21285,2797,6518,9493,9060,6263,2.849816529091,6.5624338644174,6.76174310384543,6.54208552765846,0.284905509461046,0.141171166241107,0.169637763522871,0.188275697011512,2.14055832490408,4.0435999428966,5.63618669888389,4.16949169858841,2.56945798151167,0.703054259202135,1.40796248920219,113.766061633886,23,33,33,27,"Cordia_sulcata",81.4948,NA,62.4,62.4,0.559581852,392.1111111,521.5051323,100.6058064,25,1.79518458968242,2.59340914890834,2.71725858681548,2.00262304647249,-0.726659879398628,0.0198325030051976,1.33603819976423,1.69076902163496,-0.422871126869126,1.45386624848936,0.0198325030051976,-0.726659879398628,1.33603819976423,1.69076902163496,-0.422871126869126,1.45386624848936,-0.994937698462196,-2.25240269706337,-0.404558509670627,1.73667710233198
"Crescentia_cujete","CRECUJ",21465.4555234332,3020.09033604898,6035.02780750394,7807.60478045233,8141.11184095033,5121.02150490135,11757,1324,2288,2981,3299,1975,0.0343783944872623,0.0328874888192764,NA,0.03326500369602,NA,NA,NA,NA,0.0343783944872623,0.0328874888192764,NA,0.03326500369602,2.1277746267525,63.5669342447038,NA,3.28657795049766,1,1,NA,1,"Crescentia_cujete",26.5944,NA,NA,26.5944,NA,NA,NA,NA,NA,1.42479019658822,NA,NA,NA,NA,-0.322400077619254,NA,NA,NA,NA,-0.322400077619254,0.235022356928413,0.677512239813783,0.771768373637823,0.0705258371473989,0.40013599951528,NA,NA,-0.287212980847623,0.347111062608326
"Crescentia_linearifolia","CRELIN",7669.85509319267,920.828319963145,1703.69272257382,1687.32494782846,1915.39351118641,994.565191223267,7629,855,1568,1550,1811,956,NA,NA,NA,NA,NA,NA,NA,NA,NA,NA,NA,NA,NA,NA,NA,NA,NA,NA,NA,NA,"Crescentia_linearifolia",NA,NA,NA,NA,NA,NA,NA,NA,NA,NA,NA,NA,NA,NA,NA,NA,NA,NA,NA,-0.34863472713382,0.205855572954097,0.722679629283911,0.770750176169009,0.0266230161037801,0.38535951559072,NA,NA,-0.350928037081697,0.385287908423086
"NA.8","CREPOR",16193.1186418496,2087.59528220817,4417.79720821604,6711.36243872344,6627.66020898148,4540.06492677331,10487,1145,1722,1450,1675,530,NA,NA,NA,NA,NA,NA,NA,NA,NA,NA,NA,NA,NA,NA,NA,NA,NA,NA,NA,NA,"Crescentia_portoricensis",NA,NA,NA,NA,NA,NA,NA,NA,NA,NA,NA,NA,NA,NA,NA,NA,NA,NA,NA,NA,NA,NA,NA,NA,NA,NA,NA,NA,NA
"Critonia_portoricensis","CRIPOR",24238.7545570135,4043.72450947762,7891.73925008252,10479.895911213,10610.2195881531,6566.49507867545,27628,5189,10573,14722,14738,9549,NA,NA,NA,NA,NA,NA,NA,NA,NA,NA,NA,NA,NA,NA,NA,NA,NA,NA,NA,NA,"Critonia_portoricensis",NA,NA,NA,NA,NA,NA,NA,NA,NA,NA,NA,NA,NA,NA,NA,NA,NA,NA,NA,0.634217743661129,-1.8476905171513,0.562831520420124,0.931701757571737,1.4267439818974,-0.663738159155923,NA,NA,0.865665352486297,1.83041410553384
"Croton_astroites","CROAST",6014.57687654826,626.224954227967,1784.04177097045,2461.91140068489,2625.65099886973,1999.42604464176,1991,143,482,370,538,395,1.63935808428047,2.39988291716644,0.738773513631041,NA,NA,NA,NA,NA,NA,NA,NA,NA,NA,NA,NA,NA,2,3,2,NA,"Croton_astroites",NA,NA,NA,NA,NA,NA,NA,NA,NA,NA,NA,NA,NA,NA,NA,NA,NA,NA,NA,-0.250400824767415,1.46978485048789,-0.0660486055879643,-1.02614867269283,-0.00157371495159814,-1.11250188262143,NA,NA,-0.686733536117231,-1.83778815225125
"Croton_betulinus","CROBET",17142.6013789418,2393.8819884354,4675.30054860876,5757.6485875909,6160.17621346831,3766.29422503291,12616,1402,2574,3275,3694,2292,NA,NA,NA,NA,NA,NA,NA,NA,NA,NA,NA,NA,NA,NA,NA,NA,NA,NA,NA,NA,"Croton_betulinus",NA,NA,NA,NA,NA,NA,NA,NA,NA,NA,NA,NA,NA,NA,NA,NA,NA,NA,NA,-0.271380967090211,1.2702851671864,0.165736558289819,-0.996275003326683,-0.0453089809157345,-1.05204917551721,NA,NA,-0.831809640598127,-1.59788756631678
"Croton_discolor","CRODIS",10342.0076071867,1391.95409541996,2777.98947290448,3631.74192784377,3882.83878567489,2490.88469025493,5124,711,1236,909,1135,424,NA,NA,NA,NA,NA,NA,NA,NA,NA,NA,NA,NA,NA,NA,NA,NA,NA,NA,NA,NA,"Croton_discolor",NA,NA,NA,NA,0.81185092,434.8666667,3.054220095,71.48320358,3,NA,2.6383561195001,0.484900330231805,1.85420400754289,0.61363112651449,NA,1.62810522875094,-1.85890529435634,-1.1003355780593,-1.23860406895925,-0.838524629660078,0.61363112651449,1.62810522875094,-1.85890529435634,-1.1003355780593,-1.23860406895925,NA,NA,-2.74583929041892,-1.05391758314089
"Croton_flavens","CROFLA",12245.9487648598,1775.09078010211,3650.55469338642,4192.46078264218,4534.87943580528,2759.78865570316,10877,1418,3060,2516,3145,1727,1.49213030034272,0.819342315963987,NA,NA,NA,NA,NA,NA,0.428242994062336,NA,NA,NA,3.90092014195038,NA,NA,NA,3,1,NA,NA,"Croton_flavens",NA,NA,NA,NA,0.961319898,239.5185185,20.85813246,181.4611097,5,NA,2.37933909675455,1.3192754211267,2.25878356241646,1.4077511843744,NA,-0.0549966865569334,-0.532164919545211,0.746383468782132,-0.993834040100283,0.212970572742011,1.4077511843744,-0.0549966865569334,-0.532164919545211,0.746383468782132,-0.993834040100283,NA,NA,0.0058361543426606,-1.6088573202747
"Croton_glabellus","CROGLA",7821.06590808532,1438.64789048559,2311.18630477111,1916.43723373837,2229.98600219097,791.33811170538,4817,739,1218,812,1050,311,NA,NA,NA,NA,NA,NA,NA,NA,NA,NA,NA,NA,NA,NA,NA,NA,NA,NA,NA,NA,"Croton_glabellus",NA,NA,NA,NA,1.013311549,218.4444444,9.737378722,127.4110407,3.5,NA,2.33934100396843,0.988442061623453,2.10520706306472,1.68397982695167,NA,-0.314905729844476,-1.05822325970563,0.0453775897561567,-1.17741156174451,-0.227878794364796,1.68397982695167,-0.314905729844476,-1.05822325970563,0.0453775897561567,-1.17741156174451,NA,NA,-0.530977240365563,-2.09535937642988
"Croton_impressus","CROIMP",8686.88708115387,1171.75429940192,2535.7937532588,5176.97334602775,5138.68348927589,3966.92918987398,6212,746,1590,3274,3415,2669,NA,NA,NA,NA,NA,NA,NA,NA,NA,NA,NA,NA,NA,NA,NA,NA,NA,NA,NA,NA,"Croton_impressus",NA,NA,NA,NA,NA,NA,NA,NA,NA,NA,NA,NA,NA,NA,NA,NA,NA,NA,NA,-0.137525129841418,1.14304798860445,0.506032311699021,-0.974411328146896,0.130814307552646,-1.0754215009313,NA,NA,-0.911382378660248,-1.42388161830646
"Croton_poecilanthus","CROPOE",13223.7405091561,2346.86286897492,4861.98680768535,7391.29163864162,7169.41576236486,4822.55289338995,925,592,789,853,809,217,1.26332116290312,1.13928408151407,0.732254205188238,0.0310021386630984,0.0854716528383138,NA,NA,NA,0.554062958716193,0.436229827001132,0.732254205188238,0.0310021386630984,117.154979713317,0.703054259202135,0.703981249296475,1.18629691453503,3,3,2,1,"Croton_poecilanthus",NA,NA,67.8571,67.8571,0.582214219,576.4666667,121.483871,142.2883871,13,1.83159529531927,2.76077419994505,2.08451862196169,2.15316945648489,-0.606415419096325,0.0534748312498541,2.42358231161293,0.68464879190985,0.264303792017704,-0.0147539246644238,0.0534748312498541,-0.606415419096325,2.42358231161293,0.68464879190985,0.264303792017704,-0.0147539246644238,0.0615055114332343,-1.51124979419438,-1.2879137844981,1.32726934669575
"Crossopetalum_rhacoma","CRORHA",14730.1378088596,2049.95284479663,4072.81191969443,5214.53147367846,5568.56607410473,3518.6132293081,11125,1126,2350,3158,3593,2467,3.90092012302807,4.56985265433408,4.5758780899071,6.56134676562406,NA,NA,NA,NA,NA,NA,NA,NA,NA,NA,NA,NA,2,3,3,3,"Crossopetalum_rhacoma",19.8744,NA,NA,19.8744,0.939303595,427.4333333,3.262155752,52.73491254,4,1.29829402635379,2.63086838751398,0.51350469263906,1.72209823007673,1.29077983656589,-0.439278495828535,1.57944967741476,-1.8134214790848,-1.70333751551705,-1.11621905452976,-0.439278495828535,1.29077983656589,1.57944967741476,-1.8134214790848,-1.70333751551705,-1.11621905452976,3.48637659173266,-0.389281679745943,-3.03172974687739,-1.65450763802141
"Cassipourea_guianensis","CSSGUI",18462.8986702356,3590.73666352965,7138.96003420465,10251.7531843148,10071.2957620863,6480.55909855664,18270,3736,7692,11726,11136,7400,NA,0.0328874888192764,0.703981244601093,0.771923148896948,NA,NA,NA,NA,NA,0.0328874888192764,0.351990622300547,0.771923148896948,NA,102.204295238439,0.351990622300547,NA,NA,1,1,1,"Cassipourea_guianensis",NA,NA,206.5,206.5,0.765860106,206.6041667,28.68842327,165.102972,10,2.31492005599242,2.31513907592789,1.45770667986135,2.2177548910192,0.369284584754471,0.500051462021901,-0.472170727362387,-0.31204528497871,0.559106509224486,-0.381908967952871,0.500051462021901,0.369284584754471,-0.472170727362387,-0.31204528497871,0.559106509224486,-0.381908967952871,0.0981092507646021,0.692872054806978,0.553877437075919,-0.802184388469964
"Cupania_americana","CUPAME",25378.3359496798,3802.60746979527,7923.78529989161,10458.3302475568,10531.5107096527,6728.90323985741,30856,4381,9691,12801,12909,8528,3.85371716401348,5.18008244771806,4.1588975322994,4.69598768565406,0.0569811018922092,0.056468466496443,NA,0.0620042773261967,0.588441353203456,2.3097213989408,2.75093504309721,3.15214138786017,13.4759059599713,0.409671157981994,0.738773513631041,10.5061991149478,15,19,20,24,"Cupania_americana",197.64,NA,NA,197.64,0.5025,NA,315.41,135.16,17,2.29587484521738,NA,2.49887545841575,2.13084818310286,-1.02993246625602,0.482454295991309,NA,1.34351786710358,0.162417475203592,0.474786133053506,0.482454295991309,-1.02993246625602,0.0903292809166431,1.34351786710358,0.162417475203592,0.474786133053506,NA,NA,0.638487588793542,1.34837743469359
"Cyathea_arborea","CYAARB",10804.4540770808,1585.82302800163,4035.19275473773,6011.71939391676,5568.47901180618,3982.65598380455,12695,1791,4981,6501,5982,4191,2.84187178284383,6.81547468848218,6.05731249040536,2.81210403568992,NA,NA,NA,NA,2.84187178284383,6.81547468848218,6.05731249040536,2.81210403568992,1.77314551992846,4.92137980972575,0.351990622300547,7.33326995570931,8,15,18,9,"Cyathea_arborea",NA,NA,NA,NA,NA,NA,NA,NA,NA,NA,NA,NA,NA,NA,NA,NA,NA,NA,NA,-0.00707381221300053,-1.00418984705881,-0.0823319741896481,0.482627052994819,0.181322713571965,0.0532906669372636,NA,NA,0.374097991406975,0.9130527893312
"NA.9","CYABOR",21069.5514786392,3880.95571767166,7878.88370763883,11288.7436634228,11191.9641667269,7311.00844905525,32128,5991,12179,17499,17328,11337,NA,NA,NA,NA,NA,NA,NA,NA,NA,NA,NA,NA,NA,NA,NA,NA,NA,NA,NA,NA,"Cyathea_borinquena",NA,NA,NA,NA,NA,NA,NA,NA,NA,NA,NA,NA,NA,NA,NA,NA,NA,NA,NA,NA,NA,NA,NA,NA,NA,NA,NA,NA,NA
"Cynophalla_flexuosa","CYNFLE",18595.7529574616,2658.78665479574,5177.42282386286,6339.11313119832,6724.04629731666,4065.25964252092,10480,1210,2008,1984,2319,1109,NA,1.75763563628234,0.703981244601093,0.771923148896948,NA,NA,NA,NA,NA,0.703054254512936,0.351990622300547,0.385961574448474,NA,0.703054259202135,0.703981244601093,NA,NA,2,1,1,"Cynophalla_flexuosa",67.0056,NA,NA,67.0056,NA,NA,NA,NA,NA,1.82611110042421,NA,NA,NA,NA,0.0484076104533767,NA,NA,NA,NA,0.0484076104533767,0.216311805531997,2.10424069930822,-0.198496787367465,-2.62116511919961,-1.08567283119605,NA,NA,-3.36577866592274,0.0677436214947705
"Cynophalla_hastata","CYNHAS",12249.1463597304,1480.09211576721,3221.13287988567,3979.98081355288,4358.76617634305,2878.67406057584,7390,852,1847,1388,1844,992,NA,2.46068989079528,2.46393435610383,1.92980787224237,NA,NA,NA,NA,NA,0.703054254512936,1.05597186690164,1.15788472334542,NA,22.6721683350637,2.70748024963245,NA,NA,1,1,1,"Cynophalla_hastata",NA,463.2,NA,463.2,0.828205188,483.7111111,43.91378768,39.17742011,6,2.66576855071938,2.68458606347693,1.64260089776437,1.59303583367809,0.70052040898765,0.824224257283607,1.92850906486647,-0.0180448688134074,-2.2924478222276,-0.8714490256708,0.824224257283607,0.70052040898765,1.92850906486647,-0.0180448688134074,-2.2924478222276,-0.8714490256708,2.29291332695509,-1.98971360384902,-2.83856034919078,-0.403552644337122
"Cynometra_portoricensis","CYNPOR",18692.5768713573,2816.50389472715,5356.29095349961,6188.61098653078,6570.28418474819,3753.78029002104,13634,2208,3475,2711,3257,1049,NA,NA,NA,NA,NA,NA,NA,NA,NA,NA,NA,NA,NA,NA,NA,NA,NA,NA,NA,NA,"Cynometra_portoricensis",NA,NA,NA,NA,NA,NA,NA,NA,NA,NA,NA,NA,NA,NA,NA,NA,NA,NA,NA,0.945343617506039,0.566940203185743,-1.4711379189234,-0.0172975981914688,0.912105222230861,-0.173980184720278,NA,NA,1.63739066387998,-1.13504182710013
"Cyrilla_racemiflora","CYRRAC",9303.40846351907,2020.07791132573,3802.61303468235,5685.67175180372,5452.29542201385,3432.21751068812,5615,2017,2971,4111,3791,1774,0.142452754730523,0.0282342332482215,0.0282729605871451,0.0310021386630984,NA,NA,NA,NA,0.142452754730523,0.0282342332482215,0.0282729605871451,0.0310021386630984,0.7092582089175,0.761198285238462,1.05597187159702,10.1202375349718,2,1,1,1,"Cyrilla_racemiflora",NA,NA,NA,NA,0.580838172,317.7333333,21.0238919,77.74172343,13,NA,2.50206277890919,1.32271311484343,1.8906541641296,-0.613726277428801,NA,0.742466207188984,-0.526698640529946,-0.933957426671844,-0.0147539246644238,-0.44942082798765,-0.613726277428801,0.742466207188984,-0.526698640529946,-0.933957426671844,-0.0147539246644238,NA,NA,-1.24131503704953,0.368039379013118
"Dacryodes_excelsa","DACEXC",14229.2474240236,2132.23050396633,5034.17746673821,7828.39592665498,7454.88060530269,5322.65010133636,18242,2680,6435,10578,9898,7218,0.696515713446717,1.18936503953284,1.19391799214969,1.14362173041356,0.227924407568837,0.338810798978658,0.226183684697161,0.18601283197859,0.341886611353255,0.837837912276371,1.19391799214969,1.14362173041356,2.83703282147827,44.3794139721795,69.7515242913469,17.9247056501325,5,6,6,4,"Dacryodes_excelsa",1988.07,NA,1255,1255,0.507989783,218.5299145,529.1321962,129.5060676,28,3.09864372581706,2.33951089582829,2.72356418792893,2.11229011639771,-1.00076556586015,1.22418708346025,-0.313801766438192,1.7007955620674,0.0777084610082054,1.82102129177781,1.22418708346025,-1.00076556586015,-0.313801766438192,1.7007955620674,0.0777084610082054,1.82102129177781,-2.22302591178313,-1.62651540090912,1.41843575859311,1.3310498793433
"Daphnopsis_americana","DAPAME",17424.3047083337,2388.46085722838,5305.37128345994,8753.93646476511,8406.48197632842,6018.02111910004,6036,1304,2482,4283,3897,2593,0.0343783944872623,1.69980635399547,1.63750466533206,1.78602934727056,0.0343783944872623,NA,NA,NA,0.0343783944872623,0.0611217220674979,0.0903731000100827,0.957281815994397,7.80184027917019,0.351527127256468,1.05597187159702,3.88802794082288,1,3,4,5,"Daphnopsis_americana",NA,NA,NA,NA,NA,NA,NA,NA,NA,NA,NA,NA,NA,NA,NA,NA,NA,NA,NA,-0.906354891998858,-1.76697388967084,0.854693516826075,-0.209585246796222,0.0354779411177405,-0.971727728225458,NA,NA,-0.852422080242791,1.52181522394425
"Daphnopsis_helleriana","DAPHEL",17858.9069262389,3155.10240190802,5797.43065467197,6352.16629568581,6600.98492564168,3445.88252373366,9985,2056,3152,2510,2874,818,NA,NA,NA,NA,NA,NA,NA,NA,NA,NA,NA,NA,NA,NA,NA,NA,NA,NA,NA,NA,"Daphnopsis_helleriana",NA,NA,NA,NA,NA,NA,NA,NA,NA,NA,NA,NA,NA,NA,NA,NA,NA,NA,NA,-0.906354891998858,-1.76697388967084,0.854693516826075,-0.209585246796222,0.0354779411177405,-0.971727728225458,NA,NA,-0.852422080242791,1.52181522394425
"Daphnopsis_philippiana","DAPPHI",9867.53173370927,2077.30201868818,3990.55621879653,6484.72263967246,6075.49687304033,3998.19485435216,8994,2089,3783,6393,5814,3725,0.354629102093461,0.351527127256468,0.351990622300547,NA,NA,NA,NA,NA,NA,NA,NA,NA,NA,NA,NA,NA,1,1,1,NA,"Daphnopsis_philippiana",NA,NA,NA,NA,0.356617351,335.4555556,32.65501234,125.916548,5,NA,2.52563498877842,1.51394985221231,2.10008280900243,-1.80499856501959,NA,0.895639273416041,-0.222612980036033,0.0219877336359083,-0.993834040100283,-0.92353366847523,-1.80499856501959,0.895639273416041,-0.222612980036033,0.0219877336359083,-0.993834040100283,NA,NA,-0.895838181201767,1.55789048304779
"Delonix_regia","DELREG",19842.7157647824,2321.54083085107,5072.29630443826,7833.41950115003,7789.17377834814,5467.63294749707,11378,929,1551,2556,2805,1876,0.119850047325576,0.881766165144375,1.70457764069526,1.76538699850143,NA,NA,NA,0.0310021386630984,0.119850047325576,0.178711910631439,0.648605773793616,0.607502275156006,0.428242994062336,0.351527127256468,9.64291591626171,1.92980787739091,2,4,5,4,"Delonix_regia",408,NA,NA,408,NA,NA,NA,NA,NA,2.61066016308988,NA,NA,NA,NA,0.773305868495525,NA,NA,NA,NA,0.773305868495525,0.287361773855346,-1.68596685890516,0.68876881653812,0.644234851607986,-0.288431032092869,NA,NA,1.73485418427172,-0.579399744703027
"Dendropanax_arboreus","DENARB",19110.6125627505,3661.8042014977,7059.77090205345,9926.60969947837,9686.39816920739,6024.59396770969,18034,4037,7533,10002,9604,5567,8.48151816966793,9.40418724283026,10.3214144318211,8.80362053944359,0.256414958514942,NA,NA,0.0620042773261967,3.4430968483906,5.18586171575264,5.39354571961345,6.10188951830427,4.96480744823077,0.409671157981994,66.2664103331401,0.385961574448474,25,22,24,26,"Dendropanax_arboreus",8,NA,5.6,5.6,0.46467937,217.5132275,70.2859667,214.652433,30,0.7481880270062,2.3374856725807,1.84686862241477,2.33173581539867,-1.23087129172854,-0.947558856664983,-0.326961739828409,0.306761373033801,1.07937685282584,2.06579132063678,-0.947558856664983,-1.23087129172854,-0.326961739828409,0.306761373033801,1.07937685282584,2.06579132063678,-1.73567389276815,-0.136034944777271,1.33807248702524,1.22311134165237
"Dendropanax_laurifolius","DENLAU",16285.4532386474,2219.53796083387,4923.40383684961,7918.36271395022,7683.33306094306,5463.79510010919,12811,1912,4703,7606,7230,5318,NA,NA,NA,NA,NA,NA,NA,NA,NA,NA,NA,NA,NA,NA,NA,NA,NA,NA,NA,NA,"Dendropanax_laurifolius",NA,NA,NA,NA,0.39725,NA,82.314,124.328,NA,NA,NA,1.91547370648399,2.09456894743554,-1.58911964481394,NA,NA,0.415850361841357,-0.00318050102785238,NA,-1.41665099952924,-1.58911964481394,0.593196175469061,0.415850361841357,-0.00318050102785238,1.88309266960621,NA,NA,-0.0328526826095844,1.87236847981651
"Diospyros_sintenisii","DIOSIN",12306.3580345847,2755.39100955334,4745.22369980998,5069.82326999586,5313.90005572047,2558.50904616714,4584,1827,2673,2329,2610,783,NA,NA,NA,NA,NA,NA,NA,NA,NA,NA,NA,NA,NA,NA,NA,NA,NA,NA,NA,NA,"Diospyros_sintenisii",NA,NA,NA,NA,0.738020991,242.5111111,40.8870516,103.924859,9,NA,2.38473164140786,1.61158579433968,2.01671944394983,0.221376972684167,NA,-0.0199557377491881,-0.0673620049450066,-0.358527574656272,-0.504293982382353,-0.150322159058288,0.221376972684167,-0.0199557377491881,-0.0673620049450066,-0.358527574656272,-0.504293982382353,NA,NA,-0.421620757260811,-0.331754020645534
"Ditta_myricoides","DITMYR",5479.87417901841,926.412447564784,1934.8154161336,2483.26270537473,2280.82781626808,1354.4153687033,2485,799,1404,1832,1559,760,0.709258204186922,0.703054254512936,0.732254205188238,NA,NA,NA,NA,NA,NA,NA,0.380263582887692,NA,NA,9.13970536024936,NA,NA,1,1,2,NA,"Ditta_myricoides",NA,NA,NA,NA,0.42522894,313.6888889,11.65797669,106.0222993,9,NA,2.49649913592797,1.06662318261711,2.02539721851401,-1.44046915058457,NA,0.70631345530215,-0.933907408355091,-0.318917536583866,-0.504293982382353,-1.03290466199138,-1.44046915058457,0.70631345530215,-0.933907408355091,-0.318917536583866,-0.504293982382353,NA,NA,-1.07648840257589,0.896681893895718
"Drypetes_alba","DRYALB",25804.8171283603,4286.69264286757,8323.68185353279,11075.2133929133,11178.7482739091,6892.05563104153,18030,3664,5721,4820,5466,1802,2.83703281674769,NA,NA,NA,NA,NA,NA,NA,NA,NA,NA,NA,NA,NA,NA,NA,2,NA,NA,NA,"Drypetes_alba",NA,NA,NA,NA,0.726896355,199.7777778,39.34479947,131.0802932,14,NA,2.30054717800619,1.59488733616797,2.11753740414,0.162272423350925,NA,-0.566989404064244,-0.0939142341465472,0.101659909125655,0.107631089765059,0.440336739182093,0.162272423350925,-0.566989404064244,-0.0939142341465472,0.101659909125655,0.107631089765059,NA,NA,0.511098640473767,-0.517087949411438
"Drypetes_glauca","DRYGLA",14436.3691355232,2730.66467179544,5514.83883311413,8316.78504954837,8030.39693340845,5299.73226161301,13226,2500,5456,9072,8370,5870,0.440100754931775,0.351527127256468,0.0282729605871451,0.0310021386630984,0.0569811018922092,NA,NA,0.0310021386630984,0.0854716528383138,NA,0.0282729605871451,0.0310021386630984,1.418516417835,0.703054254512936,0.386782891330494,0.771923154045485,3,1,1,1,"Drypetes_glauca",NA,NA,364.8148,364.8148,0.694962363,217.3111111,56.79770966,139.6844093,17,2.5620724487023,2.33708193233089,1.75433082335048,2.14514793558569,-0.00739103400367053,0.728412373368357,-0.329585258470278,0.15961695854382,0.22768924921454,0.474786133053506,0.728412373368357,-0.00739103400367053,-0.329585258470278,0.15961695854382,0.22768924921454,0.474786133053506,-0.45420980768045,-0.200356731202737,0.651379651396046,-0.226776908987037
"Drypetes_ilicifolia","DRYILI",11878.971963339,2260.45703187864,3623.87776491884,3063.29712306894,3482.56542096147,1222.10838908283,12126,2563,4031,3324,3753,1190,NA,NA,NA,NA,NA,NA,NA,NA,NA,NA,NA,NA,NA,NA,NA,NA,NA,NA,NA,NA,"Drypetes_ilicifolia",NA,NA,NA,NA,NA,NA,NA,NA,NA,NA,NA,NA,NA,NA,NA,NA,NA,NA,NA,0.606597654272575,0.0514133929766241,-0.396962267141306,0.07088789875907,0.190363494824528,0.359078332674203,NA,NA,0.594032535642442,-0.319258218829603
"Elaeodendron_xylocarpum","ELAXYL",19528.3001832757,2971.49070816845,5697.32843446758,6945.06802736441,7299.63303760995,4328.1423294415,15692,2166,3774,3599,4034,1868,NA,NA,NA,NA,NA,NA,NA,NA,NA,NA,NA,NA,NA,NA,NA,NA,NA,NA,NA,NA,"Elaeodendron_xylocarpum",NA,NA,NA,NA,0.905063548,496.4305556,4.691587417,36.39572698,4.5,NA,2.69585850473658,0.671319812821424,1.56105039854083,1.10886444202317,NA,2.00175779297404,-1.56247955382065,-2.4384465796486,-1.05502654731502,-1.18229933530192,1.10886444202317,2.00175779297404,-1.56247955382065,-2.4384465796486,-1.05502654731502,NA,NA,-3.84808204612578,-1.13375068067479
"Erithalis_fruticosa","ERIFRU",14900.846348688,2240.42097836314,4147.94490948552,4655.67581353337,4994.33625856414,2753.91528020101,14489,2089,3411,2765,3214,1125,1.41851640837384,0.703054254512936,0.735031314312562,0.03326500369602,NA,NA,NA,NA,NA,NA,0.0310500697114688,0.03326500369602,NA,NA,5.345375961205,NA,2,1,2,1,"Erithalis_fruticosa",NA,NA,NA,NA,1.023628308,502.6777778,13.86739497,48.60143284,3.5,NA,2.7012896865168,1.14199488526858,1.68664907307572,1.73879217238704,NA,2.03704980721996,-0.814058814938056,-1.86514656552874,-1.17741156174451,-0.914747397625615,1.73879217238704,2.03704980721996,-0.814058814938056,-1.86514656552874,-1.17741156174451,NA,NA,-3.40864850478106,-1.29372801544519
"Erythroxylum_areolatum","ERYARE",5399.46239849506,705.336004687959,1340.05771767262,1222.41121006132,1469.48303226277,764.147027574815,5287,702,1186,756,1014,312,NA,0.819342315963987,2.31695514866449,2.52436041003091,NA,NA,NA,NA,NA,0.409671157981994,0.417832961041963,0.48090377303012,NA,0.819342321428799,19.7769915309438,NA,NA,1,3,3,"Erythroxylum_areolatum",NA,25,NA,25,0.930545126,213.4567901,14.26529182,116.1929091,8,1.39794000867204,2.32930997434755,1.15428066029169,2.06517962519108,1.24424659600914,-0.347208793064547,-0.380087720543225,-0.794523196081654,-0.137329200607018,-0.626678996811836,-0.347208793064547,1.24424659600914,-0.380087720543225,-0.794523196081654,-0.137329200607018,-0.626678996811836,1.3978070729706,0.873651593908219,-0.388392926584133,-1.57825646232001
"Erythrina_berteroana","ERYBER",19525.1339699463,2426.4113614657,5290.91223897459,8193.24384123366,8067.99788817065,5641.58652670495,30111,3735,8158,12645,12450,8715,4.32430601409606,3.86679839982115,3.9284427664803,NA,0.0343783944872623,NA,NA,NA,1.48727319734837,3.51527127256468,3.57645214417975,NA,1.06388731101096,60.0450062640046,0.351990622300547,NA,2,1,1,NA,"Erythrina_berteroana",NA,NA,NA,NA,NA,NA,NA,NA,NA,NA,NA,NA,NA,NA,NA,NA,NA,NA,NA,0.531952472828306,-1.7400010534623,-1.75288561104015,1.52210816628292,1.9846340625299,1.21168514106132,NA,NA,3.31051528613314,1.57155498065762
"Erythroxylum_brevipes","ERYBRE",22197.8351173755,2916.92612108402,6032.27626543306,7555.22127697431,7857.08127122931,4940.15515014529,17380,1953,3840,3065,3586,1633,NA,NA,NA,NA,NA,NA,NA,NA,NA,NA,NA,NA,NA,NA,NA,NA,NA,NA,NA,NA,"Erythroxylum_brevipes",NA,NA,NA,NA,0.849764475,137.1777778,3.84386116,253.7316667,6,NA,2.13728376326212,0.584767692593067,2.40437467224672,0.815063657151549,NA,-1.62788093599033,-1.7001061364998,1.41093972807794,-0.8714490256708,-0.15250200508705,0.815063657151549,-1.62788093599033,-1.7001061364998,1.41093972807794,-0.8714490256708,NA,NA,1.25352920088655,-2.06121439212474
"Erythrina_poeppigiana","ERYPOE",25132.1565770879,4045.56813664734,7957.60711876675,10643.250678122,10764.9922861345,6719.42414948717,29668,3409,7753,12233,12026,8617,1.95983687634983,2.94067185601504,2.62737633281469,1.40590183265021,0.284905509461046,0.19763963273755,0.141364802935726,0.155010693315492,1.25057867216291,1.88609047424564,2.27538571051415,1.40590183265021,8.1564693718025,0.351527127256468,24.4961066853163,11.1479455035058,11,15,16,9,"Erythrina_poeppigiana",245,NA,NA,245,0.324989708,124.2222222,502.1049163,379.2501888,24,2.38916608436453,2.09419929403339,2.70079447373744,2.57892580566121,-1.9730344078092,0.568652419176351,-1.90784536423619,1.66458942471931,2.20768513659232,1.33148123405988,0.568652419176351,-1.9730344078092,-1.90784536423619,1.66458942471931,2.20768513659232,1.33148123405988,-3.92263233771614,0.728669192317423,3.64595818832089,1.79077806998637
"NA.10","ERYROT",18934.1460522701,2488.50927452382,5075.09087618289,6228.86598334729,6622.43688874447,4133.92761422065,15001,1594,2957,3174,3646,2052,NA,3.86679839982115,3.87189684530601,4.63153889338169,NA,NA,NA,NA,NA,0.351527127256468,0.351990622300547,0.385961574448474,NA,10.6039578953116,13.3675078289259,NA,NA,4,4,5,"Erythroxylum_rotundifolium",20.5465,NA,NA,20.5465,0.984493196,224.2222222,1.181258257,97.59893309,6,1.31273785248244,2.35067865241852,0.0723448572481165,1.98944507017019,1.53086957987561,-0.425932862141152,-0.241233283071792,-2.51491002032401,-0.483022510059705,-0.8714490256708,NA,NA,NA,NA,NA,NA,NA,NA,NA,NA
"Erythroxylum_rufum","ERYRUF",24226.2774057202,4017.89906271547,7791.71841446124,10243.7402978875,10393.1447533388,6375.2456906233,18030,3664,5721,4820,5466,1802,0.428242994062336,0.409671157981994,0.738773513631041,1.24312129691424,NA,NA,NA,NA,NA,NA,0.386782891330494,0.41437376563808,NA,NA,28.6852018928196,NA,1,1,2,2,"Erythroxylum_rufum",NA,NA,NA,NA,0.950822015,194.7111111,40.58090844,166.9023945,3,NA,2.28939073504203,1.6083217648773,2.22246256742027,1.35197653757534,NA,-0.639484371082121,-0.072552140316462,0.580594880476807,-1.23860406895925,-0.0274098224004669,1.35197653757534,-0.639484371082121,-0.072552140316462,0.580594880476807,-1.23860406895925,NA,NA,0.292908607636219,-1.44524219704262
"Erythroxylum_urbanii","ERYURB",19140.4553636536,3370.92481212318,6186.11472899094,7527.4633038491,7762.30035847053,4391.37554634735,18030,3664,5721,4820,5466,1802,NA,NA,NA,NA,NA,NA,NA,NA,NA,NA,NA,NA,NA,NA,NA,NA,NA,NA,NA,NA,"Erythroxylum_urbanii",NA,NA,NA,NA,NA,NA,NA,NA,NA,NA,NA,NA,NA,NA,NA,NA,NA,NA,NA,-0.0997207768751285,1.12862124573028,-0.805788553995559,-0.630348988903712,0.605993614857425,-0.897217522405166,NA,NA,0.395369251697822,-1.56637569641392
"Eugenia_axillaris","EUGAXI",21945.3727857592,3161.79152047727,6277.64176387433,7998.07454396319,8316.53905765247,5154.74753717519,13563,1890,3249,2832,3308,1418,NA,NA,NA,NA,NA,NA,NA,NA,NA,NA,NA,NA,NA,NA,NA,NA,NA,NA,NA,NA,"Eugenia_axillaris",158.9,42,NA,42,0.888336743,289.6222222,15.56126218,81.26648576,6,1.6232492903979,2.46183188144975,1.1920448198759,1.90991147978434,1.01999589195915,-0.13903021811492,0.481044390773962,-0.734474381360386,-0.846056663565398,-0.8714490256708,-0.13903021811492,1.01999589195915,0.481044390773962,-0.734474381360386,-0.846056663565398,-0.8714490256708,1.8901833223983,0.0718705244086343,-1.37785466108975,-1.20477599233071
"Eugenia_biflora","EUGBIF",22513.7963992069,2927.72103871871,6373.55018665362,7980.3994748937,8176.35404122341,5248.63300250471,19629,2115,4996,5355,5614,3499,8.54339722673851,9.02237117986535,9.50090950673547,11.5254851769982,0.0628689454333669,NA,NA,NA,1.73183039499387,4.21994240262916,3.44748438956628,2.94909396556296,0.428242994062336,8.14326799513788,2.11194374319404,0.385961574448474,14,11,13,16,"Eugenia_biflora",97.92,NA,NA,97.92,0.805339482,250.6444444,7.268658704,100.5496554,18,1.99087140480149,2.3990580828044,0.8614542772697,2.00238058653759,0.57903623203872,0.200640865607337,0.0731379929194258,-1.26014661821485,-0.423977844632018,0.597171147482988,0.200640865607337,0.57903623203872,0.0731379929194258,-1.26014661821485,-0.423977844632018,0.597171147482988,1.10377530960898,-0.151181156246478,-0.4776266085081,-1.21812272658554
"Eugenia_borinquensis","EUGBOR",2917.48693208666,687.517793093335,1336.51137639313,1684.25671495769,1540.44694044751,852.929147354177,5906,1218,2785,3381,2938,1720,1.85861716330562,1.43434274227409,1.08424482748878,1.5438462977939,0.0284905509461046,0.0282342332482215,NA,NA,0.794729857025236,0.0282342332482215,0.0282729605871451,NA,4.25554923931327,6.38563235416634,15.4487272477848,1.21470911125218,4,4,3,3,"Eugenia_borinquensis",NA,NA,NA,NA,0.4665,NA,103.554,55.611,NA,NA,NA,2.01516687912881,1.7451607046539,-1.22119838956324,NA,NA,0.574372540516458,-1.59806795714239,NA,1.76471292475174,-1.22119838956324,2.65470469280585,0.574372540516458,-1.59806795714239,0.200216363052049,NA,NA,-2.09163096461774,1.49350703479523
"Eugenia_confusa","EUGCON",7185.96276060678,1588.72507762536,2922.90258539189,3788.27089375071,3840.15994378086,2251.4348661555,559,334,415,432,441,107,0.383119653039566,1.08281561501763,0.0282729605871451,0.0310021386630984,0.0284905509461046,NA,NA,NA,0.0284905509461046,0.731288487761158,0.0282729605871451,0.0310021386630984,20.4686095994276,3.51527129132148,1.75995311619811,41.4801708875061,2,2,1,1,"Eugenia_confusa",NA,NA,NA,NA,NA,NA,NA,NA,NA,NA,NA,NA,NA,NA,NA,NA,NA,NA,NA,0.805870885054183,0.746051384925748,0.487561864353175,-0.64055402166165,-0.689889267442151,-0.341862221346112,NA,NA,-0.89547453293628,-1.08882484122746
"NA.11","EUGCOR",16433.4894311298,2035.49052244797,5119.53017843049,8991.04741155449,8708.50603059679,6673.01550814882,13645,1384,3834,8089,8083,6699,0.0569811018922092,NA,NA,NA,0.0569811018922092,NA,NA,NA,0.0569811018922092,NA,NA,NA,12.9407562459421,NA,NA,NA,1,NA,NA,NA,"Eugenia_cordata",95.8015267,NA,NA,95.8015267,NA,NA,NA,NA,NA,1.9813724300817,NA,NA,NA,NA,0.191864116573743,NA,NA,NA,NA,NA,NA,NA,NA,NA,NA,NA,NA,NA,NA
"Eugenia_domingensis","EUGDOM",26396.2785375267,4137.03527400643,8422.48365221918,11511.6576325223,11450.5098314658,7313.47455745935,23019,3410,7700,9003,8844,5434,NA,NA,NA,1.15788472334542,NA,NA,NA,NA,NA,NA,NA,0.385961574448474,NA,NA,NA,NA,NA,NA,NA,1,"Eugenia_domingensis",25.87,NA,1060.6667,1060.6667,0.564446579,247.4166667,42.17733333,95.314,20,3.02557893423938,2.39342895160693,1.62507911791944,1.9791566957715,-0.700813865473834,1.156677551349,0.0365596962517177,-0.0459062623431335,-0.529984193452323,0.841941176341953,1.156677551349,-0.700813865473834,0.0365596962517177,-0.0459062623431335,-0.529984193452323,0.841941176341953,-0.41500862331799,-1.02993805617663,0.163068209557378,0.244725218502986
"Eugenia_eggersii","EUGEGG",19078.9241445633,2477.73425947875,5584.46782259271,9089.62012289837,8783.50775591657,6305.77349643782,9396,1991,3982,6505,5963,3972,NA,NA,NA,NA,NA,NA,NA,NA,NA,NA,NA,NA,NA,NA,NA,NA,NA,NA,NA,NA,"Eugenia_eggersii",NA,NA,NA,NA,0.672226716,NA,36.84157895,185.5536842,7,NA,NA,1.56633823484125,2.26846958176131,-0.128184214988173,NA,NA,-0.13931017873798,0.790595679203401,-0.749064011241318,0.993700562075982,-0.128184214988173,-0.101559465173938,-0.13931017873798,0.790595679203401,-0.749064011241318,NA,NA,0.563804676825102,-0.333267644241159
"Eugenia_foetida","EUGFOE",10548.1593574949,1960.49438088527,3126.71580196661,2587.55218011746,2975.94136782875,1015.44698694348,17515,3337,5315,4393,5033,1696,NA,NA,NA,NA,NA,NA,NA,NA,NA,NA,NA,NA,NA,NA,NA,NA,NA,NA,NA,NA,"Eugenia_foetida",NA,NA,NA,NA,0.940811223,272.948718,4.792203905,86.0395185,14,NA,2.43608105882944,0.680535288707702,1.93469797129494,1.29878977716099,NA,0.313714620654672,-1.54782601961902,-0.732917763130092,0.107631089765059,0.511320968624574,1.29878977716099,0.313714620654672,-1.54782601961902,-0.732917763130092,0.107631089765059,NA,NA,-1.01976421290344,-1.96153865697917
"Eugenia_ligustrina","EUGLIG",13518.4724997489,1879.27255026518,3703.97604672754,3907.29797511462,4266.77675244132,2387.50420217613,14019,2019,3521,2733,3270,1251,NA,3.01488334347654,1.86432991859258,3.22975355153582,NA,0.0282342332482215,NA,NA,NA,0.0282342332482215,NA,NA,NA,1.0545813864586,NA,NA,NA,2,3,4,"Eugenia_ligustrina",NA,46.4,NA,46.4,1.01784157,261.3111111,4.456037929,83.21975984,3,1.66651798055488,2.41715787657319,0.648948878818567,1.92022645814867,1.70804756720629,-0.0990513313694691,0.190751102807062,-1.59805159053138,-0.798973545341313,-1.23860406895925,-0.0990513313694691,1.70804756720629,0.190751102807062,-1.59805159053138,-0.798973545341313,-1.23860406895925,2.69906768764364,0.731846918852092,-1.49089218614639,-2.29541028563204
"Eugenia_monticola","EUGMON",27182.9223017991,4314.98666512966,8612.06921136379,11728.4748642743,11840.7652669847,7525.77860185504,35099,5176,10561,14670,14985,9809,12.3201620557813,23.4007937814484,23.3139440405266,20.1729321258913,NA,NA,NA,0.0665300073920401,1.52062085128882,4.12760875597147,6.20964055592068,4.97836976645282,3.54629103985692,0.351527127256468,15.4875874563502,12.2489307672726,12,22,22,22,"Eugenia_monticola",NA,NA,NA,NA,0.858228983,200.6720867,2.900834804,106.903796,19,NA,2.30248696673142,0.462522997415551,2.02899312665484,0.860035099872698,NA,-0.554384587268397,-1.8944875058244,-0.30250387461216,0.71955616191247,0.449012480387439,0.860035099872698,-0.554384587268397,-1.8944875058244,-0.30250387461216,0.71955616191247,NA,NA,-0.0570637459774744,-1.96838569380305
"Eugenia_padronii","EUGPAD",8080.99154931307,1967.29514570907,3476.05548888072,4217.00964981318,4301.78335009143,2334.48820438236,8218,2861,4424,3822,4249,1388,NA,NA,NA,NA,NA,NA,NA,NA,NA,NA,NA,NA,NA,NA,NA,NA,NA,NA,NA,NA,"Eugenia_padronii",NA,NA,NA,NA,NA,387.0555556,32.65742622,112.8289778,5.5,NA,2.58777330548113,1.5139819543597,2.05242065356943,NA,NA,1.29941628678662,-0.222561934390588,-0.195568020705537,-0.932641532885541,0.433271780067717,-0.226907275070532,1.29941628678662,-0.222561934390588,-0.195568020705537,-0.932641532885541,NA,NA,-1.16749239637615,0.151585197060265
"Eugenia_pseudopsidium","EUGPSE",17006.5047854949,2689.51571697759,5333.16559384655,5883.42606854863,6063.50784647301,3373.99212949543,19201,2937,6108,6216,6343,3406,0.0569811018922092,3.98042351836889,1.82953764956263,1.98663225462158,NA,NA,NA,NA,0.0569811018922092,1.22901347394598,0.351990622300547,0.385961574448474,22.4286877572971,4.56985266371248,1.09076413593159,58.8886631367069,1,3,3,3,"Eugenia_pseudopsidium",NA,NA,NA,NA,0.911617723,215.4848485,27.34892411,105.6434169,9,NA,2.33341673879292,1.43694024612536,2.02384243945667,1.14368639571462,NA,-0.353401817700042,-0.345066004771315,-0.326014385804832,-0.504293982382353,0.926443909361582,1.14368639571462,-0.353401817700042,-0.345066004771315,-0.326014385804832,-0.504293982382353,NA,NA,-0.0973831087774303,-1.49659554952195
"Eugenia_rhombea","EUGRHO",14751.4324275227,2303.14750662539,4529.23921983968,5660.55611564964,5973.72865143698,3670.58114481159,9712,1061,2478,2273,2838,1777,5.11203521324621,2.22545082498986,5.48861294868788,5.78942361672711,NA,NA,NA,NA,0.354629102093461,NA,1.93391445665247,NA,8.15646939545539,8.60842025342294,NA,12.3507704595792,4,3,4,6,"Eugenia_rhombea",NA,126.5,NA,126.5,0.939445443,294.7888889,8.381956101,64.02254137,6,2.10209052551184,2.46951111018987,0.923345381963897,1.80633290943732,1.29153346680725,0.303403778343452,0.530944294894513,-1.16173353237909,-1.31884505932168,-0.8714490256708,0.303403778343452,1.29153346680725,0.530944294894513,-1.16173353237909,-1.31884505932168,-0.8714490256708,2.41530679231249,-0.168657187167677,-1.72106563130894,-1.71424722400364
"Eugenia_stahlii","EUGSTA",10363.8760285256,2161.4551823712,4202.5915616313,6544.46488061361,6179.90243393835,4018.44725156715,8154,1995,3534,5808,5241,3246,NA,0.0282342332482215,0.0282729605871451,0.0310021386630984,NA,NA,NA,NA,NA,0.0282342332482215,0.0282729605871451,0.0310021386630984,NA,22.4950732874674,2.11194374319404,NA,NA,1,1,1,"Eugenia_stahlii",NA,NA,35240,35240,0.728793857,384.9,49.72505251,85.74476574,23,4.54703589974001,2.58534791109459,1.6965752504147,1.93320761816534,0.172353742017794,2.56245515846278,1.28365598696504,0.0677797844473713,-0.739720537708813,1.2090962196304,2.56245515846278,0.172353742017794,1.28365598696504,0.0677797844473713,-0.739720537708813,1.2090962196304,0.0648925670979079,-2.47772432999136,-0.487316081437897,-0.321271081383501
"NA.12","EUGSTE",16698.9630999649,2181.14175901748,5357.5861977376,9368.23124518525,9013.83922911342,6832.69747009594,19603,2404,6173,11364,11041,8637,NA,NA,NA,NA,NA,NA,NA,NA,NA,NA,NA,NA,NA,NA,NA,NA,NA,NA,NA,NA,"Eugenia_stewardsonii",NA,NA,NA,NA,NA,NA,NA,NA,NA,NA,NA,NA,NA,NA,NA,NA,NA,NA,NA,NA,NA,NA,NA,NA,NA,NA,NA,NA,NA
"Eugenia_woodburyana","EUGWOO",5425.48867427378,953.760037894197,1887.67727289865,2400.42782933612,2530.40777226084,1576.64773436665,2773,561,896,682,833,272,NA,NA,NA,NA,NA,NA,NA,NA,NA,NA,NA,NA,NA,NA,NA,NA,NA,NA,NA,NA,"Eugenia_woodburyana",NA,NA,NA,NA,NA,NA,NA,NA,NA,NA,NA,NA,NA,NA,NA,NA,NA,NA,NA,0.434255389529537,0.124067587634314,0.931402069939134,-0.350985078939191,-0.315032443529066,-0.735388965366474,NA,NA,-1.01172140239481,-0.278750359014566
"Euphorbia_petiolaris","EUPPET",13966.9728645832,1731.89601985461,3623.82967369366,4631.65087387644,4965.49126821876,3233.59524836414,3473,470,720,406,573,103,NA,NA,NA,NA,NA,NA,NA,NA,NA,NA,NA,NA,NA,NA,NA,NA,NA,NA,NA,NA,"Euphorbia_petiolaris",NA,NA,NA,NA,NA,NA,NA,NA,NA,NA,NA,NA,NA,NA,NA,NA,NA,NA,NA,-0.127056683747464,-0.135764004601354,-0.0749799367846503,-0.0494984301143476,0.395764512636556,-0.020485517589517,NA,NA,0.241097252734628,-0.02861494177454
"Exostema_caribaeum","EXOCAR",15758.5671302434,2320.3626681678,4565.02299471665,5584.74285536539,5933.70147526637,3613.33880709857,11130,1284,2904,2655,3272,1988,11.0219927158434,7.26311866803146,9.09985736189759,12.1094597113242,NA,NA,NA,NA,1.44700695931995,0.703054254512936,2.16848965497757,3.50465630869936,5.67406565714827,85.7593047220917,11.6423470113223,1.15788472849396,10,8,12,11,"Exostema_caribaeum",NA,7.5,NA,7.5,0.933805399,230.6464647,6.214811063,86.3030788,11,0.8750612633917,2.36294680222177,0.79342793015485,1.93602628913352,1.26156823838633,-0.830332041383947,-0.161514405091298,-1.36831535701479,-0.726854604912594,-0.259523953523389,-0.830332041383947,1.26156823838633,-0.161514405091298,-1.36831535701479,-0.726854604912594,-0.259523953523389,2.04172411173782,0.630206617045279,-1.04217727991825,-1.72527924457014
"Exothea_paniculata","EXOPAN",21725.6499770284,3759.20590258017,7084.07331713662,8674.39047174528,8879.23514613137,5120.02924355119,8838,2307,3567,2974,3331,1024,NA,2.10916276353881,2.11194373380328,2.31576944669084,NA,NA,NA,NA,NA,0.351527127256468,0.351990622300547,0.385961574448474,NA,0.761198285238462,1.40796249389757,NA,NA,2,2,3,"Exothea_paniculata",NA,NA,NA,NA,0.737322109,131.8194445,57.96796526,162.4232733,14,NA,2.11997947714869,1.76318805641937,2.21064825853565,0.217663852933812,NA,-1.74032480856606,0.173700850608475,0.526668010026521,0.107631089765059,-0.0550158982439632,0.217663852933812,-1.74032480856606,0.173700850608475,0.526668010026521,0.107631089765059,NA,NA,1.50558503795925,-0.627156786991108
"Faramea_occidentalis","FAROCC",24970.6375501528,3906.5646433197,8012.84378211945,11156.8873617277,11046.499410525,7139.93476720527,22432,3511,7517,8242,8195,4684,2.12777461256077,1.40610850902587,3.87189684530601,5.01750046783016,NA,NA,NA,NA,NA,NA,0.703981244601093,0.771923148896948,NA,NA,11.08567068858,NA,3,4,8,7,"Faramea_occidentalis",300,NA,40,40,0.738158583,181.3407407,53.92664422,198.5756813,9,1.60205999132796,2.25849538530626,1.73180339558797,2.29792606125956,0.222107991043048,-0.158608453200363,-0.840243463141716,0.123796081004065,0.925050920668395,-0.504293982382353,-0.158608453200363,0.222107991043048,-0.840243463141716,0.123796081004065,0.925050920668395,-0.504293982382353,-0.335710689671489,1.19300116302683,0.957544932185219,-0.434288412067344
"Ficus_americana","FICAME",19192.2082115095,3485.8383073844,7179.57463512104,9776.17603547312,9535.72017707117,6049.88186968677,13597,2443,5750,7341,6916,4473,0.0284905509461046,0.0282342332482215,0.0282729605871451,0.0310021386630984,NA,NA,NA,NA,0.0284905509461046,0.0282342332482215,0.0282729605871451,0.0310021386630984,0.354629102093461,96.645993970385,49.9826686718774,2.31576946213646,1,1,1,1,"Ficus_americana",NA,NA,NA,NA,0.486519806,215.0555556,53.79085778,126.1857886,17,NA,2.3325506663054,1.73070846984701,2.1010104461907,-1.11483431514598,NA,-0.359029587825263,0.122055038871099,0.026221969507463,0.474786133053506,-2.02218767236306,-1.11483431514598,-0.359029587825263,0.122055038871099,0.026221969507463,0.474786133053506,NA,NA,0.0465025698779006,1.14610549253074
"Ficus_citrifolia","FICCIT",25369.2729905359,3989.12133760378,8015.67303418741,10751.7602601685,10938.2053648718,6949.08402726799,9916,2680,4306,3528,4055,1375,2.03544831252341,1.40269869189017,1.46012464249464,2.01566697283914,0.0284905509461046,NA,NA,NA,0.971561006243022,1.40269869189017,1.1081340201941,1.24374382394219,9.92961491065327,24.6015731291866,0.351990622300547,5.78942365276687,10,11,11,12,"Ficus_citrifolia",0.6,NA,NA,0.6,0.490161223,260.3827161,41.90101412,126.6175776,28,-0.221848749616356,2.41561215289339,1.62222453421666,2.10249400050581,-1.09548767668344,-1.84384183382044,0.180706934827533,-0.05044533774589,0.0329937106340854,1.82102129177781,-1.84384183382044,-1.09548767668344,0.180706934827533,-0.05044533774589,0.0329937106340854,1.82102129177781,-0.573871077281219,-0.404872365341778,0.00222836568269008,1.21273809030681
"Ficus_crassinervia","FICCRA",24412.3460396603,3882.66114498675,7702.63733435422,10254.8871593177,10391.1044003293,6508.44325534254,37211,5928,11752,15603,15817,9889,NA,NA,NA,NA,NA,NA,NA,NA,NA,NA,NA,NA,NA,NA,NA,NA,NA,NA,NA,NA,"Ficus_crassinervia",NA,NA,NA,NA,0.42,NA,44.1,101.8,20,NA,NA,1.64443858946784,2.00774777800074,-1.4682502071684,NA,NA,-0.0151227540402607,-0.399479091337007,0.841941176341953,-2.24949476263159,-1.4682502071684,-0.099177953446156,-0.0151227540402607,-0.399479091337007,0.841941176341953,NA,NA,-0.342083241473868,1.48144921215944
"Ficus_trigonata","FICTRI",20267.1908804309,3372.88516928628,6780.86213090736,9711.46552930865,9484.31819391623,6111.43302462995,9812,1513,3410,4995,4732,3219,0.0284905509461046,0.056468466496443,0.0565459211742903,0.0620042773261967,0.0284905509461046,NA,NA,NA,0.0284905509461046,0.056468466496443,0.0565459211742903,0.0620042773261967,2.48240372884596,0.703054254512936,6.18852629740436,2.37259383936713,1,2,2,2,"Ficus_trigonata",0.7884,NA,NA,0.7884,NA,NA,NA,NA,NA,-0.103253384392594,NA,NA,NA,NA,-1.73426350691444,NA,NA,NA,NA,-1.73426350691444,-0.990816158078648,-0.084168650655925,-0.0239554618608348,0.20965820779175,1.71500610840793,NA,NA,0.283355092130464,1.05054284021601
"Forestiera_segregata","FORSEG",7344.6618260406,1115.93570097815,2039.93388633849,1989.04713766137,2255.80550212925,1139.8698011511,3180,501,751,463,626,125,NA,NA,NA,NA,NA,NA,NA,NA,NA,NA,NA,NA,NA,NA,NA,NA,NA,NA,NA,NA,"Forestiera_segregata",NA,12.1,NA,12.1,0.747903773,331.6888889,1.191740872,72.91821353,6,1.08278537031645,2.52073092352358,0.0761818341839652,1.8628360200547,0.27388362335289,-0.638401605890865,0.863772481281192,-2.50880884080228,-1.06093442264721,-0.8714490256708,-0.638401605890865,0.27388362335289,0.863772481281192,-2.50880884080228,-1.06093442264721,-0.8714490256708,2.78395641530055,0.47488370226827,-2.16527438888574,-1.33303783103931
"Garcinia_hessii","GARHES",4972.51169306552,1063.61606883873,1976.22878468733,2449.25841589722,2498.29015084038,1434.67408200165,3778,576,1274,1944,1924,1348,NA,NA,NA,NA,NA,NA,NA,NA,NA,NA,NA,NA,NA,NA,NA,NA,NA,NA,NA,NA,"Garcinia_hessii",NA,NA,NA,NA,NA,NA,NA,NA,NA,NA,NA,NA,NA,NA,NA,NA,NA,NA,NA,-0.604585461604631,0.333823512417323,2.4022969706641,0.168657798520485,-1.91472662529903,0.141481771980892,NA,NA,-2.93473000691374,0.42787179846237
"Garcinia_portoricensis","GARPOR",18852.259604861,2951.04498911276,6511.63465387188,10054.7827115059,9869.80939254072,6918.76440342795,8526,1012,3031,3943,3583,2571,NA,NA,NA,NA,NA,NA,NA,NA,NA,NA,NA,NA,NA,NA,NA,NA,NA,NA,NA,NA,"Garcinia_portoricensis",NA,NA,NA,NA,0.860291667,418.1555556,28.97146016,65.96088047,8,NA,2.62133787118035,1.46197038417339,1.81928644413304,0.870994020976893,NA,1.51752004003037,-0.3052655659785,-1.25971814853651,-0.626678996811836,-0.503624383294588,0.870994020976893,1.51752004003037,-0.3052655659785,-1.25971814853651,-0.626678996811836,NA,NA,-2.25352932908912,-0.522040490405149
"Gaussia_attenuata","GAUATT",21971.0323478081,2833.59542211005,5798.98721191566,7915.96853417018,8132.23032345483,5298.63490134478,12362,935,1594,2442,2693,1758,NA,NA,NA,NA,NA,NA,NA,NA,NA,NA,NA,NA,NA,NA,NA,NA,NA,NA,NA,NA,"Gaussia_attenuata",NA,NA,NA,NA,0.160961377,198.4444445,86.4147816,183.2369273,18,NA,2.29763894523479,1.93658803667144,2.26301300048102,-2.84450746828858,NA,-0.585887205049805,0.449424272007752,0.765688902626182,0.597171147482988,0.0727157535439563,-2.84450746828858,-0.585887205049805,0.449424272007752,0.765688902626182,0.597171147482988,NA,NA,1.43058151050113,2.2454216486791
"Genipa_americana","GENAME",17876.0916563553,2158.57635709061,5042.37539297703,6754.59087121394,6577.15079500014,4418.57443790953,20658,2270,6004,7629,7367,5097,2.48240371465423,NA,NA,NA,NA,NA,NA,NA,2.48240371465423,NA,NA,NA,0.7092582089175,NA,NA,NA,1,NA,NA,NA,"Genipa_americana",106,NA,NA,106,0.626962069,NA,114.79,160.09,20,2.02530586526477,NA,2.05990405588441,2.20436420462101,-0.368672673366796,0.232457206476631,NA,0.645509154378044,0.497984202563294,0.841941176341953,0.232457206476631,-0.368672673366796,-1.13714069512012,0.645509154378044,0.497984202563294,0.841941176341953,NA,NA,1.48381112564639,0.217420050036878
"Gesneria_pedunculosa","GESPED",20602.8842914892,3471.94168032611,6917.02504628122,10659.3562269559,10576.9547757488,7105.01309542274,17204,3272,5986,9888,9851,6579,2.56945796437401,NA,NA,NA,NA,NA,NA,NA,0.856485988124671,NA,NA,NA,20.7157157952395,NA,NA,NA,1,NA,NA,NA,"Gesneria_pedunculosa",NA,NA,NA,NA,0.744258131,299.7111111,31.62403286,150.555304,5,NA,2.47670284371298,1.50001725260323,2.17769606013012,0.254514537709068,NA,0.577676437588524,-0.244767215737893,0.376256424226522,-0.993834040100283,-0.430999156850888,0.254514537709068,0.577676437588524,-0.244767215737893,0.376256424226522,-0.993834040100283,NA,NA,-0.600155573779886,-0.262961965005567
"Goetzea_elegans","GOEELE",4396.78931983115,778.905346995307,1803.3460193997,1856.71147096437,1831.83511111142,1052.92976411611,8841,1604,3797,3951,3902,2298,NA,NA,NA,NA,NA,NA,NA,NA,NA,NA,NA,NA,NA,NA,NA,NA,NA,NA,NA,NA,"Goetzea_elegans",NA,NA,NA,NA,NA,NA,NA,NA,NA,NA,NA,NA,NA,NA,NA,NA,NA,NA,NA,-0.634471370866786,-0.668967243460942,1.83848531192727,0.127958699713144,-0.689628409701499,-1.10660375597139,NA,NA,-1.99378956408554,1.01155630355172
"Gomidesia_lindeniana","GOMLIN",15670.9078768804,2129.53548360243,5118.66316998564,8876.34527460719,8532.42517619301,6402.88969259057,9279,1519,3656,6151,5724,4205,0.709258204186922,NA,NA,NA,NA,NA,NA,NA,NA,NA,NA,NA,NA,NA,NA,NA,1,NA,NA,NA,"Gomidesia_lindeniana",NA,NA,NA,NA,NA,NA,NA,NA,NA,NA,NA,NA,NA,NA,NA,NA,NA,NA,NA,-0.258503510907085,0.279602062161433,-0.0933467155206468,-0.717903286967157,0.169317601125868,-0.76989095556309,NA,NA,-0.279639980547338,-0.720689265403175
"Gonzalagunia_hirsuta","GONHIR",22707.70654542,4057.72272463515,7936.66061919555,11268.0323211551,11100.978977818,7043.25625318289,25226,5052,9756,15175,14528,9476,NA,NA,NA,NA,NA,NA,NA,NA,NA,NA,NA,NA,NA,NA,NA,NA,NA,NA,NA,NA,"Gonzalagunia_hirsuta",NA,NA,NA,NA,NA,NA,NA,NA,NA,NA,NA,NA,NA,NA,NA,NA,NA,NA,NA,-0.878421826284424,0.509537255463563,-0.189979698813893,-0.897594559012943,0.104595174627635,0.0266600118075428,NA,NA,-0.271738210453456,-0.864340768007066
"Gonocalyx_portoricensis","GONPOR",17151.2408835988,2152.7123475282,4873.60567821632,7347.01772712125,7065.42345625535,4912.71110872715,807,559,688,749,710,151,NA,NA,NA,NA,NA,NA,NA,NA,NA,NA,NA,NA,NA,NA,NA,NA,NA,NA,NA,NA,"Gonocalyx_portoricensis",NA,NA,NA,NA,NA,NA,NA,NA,NA,NA,NA,NA,NA,NA,NA,NA,NA,NA,NA,-0.0312996407805039,-0.192211002662549,0.241613613314074,0.0269331126629125,-0.34223189548024,0.0377787321683175,NA,NA,-0.366366873254213,0.116698120258662
"NA.13","GOSHIR",10310.1100848649,1161.67274416971,2285.586690292,2909.88999821083,3131.34816181683,1969.67541764711,14807,1401,2614,3474,3881,2480,NA,NA,NA,NA,NA,NA,NA,NA,NA,NA,NA,NA,NA,NA,NA,NA,NA,NA,NA,NA,"Gossypium_hirsutum",NA,NA,NA,NA,NA,NA,NA,NA,NA,NA,NA,NA,NA,NA,NA,NA,NA,NA,NA,NA,NA,NA,NA,NA,NA,NA,NA,NA,NA
"Guatteria_blainii","GUABLA",25152.328374058,4126.93554823101,8237.29119481146,11699.1526672319,11642.3718397245,7515.43629149348,7237,1777,3089,5220,4894,3117,NA,NA,NA,NA,NA,NA,NA,NA,NA,NA,NA,NA,NA,NA,NA,NA,NA,NA,NA,NA,"Guatteria_blainii",NA,NA,NA,NA,0.630529512,273.2777778,15.99557038,114.0439278,18,NA,2.43660431749134,1.20399973103907,2.05707216648108,-0.349719054498994,NA,0.317114774230351,-0.715464869342905,-0.174336009875778,0.597171147482988,0.262667721423511,-0.349719054498994,0.317114774230351,-0.715464869342905,-0.174336009875778,0.597171147482988,NA,NA,-0.253359447868069,-0.147566369590669
"Guatteria_caribaea","GUACAR",19055.4332496272,3471.59668719955,7246.51311430149,10075.3006505556,9927.8035349166,6456.20684771705,17346,3512,7501,8611,8425,4913,NA,NA,NA,NA,NA,NA,NA,NA,NA,NA,NA,NA,NA,NA,NA,NA,NA,NA,NA,NA,"Guatteria_caribaea",NA,NA,NA,NA,0.67859854,305.75,23.33428196,109.5496751,NA,NA,2.48536646570832,1.36799444136398,2.03961109387768,-0.0943310816406416,NA,0.633972964431833,-0.454696773773142,-0.254037752009178,NA,0.348808552194019,-0.0943310816406416,0.633972964431833,-0.454696773773142,-0.254037752009178,0.244869527251537,NA,NA,-0.556695796819067,-0.169629045465456
"Guapira_fragrans","GUAFRA",26473.3978810757,4066.73260015249,8376.43516477942,11014.1626355201,11077.2626514733,7010.53005132079,18605,2512,5478,5786,5787,3275,3.52757861286612,10.470124137087,12.9110955392733,15.1103481763795,0.0284905509461046,0.112936932992886,0.0848188817614354,0.0620042773261967,1.68081921042994,3.85191569284299,6.78808588404426,8.37852826361778,0.354629102093461,1.4642525444406,7.10939700285235,8.96235280132933,13,29,33,35,"Guapira_fragrans",52,NA,NA,52,0.628042363,317.4285714,25.32756662,124.6362122,22.5,1.7160033436348,2.5016460145515,1.40359346636885,2.09564424195208,-0.362933133662539,-0.053328437541346,0.739758057426355,-0.398090740954956,0.00172772243707774,1.14790371241566,-0.053328437541346,-0.362933133662539,0.739758057426355,-0.398090740954956,0.00172772243707774,1.14790371241566,0.0394512613221352,-0.833616594795062,-0.308010733359132,0.222294922723854
"Guarea_glabra","GUAGLA",14419.1984659433,2801.93686345033,5593.2477628123,8383.25328131206,8116.79358423501,5314.85672078468,9565,2068,4077,6667,6116,4048,2.03433549818947,1.75763563628234,2.46393435610383,2.31576944669084,NA,NA,NA,NA,0.46859130587788,0.703054254512936,0.703981244601093,NA,14.1851641641583,11.2435422231028,1.54713157564097,5.01750049872139,4,4,5,5,"Guarea_glabra",595,NA,51.89,51.89,0.570363918,207.0296296,367.6059505,153.7631088,12,1.71508367069493,2.3160325051232,2.56538253276956,2.1868521510284,-0.669375384713922,-0.0541781859430795,-0.466365192367536,1.44927080929788,0.418049755730275,-0.137138939093906,-0.0541781859430795,-0.669375384713922,-0.466365192367536,1.44927080929788,0.418049755730275,-0.137138939093906,-1.27836651962569,0.0643695996728978,0.886646201674554,1.04676758891898
"Guarea_guidonia","GUAGUI",22178.8635840751,3730.29704119265,7895.20448176563,11275.8543358557,11144.6028163359,7414.30577514321,27078,4646,9989,14695,14428,9782,68.9353872430989,74.1948086771722,81.8103031607381,79.7471769489127,2.17705755898627,1.15760356317708,0.622005132917193,1.96444906093981,25.8242766748487,35.8281966042016,39.8312460958865,43.7557048494298,1.41851641310442,3.16374415937581,3.30708469653446,10.1486497423651,74,87,96,93,"Guarea_guidonia",500,NA,250.8,250.8,0.603745926,188.5873016,632.6101539,221.7594176,20,2.39932753215868,2.27551244645691,2.80113615841016,2.34588207235885,-0.492018701881448,0.578041272156604,-0.729665988688624,1.82414280279186,1.14394799057906,0.841941176341953,0.578041272156604,-0.492018701881448,-0.729665988688624,1.82414280279186,1.14394799057906,0.841941176341953,-2.24237944173611,-0.233818651710573,1.94001565485368,0.96434250477633
"Guapira_obtusata","GUAOBT",9837.80785911344,2315.9730967069,3631.96213532519,3156.00954279909,3533.26681180857,1217.29371510167,8102,2853,4414,3802,4232,1379,NA,0.819342315963987,0.773565782660989,1.24312129691424,NA,NA,NA,NA,NA,0.409671157981994,0.386782891330494,0.41437376563808,NA,4.8024287873902,36.2550343129439,39.3514777023002,NA,1,1,1,"Guapira_obtusata",NA,NA,NA,NA,0.659363774,245.7037037,82.56342337,124.8797467,4.5,NA,2.39041170301793,1.91678769203359,2.09649200915347,-0.196524283823651,NA,0.0169535065685966,0.417939731118549,0.0055973886602433,-1.05502654731502,-0.638065594777346,-0.196524283823651,0.0169535065685966,0.417939731118549,0.0055973886602433,-1.05502654731502,NA,NA,-0.314153386077339,0.326844929157361
"Guaiacum_officinale","GUAOFF",5981.22509257145,734.541717884142,1539.59389025597,1411.13285575943,1665.63923368688,931.097515802738,8512,979,2163,1650,2116,1137,0.772127149620289,0.0893559553157194,0.0875959908857591,0.0952692810222168,NA,NA,NA,NA,0.0628689454333669,0.0893559553157194,0.0875959908857591,0.0952692810222168,2.1277746267525,1.40610851371507,0.703981249296475,25.4970822302996,3,2,2,2,"Guaiacum_officinale",NA,241.2,NA,241.2,1.021323866,254.9222222,36.70473203,64.75539077,7,2.38237730346811,2.40640769564257,1.56472205776813,1.81127592849401,1.72654880497487,0.562379802611974,0.120896041072298,-0.141880062953311,-1.29628245740335,-0.749064011241318,0.562379802611974,1.72654880497487,0.120896041072298,-0.141880062953311,-1.29628245740335,-0.749064011241318,1.86229795255766,-0.389369982875792,-1.1790112972448,-1.68330643035832
"Guaiacum_sanctum","GUASAN",2840.65535061021,483.671080796135,869.167503759279,658.420116147012,797.053706709616,313.38262591348,1412,387,561,390,452,65,NA,NA,NA,NA,NA,NA,NA,NA,NA,NA,NA,NA,NA,NA,NA,NA,NA,NA,NA,NA,"Guaiacum_sanctum",NA,94.5,NA,94.5,0.952193579,201.2083333,14.03463595,77.7912531,2,1.97543180850926,2.30364596361679,1.14720115177939,1.89093076737579,1.35926357798742,0.186375172115743,-0.546853383886716,-0.805780327172437,-0.932694860442291,-1.36098908338873,0.186375172115743,1.35926357798742,-0.546853383886716,-0.805780327172437,-0.932694860442291,-1.36098908338873,1.91886778546409,0.793458063758088,-0.827440808856324,-1.86026969922378
"Guazuma_ulmifolia","GUAULM",22685.8546974659,2997.39484490454,6562.81532798707,9648.36235614121,9768.91011337936,6771.51526847482,16243,1723,4340,7258,7527,5804,1.87817344906085,2.13647405652204,3.43924573560607,4.42557902070317,0.0284905509461046,0.0282342332482215,0.0565459211742903,0.0952692810222168,1.52354434696739,2.13647405652204,2.27889706161459,2.38212238370238,0.354629102093461,8.14326799982708,4.11544274353002,2.70173103143639,10,14,19,18,"Guazuma_ulmifolia",47,NA,NA,47,0.525926316,NA,42.69,322.09,17,1.67209785793572,NA,1.63032615480395,2.50797724139145,-0.90546980071639,-0.0938957030143551,NA,-0.0375629455797609,1.88383766727574,0.474786133053506,-0.0938957030143551,-0.90546980071639,-2.53938719287332,-0.0375629455797609,1.88383766727574,0.474786133053506,NA,NA,3.04376051865836,-0.0134812768122963
"Guettarda_elliptica","GUEELL",4405.97892581125,636.361705531071,1242.82853907164,1109.93785824393,1310.95921592586,674.597510394787,6834,866,1855,1327,1712,846,0.354629102093461,NA,NA,NA,NA,NA,NA,NA,NA,NA,NA,NA,NA,NA,NA,NA,1,NA,NA,NA,"Guettarda_elliptica",86.298,2.8,NA,2.8,0.908929778,221.1222222,6.119206652,131.2805784,7,0.447158031342219,2.34463239022173,0.786695120022571,2.1182004814772,1.12940549898617,-1.22570095109795,-0.280522111952659,-1.37902120278596,0.104686551311103,-0.749064011241318,-1.22570095109795,1.12940549898617,-0.280522111952659,-1.37902120278596,0.104686551311103,-0.749064011241318,1.77389689071535,1.45326442868037,-0.645619834078602,-1.60032162323682
"Guettarda_krugii","GUEKRU",13503.1812168919,2095.07158387173,4007.50878069457,4549.25588469859,4843.40946336091,2748.33787948918,4307,628,1012,653,845,217,NA,NA,NA,NA,NA,NA,NA,NA,NA,NA,NA,NA,NA,NA,NA,NA,NA,NA,NA,NA,"Guettarda_krugii",NA,8,NA,8,NA,NA,NA,NA,NA,0.903089986991944,NA,NA,NA,NA,-0.804434396635094,NA,NA,NA,NA,-0.804434396635094,1.39594701635011,-0.771556755031189,-1.25334423575464,0.627452262414979,-0.443169728836732,NA,NA,0.169847328471917,-1.93455498568329
"Guettarda_ovalifolia","GUEOVA",23655.6830030829,4036.58182949573,7976.7678398788,10920.0047469437,10944.9826390892,6908.4008095935,20701,4131,8424,11276,11305,7174,NA,0.351527127256468,0.0282729605871451,0.450228716807592,NA,NA,NA,NA,NA,0.351527127256468,0.0282729605871451,0.0642671423591184,NA,5.68257808558581,7.74379373287046,1.15788472334542,NA,1,1,3,"Guettarda_ovalifolia",NA,NA,NA,NA,0.713895038,174.7777778,47.2898828,202.675005,10,NA,2.24248621323918,1.67476823769112,2.30680019240338,0.0931971761227334,NA,-0.944271638135726,0.0331044393296779,0.965557235953075,-0.381908967952871,-0.46548249690185,0.0931971761227334,-0.944271638135726,0.0331044393296779,0.965557235953075,-0.381908967952871,NA,NA,1.00839149960573,-0.340679290146982
"Guettarda_pungens","GUEPUN",15679.9927218817,2972.23617609218,5949.9297481738,8473.09961784631,8408.50739303045,5436.27121693827,559,334,415,432,441,107,NA,4.56985265433408,6.05342511716919,5.84624799910632,NA,NA,NA,NA,NA,1.0545813817694,1.75995311150273,2.31576944669084,NA,1.52239658063093,2.8507172521297,1.54384630809097,NA,2,3,2,"Guettarda_pungens",NA,NA,NA,NA,NA,NA,NA,NA,NA,NA,NA,NA,NA,NA,NA,NA,NA,NA,NA,-0.327488850157101,0.659022097708088,1.13795972212241,-0.411388036650338,-0.306982473292257,0.118823005518619,NA,NA,-1.1956938685177,-0.495845249827912
"Guettarda_scabra","GUESCA",15596.3511568873,2662.46604864035,4885.9385056641,5579.76757353036,5866.50024816793,3204.03419952758,12706,2623,4248,3760,4159,1536,23.8364591434462,28.6424300770277,29.5162183592685,35.9904086953403,NA,0.0282342332482215,0.0565459211742903,0.0310021386630984,1.83601445590067,3.04441970383765,3.19057415678845,3.77331576677328,2.48240372884596,0.409671157981994,42.5090771084133,22.4710080052271,18,23,24,22,"Guettarda_scabra",NA,NA,NA,NA,0.829841831,399.1616162,26.1900392,102.583055,14,NA,2.60114877240991,1.41813614845696,2.01107562853638,0.709215798835408,NA,1.38633055121348,-0.374966412706319,-0.384288988685545,0.107631089765059,-0.283483513392527,0.709215798835408,1.38633055121348,-0.374966412706319,-0.384288988685545,0.107631089765059,NA,NA,-1.40284690919724,-0.462860997366011
"Guettarda_valenzuelana","GUEVAL",17376.5412723627,2809.07205818594,6176.35731580667,9404.87846907601,9235.33470321819,6426.26264503226,12787,1784,4810,7079,6715,4931,NA,NA,0.0282729605871451,0.0310021386630984,NA,NA,NA,NA,NA,NA,0.0282729605871451,0.0310021386630984,NA,NA,0.738773513631041,2.34418164817752,NA,NA,1,1,"Guettarda_valenzuelana",NA,NA,160,160,0.604209748,421.6111111,86.13864724,90.23123049,22,2.20411998265592,2.62491204771168,1.93519804712456,1.95535687991419,-0.489554442351443,0.397675735665581,1.54074516748251,0.447214048725036,-0.63861937465607,1.08671120520092,0.397675735665581,-0.489554442351443,1.54074516748251,0.447214048725036,-0.63861937465607,1.08671120520092,0.00363617734281507,-1.99135989521962,-0.963904811950672,0.870106065886652
"Gyminda_latifolia","GYMLAT",15940.8734336048,2867.02988249436,4853.8955321908,4930.35982922837,5369.34935767204,2502.31947517768,17622,3276,5264,4323,5010,1734,NA,2.04835578990997,1.54713156532198,3.56148069107858,NA,NA,NA,NA,NA,0.819342315963987,0.773565782660989,0.416963713111572,NA,0.761198285238462,34.8389359198017,1.18629691453503,NA,1,1,4,"Gyminda_latifolia",38.2155,NA,NA,38.2155,0.862964727,350.5777778,6.320925642,80.30804239,12,1.58223954613532,2.54478438384932,0.800780681411605,1.90475903955891,0.885195834558994,-0.176921911054676,1.02007273025674,-1.3566237424583,-0.869575176518916,-0.137138939093906,-0.176921911054676,0.885195834558994,1.02007273025674,-1.3566237424583,-0.869575176518916,-0.137138939093906,2.11189984241915,-0.393066821165097,-1.70894075826471,-1.23645800526689
"Gymnanthes_lucida","GYMLUC",18363.2265065189,2843.6448106529,5808.06439926676,6898.57757166661,7242.06568108472,4398.42087043182,7659,1735,3024,2254,2667,932,14.2942419459657,11.6914267190082,11.6467406056295,17.8678811893882,NA,NA,NA,NA,1.27987187919266,0.735941743332212,1.08702193661311,1.15788472334542,2.12777461729135,26.242920678245,40.5485063233057,0.771923154045485,3,9,10,10,"Gymnanthes_lucida",NA,26.6,NA,26.6,0.923566003,237.236715,14.39291113,94.44891167,14,1.42488163663107,2.37518190175798,1.15814864382043,1.97519695793348,1.20716691810721,-0.322315589942281,-0.0820102889328229,-0.788372712956396,-0.548058570167314,0.107631089765059,-0.322315589942281,1.20716691810721,-0.0820102889328229,-0.788372712956396,-0.548058570167314,0.107631089765059,1.42993171183079,0.138863992608154,-0.657690302142501,-1.44042483742399
"NA.14","HAESAL",4079.88127165689,1034.2792948354,1853.46630131832,2657.42903651536,2473.40515252214,1439.12585768674,10791,2135,4635,7332,6661,4526,NA,NA,NA,NA,NA,NA,NA,NA,NA,NA,NA,NA,NA,NA,NA,NA,NA,NA,NA,NA,"Haenianthus_salicifolius",NA,NA,NA,NA,0.581744373,402.6666667,9.587615762,106.0337309,NA,NA,2.6049456796014,0.981710620711332,2.02544404275003,-0.608911683790831,NA,1.41100299049375,-1.06892692827894,-0.318703805545122,NA,NA,NA,NA,NA,NA,NA,NA,NA,NA,NA
"Hamelia_axillaris","HAMAXI",26837.6363417953,4353.055421561,8579.0465337038,11636.1171159521,11698.484437868,7345.429016307,21641,3862,6615,6850,7312,3450,NA,NA,NA,NA,NA,NA,NA,NA,NA,NA,NA,NA,NA,NA,NA,NA,NA,NA,NA,NA,"Hamelia_axillaris",NA,NA,NA,NA,0.617386931,NA,34.58133333,223.3773333,10,NA,NA,1.53884173407088,2.34903910198386,-0.419544829210242,NA,NA,-0.18303238250002,1.15835837456838,-0.381908967952871,-0.859967854756904,-0.419544829210242,-1.06465117720039,-0.18303238250002,1.15835837456838,-0.381908967952871,NA,NA,1.13383760277557,0.000838321873245298
"Hamelia_patens","HAMPAT",25610.3876496255,4290.60467085242,8592.59434223175,11929.5273342431,11956.0034384131,7665.39876756072,24995,4333,9076,13391,13527,9194,NA,NA,NA,NA,NA,NA,NA,NA,NA,NA,NA,NA,NA,NA,NA,NA,NA,NA,NA,NA,"Hamelia_patens",NA,NA,NA,NA,NA,NA,NA,NA,NA,NA,NA,NA,NA,NA,NA,NA,NA,NA,NA,-0.866225974905551,-0.358645136540579,-1.00543255012766,-0.21878308972454,1.08397947731429,-0.385294478219875,NA,NA,1.03125676879222,-0.0502542260036547
"Hedyosmum_arborescens","HEDARB",3249.89066491797,749.272776109106,1475.41512620038,1894.53439395383,1726.57631380563,977.303537696529,3434,997,1817,2287,1979,982,NA,NA,NA,NA,NA,NA,NA,NA,NA,NA,NA,NA,NA,NA,NA,NA,NA,NA,NA,NA,"Hedyosmum_arborescens",NA,NA,NA,NA,0.407625,NA,39.718,173.467,2.5,NA,NA,1.59898737147409,2.23921686770883,-1.53399786830526,NA,NA,-0.0873947653391258,0.657070533007109,-1.29979657617399,-0.106182018364792,-1.53399786830526,0.426775661755511,-0.0873947653391258,0.657070533007109,-1.29979657617399,NA,NA,-0.0793600748569625,1.1262255207785
"Helicteres_jamaicensis","HELJAM",17227.8295679137,2466.04099893547,4682.17738883081,5577.16357837315,5967.84245697665,3501.80145804118,16646,2383,4033,4009,4548,2165,NA,NA,0.703981244601093,1.15788472334542,NA,NA,NA,NA,NA,NA,0.351990622300547,0.385961574448474,NA,NA,1.05597187159702,6.58975898255635,NA,NA,2,1,"Helicteres_jamaicensis",1337.96,2.7,NA,2.7,0.807694796,276.3492064,98.06386984,119.1847257,5.5,0.431363764158987,2.44145822174357,1.99150902757012,2.07622060129975,0.591549879452287,-1.2402943491568,0.348655618368926,0.536754175363052,-0.0869322375623415,-0.932641532885541,-1.2402943491568,0.591549879452287,0.348655618368926,0.536754175363052,-0.0869322375623415,-0.932641532885541,0.812341153549734,0.444764116997984,-0.773095487806126,-0.0342119087230338
"Henriettea_fascicularis","HENFAS",17843.3717901362,2583.07553672791,6019.39938270021,9964.55637103133,9639.56835928094,7056.49282255303,23910,3130,7755,13677,13079,9949,0.0284905509461046,NA,NA,NA,NA,NA,NA,NA,0.0284905509461046,NA,NA,NA,1.63935808999302,NA,NA,NA,1,NA,NA,NA,"Henriettea_fascicularis",NA,NA,NA,NA,0.47443242,188.5555556,28.77933333,280.3733333,3,NA,2.27543933298072,1.45908072933458,2.44773670490305,-1.17905389969211,NA,-0.730141082682469,-0.309860408017477,1.60886740546943,-1.23860406895925,-1.69666202891179,-1.17905389969211,-0.730141082682469,-0.309860408017477,1.60886740546943,-1.23860406895925,NA,NA,0.852712104924711,0.743805358274558
"Henriettea_squamulosa","HENSQU",8474.52548057726,1614.35340202088,3264.58500837488,5293.74157234235,4986.07755896542,3371.72415694455,4865,1574,2388,3539,3217,1643,1.94408881614393,2.60186105703638,0.521628385823417,0.478967990437769,NA,NA,NA,NA,0.525572407770089,0.141171166241107,0.521628385823417,0.478967990437769,2.12777461729135,0.409671157981994,0.351990622300547,28.5161413956621,7,6,4,2,"Henriettea_squamulosa",NA,NA,NA,NA,0.727746374,280.0598291,22.86491239,126.3955792,16,NA,2.44725081945783,1.35916954166192,2.10173188436867,0.166788525263804,NA,0.386296126332961,-0.468729252530165,0.0295150020107603,0.352401118624023,-1.41004030638734,0.166788525263804,0.386296126332961,-0.468729252530165,0.0295150020107603,0.352401118624023,NA,NA,-0.623728708761554,-0.107750149554044
"Hibiscus_elatus","HIBELA",22256.0556992954,2781.16789223906,6146.81271141674,9773.72491853125,9542.54994895961,6761.38205672055,34397,4275,9477,15127,14754,10479,0.896834299940215,0.819342315963987,NA,NA,NA,NA,NA,NA,0.542205197846754,0.409671157981994,NA,NA,2.12777461729135,0.351527127256468,NA,NA,4,1,NA,NA,"Hibiscus_elatus",100,NA,NA,100,NA,NA,NA,NA,NA,2,NA,NA,NA,NA,0.209075395801397,NA,NA,NA,NA,0.209075395801397,-0.375819030966517,-2.21999958851882,0.668732577454408,2.47400414939249,-0.233516411802836,NA,NA,3.17343549546856,-0.0782631904498618
"Hibiscus_tiliaceus","HIBTIL",17856.1763633443,3327.04166859016,6786.08447611332,9477.28118121438,9476.24979133904,6149.20812274888,27283,5117,10445,14585,14583,9466,NA,NA,NA,NA,NA,NA,NA,NA,NA,NA,NA,NA,NA,NA,NA,NA,NA,NA,NA,NA,"Hibiscus_tiliaceus",NA,NA,NA,NA,0.435488973,NA,113.4033333,203.5993333,7,NA,NA,2.0546258200994,2.30877635153994,-1.38595818711491,NA,NA,0.637116228222701,0.974577490864935,-0.749064011241318,-0.6917073742139,-1.38595818711491,-0.669548556276933,0.637116228222701,0.974577490864935,-0.749064011241318,NA,NA,0.99069499144801,1.24072500398127
"NA.15","HIECLU",26685.0783749223,4308.55484603345,8571.01009318233,11742.0249389559,11794.9459163323,7486.39107029885,26388,4886,9913,13856,13969,9083,NA,NA,NA,NA,NA,NA,NA,NA,NA,NA,NA,NA,NA,NA,NA,NA,NA,NA,NA,NA,"Hieronyma_clusioides",NA,NA,NA,NA,0.766104499,300.9111111,64.4671664,115.0225629,18,NA,2.47843822429816,1.80933858158246,2.06078304019552,0.370583030665438,NA,0.588953002949943,0.247084830692228,-0.157397583090904,0.597171147482988,NA,NA,NA,NA,NA,NA,NA,NA,NA,NA
"Hippomane_mancinella","HIPMAN",17525.3817952294,3074.84859694447,6315.76052251179,8915.73381428421,8914.96678605117,5840.1181891067,10697,1665,3188,4171,4493,2828,NA,NA,0.351990622300547,0.771923148896948,NA,NA,NA,NA,NA,NA,NA,NA,NA,NA,NA,NA,NA,NA,1,1,"Hippomane_mancinella",NA,NA,NA,NA,NA,NA,NA,NA,NA,NA,NA,NA,NA,NA,NA,NA,NA,NA,NA,-0.0790767273151051,-0.348897430169539,-0.331026437874044,0.124943154196507,1.59775881613468,1.20578549333361,NA,NA,1.50963896715142,0.223882220756345
"Hirtella_rugosa","HIRRUG",13673.6472985226,2281.12091373291,5084.93146308244,7955.43316146493,7542.74625827029,5261.62534453737,10273,1896,4465,6169,5597,3701,0.709258204186922,0.703054254512936,0.703981244601093,NA,NA,NA,NA,NA,NA,NA,NA,NA,NA,NA,NA,NA,1,1,1,NA,"Hirtella_rugosa",96.892,NA,90,90,0.856089422,212.6222222,19.07064454,124.9520373,9,1.95424250943932,2.3276086528236,1.28036537135933,2.09674334154238,0.848667735702223,0.1667969370303,-0.39114296890164,-0.594035814992154,0.00674460508308259,-0.504293982382353,0.1667969370303,0.848667735702223,-0.39114296890164,-0.594035814992154,0.00674460508308259,-0.504293982382353,0.882276879687793,0.65320035282165,-0.0585201718708802,-1.25390868322136
"Homalium_racemosum","HOMRAC",18925.6427748865,3028.08033145964,6479.87494081724,9467.3832902601,9210.07232001517,6181.99198855553,8115,1293,3454,4225,3821,2528,5.5344543006563,3.41785224454221,4.67625483700088,4.67960726021659,0.170943305676628,0.0847026997446644,NA,0.0930064159892951,3.40667968809553,1.66021660825987,2.91630172549815,2.74979938797422,0.428242994062336,8.08512397379075,37.8206864046327,4.83042425858863,12,9,13,11,"Homalium_racemosum",NA,NA,11,11,0.790200521,187.9555556,35.3446682,226.0411287,30,1.04139268515823,2.27405516713823,1.54832390905332,2.35418746721088,0.49860380555047,-0.676647123978586,-0.739135442033441,-0.167954769892071,1.18185828703381,2.06579132063678,-0.676647123978586,0.49860380555047,-0.739135442033441,-0.167954769892071,1.18185828703381,2.06579132063678,-0.831909319212332,0.266439134731982,1.43845281588588,-0.551814392787461
"Hura_crepitans","HURCRE",19844.8410290927,2301.34305051342,5212.20908170566,8199.26756589115,8065.26816533133,5763.92511481792,29668,3409,7753,12233,12026,8617,0.0569811018922092,NA,NA,0.0310021386630984,NA,NA,NA,NA,0.0569811018922092,NA,NA,0.0310021386630984,64.1347225792012,NA,NA,13.0776783250495,2,NA,NA,1,"Hura_crepitans",868,NA,NA,868,NA,NA,NA,NA,NA,2.93851972517649,NA,NA,NA,NA,1.07623762477286,NA,NA,NA,NA,1.07623762477286,1.27827330692119,-2.36603703620516,0.00698182048204838,3.15077951827191,1.63787110518628,NA,NA,3.98867831778994,-1.83838297339989
"Hymenaea_courbaril","HYMCOU",25839.5480449945,3361.46355599165,7226.7914057374,10746.6274198592,10752.0894841999,7390.62592820823,18762,1459,3764,6004,6360,4901,2.68675861116023,3.13501909758873,2.84194971167065,0.988252316804302,0.182718992758943,0.159784188525327,0.0310500697114688,0.126271419685315,1.97750040697331,2.43196484307579,2.48995908937011,0.988252316804302,1.06388731101096,0.409671157981994,0.351990622300547,7.50374309883542,5,5,5,6,"Hymenaea_courbaril",3678,NA,NA,3678,NA,NA,NA,NA,NA,3.56561172490206,NA,NA,NA,NA,1.65565058932182,NA,NA,NA,NA,1.65565058932182,1.36108370469174,-2.63481784750134,-0.0734152551163106,2.09080730171173,0.214588344204961,NA,NA,3.29536702592891,-2.2007371362378
"Hypelate_trifoliata","HYPTRI",2956.35122811221,636.037535314583,1123.34815833798,1226.71175790972,1323.13906740288,687.101532088302,1452,429,649,467,539,110,NA,NA,NA,NA,NA,NA,NA,NA,NA,NA,NA,NA,NA,NA,NA,NA,NA,NA,NA,NA,"Hypelate_trifoliata",NA,25.1,NA,25.1,1.028529859,310.4444444,8.701129903,54.73865275,6,1.39967372148104,2.49198389227666,0.93957565247787,1.7382941041731,1.7648338300996,-0.345606897842189,0.676973239909959,-1.13592576867668,-1.62941082096782,-0.8714490256708,-0.345606897842189,1.7648338300996,0.676973239909959,-1.13592576867668,-1.62941082096782,-0.8714490256708,2.95630391306952,-0.19588192030186,-2.20818371327666,-1.9189300168636
"Ilex_nitida","ILENIT",22553.8800942935,3812.94925770909,7384.01561472937,10864.2423356399,10812.667652119,6999.71839440987,15013,3087,5115,9736,9388,6301,0.709258204186922,0.703054254512936,1.40796248920219,1.5438462977939,NA,NA,NA,NA,0.354629102093461,0.351527127256468,0.703981244601093,0.771923148896948,4.61017835559846,6.67901543194049,1.05597187159702,37.0523113581435,2,2,3,3,"Ilex_nitida",NA,NA,NA,NA,0.655514127,259.2698413,48.32122012,126.0084656,17,NA,2.41375200184942,1.68413789176981,2.10039972321171,-0.216977236264259,NA,0.168619606544316,0.048003132375359,0.0234343008176626,0.474786133053506,-0.290509485915996,-0.216977236264259,0.168619606544316,0.048003132375359,0.0234343008176626,0.474786133053506,NA,NA,-0.0424444864258739,0.201441119647062
"Ilex_sideroxyloides","ILESID",13415.1646375991,1987.89827250689,4475.60662919655,7547.1032803515,7254.32634436246,5266.42807185557,466,327,388,431,399,72,NA,NA,0.351990622300547,NA,NA,NA,NA,NA,NA,NA,0.351990622300547,NA,NA,NA,1.09076414062697,NA,NA,NA,1,NA,"Ilex_sideroxyloides",NA,NA,NA,NA,0.772795015,NA,18.70666667,180.1566667,3,NA,NA,1.27199640771405,2.2556503378294,0.406129356224931,NA,NA,-0.607343309528705,0.732081743810482,-1.23860406895925,0.0136786340295743,0.406129356224931,0.704612420719163,-0.607343309528705,0.732081743810482,-1.23860406895925,NA,NA,-0.519713780980388,-0.63151310703699
"NA.16","ILEURB",12908.9382443074,2597.09684052225,5065.50398694351,6947.33849325031,6954.469619276,4357.37277875375,559,334,415,432,441,107,NA,NA,NA,NA,NA,NA,NA,NA,NA,NA,NA,NA,NA,NA,NA,NA,NA,NA,NA,NA,"Ilex_urbaniana",NA,NA,NA,NA,NA,NA,NA,NA,NA,NA,NA,NA,NA,NA,NA,NA,NA,NA,NA,NA,NA,NA,NA,NA,NA,NA,NA,NA,NA
"Indigofera_suffruticosa","INDSUF",25102.8975310028,3575.40167318285,7065.00629623234,9378.43714974821,9621.79602372646,6046.39435054362,15628,1570,2678,3134,3511,1941,NA,NA,NA,NA,NA,NA,NA,NA,NA,NA,NA,NA,NA,NA,NA,NA,NA,NA,NA,NA,"Indigofera_suffruticosa",NA,NA,NA,NA,NA,NA,NA,NA,NA,NA,NA,NA,NA,NA,NA,NA,NA,NA,NA,0.242159512715757,0.0999197114374715,-0.529342104552021,0.397138376176505,0.223451172511457,0.265834023743844,NA,NA,0.661925818686289,-0.159310394595331
"Inga_laurina","INGLAU",21935.4832327068,3443.17224080861,7209.51479712129,10424.167036742,10219.8593047708,6776.68706396222,7523,1300,3337,4190,3753,2453,7.15442519456247,6.36951197427691,7.40125782024458,6.2849853203688,0.969627398927241,0.451747731971544,0.25723375440863,0.436292806316299,5.30766579212629,4.20220518001258,4.16375768147976,2.72609457676371,20.9231171512398,9.84275962414069,0.386782891330494,11.3633588477107,34,38,40,36,"Inga_laurina",892.86,NA,523.3333,523.3333,0.679611516,220.5111111,206.1755368,141.7319236,28,2.7187783700275,2.34343047755825,2.31423713396864,2.15146768145296,-0.0889491985870842,0.873203636017454,-0.288332183601611,1.04992434728899,0.256535973977817,1.82102129177781,0.873203636017454,-0.0889491985870842,-0.288332183601611,1.04992434728899,0.256535973977817,1.82102129177781,-1.42277183636888,-1.20952638091427,1.1862504165861,0.345606824441873
"Inga_vera","INGVER",24882.3418682069,3794.25694033504,7979.76607555151,11721.1417137608,11614.2911813706,7820.03424103558,19740,2598,6446,11215,10792,8194,13.3472267255271,13.5809417521548,9.86662942063838,9.40900996162673,0.57569886246325,0.319883076872546,0.228960793821485,0.343286390327004,6.25464468365788,9.6559993216081,8.45866693143619,7.47920208938436,23.6999764404641,1.40610851371507,11.2636999746575,5.98830898155505,36,47,51,45,"Inga_vera",NA,NA,320,320,0.605008315,173.4920635,523.3424,242.7776,9,2.50514997831991,2.23927961251599,2.71878592170714,2.38520861384816,-0.485311701946508,0.675817830098553,-0.965108244786611,1.69319763783976,1.32345551225154,-0.504293982382353,0.675817830098553,-0.485311701946508,-0.965108244786611,1.69319763783976,1.32345551225154,-0.504293982382353,-1.92581839055243,0.656782166253193,1.88710871495939,0.747660183583522
"Ixora_ferrea","IXOFER",24077.635430757,4135.29933119565,8029.95696462318,11159.2055715919,11023.5360556841,6888.23672448844,14622,3246,5876,6610,6519,3273,1.12086840817259,0.056468466496443,0.436809504061982,0.92693384221244,0.0569811018922092,0.056468466496443,0.0565459211742903,0.155010693315492,0.0569811018922092,0.056468466496443,0.0848188817614354,0.155010693315492,2.8504731859237,3.27736928025039,9.9253220141244,32.0182076836714,3,1,2,2,"Ixora_ferrea",NA,NA,26.976,26.976,0.697065875,230.0740741,68.4412724,137.0760111,9,1.43097755294465,2.36186768294647,1.83531807496553,2.13696145801006,0.00378480390932404,-0.316683158107016,-0.168526560894204,0.288394840020871,0.190321755273387,-0.504293982382353,-0.316683158107016,0.00378480390932404,-0.168526560894204,0.288394840020871,0.190321755273387,-0.504293982382353,0.051185485675982,0.447364512608934,0.0765769047804829,0.0210470662282166
"Jacquinia_arborea","JACARB",11066.3515131134,1375.62414490944,2726.96092316601,3332.90006877901,3554.98343181005,2179.35928690061,5097,564,993,566,837,273,NA,NA,NA,NA,NA,NA,NA,NA,NA,NA,NA,NA,NA,NA,NA,NA,NA,NA,NA,NA,"Jacquinia_arborea",NA,NA,NA,NA,NA,NA,NA,NA,NA,NA,NA,NA,NA,NA,NA,NA,NA,NA,NA,-0.164206277342345,-0.239153130197326,0.78119347441695,-0.0076020019885246,-0.690497762977457,-0.106048913366204,NA,NA,-1.01172516994292,0.29014472190601
"NA.17","JACBER",7670.5386570351,1420.48169912875,2456.35684781114,2774.44147230999,3010.4524321066,1589.97073297785,5238,778,1397,1135,1367,589,NA,NA,NA,NA,NA,NA,NA,NA,NA,NA,NA,NA,NA,NA,NA,NA,NA,NA,NA,NA,"Jacquinia_berteroi",NA,NA,NA,NA,NA,NA,NA,NA,NA,NA,NA,NA,NA,NA,NA,NA,NA,NA,NA,NA,NA,NA,NA,NA,NA,NA,NA,NA,NA
"Jatropha_gossypiifolia","JATGOS",15862.4692217052,1835.56071713794,3654.79587867408,4612.32802089822,4973.24587511207,3137.68515797413,14469,1397,2447,2968,3379,1982,NA,NA,NA,NA,NA,NA,NA,NA,NA,NA,NA,NA,NA,NA,NA,NA,NA,NA,NA,NA,"Jatropha_gossypiifolia",NA,NA,NA,NA,NA,NA,NA,NA,NA,NA,NA,NA,NA,NA,NA,NA,NA,NA,NA,-0.171437385196786,-1.15789009712647,-1.03890902377097,0.875289887506863,1.81536618773468,-1.05878248373993,NA,NA,1.8230921419484,0.978899160852604
"Jatropha_hernandiifolia","JATHER",26082.5225303359,3978.24904566072,7915.62794543616,10493.8336496595,10656.0858545676,6677.83680890687,25652,3803,6847,7644,8314,4511,NA,NA,NA,NA,NA,NA,NA,NA,NA,NA,NA,NA,NA,NA,NA,NA,NA,NA,NA,NA,"Jatropha_hernandiifolia",NA,NA,NA,NA,0.467624435,165.4444444,173.11618,324.1464446,4,NA,2.21865218819618,2.23833766034408,2.51074126240639,-1.2152243312723,NA,-1.09914598876392,0.92923654490431,1.8964541482439,-1.11621905452976,-0.172100626746168,-1.2152243312723,-1.09914598876392,0.92923654490431,1.8964541482439,-1.11621905452976,NA,NA,1.91795537798957,1.03460538782304
"Koanophyllon_polyodon","KOAPOL",22350.3440907374,2796.45110472292,6176.28093957156,9811.806972377,9582.04243347794,6785.59132875502,34397,4275,9477,15127,14754,10479,NA,NA,NA,NA,NA,NA,NA,NA,NA,NA,NA,NA,NA,NA,NA,NA,NA,NA,NA,NA,"Koanophyllon_polyodon",NA,NA,NA,NA,NA,NA,NA,NA,NA,NA,NA,NA,NA,NA,NA,NA,NA,NA,NA,0.634217743661129,-1.8476905171513,0.562831520420124,0.931701757571737,1.4267439818974,-0.663738159155923,NA,NA,0.865665352486297,1.83041410553384
"Krugiodendron_ferreum","KRUFER",15985.0798788925,2119.39563525119,4333.98574498016,5462.93563488591,5802.98253427166,3683.58689902048,19865,2546,4860,5600,6303,3757,1.41851640837385,4.92137978159055,5.2798593345082,7.75023362763258,NA,NA,NA,NA,NA,0.703054254512936,1.40796248920219,1.57484843645699,NA,0.761198285238462,5.27985936268049,69.2007709930002,2,5,5,7,"Krugiodendron_ferreum",90.09,46.4,NA,46.4,0.957352001,170.1014493,13.66621734,117.8833885,17,1.66651798055488,2.23070801390834,1.13564832322204,2.0714526109385,1.38666997650515,-0.0990513313694691,-1.02080680035201,-0.824150487376846,-0.108695914221729,0.474786133053506,-0.0990513313694691,1.38666997650515,-1.02080680035201,-0.824150487376846,-0.108695914221729,0.474786133053506,0.88729674189333,0.655788798712909,0.357603550225434,-1.86301451777057
"Laguncularia_racemosa","LAGRAC",17467.749996555,1879.80787082325,4019.29464827519,5173.09667886893,5387.90204205282,3508.09417122958,12644,887,1807,1981,2134,1247,2.98249114094391,2.86868548454819,2.36046245295317,0.92693384221244,NA,0.0282342332482215,NA,NA,1.56397473257006,1.11104984826585,1.23490604799164,0.92693384221244,4.61017835559846,16.9154685792071,44.3652712540181,1.18629691453503,2,1,2,1,"Laguncularia_racemosa",280,NA,NA,280,NA,NA,NA,NA,NA,2.44715803134222,NA,NA,NA,NA,0.622235124637453,NA,NA,NA,NA,0.622235124637453,1.30926663194458,-1.46303433260167,-0.598752978497098,1.47007128553723,1.83348084945152,NA,NA,2.16148689511624,-1.85840390585293
"Lantana_camara","LANCAM",27855.9066362381,4312.06495308876,8649.29990825057,11826.4232801497,11935.3015074134,7623.23655432463,29133,3764,7765,11175,11404,7640,NA,NA,NA,NA,NA,NA,NA,NA,NA,NA,NA,NA,NA,NA,NA,NA,NA,NA,NA,NA,"Lantana_camara",NA,NA,NA,NA,0.915896948,434.0222222,3.350265015,88.75113465,3.5,NA,2.63751196622164,0.525079162260683,1.94817391405484,1.16642167128863,NA,1.62261989043334,-1.79501690741001,-0.671406300504112,-1.17741156174451,-0.613813852277558,1.16642167128863,1.62261989043334,-1.79501690741001,-0.671406300504112,-1.17741156174451,NA,NA,-2.46717026052198,-1.49874244609958
"Lantana_involucrata","LANINV",21307.5191411525,2896.00719344243,5967.23152247816,7866.47324664891,8206.758602947,5310.75140950456,18552,1908,4071,5205,5814,3906,NA,NA,NA,NA,NA,NA,NA,NA,NA,NA,NA,NA,NA,NA,NA,NA,NA,NA,NA,NA,"Lantana_involucrata",NA,NA,NA,NA,NA,NA,NA,NA,NA,NA,NA,NA,NA,NA,NA,NA,NA,NA,NA,-0.604211029875787,1.12405770160795,1.58923443043204,-1.7296623875428,-0.638562316756528,-1.13479022912422,NA,NA,-2.39352544151383,-1.43950937359349
"Leucaena_leucocephala","LEULEU",23104.537860468,3742.22106067464,7113.61871431768,8920.93162737042,9229.20502661541,5486.98396594077,23369,3969,6478,6821,7576,3607,61.5991096925403,76.9856170315707,68.4852449039315,49.1863202669683,0.0687567889745246,NA,NA,NA,15.0415865595039,20.2051063926369,21.6723112569385,15.9748006467651,14.3323919632697,1.0545813817694,13.4452282563755,0.41437376563808,29,29,32,26,"Leucaena_leucocephala",43.27,48.2,NA,48.2,0.687443655,147.5111111,59.03898181,109.7780581,9,1.68304703823885,2.16882473426453,1.77113885900957,2.04051554413631,-0.0473374958841536,-0.0837790103734104,-1.42292657375532,0.186343426979331,-0.249909353775968,-0.504293982382353,-0.0837790103734104,-0.0473374958841536,-1.42292657375532,0.186343426979331,-0.249909353775968,-0.504293982382353,-0.135431088057202,0.922705179833976,0.699455528560143,-0.358388523625294
"NA.18","LICBRI",13927.4394619912,2823.60357608274,5449.51100834832,7436.00985652953,7427.27839108929,4603.67481500655,559,334,415,432,441,107,NA,NA,NA,0.385961574448474,NA,NA,NA,NA,NA,NA,NA,NA,NA,NA,NA,NA,NA,NA,NA,1,"Licaria_brittoniana",NA,NA,NA,NA,0.562043713,148.6666667,34.84209848,146.8035856,25,NA,2.17221360408985,1.54210430393721,2.16673666312281,-0.713580153920321,NA,-1.40090557593334,-0.177844568033198,0.326231832149405,1.45386624848936,NA,NA,NA,NA,NA,NA,NA,NA,NA,NA
"Licaria_parvifolia","LICPAR",24396.6493302733,3503.41299171746,7016.33147054911,9384.43508705497,9641.16815316677,6137.75516144931,21833,3082,5797,6999,7510,4428,1.91559826519783,2.60353662126547,4.48266769451773,4.09727306389556,0.0854716528383138,NA,NA,NA,1.20634006101091,1.19742811223959,1.17558301769302,0.924343894738948,6.73795298235096,0.351527127256468,2.46393436549459,2.70173103658493,5,4,6,5,"Licaria_parvifolia",NA,NA,NA,NA,0.780449774,252.0888889,16.2295638,80.26022878,19,NA,2.40155370408279,1.21030684750345,1.90450039334636,0.446798649220188,NA,0.0893546296061767,-0.705435919349976,-0.870755777172976,0.71955616191247,0.689993972177086,0.446798649220188,0.0893546296061767,-0.705435919349976,-0.870755777172976,0.71955616191247,NA,NA,-0.489513935078019,-0.912970330406559
"Lonchocarpus_glaucifolius","LONGLA",15771.0876819608,3133.68475789949,5594.01524163457,6560.55781729147,6793.76174083352,3660.07698293403,12937,2717,4348,3804,4270,1553,1.80163606141341,0.0282342332482215,0.732254205188238,0.802925287560046,0.0284905509461046,NA,NA,NA,0.383119653039566,0.0282342332482215,0.0282729605871451,0.0310021386630984,1.77314551992846,175.617984172385,26.425953184116,1.54384630294243,3,1,2,2,"Lonchocarpus_glaucifolius",NA,NA,NA,NA,0.80414719,234.7948718,84.5287233,94.15122388,18,NA,2.37068860716977,1.92700430955353,1.97382596982136,0.57270165342117,NA,-0.111207878524814,0.434185181283137,-0.554316498500948,0.597171147482988,0.123800141660923,0.57270165342117,-0.111207878524814,0.434185181283137,-0.554316498500948,0.597171147482988,NA,NA,-0.0943247825382523,-0.375213423601541
"Lonchocarpus_heptaphyllus","LONHEP",18709.484485358,3593.59823768586,7158.12290064245,9904.56532664597,9911.39706430584,6317.79882661998,27958,5459,10870,15037,15041,9582,NA,NA,0.311002566458597,0.279019247967885,NA,NA,NA,NA,NA,NA,0.311002566458597,0.279019247967885,NA,NA,72.4630724852101,0.385961574448474,NA,NA,1,1,"Lonchocarpus_heptaphyllus",91,NA,NA,91,0.685125371,NA,192.71,144.06,10,1.95904139232109,NA,2.28490425140759,2.15854341044067,-0.0596544050438302,0.171230951430525,NA,1.00328211164698,0.288833412972186,-0.381908967952871,0.171230951430525,-0.0596544050438302,-0.139209262395693,1.00328211164698,0.288833412972186,-0.381908967952871,NA,NA,0.413365706473755,0.360878027697161
"Lonchocarpus_sericeus","LONSER",11856.9449942335,2394.62458001077,3761.31203426793,3222.76315963268,3638.04117212817,1243.4165921174,17914,3656,5711,4800,5449,1793,0.0628689454333669,0.0282342332482215,0.0282729605871451,0.802925287560046,NA,NA,NA,NA,0.0628689454333669,0.0282342332482215,0.0282729605871451,0.416963713111572,1.06388731101096,3.68704044369719,7.07460472912702,27.5855541717003,2,1,1,2,"Lonchocarpus_sericeus",NA,NA,NA,NA,NA,NA,NA,NA,NA,NA,NA,NA,NA,NA,NA,NA,NA,NA,NA,0.151086716610535,0.250612443945933,-0.140456691603235,0.706602338138139,-0.119298855957004,0.113596116062609,NA,NA,0.17847842370166,-0.0129050306646121
"Lyonia_stahlii","LYOSTA",9530.74784211101,1294.39732819705,2905.64798556062,4665.65284149352,4481.00649267473,3186.60916447768,14802,1890,4857,7753,7543,5653,NA,NA,NA,NA,NA,NA,NA,NA,NA,NA,NA,NA,NA,NA,NA,NA,NA,NA,NA,NA,"Lyonia_stahlii",NA,NA,NA,NA,NA,NA,NA,NA,NA,NA,NA,NA,NA,NA,NA,NA,NA,NA,NA,-0.0312996407805039,-0.192211002662549,0.241613613314074,0.0269331126629125,-0.34223189548024,0.0377787321683175,NA,NA,-0.366366873254213,0.116698120258662
"Machaerium_lunatum","MACLUN",17210.6854067676,1595.4635522014,3585.1525851991,5687.12821777875,5683.65190216101,4088.18834995962,15979,1123,2314,3536,3629,2506,NA,NA,NA,NA,NA,NA,NA,NA,NA,NA,NA,NA,NA,NA,NA,NA,NA,NA,NA,NA,"Machaerium_lunatum",NA,NA,NA,NA,NA,NA,NA,NA,NA,NA,NA,NA,NA,NA,NA,NA,NA,NA,NA,-0.603764621020227,1.26418420123029,-0.0236998162620808,-0.37008097884868,-0.302241775913549,-0.250150799038485,NA,NA,-0.614956397322305,-1.21858917977797
"Machaonia_portoricensis","MACPOR",7700.04782565695,1211.79569234955,2643.97250273929,3431.46393357159,3612.50109656621,2400.70540421666,4748,816,1667,1445,1694,878,NA,NA,NA,NA,NA,NA,NA,NA,NA,NA,NA,NA,NA,NA,NA,NA,NA,NA,NA,NA,"Machaonia_portoricensis",1.606,NA,NA,1.606,0.909860211,148.2666667,0.752757741,144.8458491,5,0.205745540942662,2.17104352395198,-0.123344769715836,2.16090605398372,1.1343488358423,-1.44875837616919,-1.40850879868778,-2.82607622345975,0.299617790925272,-0.993834040100283,-1.44875837616919,1.1343488358423,-1.40850879868778,-2.82607622345975,0.299617790925272,-0.993834040100283,2.23808724374107,2.86441560325992,-0.170332320795128,-2.60547082184413
"Magnolia_portoricensis","MAGPOR",8910.77241140301,2017.93499363121,3754.15450040367,5786.23938803165,5491.78033709573,3473.84534346452,10341,2323,4462,7262,6768,4445,0.0569811018922092,0.117590188563941,0.115868951472904,0.126271419685315,NA,0.0282342332482215,NA,NA,0.0569811018922092,0.117590188563941,0.115868951472904,0.126271419685315,18.7351689618859,56.244340693968,3.94148139275667,1.62908287689026,1,3,3,3,"Magnolia_portoricensis",135.53,NA,NA,135.53,0.625100991,258.8444444,79.69494271,100.5107411,15,2.1320354383275,2.41303884811905,1.90143076276591,2.00221247520127,-0.378560473422817,0.331071920681858,0.163985507994445,0.393520667900001,-0.424745195337285,0.230016104194541,0.331071920681858,-0.378560473422817,0.163985507994445,0.393520667900001,-0.424745195337285,0.230016104194541,-0.154139441494609,-0.637836824636567,-0.137539208320411,0.373864678698433
"Magnolia_splendens","MAGSPL",16044.6574048856,2101.37688786257,5165.73356205504,9055.37158822455,8670.13703969028,6568.76015182771,23910,3130,7755,13677,13079,9949,NA,0.0282342332482215,0.0282729605871451,NA,NA,0.0282342332482215,NA,NA,NA,0.0282342332482215,0.0282729605871451,NA,NA,2.4580269642864,14.4316155988393,NA,NA,1,1,NA,"Magnolia_splendens",NA,NA,NA,NA,0.469333333,NA,109.2609091,106.7272727,25,NA,NA,2.03846480971939,2.02827541164239,-1.20614505477764,NA,NA,0.611418595104362,-0.305779912582239,1.45386624848936,0.0346114623465881,-1.20614505477764,-0.614225793845688,0.611418595104362,-0.305779912582239,1.45386624848936,NA,NA,0.828804348127419,1.06198030763128
"Malpighia_coccigera","MALCOC",26287.8119447604,3938.29470429942,7802.06546819583,10413.807731133,10575.8441673592,6637.54946305975,26166,3720,6961,7916,8577,4857,NA,NA,NA,NA,NA,NA,NA,NA,NA,NA,NA,NA,NA,NA,NA,NA,NA,NA,NA,NA,"Malpighia_coccigera",NA,NA,NA,NA,NA,NA,NA,NA,NA,NA,NA,NA,NA,NA,NA,NA,NA,NA,NA,-0.16678820829633,-0.611687275753482,1.11640751225383,0.305886397165233,0.0322632084803096,-0.988114890778893,NA,NA,-0.897427960528924,0.794652429807383
"Malpighia_fucata","MALFUC",20901.0619407669,3713.11019345745,7703.50718794391,11143.447931841,11037.9977257065,7324.88753224909,31569,5657,11764,17067,16887,11230,NA,NA,NA,NA,NA,NA,NA,NA,NA,NA,NA,NA,NA,NA,NA,NA,NA,NA,NA,NA,"Malpighia_fucata",NA,NA,NA,NA,0.581113762,NA,70.40733333,126.6053333,5,NA,NA,1.84761789577405,2.1024520008944,-0.612262083656461,NA,NA,0.307952793089801,0.0328020017812387,-0.993834040100283,-0.166908030399716,-0.612262083656461,1.11967358905084,0.307952793089801,0.0328020017812387,-0.993834040100283,NA,NA,-0.900194847556658,0.796751062406909
"Mammea_americana","MAMAME",25706.9073976465,3945.39496809803,8326.27086834796,11673.4187355842,11635.9814681616,7690.58650006354,22415,3400,7734,11294,11258,7858,0.474479149419037,0.759522721009379,0.436809504061982,0.478967990437769,NA,NA,NA,0.0310021386630984,0.474479149419037,0.407995593752911,0.436809504061982,0.478967990437769,8.86572759491173,2.87036104877727,1.05597187159702,0.800335340086554,3,1,2,2,"Mammea_americana",73300,NA,NA,73300,0.789289012,378.5555556,100.8260137,76.09275534,17,4.86510397464113,2.57812962417954,2.0035725970779,1.8813433103102,0.493761010814696,2.85633989353752,1.23675129937662,0.555936465084985,-0.976457179522702,0.474786133053506,2.85633989353752,0.493761010814696,1.23675129937662,0.555936465084985,-0.976457179522702,0.474786133053506,0.235667989104504,-2.44949228359351,-0.641810628825286,-0.431046775849587
"Manilkara_bidentata","MANBID",15807.6658310113,2499.21080525219,4920.09129331028,6203.76492696907,6194.25137405214,3695.04056879994,8879,1087,2191,2144,2089,1002,0.0284905509461046,0.819342315963987,0.773565782660989,1.21470910572463,0.0284905509461046,NA,NA,NA,0.0284905509461046,0.819342315963987,0.773565782660989,0.82874753127616,208.335596653794,16.0512969064892,0.351990622300547,59.7790290955112,1,1,1,2,"Manilkara_bidentata",1500,NA,594,594,0.839466604,268.0808081,150.4347989,93.17410025,12,2.77378644498119,2.42826572396196,2.17734830980701,1.9692952076148,0.760351662570614,0.924029339099296,0.262930294030895,0.832257338940426,-0.574997338060848,-0.137138939093906,0.924029339099296,0.760351662570614,0.262930294030895,0.832257338940426,-0.574997338060848,-0.137138939093906,0.288568881770383,-0.88775342364066,-0.291408589610035,-0.411827436581507
"Mangifera_indica","MANIND",22494.018810261,3298.16081622988,6962.73609318398,10288.4862093478,10201.9769322816,6903.81611605175,19740,2598,6446,11215,10792,8194,2.28894472316647,3.48053790321542,4.36166840558978,3.37138758568158,0.113962203784418,0.0847026997446644,0.0565459211742903,0.0620042773261967,1.93431562107301,2.77748364870249,2.95370591638759,2.21350286233616,1.06388731101096,1.40610851371507,0.351990622300547,8.71845220970859,20,26,27,28,"Mangifera_indica",16466,NA,NA,16466,0.576040704,181.1555556,283.4946667,125.7686667,18,4.2165881110755,2.25805165732958,2.45254489305416,2.09957245689427,-0.639214948166492,2.25713196355271,-0.843126823468859,1.26984760498307,0.0196582116732159,0.597171147482988,2.25713196355271,-0.639214948166492,-0.843126823468859,1.26984760498307,0.0196582116732159,0.597171147482988,-1.75642872457598,-0.919355409680578,1.55731999413421,0.430424282726168
"Manilkara_pleeana","MANPLE",12231.6296277195,2400.66433081031,3789.33338094503,3274.06439037621,3716.51261594146,1315.84828513116,18608,3684,5783,4901,5599,1915,NA,NA,NA,NA,NA,NA,NA,NA,NA,NA,NA,NA,NA,NA,NA,NA,NA,NA,NA,NA,"Manilkara_pleeana",NA,NA,NA,NA,NA,NA,NA,NA,NA,NA,NA,NA,NA,NA,NA,NA,NA,NA,NA,0.833019879501584,0.705727684525254,0.160577946058745,0.475535311911697,-0.486882032837138,0.110657901579491,NA,NA,-0.198472277587325,-0.548021636044468
"NA.19","MARMIC",26525.9230601806,4140.6638774015,8367.75003843196,11571.0594134405,11599.1996084582,7458.53573105671,41381,6460,13061,18065,18104,11644,NA,NA,NA,NA,NA,NA,NA,NA,NA,NA,NA,NA,NA,NA,NA,NA,NA,NA,NA,NA,"Margaritopsis_microdon",NA,NA,NA,NA,NA,NA,NA,NA,NA,NA,NA,NA,NA,NA,NA,NA,NA,NA,NA,NA,NA,NA,NA,NA,NA,NA,NA,NA,NA
"Margaritaria_nobilis","MARNOB",26920.2762020826,4286.22902387381,8536.55402588844,11693.8474330902,11736.5664900541,7450.33746618032,9484,1267,2787,3110,2825,1558,0.137513577949049,0.131549955277106,0.209019160607311,0.226066430773375,NA,NA,NA,NA,0.137513577949049,0.131549955277106,0.209019160607311,0.226066430773375,5.54027823667398,9.31413743444475,6.64896164331734,1.15788472849396,1,1,3,3,"Margaritaria_nobilis",11,NA,14.5,14.5,0.533196408,NA,76.37333333,156.216,13,1.16136800223497,NA,1.88294174588914,2.19372551325349,-0.866844221302266,-0.565793765666626,NA,0.364121270136748,0.449423483799342,-0.0147539246644238,-0.565793765666626,-0.866844221302266,-1.61274234694762,0.364121270136748,0.449423483799342,-0.0147539246644238,NA,NA,1.39506967425336,0.455636853354015
"Matayba_domingensis","MATDOM",11325.3988200529,1998.32226167596,4257.31086447579,7058.37340813084,6638.7181283657,4640.39586668974,8276,1965,3548,5803,5266,3301,0.46859130587788,0.492698293497575,0.169637763522871,0.155010693315492,NA,0.0282342332482215,NA,NA,0.46859130587788,0.492698293497575,0.169637763522871,0.155010693315492,6.18936291333747,1.40610850902587,5.31465161292891,16.4945081384492,3,3,3,3,"Matayba_domingensis",NA,NA,160.9677,160.9677,0.735805517,260.8888889,33.7343887,71.79409939,28,2.20673873864625,2.41645558315475,1.52807284472335,1.85608875193495,0.209606287123802,0.400095382499618,0.186187574954097,-0.200156000456917,-1.09173258928906,1.82102129177781,0.400095382499618,0.209606287123802,0.186187574954097,-0.200156000456917,-1.09173258928906,1.82102129177781,0.280987970299694,-1.55172960120699,-0.363288836094526,-0.331990418893331
"NA.20","MAYELO",26681.5939442515,4316.29585444927,8562.59605050087,11753.0722462237,11787.0032760501,7470.70742160082,41940,6794,13476,18497,18545,11751,NA,NA,NA,0.385961574448474,NA,NA,NA,NA,NA,NA,NA,NA,NA,NA,NA,NA,NA,NA,NA,1,"Maytenus_elongata",NA,NA,NA,NA,0.748879561,NA,27.24625,103.944375,3,NA,NA,1.43530673720432,2.01680099224797,0.27906792870767,NA,NA,-0.347663448369303,-0.358155344291217,-1.23860406895925,NA,NA,NA,NA,NA,NA,NA,NA,NA,NA
"Maytenus_laevigata","MAYLAE",15804.8648363427,2364.39783931803,4790.21143188013,5325.33811286208,5496.97250970732,3132.57467038929,13498,1993,4068,3730,3915,1922,NA,NA,NA,0.802925287560046,NA,NA,NA,NA,NA,NA,NA,0.416963713111572,NA,NA,NA,7.74764371619885,NA,NA,NA,3,"Maytenus_laevigata",NA,NA,NA,NA,NA,NA,NA,NA,NA,NA,NA,NA,NA,NA,NA,NA,NA,NA,NA,-0.915379806948991,1.06887872553773,1.47042588928448,-1.41862874672126,-1.77224841103527,-0.846255833093885,NA,NA,-2.93550969691764,-1.19997100373381
"NA.21","MAYPON",8656.70044338331,2242.75890101492,3798.27309145406,4146.6107810596,4353.43701715954,2110.67811614461,8796,2881,4486,3903,4382,1501,NA,0.0282342332482215,0.0282729605871451,0.416963713111572,NA,NA,NA,0.0310021386630984,NA,0.0282342332482215,0.0282729605871451,0.416963713111572,NA,6.85344753349546,3.87189686408754,5.87466022671469,NA,1,1,1,"Maytenus_ponceana",NA,NA,NA,NA,NA,NA,NA,NA,NA,NA,NA,NA,NA,NA,NA,NA,NA,NA,NA,NA,NA,NA,NA,NA,NA,NA,NA,NA,NA
"Mecranium_latifolium","MECLAT",8342.79438811028,1708.82248321199,3342.8532514383,5556.14070578496,5162.90434796328,3454.08186475129,8012,1910,3412,5740,5176,3266,NA,NA,NA,NA,NA,NA,NA,NA,NA,NA,NA,NA,NA,NA,NA,NA,NA,NA,NA,NA,"Mecranium_latifolium",NA,NA,NA,NA,0.687666667,NA,41.47,172.274,5,NA,NA,1.61773403536402,2.23621973764206,-0.046152645992804,NA,NA,-0.0575856828926392,0.643390016744024,-0.993834040100283,-1.98908610426666,-0.046152645992804,0.193131767219312,-0.0575856828926392,0.643390016744024,-0.993834040100283,NA,NA,-0.455048076802857,0.27054292929044
"Melia_azedarach","MELAZE",24524.8351771049,3854.99580397457,7656.17393330857,10191.3939065337,10354.4387057908,6499.44290181622,37905,5956,11824,15704,15967,10011,NA,NA,NA,NA,NA,NA,NA,NA,NA,NA,NA,NA,NA,NA,NA,NA,NA,NA,NA,NA,"Melia_azedarach",NA,NA,NA,NA,NA,NA,NA,NA,NA,NA,NA,NA,NA,NA,NA,NA,NA,NA,NA,-0.0262308925018149,0.0626648561390077,-0.168450892807668,0.144114232653847,-0.0119346838167749,0.0127995121216047,NA,NA,0.103723047483767,-0.130655480377781
"Melicoccus_bijugatus","MELBIJ",21760.5241417456,3019.67763701454,6051.16369347461,7840.4178146217,8194.31577233411,5174.63813531958,18903,2434,4271,5045,5604,3170,1.61795026499658,1.81069428564308,2.30269358090714,2.36836354359159,0.0284905509461046,0.0611217220674979,0.0565459211742903,0.0620042773261967,0.554062958716193,0.404585776617211,0.542740469404405,0.438555671349221,41.6657136905439,0.351527127256468,8.83455787819281,3.88802795111996,4,7,10,8,"Melicoccus_bijugatus",2638.52,NA,NA,2638.52,NA,NA,NA,NA,NA,3.42136039048082,NA,NA,NA,NA,1.52236696689683,NA,NA,NA,NA,1.52236696689683,1.20371291305987,-2.10170129357312,0.51937485928041,1.70385703439128,1.58341432774947,NA,NA,3.13076994435823,-1.54412296322406
"Meliosma_herbertii","MELHER",22350.3483397188,2796.46446074266,6176.29449692834,9811.795942856,9582.04038052727,6785.57591978461,34397,4275,9477,15127,14754,10479,0.199433856622732,0.19763963273755,0.197910724110016,0.602976545090163,0.0569811018922092,0.056468466496443,NA,NA,0.199433856622732,0.19763963273755,0.197910724110016,0.602976545090163,0.354629102093461,9.84275961476229,8.51735950614068,17.3966831391931,1,1,1,1,"Meliosma_herbertii",NA,NA,102,102,0.485808211,246.6944445,210.465627,158.1109369,20,2.00860017176192,2.3921593693918,2.32318117749628,2.19896191212726,-1.11861497833197,0.217021679629581,0.0283099054260895,1.06414627672059,0.473325229254732,0.841941176341953,0.217021679629581,-1.11861497833197,0.0283099054260895,1.06414627672059,0.473325229254732,0.841941176341953,-1.52910776146256,-0.639164033275713,0.84848688035538,1.32963081912554
"NA.22","MELOBT",16126.0326598855,2277.23064337205,5341.87741172221,9178.1844815854,8804.81456251349,6527.58391914144,24469,3464,8170,14109,13520,10056,NA,NA,NA,NA,NA,NA,NA,NA,NA,NA,NA,NA,NA,NA,NA,NA,NA,NA,NA,NA,"Meliosma_obtusifolia",NA,NA,NA,NA,NA,NA,NA,NA,NA,NA,NA,NA,NA,NA,NA,NA,NA,NA,NA,NA,NA,NA,NA,NA,NA,NA,NA,NA,NA
"Melochia_tomentosa","MELTOM",5364.78247781308,557.995497811183,1249.34042091562,989.054244573148,1272.4942896227,714.498791811514,7490,863,1815,1232,1689,826,NA,NA,NA,NA,NA,NA,NA,NA,NA,NA,NA,NA,NA,NA,NA,NA,NA,NA,NA,NA,"Melochia_tomentosa",NA,NA,NA,NA,NA,NA,NA,NA,NA,NA,NA,NA,NA,NA,NA,NA,NA,NA,NA,-0.329060868774192,-0.468630257922165,-1.07649748747471,0.389349548863251,0.94450098605351,-0.0966723086050754,NA,NA,1.32471598817716,0.243413389881247
"NA.23","MICCAL",18058.9609047559,3147.70688799798,6746.58155434841,10456.0012183141,10208.1280481585,7060.42116016056,14095,2451,5486,9394,8947,6496,NA,NA,NA,NA,NA,NA,NA,NA,NA,NA,NA,NA,NA,NA,NA,NA,NA,NA,NA,NA,"Miconia_calycina",NA,NA,NA,NA,NA,NA,NA,NA,NA,NA,NA,NA,NA,NA,NA,NA,NA,NA,NA,NA,NA,NA,NA,NA,NA,NA,NA,NA,NA
"Miconia_foveolata","MICFOV",8641.95137820439,1363.98984475713,2997.68550802255,4982.6606814391,4768.00389241986,3404.01404766273,917,592,785,846,804,212,NA,NA,NA,NA,NA,NA,NA,NA,NA,NA,NA,NA,NA,NA,NA,NA,NA,NA,NA,NA,"Miconia_foveolata",NA,NA,NA,NA,NA,NA,NA,NA,NA,NA,NA,NA,NA,NA,NA,NA,NA,NA,NA,-2.6721071918786,-1.10681023026193,0.893619336974225,0.244111997728537,-0.276463751573162,-0.924547997231977,NA,NA,-1.44307029607257,1.57494877028738
"Micropholis_garciniifolia","MICGAR",7767.92231144733,1211.30953282723,2778.57046371792,4350.8372342519,4067.95183301182,2856.64230018458,6733,976,2563,3469,2969,1993,2.81154783526728,1.50632911374095,0.141364802935726,0.0310021386630984,0.0569811018922092,0.056468466496443,NA,NA,2.10228963108036,1.15480198648448,0.141364802935726,0.0310021386630984,5.67406566660942,0.351527127256468,0.386782891330494,0.385961574448474,5,4,2,1,"Micropholis_garciniifolia",NA,NA,NA,NA,NA,498.6444444,41.12332517,65.94702985,17,NA,2.69779098475229,1.61408822380329,1.81919524038575,NA,NA,2.014315117513,-0.0633828902270327,-1.26013445157315,0.474786133053506,0.628101937352216,-0.652843638711657,2.014315117513,-0.0633828902270327,-1.26013445157315,0.474786133053506,NA,NA,-1.84420000514299,0.780792035123261
"Micropholis_guyanensis","MICGUY",8777.34735773492,1722.20364497066,3324.46444260003,5338.58364127879,4994.90150171123,3272.69785674056,12988,2557,5347,8898,8284,5727,3.79296905817504,3.12559516047478,2.25615130681654,2.34990190303445,0.313396060407151,0.508216198467987,0.0848188817614354,0.0310021386630984,2.72908175189466,2.42254090596184,1.90416068451599,2.34990190303445,13.4759059599713,1.75763564097154,2.11194374788942,17.8678812828199,8,7,7,6,"Micropholis_guyanensis",1142.86,NA,NA,1142.86,0.764370669,331.5755556,32.87008458,69.45061381,25,3.05799303271253,2.52058250601773,1.51680082159243,1.84167608841946,0.361371291893,1.1866271423145,0.862808058998407,-0.2180796517701,-1.15751975008142,1.45386624848936,1.1866271423145,0.361371291893,0.862808058998407,-0.2180796517701,-1.15751975008142,1.45386624848936,0.570300582330375,-2.0271616155734,-0.793161374660627,-0.456219596626519
"Miconia_impetiolaris","MICIMP",18517.5817451843,2405.31238480075,5240.11628279486,8077.82310837228,7854.77567655058,5449.46329174982,23544,2571,6009,10417,9887,7316,1.77314551046731,2.57697795224633,4.3282642746964,1.15788472334542,NA,NA,NA,NA,0.354629102093461,NA,1.09076413593159,0.385961574448474,2.1277746267525,NA,1.82953765425801,3.08769260588487,2,4,3,1,"Miconia_impetiolaris",NA,NA,NA,NA,0.758613667,213.5833333,210.3095,195.8715,4.5,NA,2.32956736006884,2.32285889087173,2.2919712491996,0.330784672364903,NA,-0.378415218883345,1.06363380854924,0.897869950401764,-1.05502654731502,-1.14437372497059,0.330784672364903,-0.378415218883345,1.06363380854924,0.897869950401764,-1.05502654731502,NA,NA,0.456451906014296,0.239980992393158
"Miconia_laevigata","MICLAE",27416.6102793664,4339.70597453415,8763.29310266674,12564.757295683,12478.7552002072,8139.04922567308,34390,5329,10984,16565,16197,10868,1.91559826519783,2.71479799002927,0.386782891330494,0.82874753127616,NA,0.0847026997446644,NA,NA,0.851710958917446,1.3086894810034,NA,NA,18.701876180391,51.9940598198242,NA,NA,1,4,1,1,"Miconia_laevigata",NA,NA,NA,NA,0.483406458,NA,26.38,188.8626667,3,NA,NA,1.42127479121035,2.27614611753758,-1.13137535347367,NA,NA,-0.369975654822403,0.825635524052264,-1.23860406895925,-2.31343158799223,-1.13137535347367,0.191198952309332,-0.369975654822403,0.825635524052264,-1.23860406895925,NA,NA,-0.410526949617229,1.02250293371935
"Miconia_mirabilis","MICMIR",15094.7965720892,2688.67742252536,5459.67470468767,7690.43574346229,7410.7477509696,4722.07032844424,8078,1729,3777,5015,4504,2775,NA,NA,NA,NA,NA,NA,NA,NA,NA,NA,NA,NA,NA,NA,NA,NA,NA,NA,NA,NA,"Miconia_mirabilis",NA,NA,NA,NA,0.595931942,248.1666667,34.34466667,123.8166667,12,NA,2.39474344742687,1.53585930571516,2.09277910808197,-0.533533948116667,NA,0.0451013372942526,-0.187774743768587,-0.0113502920744158,-0.137138939093906,-2.38429009475174,-0.533533948116667,0.0451013372942526,-0.187774743768587,-0.0113502920744158,-0.137138939093906,NA,NA,-0.611416034366443,0.666176182872323
"Miconia_pachyphylla","MICPAC",5838.96859637462,1035.18311577057,2143.6662312937,3390.57994674565,3230.02669321746,2194.84357744688,1446,663,1008,1192,1102,439,0.354629102093461,NA,NA,NA,NA,NA,NA,NA,NA,NA,NA,NA,NA,NA,NA,NA,1,NA,NA,NA,"Miconia_pachyphylla",NA,NA,NA,NA,0.687583333,NA,44.74133333,118.1053333,NA,NA,NA,1.65070892230047,2.07226950955647,-0.0465953947276066,NA,NA,-0.00515229372410699,-0.104967148843061,NA,-2.16477184489452,-0.0465953947276066,0.0310412106147667,-0.00515229372410699,-0.104967148843061,0.178456149219444,NA,NA,-0.55435447200409,0.342858199727294
"Miconia_prasina","MICPRA",23786.3432407677,3079.07833528519,6843.44466856867,10007.7587459907,9802.87803825736,6723.79970297217,24171,2730,6910,9814,9522,6792,7.1661959338381,23.625819555019,21.4843712005217,20.2032295807056,NA,NA,NA,0.0310021386630984,1.77314551046731,3.07302737420207,8.43066838632644,7.21078790319946,0.354629102093461,5.50548306143554,0.351990622300547,6.64658335501749,14,19,22,19,"Miconia_prasina",5.7168,NA,0.32,0.32,0.661806593,168.6666667,58.25319992,156.3868944,9,-0.494850021680094,2.22702926220597,1.76531978668396,2.19420035532073,-0.183545727392889,-2.09608628350456,-1.04471146102096,0.177090516288936,0.45159091880504,-0.504293982382353,-2.09608628350456,-0.183545727392889,-1.04471146102096,0.177090516288936,0.45159091880504,-0.504293982382353,-0.0386319308615309,1.65832539373382,0.426563569053844,0.227102040410571
"Miconia_racemosa","MICRAC",18562.6621683277,2774.40341704246,5763.28167635202,9139.96433953196,8704.65089352522,5930.24747648276,18497,2904,5896,9433,8668,5764,NA,1.08281561501763,1.40796248920219,0.802925287560046,NA,NA,NA,NA,NA,0.0282342332482215,0.351990622300547,0.416963713111572,NA,1.75763564566074,37.090048717495,46.1235189324627,NA,3,3,1,"Miconia_racemosa",2,NA,2,2,0.437214564,169.030303,100.444,226.4932,10,0.301029995663981,2.22796456997429,2.00192399937479,2.35505516773159,-1.3767902216742,-1.36071858550104,-1.03863379755478,0.553315028804813,1.18581893966506,-0.381908967952871,-1.36071858550104,-1.3767902216742,-1.03863379755478,0.553315028804813,1.18581893966506,-0.381908967952871,-1.37074077858943,1.56057231855308,1.28637624959749,1.24201781978522
"Miconia_serrulata","MICSER",22966.6191975176,3235.44469636679,6834.18354821205,10304.3154471368,10138.6224327385,6903.17773637176,4170,532,1309,2462,2287,1755,0.709258204186922,0.819342315963987,1.16034867399148,1.24312129691424,NA,NA,NA,NA,NA,0.409671157981994,0.386782891330494,0.82874753127616,NA,10.9528220523051,8.86935013313661,89.8342227541153,1,1,1,1,"Miconia_serrulata",NA,NA,NA,NA,NA,NA,NA,NA,NA,NA,NA,NA,NA,NA,NA,NA,NA,NA,NA,-2.03926421801521,-0.448415820372538,-0.173997402113309,0.0496014647701566,0.455295871239748,-0.476051964090401,NA,NA,-0.139430146640562,0.585412778982211
"Miconia_sintenisii","MICSIN",10602.3739598081,2035.48290951131,4101.4534075195,6488.38602818083,6184.01572787343,4148.53281836212,7576,1805,3213,5326,4805,3000,NA,NA,NA,0.385961574448474,NA,NA,NA,NA,NA,NA,NA,NA,NA,NA,NA,NA,NA,NA,NA,1,"Miconia_sintenisii",0.048,NA,NA,0.048,0.436916667,NA,73.47866667,96.80666667,NA,-1.31875876262441,NA,1.86616126707967,1.98590526638172,-1.37837293125074,-2.85735162625693,NA,0.337438619865738,-0.499180081542279,NA,-2.85735162625693,-1.37837293125074,1.20093906667791,0.337438619865738,-0.499180081542279,-1.12556233109291,NA,NA,-1.82578478993598,1.94116559398126
"Miconia_tetrandra","MICTET",9399.87773157955,1503.62624787074,3621.67944391272,5312.13994089866,4911.95841022709,3408.33216235635,10714,1567,4386,5581,5048,3481,0.782872096155797,2.42941927752755,2.66494571096897,5.60223358593175,NA,NA,0.0282729605871451,0.0310021386630984,0.428242994062336,0.907022707050624,1.60897384406733,2.28724346082712,0.354629102093461,2.5188339215208,23.5833718349981,80.0147101265914,2,5,8,11,"Miconia_tetrandra",NA,NA,0.14,0.14,0.660691633,211.9494949,108.4375829,132.2611611,21,-0.853871964321762,2.32623238593182,2.03517982848709,2.12143233098787,-0.189469445555407,-2.42781108339863,-0.40008600058727,0.606195144309933,0.119438453566135,0.964326190771435,-2.42781108339863,-0.189469445555407,-0.40008600058727,0.606195144309933,0.119438453566135,0.964326190771435,-0.31168066814649,0.373410661556305,0.145692959967546,0.750499778571584
"Miconia_thomasiana","MICTHO",10558.6785867594,874.612170843076,2208.19710056299,2842.95894246933,2773.90648986363,1899.29431902056,12690,936,2630,3098,2989,2053,NA,NA,NA,NA,NA,NA,NA,NA,NA,NA,NA,NA,NA,NA,NA,NA,NA,NA,NA,NA,"Miconia_thomasiana",NA,NA,NA,NA,NA,NA,NA,NA,NA,NA,NA,NA,NA,NA,NA,NA,NA,NA,NA,-2.18210080501654,-0.170261993749145,0.0506232813377528,0.000133156221086525,0.00384189215083918,0.0209079311073996,NA,NA,-0.526550795983839,0.445068627919839
"Morinda_citrifolia","MORCIT",26908.0779651981,4126.99659737572,8304.89633644931,11402.6861932799,11454.2303960193,7327.23379864357,9812,803,1297,998,1217,414,NA,NA,NA,NA,NA,NA,NA,NA,NA,NA,NA,NA,NA,NA,NA,NA,NA,NA,NA,NA,"Morinda_citrifolia",NA,NA,NA,NA,NA,NA,NA,NA,NA,NA,NA,NA,NA,NA,NA,NA,NA,NA,NA,-0.17970560386617,-1.03409596578084,-0.875080998944884,0.37506399595352,1.10919448325661,-0.417373025980556,NA,NA,1.31066640212735,0.69399187913442
"Mosiera_xerophytica","MOSXER",2945.80560083436,501.701141989647,808.734620523775,582.380607985483,709.934435093307,208.23329310366,3112,584,910,623,773,189,NA,1.40610850902587,1.40796248920219,1.15788472334542,NA,NA,NA,NA,NA,NA,NA,NA,NA,NA,NA,NA,NA,1,1,1,"Mosiera_xerophytica",NA,45.2,NA,45.2,0.804036265,270.6805556,13.74171065,70.3993454,5,1.65513843481138,2.43245705924695,1.13804079965305,1.84756862092493,0.572112315294979,-0.109565667921915,0.290165741226965,-0.820346209047527,-1.13062305725329,-0.993834040100283,-0.109565667921915,0.572112315294979,0.290165741226965,-0.820346209047527,-1.13062305725329,-0.993834040100283,1.82062862717967,0.115378970787035,-1.40845817092541,-0.955099827100633
"Mouriri_helleri","MOUHEL",14589.0916132107,2612.13266725838,4780.18164435402,5885.25318235904,6047.63767556474,3435.50500830635,559,334,415,432,441,107,0.354629102093461,NA,NA,NA,NA,NA,NA,NA,NA,NA,NA,NA,NA,NA,NA,NA,1,NA,NA,NA,"Mouriri_helleri",NA,NA,NA,NA,1.036882172,344.9444445,6.110736764,84.03922928,11,NA,2.53774915481262,0.786093575749844,1.92448206085698,1.80920918725782,NA,0.974357559335609,-1.37997771872534,-0.779548681967594,-0.259523953523389,-0.493950958689039,1.80920918725782,0.974357559335609,-1.37997771872534,-0.779548681967594,-0.259523953523389,NA,NA,-1.83822898007932,-1.94012588090121
"Muntingia_calabura","MUNCAL",19830.8170934277,2320.04069619573,4884.32838069354,6689.86722513792,6975.22911767723,4655.18842148149,17218,1279,2826,4173,4452,3173,NA,NA,NA,NA,NA,NA,NA,NA,NA,NA,NA,NA,NA,NA,NA,NA,NA,NA,NA,NA,"Muntingia_calabura",NA,NA,NA,NA,NA,NA,NA,NA,NA,NA,NA,NA,NA,NA,NA,NA,NA,NA,NA,-0.330304866060138,-0.494083901920039,-0.457228180699502,0.209573834913251,0.437587841930138,-0.244918876585997,NA,NA,0.524356871729401,0.319347254034315
"Myrcia_amazonica","MYRAMA",19203.3239352033,3493.65179391671,7290.05846713297,10159.1823002202,10013.4309123484,6519.77911843173,12023,2316,5045,5832,5536,3220,NA,0.351527127256468,0.351990622300547,0.385961574448474,NA,NA,NA,NA,NA,NA,NA,NA,NA,NA,NA,NA,NA,1,1,1,"Myrcia_amazonica",NA,NA,NA,NA,0.808737351,199.9333333,32.88439467,179.0231057,8,NA,2.30088520663144,1.51698985185444,2.25290908701575,0.597088914026553,NA,-0.564792881918522,-0.217779074627501,0.719569198307974,-0.626678996811836,0.697409728669213,0.597088914026553,-0.564792881918522,-0.217779074627501,0.719569198307974,-0.626678996811836,NA,NA,0.694774503103454,-1.00691687483722
"Myrciaria_borinquena","MYRBOR",6810.4559307186,962.729312528145,2201.18384249776,3211.69417235579,3384.46969963078,2421.74038710264,7408,976,2495,2922,3348,2372,NA,NA,NA,NA,NA,NA,NA,NA,NA,NA,NA,NA,NA,NA,NA,NA,NA,NA,NA,NA,"Myrciaria_borinquena",NA,NA,NA,NA,NA,NA,NA,NA,NA,NA,NA,NA,NA,NA,NA,NA,NA,NA,NA,-0.240649545395671,0.278138183072238,-0.168351335653311,-0.698677221028071,0.291511411699598,-0.790464472947701,NA,NA,-0.15065003172172,-0.732457522459816
"Myrica_cerifera","MYRCER",24532.608850047,4073.51857011765,7916.98950378969,10508.6691080593,10628.8371307626,6555.31856064498,27097,5076,9298,13169,12794,7718,NA,NA,NA,NA,NA,NA,NA,NA,NA,NA,NA,NA,NA,NA,NA,NA,NA,NA,NA,NA,"Myrica_cerifera",NA,NA,NA,NA,NA,NA,NA,NA,NA,NA,NA,NA,NA,NA,NA,NA,NA,NA,NA,-0.0813323531309208,0.167819643999825,-0.0446873497680002,0.0319405783315366,-0.0797703551266114,-0.0310502993502198,NA,NA,-0.0806370751366621,-0.23242961957051
"Myrcia_guianensis","MYRCIT",13675.6344764978,2015.17473424971,3899.48706644028,5939.85593745112,6000.95480317622,3985.78006892651,10807,1192,2395,4476,4656,3464,NA,NA,NA,NA,NA,NA,NA,NA,NA,NA,NA,NA,NA,NA,NA,NA,NA,NA,NA,NA,"Myrcia_guianensis",NA,NA,NA,NA,NA,NA,NA,NA,NA,NA,NA,NA,NA,NA,NA,NA,NA,NA,NA,-0.258499899871804,0.279607198997109,-0.0933133317793838,-0.717904481257015,0.169260211575502,-0.769874862793898,NA,NA,-0.279693957200393,-0.720685670763699
"Myrsine_coriacea","MYRCOR",13832.7990666293,2195.83327286132,4731.81397468038,7480.2637432199,7131.00949526578,4935.17622240447,16856,2614,6323,10552,9883,7269,2.96277070761442,5.48320418118484,3.87189684530601,2.40359596773315,0.0284905509461046,NA,NA,0.0310021386630984,0.834996095053656,1.50011771991265,1.75995311150273,0.831337478749652,2.49584408383024,0.351527127256468,5.98384061197696,3.72936391285289,5,5,6,6,"Myrsine_coriacea",9.34,NA,NA,9.34,0.652871088,264.5555555,17.20402082,110.0151224,17,0.970346876230093,2.42251688587436,1.23562995945783,2.04145238628069,-0.231019550005147,-0.742291180652635,0.225574137692303,-0.665169622558081,-0.245633101525761,0.474786133053506,-0.742291180652635,-0.231019550005147,0.225574137692303,-0.665169622558081,-0.245633101525761,0.474786133053506,0.551404416351392,-0.0209907254951033,-0.495426492259184,-0.0557144890570079
"Myrcia_deflexa","MYRDEF",19692.0069766566,2848.59323425218,6198.21372822672,9448.14825807512,9140.12499175221,6291.53175750002,9011,1692,3976,5380,4869,3177,1.06388730628038,1.40610850902587,2.14673600283323,4.30240170131242,NA,NA,NA,NA,0.354629102093461,0.351527127256468,0.703981244601093,0.771923148896948,4.61017834613731,3.16374415937581,0.351990622300547,14.2805783421187,2,3,5,7,"Myrcia_deflexa",NA,NA,52,52,0.807127193,248.6611111,65.49730504,112.9646487,18,1.7160033436348,2.3956078698888,1.81622343082636,2.0529425560804,0.588534237455983,-0.053328437541346,0.0507183854939855,0.258032433953694,-0.193185776481891,0.597171147482988,-0.053328437541346,0.588534237455983,0.0507183854939855,0.258032433953694,-0.193185776481891,0.597171147482988,0.220776458425143,-0.454483419655873,-0.0632182763969936,-0.401208233299113
"Myrcia_fallax","MYRFAL",6187.76605290528,1213.24705580524,2458.58990690226,3599.02247727146,3371.32059795187,2158.07354214662,4860,1326,2336,3142,2899,1573,0.709258204186922,0.703054254512936,NA,NA,NA,NA,NA,NA,0.354629102093461,0.703054254512936,NA,NA,10.431471802397,2.81221703680854,NA,NA,2,2,NA,NA,"Myrcia_fallax",NA,NA,NA,NA,0.880047628,200.8888889,37.08876711,140.7603147,19,NA,2.30295591672404,1.56924239692464,2.14848022912309,0.975956302129295,NA,-0.551337333375951,-0.134692268719953,0.242899632119612,0.71955616191247,0.667732254233539,0.975956302129295,-0.551337333375951,-0.134692268719953,0.242899632119612,0.71955616191247,NA,NA,0.677273515137991,-1.19283651997125
"Myrciaria_floribunda","MYRFLO",17514.083312802,1920.7796016559,4268.45260623097,6520.79174992442,6500.4083403796,4579.6287387237,10506,831,1369,1099,1367,536,NA,NA,NA,NA,NA,NA,NA,NA,NA,NA,NA,NA,NA,NA,NA,NA,NA,NA,NA,NA,"Myrciaria_floribunda",NA,NA,NA,NA,NA,NA,NA,NA,NA,NA,NA,NA,NA,NA,NA,NA,NA,NA,NA,0.248184219461893,0.616513914773306,-0.014078203345263,-0.29235496913904,-0.321385698651942,-0.0911373141103749,NA,NA,-0.309013415480977,-0.814867377924278
"Myrsine_guianensis","MYRGUI",26377.7036761343,4219.05182525516,8289.61428451538,11462.7030103207,11465.7207466066,7246.66892135143,12433,1514,2707,3813,3758,2244,NA,NA,NA,NA,NA,NA,NA,NA,NA,NA,NA,NA,NA,NA,NA,NA,NA,NA,NA,NA,"Myrsine_guianensis",NA,NA,NA,NA,NA,227.2222222,3.897098716,144.113539,15,NA,2.35645080286156,0.590741406888684,2.15870478328993,NA,NA,-0.203725642210423,-1.69060732951231,0.289570005592283,0.230016104194541,-0.18013765232958,0.0076336686808709,-0.203725642210423,-1.69060732951231,0.289570005592283,0.230016104194541,NA,NA,-0.0491397481025038,-0.997686707474559
"Myrcia_splendens","MYRSPL",22140.3084246926,3201.83807123452,6819.720541168,10687.9527730346,10360.8868113607,7159.04874012619,11892,2071,4360,7057,6479,4408,25.8031506669951,16.8971978344263,15.290905082684,11.7118250914174,0.0284905509461046,NA,NA,NA,6.15132226791694,4.82898744625532,4.90921569081843,3.13543387998212,0.428242994062336,21.8528260190997,5.27985934389896,34.1302978763575,32,22,24,21,"Myrcia_splendens",173,NA,65.95,65.95,0.744340679,151.0555556,25.46828961,382.8177427,4,1.81921479988238,2.17913670261197,1.40599977975431,2.5829920580968,0.254953110471211,0.0420356491732032,-1.35591903312263,-0.394264460475382,2.226245703313,-1.11621905452976,0.0420356491732032,0.254953110471211,-1.35591903312263,-0.394264460475382,2.226245703313,-1.11621905452976,-0.666783188644907,2.51464733922068,1.89168502654719,-0.918781156660285
"Nectandra_coriacea","NECCOR",19554.5437152218,3409.93000521231,6373.48307540733,7286.43143060245,7548.10567239393,4138.17566718161,14218,2805,4540,3902,4405,1600,1.18373735360596,5.47389767004274,5.7601159566039,5.25286328435486,NA,0.0282342332482215,NA,0.0620042773261967,0.474479149419037,3.7162620337604,3.61337995377067,2.90868164647442,2.12777462202192,0.351527127256468,5.0281776130939,18.8955141171416,3,7,14,18,"Nectandra_coriacea",NA,NA,NA,NA,0.717952139,209.6919192,30.52515694,94.92088448,34,NA,2.32158169458328,1.48465790547526,1.97736177635307,0.114752319698168,NA,-0.430306359980135,-0.269190123597673,-0.538177172651665,2.55533137835471,1.06526015179628,0.114752319698168,-0.430306359980135,-0.269190123597673,-0.538177172651665,2.55533137835471,NA,NA,0.714748486757024,-0.536003424768277
"Nectandra_krugii","NECKRU",19698.2477726527,2450.27182681113,5339.30701059289,8264.51454589143,8138.83017594181,5688.55834913068,30111,3735,8158,12645,12450,8715,0.354629102093461,NA,NA,NA,NA,NA,NA,NA,0.354629102093461,NA,NA,NA,0.354629102093461,NA,NA,NA,1,NA,NA,NA,"Nectandra_krugii",NA,NA,NA,NA,NA,NA,NA,NA,NA,NA,NA,NA,NA,NA,NA,NA,NA,NA,NA,0.800320458390743,-0.319481941951757,-0.435301728639274,-0.00935287833812412,-0.283541739438767,1.36629582952072,NA,NA,0.639272581294846,-0.0654184127808336
"Nectandra_membranacea","NECMEM",16203.8644622765,2128.32822808437,5225.05911561754,9177.70202968828,8787.6460412275,6659.31781314313,9331,1620,3597,6408,5938,4318,NA,NA,NA,NA,NA,NA,NA,NA,NA,NA,NA,NA,NA,NA,NA,NA,NA,NA,NA,NA,"Nectandra_membranacea",NA,NA,NA,NA,NA,NA,NA,NA,NA,NA,NA,NA,NA,NA,NA,NA,NA,NA,NA,0.800320458390743,-0.319481941951757,-0.435301728639274,-0.00935287833812412,-0.283541739438767,1.36629582952072,NA,NA,0.639272581294846,-0.0654184127808336
"Nectandra_patens","NECPAT",20068.3227437288,3792.41193029284,6915.5401503928,8473.44591167197,8699.94590522908,4907.53397493623,13649,3017,4758,4193,4669,1652,NA,NA,NA,NA,NA,NA,NA,NA,NA,NA,NA,NA,NA,NA,NA,NA,NA,NA,NA,NA,"Nectandra_patens",NA,NA,NA,NA,NA,NA,NA,NA,NA,NA,NA,NA,NA,NA,NA,NA,NA,NA,NA,1.02907464871477,0.0554431327260805,-0.430991148836748,-0.233700323067932,-0.503394392106689,2.39292627757945,NA,NA,0.7044434176349,-0.471730057000765
"Nectandra_turbacensis","NECTUR",22483.5294732922,3812.19924378861,7649.97431322327,9814.0596380122,9799.24183336645,5987.04258957785,14385,3161,5911,6108,5995,2834,2.31535070831406,1.11272541249493,0.773565782660989,NA,0.0569811018922092,NA,NA,NA,0.46859130587788,0.409671157981994,0.386782891330494,NA,1.06388731101096,8.08512396910155,2.6726879806025,NA,7,2,1,NA,"Nectandra_turbacensis",410,NA,NA,410,0.589532282,188,153.3279143,138.220474,8,2.61278385671974,2.27415784926368,2.18562122806281,2.14057237796323,-0.567534972526453,0.775268093531735,-0.738468209894884,0.84541211164068,0.20680393924392,-0.626678996811836,0.775268093531735,-0.567534972526453,-0.738468209894884,0.84541211164068,0.20680393924392,-0.626678996811836,-0.887927598749227,0.306634107498487,0.878163423406733,0.403243634643448
"Neea_buxifolia","NEEBUX",12346.7898350873,2274.67298617237,4016.50072919135,4022.58895443729,4334.79228358692,2060.11929741455,11714,2444,3922,3399,3806,1362,0.354629102093461,0.351527127256468,0.351990622300547,NA,NA,NA,NA,NA,NA,NA,NA,NA,NA,NA,NA,NA,1,1,1,NA,"Neea_buxifolia",23.1772,NA,NA,23.1772,0.728870713,267.4722222,1.333166523,172.6094762,6,1.36506096838343,2.42727868590242,0.124884399603771,2.23706463464917,0.172762073512285,-0.377587975406986,0.256516485274704,-2.43136685984617,0.647246581854288,-0.8714490256708,-0.377587975406986,0.172762073512285,0.256516485274704,-2.43136685984617,0.647246581854288,-0.8714490256708,1.63988842198793,1.52362128197141,-0.62259702587076,-1.40691771305938
"Neolaugeria_resinosa","NEORES",18913.8485418372,3452.07606289163,6257.82934970781,7545.4899087362,7722.69967622682,4270.62361333519,6221,1990,2958,2588,2886,896,6.72113328683904,7.55762777702592,5.8456420678819,7.1926217072297,0.341886611353255,0.19763963273755,0.0565459211742903,0.0620042773261967,3.7368726861536,3.63268534647925,3.69890606504867,4.0481047292627,1.77314551992846,0.703054254512936,1.40796249859295,1.15788472849396,13,12,12,14,"Neolaugeria_resinosa",NA,NA,NA,NA,0.724916164,178.5019157,18.36578831,114.5565616,21,NA,2.25164288136404,1.26400957419155,2.05901996986814,0.151751782797045,NA,-0.884771279837179,-0.620043178708442,-0.165445185880699,0.964326190771435,-0.85930188381151,0.151751782797045,-0.884771279837179,-0.620043178708442,-0.165445185880699,0.964326190771435,NA,NA,0.361758328255359,-0.573923615400567
"Ochroma_pyramidale","OCHPYR",21963.7010858199,2572.16188922059,5897.79044096824,9536.40248567052,9295.13299120869,6722.97110198811,33722,3933,9052,14675,14296,10363,0.0284905509461046,NA,0.0848188817614354,0.0310021386630984,NA,NA,0.0282729605871451,0.0310021386630984,0.0284905509461046,NA,0.0848188817614354,0.0310021386630984,30.9263459396702,NA,0.351990622300547,2.70173103658493,1,NA,2,1,"Ochroma_pyramidale",10.2,NA,NA,10.2,0.165925641,NA,169.6,225.56,27,1.00860017176192,NA,2.22942584792069,2.35326208591632,-2.81813262002467,-0.706946358238122,NA,0.915065866172561,1.17763434827646,1.69863627734833,-0.706946358238122,-2.81813262002467,-2.76514454916559,0.915065866172561,1.17763434827646,1.69863627734833,NA,NA,3.34099438288701,2.11108111216459
"Ocotea_cuneata","OCOCUN",20834.8143073395,3465.60938890278,6777.76970979571,9249.09465479478,9279.21937096864,5813.60998206586,559,334,415,432,441,107,NA,NA,NA,NA,NA,NA,NA,NA,NA,NA,NA,NA,NA,NA,NA,NA,NA,NA,NA,NA,"Ocotea_cuneata",NA,NA,NA,NA,0.510758563,216.7037037,97.16508962,90.42509734,6,NA,2.33586633394431,1.98751025557719,1.95628898493935,-0.986055197439747,NA,-0.337484260439389,0.5303957254158,-0.634364745170014,-0.8714490256708,-0.0558181993303105,-0.986055197439747,-0.337484260439389,0.5303957254158,-0.634364745170014,-0.8714490256708,NA,NA,-0.170590322309016,0.8165121235661
"Ocotea_floribunda","OCOFLO",21069.4838642478,3880.95406663045,7878.88279836252,11288.7496437132,11191.9670037366,7311.01293710619,32128,5991,12179,17499,17328,11337,0.88020150986355,1.28380637621334,0.144141912060049,0.48090377303012,0.0569811018922092,NA,NA,NA,0.525572407770089,0.464464060249354,0.144141912060049,0.48090377303012,50.2504260431989,1.40610851371507,1.05597187159702,8.19042968370261,4,4,3,1,"Ocotea_floribunda",1643.32,NA,NA,1643.32,0.424580988,NA,113.1373333,157.0726667,20,3.21572214085579,NA,2.05360593800043,2.19610061703136,-1.44391168218287,1.33236379688025,NA,0.635494513033679,0.460264736976813,0.841941176341953,1.33236379688025,-1.44391168218287,-0.435573415087723,0.635494513033679,0.460264736976813,0.841941176341953,NA,NA,1.35884056218587,1.03795043210861
"Ocotea_leucoxylon","OCOLEU",17866.7505159602,3376.75093900412,6728.46945993602,9206.14317053556,8999.87507280707,5623.12413380295,20797,4518,9029,12170,11735,7217,22.6958067344743,17.7972247925561,20.2491954564881,16.5488559220424,0.547208311517145,0.423513498723322,0.169637763522871,0.376551394023024,8.85183139507837,7.48665004066752,7.54274078463845,7.61491532734832,9.92961491065327,0.703054254512936,0.386782891330494,5.43187424376532,43,41,51,45,"Ocotea_leucoxylon",100,NA,177.2727,177.2727,0.499727496,218.7154472,166.1296835,123.1518399,30,2.24864185938975,2.33987945700568,2.22044723768011,2.09044090462375,-1.0446626200736,0.438812526753524,-0.311406842672179,0.900788972188233,-0.0220231123137889,2.06579132063678,0.438812526753524,-1.0446626200736,-0.311406842672179,0.900788972188233,-0.0220231123137889,2.06579132063678,-1.69287987994094,-1.28705380855156,1.07299234297381,1.11529031541756
"Ocotea_spathulata","OCOSPA",1687.23621811302,585.15047632638,898.13877619541,1159.86304291274,1087.30317731001,502.152700983628,3026,1238,1886,2185,1971,733,NA,0.409671157981994,NA,NA,NA,NA,NA,NA,NA,NA,NA,NA,NA,NA,NA,NA,NA,1,NA,NA,"Ocotea_spathulata",NA,NA,NA,NA,0.61396144,376.9444444,44.0659329,73.55309611,10,NA,2.57627734684124,1.64410296880815,1.86660095843932,-0.437744265290675,NA,1.22471513471561,-0.0156564246695526,-1.04374921558148,-0.381908967952871,0.391045064728998,-0.437744265290675,1.22471513471561,-0.0156564246695526,-1.04374921558148,-0.381908967952871,NA,NA,-1.44581396780954,0.436383057389966
"Ocotea_wrightii","OCOWRI",19736.6196864212,2439.94796996424,5270.59260584181,9040.72433464392,8953.57029941957,6513.62232945533,14935,1952,3555,7746,7739,5787,0.0284905509461046,0.0282342332482215,0.0282729605871451,0.0310021386630984,NA,0.0282342332482215,NA,NA,0.0284905509461046,0.0282342332482215,0.0282729605871451,0.0310021386630984,1.77314551992846,1.0545813864586,95.037468579898,29.3448888750739,1,1,1,1,"Ocotea_wrightii",NA,NA,NA,NA,NA,NA,NA,NA,NA,NA,NA,NA,NA,NA,NA,NA,NA,NA,NA,0.683371389093426,-0.511159519789188,-0.437497819286079,0.105342783922215,-0.171157976890327,0.841451414815199,NA,NA,0.605943445184013,0.142307713597394
"Ormosia_krugii","ORMKRU",12562.1377358833,1870.46258574699,4258.67530443802,6178.11699397332,5788.83332334459,3918.37073759759,12519,1788,4898,6443,5899,4111,1.40958214318297,0.869049836866565,1.54216641513175,0.562564226001614,0.296681196543362,0.235180377127882,NA,NA,0.981339149120639,0.517522709610096,1.54216641513175,0.562564226001614,0.354629102093461,4.56985267309088,1.93391446697146,5.90307240283769,5,4,5,4,"Ormosia_krugii",720,NA,740.5,740.5,0.516591536,180.1333333,1402.33764,167.3877816,28,2.86952506285723,2.25559408554997,3.14685259104492,2.223723753673,-0.955064948371106,1.01248876200638,-0.859096213146125,2.37386672722044,0.586351613970814,1.82102129177781,1.01248876200638,-0.955064948371106,-0.859096213146125,2.37386672722044,0.586351613970814,1.82102129177781,-2.93221941500374,-1.22869564025727,2.1868908581527,1.54461269550103
"Ossaea_krugiana","OSSKRU",12238.2264960858,1723.91033207189,4165.16185944079,7301.1217617527,6977.29759712535,5253.38726505346,12635,1854,4829,8069,7724,5870,NA,NA,NA,NA,NA,NA,NA,NA,NA,NA,NA,NA,NA,NA,NA,NA,NA,NA,NA,NA,"Ossaea_krugiana",NA,NA,NA,NA,NA,NA,NA,NA,NA,NA,NA,NA,NA,NA,NA,NA,NA,NA,NA,-1.93834788635174,-0.327361918701054,0.225812117119896,-0.557947498759501,0.681201225339588,-0.36719365120123,NA,NA,-0.36648915270391,0.266674017209093
"Ottoschulzia_rhodoxylon","OTTRHO",11984.4614830324,2315.64808644645,3672.39860853992,3079.0534256098,3516.0197453399,1200.37165889345,15569,3155,5012,4144,4740,1585,NA,NA,NA,NA,NA,NA,NA,NA,NA,NA,NA,NA,NA,NA,NA,NA,NA,NA,NA,NA,"Ottoschulzia_rhodoxylon",NA,NA,NA,NA,NA,330.3333333,46.53366373,71.33140803,8,NA,2.51895239972179,1.66776724714068,1.8532807967618,NA,NA,0.852215569748943,0.0219721597011302,-1.10454960942384,-0.626678996811836,-1.09245320644055,-0.905959398951891,0.852215569748943,0.0219721597011302,-1.10454960942384,-0.626678996811836,NA,NA,-1.56094000887809,1.00102362609989
"Ouratea_litoralis","OURLIT",22455.2498554951,2748.53504725546,6105.0024358863,9707.82782117464,9500.48954128847,6751.95449403301,23285,1930,4836,7399,7707,5777,NA,5.56096411957134,4.98686600982368,8.73544116453627,NA,NA,NA,0.0310021386630984,NA,1.17086944322046,1.15382936554868,4.17732974251739,NA,34.4443327330192,6.08821739135863,7.33326993511515,NA,4,4,5,"Ouratea_litoralis",NA,NA,NA,NA,NA,NA,NA,NA,NA,NA,NA,NA,NA,NA,NA,NA,NA,NA,NA,-0.150206650390838,0.145164901938161,-0.157110189701623,-0.162671535277801,0.181931964738908,0.225346783293153,NA,NA,0.162176333135931,-0.315940571990321
"Oxandra_lanceolata","OXALAN",14229.4572709985,2639.31261316221,5257.59107847791,7029.42993107764,7189.48809448257,4550.17548132036,8868,2537,4122,3523,4019,1482,1.41851640837384,NA,NA,NA,NA,NA,NA,NA,0.354629102093461,NA,NA,NA,4.25554924877442,NA,NA,NA,1,NA,NA,NA,"Oxandra_lanceolata",NA,NA,NA,NA,NA,NA,NA,NA,NA,NA,NA,NA,NA,NA,NA,NA,NA,NA,NA,0.19541981670634,-0.712387494716637,0.0373478015387486,-0.0551099956552087,0.113529315611167,0.220988452350803,NA,NA,0.189827951771497,0.404705280016816
"NA.24","PALALP",2357.6943334638,542.175711970451,931.092557383221,1717.97008385985,1622.7406136533,1080.56490168285,5019,945,1719,3540,3277,2332,NA,NA,NA,NA,NA,NA,NA,NA,NA,NA,NA,NA,NA,NA,NA,NA,NA,NA,NA,NA,"Palicourea_alpina",NA,NA,NA,NA,NA,NA,NA,NA,NA,NA,NA,NA,NA,NA,NA,NA,NA,NA,NA,NA,NA,NA,NA,NA,NA,NA,NA,NA,NA
"NA.25","PALCRO",23150.5520077012,2812.19032326154,6264.22080697212,9959.87121359445,9733.23480447382,6921.04448121227,33835,3938,9059,14692,14310,10372,0.354629102093461,0.351527127256468,NA,1.95822006343198,NA,NA,NA,NA,NA,NA,NA,0.41437376563808,NA,NA,NA,2.70173103143639,1,1,NA,3,"Palicourea_crocea",43.4896,NA,NA,43.4896,NA,NA,NA,NA,NA,1.63838541321623,NA,NA,NA,NA,-0.125044924413544,NA,NA,NA,NA,NA,NA,NA,NA,NA,NA,NA,NA,NA,NA
"Palicourea_croceoides","PALRIP",19821.8463198692,3016.89414368197,6388.00098784268,10046.2821463794,9721.69427569211,6704.80013201013,16002,2555,5484,10113,9348,6793,1.06388730628038,NA,NA,NA,NA,NA,NA,NA,NA,NA,NA,NA,NA,NA,NA,NA,2,NA,NA,NA,"Palicourea_croceoides",200,NA,10,10,0.475268182,127.6944444,76.14909091,253.1822727,5,1,2.10617200283186,1.88166472296914,2.40343329400688,-1.1746135443978,-0.714892642066307,-1.83004627251419,0.362090675160923,1.40664277064433,-0.993834040100283,-0.714892642066307,-1.1746135443978,-1.83004627251419,0.362090675160923,1.40664277064433,-0.993834040100283,-1.44417751217949,2.28831361397553,1.89864942800984,0.629520873684785
"Parathesis_crenulata","PARCRE",25234.9412341863,4145.90350875258,8196.69566607475,11256.9178341851,11284.2073601633,7138.30385141075,559,334,415,432,441,107,0.0343783944872623,0.0328874888192764,0.0310500697114688,0.03326500369602,NA,NA,NA,NA,0.0343783944872623,0.0328874888192764,0.0310500697114688,0.03326500369602,1.28472898789956,1.40610851371507,11.720067381035,11.8913813895413,1,1,1,1,"Parathesis_crenulata",36.5548,NA,NA,36.5548,NA,NA,NA,NA,NA,1.56294441211856,NA,NA,NA,NA,-0.194749998172531,NA,NA,NA,NA,-0.194749998172531,-0.828242242167241,2.68430046661466,0.414944310745257,-2.21261874814829,-0.682933102060634,NA,NA,-3.21986741713911,1.4302716523152
"NA.26","PERAME",26687.4139333367,4293.1986604929,8480.36887401342,11560.7481487989,11637.2978566885,7344.0991961956,22778,4216,7092,7363,7886,3670,0.937182611755759,1.41989216108967,1.14641062786493,0.684309915621086,NA,0.056468466496443,0.0565459211742903,0.18601283197859,0.937182611755759,1.01022100310767,1.14641062786493,0.684309915621086,0.709258204186922,4.68614074000674,7.03981248826937,1.62908287136271,5,11,14,11,"Persea_americana",15308,NA,NA,15308,0.530551645,162,90.44101596,170.6231186,21,4.18491845355246,2.20951501454263,1.95636543230384,2.23203787560158,-0.880895694555705,2.2278702122312,-1.15851967128788,0.480872321668453,0.624301745504416,0.964326190771435,NA,NA,NA,NA,NA,NA,NA,NA,NA,NA
"Petitia_domingensis","PETDOM",20933.867409274,3101.65018385276,6309.5978525281,9764.83021768183,9946.66927959397,6845.01909574121,11293,1607,3306,6558,6812,5205,3.25453086427452,2.6772572942557,0.975100544631341,0.995399632196831,NA,0.0282342332482215,NA,NA,2.19064355799413,1.03857266232773,0.623109922330795,0.995399632196831,0.7092582089175,4.21832555052361,1.75995311150273,4.97248521529467,4,9,8,6,"Petitia_domingensis",12.47,NA,NA,12.47,0.604667297,462.3333333,69.35331918,87.40845815,25,1.09586645347854,2.66495520632231,1.84106725080315,1.94155345952388,-0.487123510908574,-0.626315103148402,1.80094705011606,0.297536608260244,-0.70162562160869,1.45386624848936,-0.626315103148402,-0.487123510908574,1.80094705011606,0.297536608260244,-0.70162562160869,1.45386624848936,0.274597895417556,-1.98381244924188,-1.35746422281865,1.06930021128714
"Phialanthus_myrtilloides","PHIMYR",10701.999522869,1953.47603843408,3280.93483235687,3566.62880453607,3769.97331783315,1816.49727939907,3835,560,850,954,1085,525,NA,NA,NA,NA,NA,NA,NA,NA,NA,NA,NA,NA,NA,NA,NA,NA,NA,NA,NA,NA,"Phialanthus_myrtilloides",NA,NA,NA,NA,NA,NA,NA,NA,NA,NA,NA,NA,NA,NA,NA,NA,NA,NA,NA,-0.902124197363222,1.54759677823178,1.43411166653578,-0.915149580767892,-1.49260033966454,-0.939214848642679,NA,NA,-2.71062043473832,-1.33624991258227
"Phlebotaenia_cowellii","PHLCOW",23223.0685525984,3431.8923788555,6894.5376745984,9615.94716558233,9832.62214054167,6400.72976168618,8538,963,1751,2107,2390,1427,NA,NA,NA,NA,NA,NA,NA,NA,NA,NA,NA,NA,NA,NA,NA,NA,NA,NA,NA,NA,"Phlebotaenia_cowellii",NA,NA,NA,NA,NA,NA,NA,NA,NA,NA,NA,NA,NA,NA,NA,NA,NA,NA,NA,-0.165459935727864,0.920418012456358,1.13858897111377,-1.15770676204129,-1.22750782672993,-0.331147211354094,NA,NA,-2.01356605396272,-1.14581548063624
"Phyllanthus_cuneifolius","PHYCUN",6030.98907547261,623.603581894006,1419.84254436925,1598.84503864339,1842.75288446444,1219.14930257044,7145,598,1551,1407,1815,1217,NA,NA,NA,NA,NA,NA,NA,NA,NA,NA,NA,NA,NA,NA,NA,NA,NA,NA,NA,NA,"Phyllanthus_cuneifolius",NA,NA,NA,NA,NA,NA,NA,NA,NA,NA,NA,NA,NA,NA,NA,NA,NA,NA,NA,-0.474456243171774,-0.50584588032797,-1.45682741409914,0.189475748862114,0.380531941979759,-0.180099239596819,NA,NA,1.14951440765567,0.0928697249717013
"Phyllanthus_epiphyllanthus","PHYEPI",14945.1355571686,2711.5822961235,4824.35440960806,5003.93534251628,5310.70371456863,2599.12141844514,23646,3826,7138,7565,7839,4013,NA,NA,NA,NA,NA,NA,NA,NA,NA,NA,NA,NA,NA,NA,NA,NA,NA,NA,NA,NA,"Phyllanthus_epiphyllanthus",NA,NA,NA,NA,NA,NA,NA,NA,NA,NA,NA,NA,NA,NA,NA,NA,NA,NA,NA,-0.496941517823902,-0.594715569927845,-1.49521006422243,0.232469529222339,0.397491431080935,-0.139395019050788,NA,NA,1.20996446054526,0.18217486408323
"Phyllanthus_juglandifolius","PHYJUG",15113.3131968558,1700.77078186662,3908.54745270065,5381.72006621955,5578.08242481242,3877.3116429458,4963,352,940,898,1083,731,NA,NA,NA,NA,NA,NA,NA,NA,NA,NA,NA,NA,NA,NA,NA,NA,NA,NA,NA,NA,"Phyllanthus_juglandifolius",NA,NA,NA,NA,NA,NA,NA,NA,NA,NA,NA,NA,NA,NA,NA,NA,NA,NA,NA,-0.496941517823902,-0.594715569927845,-1.49521006422243,0.232469529222339,0.397491431080935,-0.139395019050788,NA,NA,1.20996446054526,0.18217486408323
"Pictetia_aculeata","PICACU",10731.6510906631,1301.98775376119,2974.15306698541,3327.04883562525,3684.26048958768,2382.27273582649,11838,1104,3280,2920,3587,2483,12.1111781407441,9.40051566481849,10.4034430440099,12.5574255630989,NA,NA,NA,NA,3.66025322471903,2.4889241240435,3.22446152187921,3.18069901157709,4.25554923931327,29.1132818090655,6.79219866413201,2.07186883924548,7,7,7,8,"Pictetia_aculeata",NA,7.7,NA,7.7,0.990253994,253.5277778,19.86112488,99.91767447,10,0.886490725172482,2.40402554980092,1.29800384211213,1.9996423175138,1.56147636733273,-0.819771584008474,0.105416771848552,-0.565988871173904,-0.436476779639196,-0.381908967952871,-0.819771584008474,1.56147636733273,0.105416771848552,-0.565988871173904,-0.436476779639196,-0.381908967952871,1.73912685708896,0.411090595092303,-0.94100815133793,-1.4890728174896
"Picramnia_pentandra","PICPEN",20831.1847746596,3516.07232655212,6587.2459958829,7643.22182470746,7934.8328658957,4418.76053934358,14002,2753,4446,3789,4291,1538,0.354629102093461,0.703054254512936,1.05597186690164,0.385961574448474,NA,NA,NA,NA,0.354629102093461,NA,0.351990622300547,NA,132.392439346122,NA,4.32826427939178,NA,1,2,3,1,"Picramnia_pentandra",105.9,NA,NA,105.9,0.9807088,186.5,161.9744972,124.4783968,8,2.02489596010748,2.27067883614471,2.20944664048584,2.09509398625393,1.51076330223393,0.232078467212743,-0.761074962076103,0.883296915433482,-0.000783941007549323,-0.626678996811836,0.232078467212743,1.51076330223393,-0.761074962076103,0.883296915433482,-0.000783941007549323,-0.626678996811836,0.336673018844558,0.428114116260734,0.404926553412101,-1.13356146108191
"Pilocarpus_racemosus","PILRAC",7409.39096706484,1406.12019627616,2175.22932787937,1850.79256689473,2109.21212890724,703.091932631083,2392,404,546,535,615,211,NA,NA,NA,NA,NA,NA,NA,NA,NA,NA,NA,NA,NA,NA,NA,NA,NA,NA,NA,NA,"Pilocarpus_racemosus",82.5641026,NA,NA,82.5641026,NA,NA,NA,NA,NA,1.91679126485816,NA,NA,NA,NA,0.132193184058933,NA,NA,NA,NA,0.132193184058933,1.03982309063462,-1.28595316571754,0.583572479622626,1.30371122671967,0.685688576439397,NA,NA,1.83705675149372,-0.955839791299526
"Pimenta_racemosa","PIMRAC",25027.8102026582,3972.00718391687,7893.64292867482,10724.1487480178,10833.5842460021,6861.57706208527,24715,3929,7296,9792,10068,6139,5.59837212353468,1.96160408882003,2.64286853719382,4.07371368521236,0.0343783944872623,NA,NA,NA,2.40671020469353,1.61007696156356,1.58689667029218,2.11549362178039,2.48240372884596,4.74162183015579,0.386782891330494,1.54384630809097,7,7,7,7,"Pimenta_racemosa",28.01,NA,NA,28.01,0.958278813,354.1851852,22.26959603,55.18908896,8,1.44731310882357,2.5492303916354,1.34771233901279,1.74185322496016,1.39159407519716,-0.301589626594092,1.04896304851035,-0.486947357915706,-1.61316507629707,-0.626678996811836,-0.301589626594092,1.39159407519716,1.04896304851035,-0.486947357915706,-1.61316507629707,-0.626678996811836,2.43894566325345,-0.760254930313105,-2.20397795478422,-1.1895464312306
"Pinus_caribaea","PINCAR",13589.8013067562,1945.0946759088,4521.41283079702,7800.83322036453,7459.78866896499,5514.69399305619,4729,866,1724,2894,2728,1862,0.565756572011385,0.197324932915659,0.186300418268813,0.19959002217612,0.137513577949049,0.197324932915659,0.186300418268813,0.13306001478408,0.565756572011385,0.197324932915659,0.186300418268813,0.19959002217612,2.83703283567,4.21832553645601,0.703981249296475,0.800335340086554,1,1,1,2,"Pinus_caribaea",17,NA,NA,17,NA,NA,NA,NA,NA,1.23044892137827,NA,NA,NA,NA,-0.501965204351694,NA,NA,NA,NA,-0.501965204351694,-1.55439333891575,0.769706924242817,0.463419962955831,-0.64686088324951,-0.225454275846308,NA,NA,-0.827824511464924,1.63322235569073
"NA.27","PINCOR",21113.7823504992,3914.78525462188,7920.15682039224,11408.3939314205,11281.1736477949,7366.38839317299,26095,5109,10087,15677,15102,9993,NA,NA,NA,NA,NA,NA,NA,NA,NA,NA,NA,NA,NA,NA,NA,NA,NA,NA,NA,NA,"Pinochia_corymbosa",NA,NA,NA,NA,NA,NA,NA,NA,NA,NA,NA,NA,NA,NA,NA,NA,NA,NA,NA,NA,NA,NA,NA,NA,NA,NA,NA,NA,NA
"Piper_aduncum","PIPADU",20441.6959856469,3500.25133703649,7406.90995015763,11165.3841851577,10966.7112645563,7466.45992751978,18688,2531,6237,11084,10608,8077,2.29595280663716,1.40610850902587,5.73622676389859,1.60067068017311,NA,NA,NA,NA,NA,0.351527127256468,0.738773513631041,0.82874753127616,NA,6.32748832813002,15.800717855071,91.7238093730133,3,2,2,2,"Piper_aduncum",NA,NA,NA,NA,0.548162288,NA,38.55133333,185.006,7,NA,NA,1.58603940308342,2.26718581340105,-0.787331364182681,NA,NA,-0.107983338300069,0.784735868805017,-0.749064011241318,0.689969769535425,-0.787331364182681,-0.114029648761531,-0.107983338300069,0.784735868805017,-0.749064011241318,NA,NA,0.584343775410963,0.261067053566077
"Piper_amalago","PIPAMA",27701.1918531228,4224.62556319125,8714.0657227356,11867.553366961,11907.3494598512,7682.72389665991,34459,5134,10907,15091,15065,9931,5.67406563349538,2.9285050795028,1.05597186690164,NA,NA,NA,NA,NA,1.06388730628038,NA,NA,NA,2.83703283567,NA,NA,NA,5,4,1,NA,"Piper_amalago",1.36,NA,NA,1.36,NA,150.6111111,56.12189581,271.6523181,5,0.133538908370218,2.17785701244514,1.74913233316736,2.43401341536548,NA,-1.51547499678819,-1.36423450578141,0.151350835921901,1.54622691889744,-0.993834040100283,-1.51547499678819,-2.82188243322058,-1.36423450578141,0.151350835921901,1.54622691889744,-0.993834040100283,NA,NA,1.63598301625314,2.10209611459518
"Piper_blattarum","PIPBLA",21070.578084603,3712.29909615964,7657.07656158134,11254.3384201676,11121.598291073,7409.29919491336,22244,3243,7399,13557,12737,9494,NA,NA,NA,0.385961574448474,NA,NA,NA,NA,NA,NA,NA,NA,NA,NA,NA,NA,NA,NA,NA,1,"Piper_blattarum",NA,NA,0.1,0.1,0.45785977,183.1759259,47.03291667,270.9554167,2,-1,2.26286839544644,1.67240191164869,2.43289783746469,-1.26710343313371,-2.56282871780171,-0.811827486212553,0.0293417427502595,1.541134820365,-1.36098908338873,-2.56282871780171,-1.26710343313371,-0.811827486212553,0.0293417427502595,1.541134820365,-1.36098908338873,-0.601616618644636,2.62378657278758,0.722558511953814,1.1248368845153
"Piper_glabrescens","PIPGLA",22859.6922958642,3714.67831573635,7651.61819996685,11185.160207592,11043.6132526919,7328.93493695557,14773,2317,4991,9256,8485,6168,NA,NA,NA,NA,NA,NA,NA,NA,NA,NA,NA,NA,NA,NA,NA,NA,NA,NA,NA,NA,"Piper_glabrescens",NA,NA,470,470,0.351054502,191.9777778,131.3421053,296.9836842,5,2.67209785793572,2.28325096027967,2.11840397337113,2.47273259054096,-1.83455366085858,0.830072334853349,-0.679380847972101,0.73852991122916,1.72296209350826,-0.993834040100283,0.830072334853349,-1.83455366085858,-0.679380847972101,0.73852991122916,1.72296209350826,-0.993834040100283,-2.07351814359201,1.15583003292352,1.8167108736948,1.35144801845785
"Piper_hispidum","PIPHIS",26895.4276532456,4148.26141387969,8452.12712746114,12144.0775301605,12058.0613480955,7909.79993421584,30530,3737,8632,14407,13878,10141,NA,NA,NA,NA,NA,NA,NA,NA,NA,NA,NA,NA,NA,NA,NA,NA,NA,NA,NA,NA,"Piper_hispidum",NA,NA,500,500,0.384120229,NA,116.004,342.15,7,2.69897000433602,NA,2.06447296464051,2.53421654433233,-1.65887736073414,0.854901339236129,NA,0.652774179163306,2.00360798174927,-0.749064011241318,0.854901339236129,-1.65887736073414,-0.0405152709727521,0.652774179163306,2.00360798174927,-0.749064011241318,NA,NA,1.57758280213645,1.3401908740605
"Piper_jacquemontianum","PIPJAC",24095.6216967758,3873.92060486972,7511.78781353496,9814.068608962,10006.126702439,6132.20609756932,21675,3458,6253,8185,8432,4974,NA,NA,NA,NA,NA,NA,NA,NA,NA,NA,NA,NA,NA,NA,NA,NA,NA,NA,NA,NA,"Piper_jacquemontianum",NA,NA,NA,NA,NA,NA,NA,NA,NA,NA,NA,NA,NA,NA,NA,NA,NA,NA,NA,-0.897148975984778,-1.84138395144884,-0.69897284574705,0.262435396105337,1.46935065662461,-0.866671509687966,NA,NA,1.21382389282716,1.43869687576735
"Piper_marginatum","PIPMAR",18136.3366796412,3381.38988837413,6906.02137904242,9555.11593762413,9544.24172780849,6162.85183943436,15624,3323,7073,7908,7910,4587,NA,NA,NA,NA,NA,NA,NA,NA,NA,NA,NA,NA,NA,NA,NA,NA,NA,NA,NA,NA,"Piper_marginatum",NA,NA,NA,NA,NA,NA,NA,NA,NA,NA,NA,NA,NA,NA,NA,NA,NA,NA,NA,0.686777081239364,-0.896075250195975,-0.171692250743159,-0.0182474767734655,0.868226682952371,-0.757397928019627,NA,NA,0.703471017319813,0.379617014677175
"Piper_umbellatum","PIPUMB",20358.5184953734,3305.51295576431,7185.03536031954,11199.8805143125,10939.1092406046,7633.59628484026,24026,3138,7765,13697,13096,9958,NA,NA,NA,NA,NA,NA,NA,NA,NA,NA,NA,NA,NA,NA,NA,NA,NA,NA,NA,NA,"Piper_umbellatum",NA,NA,NA,NA,NA,NA,NA,NA,NA,NA,NA,NA,NA,NA,NA,NA,NA,NA,NA,-0.161447336369951,-1.65637182427077,-0.348169604780615,0.44633427913827,1.7777514257461,-0.872728291585584,NA,NA,1.34555576949249,1.33825449404845
"Pisonia_albida","PISALB",8209.03021572204,1144.9908512921,2443.00245454322,2849.8288964534,3124.17121040262,1979.18035911053,7491,910,2048,1636,2124,1214,0.840783727909483,2.16563123003525,1.81649903267702,1.99181214956857,NA,NA,NA,NA,0.840783727909483,2.16563123003525,1.81649903267702,1.99181214956857,0.354629102093461,18.3877099555311,5.345375961205,1.24312130244178,1,3,3,3,"Pisonia_albida",10.2,4.1,NA,4.1,0.595706282,270.6666667,26.19749321,109.5637403,3,0.612783856719735,2.432434774575,1.4182597364667,2.03966684983168,-0.534732866679264,-1.07266798220367,0.290020934628348,-0.374769895331633,-0.253783251797805,-1.23860406895925,-1.07266798220367,-0.534732866679264,0.290020934628348,-0.374769895331633,-0.253783251797805,-1.23860406895925,0.860268919879542,0.771973384842615,-0.925775578266085,0.329486999057216
"Piscidia_carthagenensis","PISCAR",10180.7269124938,1147.91636835225,2094.90510334633,2710.80645573931,2776.58930305112,1628.67293469887,15235,1697,3093,3993,4095,2398,0.354629102093461,NA,0.0310500697114688,0.03326500369602,NA,NA,NA,NA,NA,NA,0.0310500697114688,0.03326500369602,NA,NA,4.15023501302408,74.1046227420297,1,NA,1,1,"Piscidia_carthagenensis",64.52,NA,NA,64.52,NA,NA,NA,NA,NA,1.80969435871692,NA,NA,NA,NA,0.0332390658299181,NA,NA,NA,NA,0.0332390658299181,-0.463631909374309,-0.227790366263731,0.410765710243448,-0.548597866509086,-0.605401782176316,NA,NA,-0.197026844969138,0.364568555093672
"Pisonia_subcordata","PISSUB",20806.4153772742,3850.75537627563,7821.69326992705,11219.1007400081,11117.684052784,7266.92867650837,32128,5991,12179,17499,17328,11337,NA,1.28274485077583,0.719037240589525,0.873622304724166,NA,NA,NA,NA,NA,0.521546565537368,0.367046618288978,0.487660730275692,NA,39.955141700605,0.351990622300547,5.15956142377819,NA,3,4,7,"Pisonia_subcordata",14,NA,NA,14,0.521259838,NA,145.34,138.42,17,1.14612803567824,NA,2.16238515585724,2.14119884490474,-0.930262529140357,-0.579875007663223,NA,0.808464418111035,0.209663471860335,0.474786133053506,-0.579875007663223,-0.930262529140357,-1.01061919386417,0.808464418111035,0.209663471860335,0.474786133053506,NA,NA,1.0513786598081,0.913851189840929
"Pithecellobium_dulce","PITDUL",15600.925054701,2238.37599389814,4194.31889562029,5462.27828924637,5671.29314073082,3432.91714683268,4316,417,647,791,884,467,3.00789404863719,2.53738825512749,2.56354368742607,0.632035070224381,NA,NA,NA,NA,0.45187644201409,0.253793399412102,0.629629230773597,0.632035070224381,5.31943655978538,0.351527127256468,0.703981249296475,17.039133714746,6,4,5,1,"Pithecellobium_dulce",100.8,NA,NA,100.8,NA,NA,NA,NA,NA,2.00346053210951,NA,NA,NA,NA,0.212272816864596,NA,NA,NA,NA,0.212272816864596,-1.428231014784,-0.132252429727122,0.84163773453165,-2.07139287340688,-1.38087986957641,NA,NA,-1.12821027833281,1.29575642070953
"NA.28","PITUNG",5003.11606083526,748.239847432573,1657.25470490561,1897.42330830085,2097.59212876073,1349.35228132816,4221,667,1385,996,1280,613,NA,3.68231301950361,13.5867574890436,13.8260420212887,NA,NA,NA,NA,NA,0.870096001451864,2.25754096936728,0.833600343782574,NA,0.703054259202135,18.6902953213896,7.80446808828098,NA,5,8,8,"Pithecellobium_unguis-cati",88.77,85.4,NA,85.4,0.937801719,191.7777778,10.42350886,101.114154,8,1.93145787068901,2.28279828199019,1.01801393988633,2.00481195256278,1.28280045601497,0.145744659070643,-0.682322367753213,-1.01120099684268,-0.412879780247692,-0.626678996811836,NA,NA,NA,NA,NA,NA,NA,NA,NA,NA
"Plumeria_alba","PLUALB",18481.0515224484,2367.16015562089,4836.96359836077,6273.36694458849,6641.90887616039,4274.7487205395,21022,2532,4844,5826,6417,3885,NA,NA,NA,0.385961574448474,NA,NA,NA,NA,NA,NA,NA,NA,NA,NA,NA,NA,NA,NA,NA,1,"Plumeria_alba",26,4.1,NA,4.1,0.495394562,470.8,70.72504087,50.55852892,9,0.612783856719735,2.6728364541714,1.84957320709559,1.70379442897645,-1.06768324846636,-1.07266798220367,1.8521596816613,0.311061934894163,-1.78688592451182,-0.504293982382353,-1.07266798220367,-1.06768324846636,1.8521596816613,0.311061934894163,-1.78688592451182,-0.504293982382353,1.20199956717969,-1.45213194802943,-2.54479043360646,1.53201554456141
"Pluchea_carolinensis","PLUCAR",24646.2692312337,3888.01614224724,7618.13793188892,10102.1215321478,10285.5713263992,6397.55518415198,34260,5049,10309,13919,14337,9288,NA,NA,NA,NA,NA,NA,NA,NA,NA,NA,NA,NA,NA,NA,NA,NA,NA,NA,NA,NA,"Pluchea_carolinensis",NA,NA,NA,NA,NA,NA,NA,NA,NA,NA,NA,NA,NA,NA,NA,NA,NA,NA,NA,0.0170686566129873,-1.0672192860436,0.395438817702661,0.547140433540307,0.709606903927473,-0.187434713209128,NA,NA,0.340985820803343,1.10533394129366
"Plumeria_obtusa","PLUOBT",12428.2543345802,2567.26365895942,4916.68258888274,6633.75600808486,6645.24252145365,4077.97886249423,8222,2863,4426,3824,4251,1388,0.766239306079132,0.57740099324224,0.634720228171998,1.08194453552793,NA,0.0282342332482215,NA,NA,0.41161020398567,0.57740099324224,0.282729605871451,0.310021386630984,1.41851641310442,2.10916277291721,0.351990622300547,1.57225849413204,2,4,4,4,"Plumeria_obtusa",NA,NA,NA,NA,0.532799342,238.7777778,49.96721869,227.0050419,3.5,NA,2.37799390609254,1.69868517611454,2.35603550320648,-0.868953810055152,NA,-0.063737783785575,0.0711347786752426,1.19029371890674,-1.17741156174451,-0.0717267741988877,-0.868953810055152,-0.063737783785575,0.0711347786752426,1.19029371890674,-1.17741156174451,NA,NA,0.570619359600651,0.556481743703489
"Podocarpus_coriaceus","PODCOR",21001.9017820582,3609.738882415,6664.96744707972,8145.19944978505,8425.90304020047,4816.16415778548,18724,3692,5793,4921,5616,1924,0.0284905509461046,1.78586986953056,0.788800126362528,0.478967990437769,NA,0.0282342332482215,NA,NA,0.0284905509461046,0.0282342332482215,0.0848188817614354,0.0930064159892951,29.6684976313918,0.409671157981994,0.351990622300547,2.90061637604919,1,2,3,2,"Podocarpus_coriaceus",160.4,NA,NA,160.4,NA,NA,NA,NA,NA,2.20520436394814,NA,NA,NA,NA,0.398677669320454,NA,NA,NA,NA,0.398677669320454,-0.553089467109973,-0.780902220585208,0.498374967548886,0.860335272928782,0.281826560407931,NA,NA,1.35953123388159,0.322600534604337
"Poitea_florida","POIFLO",26073.0581015646,3772.09269012883,7566.90041450039,10056.1075309627,10270.6656579971,6498.5729678683,20345,2534,4546,5120,5675,3141,0.0569811018922092,2.99185771591341,3.29368936451289,3.67056425698143,NA,NA,0.0310500697114688,0.0665300073920401,0.0569811018922092,2.23065943067495,2.16813295955135,2.4558551512568,10.5050856754436,22.1462091296983,4.92786873568456,0.41437376563808,1,3,3,4,"Poitea_florida",17,NA,NA,17,0.875470216,202.3888889,7.41175887,126.1967688,14,1.23044892137827,2.30618666616245,0.869921281783952,2.10104823517519,0.951636776225474,-0.501965204351694,-0.530343807506367,-1.24668322882876,0.0263944587906534,0.107631089765059,-0.501965204351694,0.951636776225474,-0.530343807506367,-1.24668322882876,0.0263944587906534,0.107631089765059,1.17067144588546,0.870256494712475,-0.108506604230138,-1.55006832302509
"Poitea_punicea","POIPUN",17949.6772706136,2408.24178447574,5185.34744909033,8084.60403256863,8073.40413565561,5665.16235117987,12309,1509,3255,6743,6801,5292,NA,NA,NA,NA,NA,NA,NA,NA,NA,NA,NA,NA,NA,NA,NA,NA,NA,NA,NA,NA,"Poitea_punicea",NA,NA,NA,NA,NA,NA,NA,NA,NA,NA,NA,NA,NA,NA,NA,NA,NA,NA,NA,-0.37526466700042,0.860122019418531,-0.554249444103838,-1.0387417639038,0.0664642791943138,0.198224065482783,NA,NA,0.0366308936643776,-1.39577291658023
"Pouteria_dictyoneura","POUDIC",23047.6705466229,3814.18993547279,7333.33105005324,9034.95064275619,9287.05249716155,5472.86256168876,15163,2894,4946,4249,4655,1761,NA,NA,NA,NA,NA,NA,NA,NA,NA,NA,NA,NA,NA,NA,NA,NA,NA,NA,NA,NA,"Pouteria_dictyoneura",NA,NA,NA,NA,0.885627236,234.5185185,38.90802461,124.7328892,25,NA,2.37017714199704,1.59003918190232,2.09598098206539,1.00560043756853,NA,-0.114531397584347,-0.101623287398191,0.00326478572559591,1.45386624848936,1.58893391560491,1.00560043756853,-0.114531397584347,-0.101623287398191,0.00326478572559591,1.45386624848936,NA,NA,0.619454346843638,-1.22732980126241
"Pouteria_multiflora","POUMUL",24519.03389889,4047.89625370502,7880.50538637489,10422.8493353799,10562.5545034632,6514.65824975818,37770,6262,12167,16035,16258,9996,2.59636591843865,0.872459654002265,0.169637763522871,0.155010693315492,NA,0.0847026997446644,0.0565459211742903,0.0930064159892951,0.823220407971341,0.520932526745797,0.169637763522871,0.155010693315492,0.354629102093461,2.46068990486287,1.7599531208935,7.74764370590177,4,3,3,2,"Pouteria_multiflora",16000,NA,NA,16000,0.820799137,191.962963,171.3426458,105.6834608,14,4.20411998265593,2.28321744476434,2.23386546880662,2.02400702661379,0.661172487249445,2.24561181140099,-0.67959863299434,0.92212531023134,-0.325263121351992,0.107631089765059,2.24561181140099,0.661172487249445,-0.67959863299434,0.92212531023134,-0.325263121351992,0.107631089765059,-0.542842278894292,-0.786819400859607,0.891018470631622,-0.764350170758355
"Prestoea_montana","PREMON",8018.70697553772,1398.54454599439,3015.57839158086,4205.12235878859,3859.02834760082,2460.48380160643,6729,1366,3072,3965,3551,2185,6.9358230752534,7.45288767971633,8.78998231157139,7.06988302757176,0.0284905509461046,0.367045032226879,NA,NA,6.9358230752534,7.45288767971633,8.78998231157139,7.06988302757176,2.48240372884596,31.6321156883835,19.8465760652365,23.7543506191632,21,19,20,17,"Prestoea_montana",NA,NA,732.5,732.5,0.308658766,NA,55241.01067,174.4793333,23,2.86480762902615,NA,4.74226161567757,2.24174399309859,-2.05979976058994,1.00813000392571,NA,4.91072765513709,0.668605694719587,1.2090962196304,1.00813000392571,-2.05979976058994,-1.14344352033217,4.91072765513709,0.668605694719587,1.2090962196304,NA,NA,2.94673510879722,3.62573304466372
"Prosopis_juliflora","PROJUL",5715.54354217149,728.938060368966,1488.80804649607,1401.99741048471,1670.65730915274,941.719248783774,6808,847,1680,1164,1567,720,NA,NA,NA,NA,NA,NA,NA,NA,NA,NA,NA,NA,NA,NA,NA,NA,NA,NA,NA,NA,"Prosopis_juliflora",NA,NA,NA,NA,NA,NA,NA,NA,NA,NA,NA,NA,NA,NA,NA,NA,NA,NA,NA,0.383753014671037,-0.147900696759333,-1.0970391222172,0.70668736614698,-0.0291902599332099,-0.525088515728413,NA,NA,0.834378654956236,-0.0156954373681333
"Prunus_myrtifolia","PRUMYR",11173.1486922137,2825.38543921628,4995.96334730263,6112.10884720203,6208.07695813524,3382.69151891896,7913,2548,3920,3980,4282,1734,0.354629102093461,NA,NA,0.385961574448474,NA,NA,NA,NA,NA,NA,NA,NA,NA,NA,NA,NA,1,NA,NA,1,"Prunus_myrtifolia",NA,NA,NA,NA,0.915410877,161.1944444,22.23997487,143.0545095,8.5,NA,2.2073500696775,1.34713429218041,2.15550155259985,1.16383920410508,NA,-1.17258756076639,-0.487866510559911,0.27494873505219,-0.565486489597094,-0.0455737468867587,1.16383920410508,-1.17258756076639,-0.487866510559911,0.27494873505219,-0.565486489597094,NA,NA,0.559030882687936,-1.6108365969548
"Pseudolmedia_spuria","PSESPU",17588.7390849246,3455.39130444406,6372.89493979374,7235.28493268229,7454.9333536895,3999.54204924544,4013,1498,2266,1910,2182,684,0.0284905509461046,1.51904544201876,3.33755336422779,2.85674171445481,0.0284905509461046,0.0282342332482215,NA,0.0620042773261967,0.0284905509461046,0.815991187505822,0.873619008123964,0.92693384221244,2.5560176066231,1.75763564097154,37.3417304661534,27.1143559769672,1,2,5,4,"Pseudolmedia_spuria",1700.84,NA,NA,1700.84,0.690606911,148.962963,41.23085309,170.6363223,19,3.23066346094627,2.17307830220972,1.61522232069626,2.23207148225602,-0.0305312992314561,1.3461690990874,-1.39528673649849,-0.0615795620197702,0.624455144380163,0.71955616191247,1.3461690990874,-0.0305312992314561,-1.39528673649849,-0.0615795620197702,0.624455144380163,0.71955616191247,-1.05412270189485,0.363852387305579,1.77325125102899,-0.697061323966121
"Psidium_amplexicaule","PSIAMP",7691.87800469843,2194.53179838916,3710.09229492582,4025.50655390741,4229.82566415635,2035.29386576719,3481,1493,2291,2057,2283,790,NA,NA,NA,NA,NA,NA,NA,NA,NA,NA,NA,NA,NA,NA,NA,NA,NA,NA,NA,NA,"Psidium_amplexicaule",NA,NA,NA,NA,0.868829502,294.3703704,44.94817458,70.12547143,6,NA,2.4688940943225,1.65271205900738,1.84587579389002,0.916355045819107,NA,0.52693490363082,-0.00196710474335835,-1.13835003181422,-0.8714490256708,0.0366049237859384,0.916355045819107,0.52693490363082,-0.00196710474335835,-1.13835003181422,-0.8714490256708,NA,NA,-1.38207419337402,-0.769034706367354
"Psychotria_berteroana","PSYBER",8603.00138518593,1830.26293076656,3458.51914881152,5427.81821655427,5022.37812687038,3192.11519610381,12877,2503,5106,8742,8010,5507,7.09258204186923,3.51527127256468,2.11194373380328,3.20134136034622,NA,NA,NA,NA,2.12777461256077,1.0545813817694,0.351990622300547,0.385961574448474,8.51109849754885,63.5629404865241,0.703981244601093,3.2013413710223,11,8,4,5,"Psychotria_berteroana",NA,NA,7,7,0.468008213,189.8395062,161.1968341,346.6437271,9,0.845098040014257,2.27838659554802,2.20735650802489,2.53988334556896,-1.21318534089688,-0.858017102096195,-0.7109896646816,0.879973394447657,2.02947431545865,-0.504293982382353,-0.858017102096195,-1.21318534089688,-0.7109896646816,0.879973394447657,2.02947431545865,-0.504293982382353,-1.8248892524399,1.57048120366458,1.71237255164375,1.26776174355155
"Psychotria_brachiata","PSYBRA",18803.6477779914,2758.18111935072,6090.74755215645,9589.84456030838,9324.06015932001,6565.8790399693,15553,2357,5217,9779,9019,6662,1.06388730628038,0.703054254512936,0.351990622300547,NA,NA,NA,NA,NA,NA,NA,NA,NA,NA,NA,NA,NA,2,1,1,NA,"Psychotria_brachiata",NA,NA,5,5,0.418549807,262.9111111,75.7,325.123,5,0.698970004336019,2.41980894056604,1.87909587950007,2.51204769364181,-1.4759549989217,-0.993034736499279,0.207977811834409,0.358005955489666,1.90241740421361,-0.993834040100283,-0.993034736499279,-1.4759549989217,0.207977811834409,0.358005955489666,1.90241740421361,-0.993834040100283,-1.15757912449743,1.42819631306873,0.785662007011042,1.44385164786811
"Psychotria_grandis","PSYGRA",18061.68440862,3217.1365365088,6664.63483901322,9767.17470861226,9666.92451360822,6449.78797709942,20415,2940,6871,11667,11250,8310,NA,NA,0.351990622300547,0.385961574448474,NA,NA,NA,NA,NA,NA,NA,0.385961574448474,NA,NA,NA,0.771923148896948,NA,NA,1,1,"Psychotria_grandis",NA,NA,800,800,0.325769462,126.8222222,195.9793802,196.1266613,17,2.90308998699194,2.10319535869752,2.29221037984402,2.29253663532217,-1.96889161978802,1.04350167910031,-1.84938861299285,1.01489959122655,0.900450677254604,0.474786133053506,1.04350167910031,-1.96889161978802,-1.84938861299285,1.01489959122655,0.900450677254604,0.474786133053506,-2.75073846333656,0.56377956393232,2.57899649291742,1.32810379250694
"Psychotria_maleolens","PSYMAL",5651.54519276073,865.027953071017,1813.71412727519,2162.5507787761,2002.09949117918,1137.07153810816,1640,693,949,1101,1027,334,NA,NA,NA,NA,NA,NA,NA,NA,NA,NA,NA,NA,NA,NA,NA,NA,NA,NA,NA,NA,"Psychotria_maleolens",NA,NA,NA,NA,0.38,NA,28.61866667,236.9306667,NA,NA,NA,1.45664939632277,2.37462127649579,-1.68076789973198,NA,NA,-0.313726472221194,1.2751292008786,NA,-0.731350512031292,-1.68076789973198,0.166202231529327,-0.313726472221194,1.2751292008786,-2.08353302420584,NA,NA,0.118532688779641,1.1433759190039
"NA.29","PSYMAR",16840.7890239218,2044.84188206587,4182.44703355059,6317.13290544786,6329.61695606913,4284.77507400326,11072,1171,1827,1541,1790,619,NA,NA,NA,NA,NA,NA,NA,NA,NA,NA,NA,NA,NA,NA,NA,NA,NA,NA,NA,NA,"Psychotria_maricaensis",NA,NA,NA,NA,NA,NA,NA,NA,NA,NA,NA,NA,NA,NA,NA,NA,NA,NA,NA,NA,NA,NA,NA,NA,NA,NA,NA,NA,NA
"Psychotria_pubescens","PSYPUB",25613.4301876426,4275.60619205236,8448.21637046337,11219.5195037127,11234.3692150116,6958.76302295923,30923,5549,10930,14183,13946,8397,NA,NA,NA,NA,NA,NA,NA,NA,NA,NA,NA,NA,NA,NA,NA,NA,NA,NA,NA,NA,"Psychotria_pubescens",NA,NA,NA,NA,NA,NA,NA,NA,NA,NA,NA,NA,NA,NA,NA,NA,NA,NA,NA,-0.719878115140724,-1.26028879123008,-0.810525263296102,0.517072966882299,1.66189901671999,-0.745409230306723,NA,NA,1.46034559681746,1.05281734021324
"Pterocarpus_indicus","PTEIND",24457.4521021992,4024.32713511959,7827.30778433383,10320.1247174144,10474.9127957001,6450.58566058055,24896,3674,6760,7546,8243,4569,NA,NA,NA,NA,NA,NA,NA,NA,NA,NA,NA,NA,NA,NA,NA,NA,NA,NA,NA,NA,"Pterocarpus_indicus",NA,NA,NA,NA,NA,NA,NA,NA,NA,NA,NA,NA,NA,NA,NA,NA,NA,NA,NA,-0.107513099356632,0.581185084126062,-0.320329116318404,0.0799973272853438,0.00614856290913992,0.0525463186319816,NA,NA,0.13411034363845,-0.597179104751927
"Quadrella_cynophallophora","QUACYN",11041.2157353513,1387.9643886634,2943.36829642959,3582.6096760868,3879.47947042266,2491.51508175925,7884,880,1912,1439,1884,1004,NA,3.19197837855643,4.2521604281937,2.73273315980242,NA,NA,NA,NA,NA,0.731288487761158,1.78822607208988,0.802925287560046,NA,19.8492995281576,0.703981249296475,NA,NA,3,4,3,"Quadrella_cynophallophora",54,21.1,NA,21.1,0.914228459,302.6666667,17.5153121,48.21396184,6,1.32428245529769,2.48096459384925,1.24341788028347,1.68317281981645,1.15755708547994,-0.415266018129976,0.605369443016874,-0.652786044587022,-1.88101405815955,-0.8714490256708,-0.415266018129976,1.15755708547994,0.605369443016874,-0.652786044587022,-1.88101405815955,-0.8714490256708,2.50068003070269,-0.427434597210647,-2.15580036227403,-1.19444251676371
"Quadrella_indica","QUAIND",8262.67037340566,1080.49022123643,2222.99058061369,2193.22514145224,2496.2455442878,1415.75532305137,6979,872,1751,1172,1522,650,NA,NA,NA,0.385961574448474,NA,NA,NA,NA,NA,NA,NA,NA,NA,NA,NA,NA,NA,NA,NA,1,"Quadrella_indica",NA,NA,NA,NA,0.744333565,266.3888889,19.34684572,76.35501008,5,NA,2.42551610642149,1.28661016842137,1.88283753882154,0.254915314199589,NA,0.245063180511986,-0.584105959121421,-0.969636715614003,-0.993834040100283,-0.240649584198691,0.254915314199589,0.245063180511986,-0.584105959121421,-0.969636715614003,-0.993834040100283,NA,NA,-1.22240232869505,-0.567201519528206
"Quararibea_turbinata","QUATUR",22765.7311229426,3465.23792795278,7144.77324472554,9044.02743889205,9097.71549825557,5632.47757030278,20115,3074,6353,6870,6781,3707,3.22015246978726,3.16374414530821,3.51990622300546,4.63153889338169,0.0284905509461046,NA,NA,NA,2.15626516350687,1.75763563628234,1.75995311150273,1.92980787224237,10.7124870068091,0.819342321428799,64.9117606825214,0.41437376563808,3,3,4,4,"Quararibea_turbinata",NA,NA,NA,NA,0.591129426,152.5555555,101.3003715,182.3588953,10,NA,2.18342802763928,2.00561103805627,2.26092695265382,-0.559049438587159,NA,-1.32803384899034,0.559177791410744,0.756167056530116,-0.381908967952871,-0.234761149264529,-0.559049438587159,-1.32803384899034,0.559177791410744,0.756167056530116,-0.381908967952871,NA,NA,1.38157688206171,0.305207418690475
"Randia_aculeata","RANACU",24674.7344050314,3493.82739548571,7312.44709171914,9318.35509865172,9590.3080792632,6096.48068377748,21741,3004,6091,5344,6061,3057,3.69351880487236,4.6253337421563,3.30708467682471,5.1879736149678,NA,NA,NA,NA,NA,NA,NA,0.771923148896948,NA,NA,NA,23.271343319192,6,8,8,8,"Randia_aculeata",NA,63.5,NA,63.5,0.981954371,198.9920635,4.859957305,134.3271019,6.5,1.80277372529198,2.29883575557107,0.686632453977447,2.12816364497071,1.51738094910504,0.0268446217434671,-0.578110288506244,-1.53813091315726,0.15016379693219,-0.810256518456059,0.0268446217434671,1.51738094910504,-0.578110288506244,-1.53813091315726,0.15016379693219,-0.810256518456059,1.725252074126,1.35122609341723,-0.224170077959978,-2.30647785361829
"Rauvolfia_nitida","RAUNIT",20098.364319097,2593.03980624056,6117.27912940539,8174.47657399517,8386.68236134755,5793.64255510699,15406,1464,4791,5679,6051,4587,0.354629102093461,NA,NA,NA,NA,NA,NA,NA,0.354629102093461,NA,NA,NA,2.83703283093942,NA,NA,NA,1,NA,NA,NA,"Rauvolfia_nitida",NA,NA,NA,NA,0.465,NA,22.81,457.95,7,NA,NA,1.35812528527665,2.66081806335434,-1.22916780303438,NA,NA,-0.470389725287704,2.58148551836892,-0.749064011241318,0.00371076183835167,-1.22916780303438,-1.41939084548217,-0.470389725287704,2.58148551836892,-0.749064011241318,NA,NA,2.38927048895108,0.233136718093462
"Ravenia_urbanii","RAVURB",4696.72616410486,782.726111087822,1730.85441285762,2199.75023836113,1946.52165739925,1163.79554631143,1933,587,1039,1387,1160,573,NA,NA,NA,NA,NA,NA,NA,NA,NA,NA,NA,NA,NA,NA,NA,NA,NA,NA,NA,NA,"Ravenia_urbanii",NA,NA,NA,NA,NA,NA,NA,NA,NA,NA,NA,NA,NA,NA,NA,NA,NA,NA,NA,-0.49137455268542,0.705680849120755,-0.313674249531441,0.0859882685706185,-0.425096895020745,-0.23729212145414,NA,NA,-0.302443108829408,-0.635664150147628
"Reynosia_krugii","REYKRU",16904.5044430122,3289.4522047583,6500.50545522384,9097.13912855461,9048.22642570548,5758.77422094718,12388,3393,5733,6284,6536,3143,NA,NA,NA,NA,NA,NA,NA,NA,NA,NA,NA,NA,NA,NA,NA,NA,NA,NA,NA,NA,"Reynosia_krugii",NA,NA,NA,NA,1.016846855,211.5555556,40.81507101,108.5667656,5,NA,2.32542443470037,1.61082055642099,2.03569689960371,1.70276270379233,NA,-0.405336096703415,-0.0685788102573138,-0.27190424336224,-0.993834040100283,0.905132716656711,1.70276270379233,-0.405336096703415,-0.0685788102573138,-0.27190424336224,-0.993834040100283,NA,NA,-0.157551805873795,-1.83188846236459
"Reynosia_uncinata","REYUNC",4169.15086476865,591.06822285834,973.603953065307,721.982427489032,899.615518757684,308.547295899344,5075,699,1182,786,1025,326,NA,NA,NA,NA,NA,NA,NA,NA,NA,NA,NA,NA,NA,NA,NA,NA,NA,NA,NA,NA,"Reynosia_uncinata",NA,289.7,NA,289.7,1.022220268,305.2222222,1.786479783,52.36390189,NA,2.46194849520376,2.48461614994962,0.25199810579946,1.7190320004868,1.73131133709111,0.635901040510755,0.629097385687329,-2.22924327293417,-1.71733343922973,NA,0.635901040510755,1.73131133709111,0.629097385687329,-2.22924327293417,-1.71733343922973,0.0829789989280034,NA,NA,-2.00600131509126,-2.60599800248318
"Reynosia_vivesiana","REYVIV",3758.68697089684,1185.17993437394,1905.26692579919,1610.57260229788,1805.5538874428,620.373953068862,1182,355,511,365,413,58,NA,NA,NA,NA,NA,NA,NA,NA,NA,NA,NA,NA,NA,NA,NA,NA,NA,NA,NA,NA,"Reynosia_vivesiana",NA,NA,NA,NA,1.014792494,393.8765432,12.82328236,45.83918662,8,NA,2.59536011774202,1.1079992052434,1.66123690281667,1.69184800230701,NA,1.34871566530635,-0.868115367861027,-1.98114140084273,-0.626678996811836,0.435466431900916,1.69184800230701,1.34871566530635,-0.868115367861027,-1.98114140084273,-0.626678996811836,NA,NA,-2.58007653387547,-1.68936981030845
"Rhizophora_mangle","RHIMAN",22990.7823266489,2675.33326271735,5875.68606643192,8386.68515079375,8581.59093132894,5906.25766861159,21102,1551,3828,5736,6033,4482,0.497081856823984,1.49081120877054,2.46393435610383,5.46999204967068,NA,0.0282342332482215,NA,NA,0.142452754730523,0.0847026997446644,NA,0.0665300073920401,64.3018028105358,NA,1.40796249389757,32.1886808782829,2,1,1,2,"Rhizophora_mangle",10100,NA,NA,10100,NA,NA,NA,NA,NA,4.00432137378264,NA,NA,NA,NA,2.06100428279165,NA,NA,NA,NA,2.06100428279165,2.35304283308461,-3.4249593332092,-0.190440701237142,3.36663177442205,0.713120443015014,NA,NA,4.67870926090164,-3.29572258105202
"NA.30","ROCACA",8681.46578456741,1044.76696137059,2550.68742939644,2732.98194277566,3109.04699526541,2064.28003389481,4967,621,1391,912,1240,619,NA,1.40610850902587,1.40796248920219,1.5438462977939,NA,NA,NA,NA,NA,0.703054254512936,1.05597186690164,1.5438462977939,NA,46.2164971989504,0.351990622300547,2.37259383421859,NA,1,1,1,"Rochefortia_acanthophora",NA,16.1,NA,16.1,0.927591145,202.7222222,1.385829067,102.0599372,4,1.20682587603185,2.30690135821374,0.141709666180041,2.00885529676417,1.22855226535923,-0.523792143208889,-0.525699712891971,-2.40461299251804,-0.39442377904915,-1.11621905452976,NA,NA,NA,NA,NA,NA,NA,NA,NA,NA
"Rondeletia_inermis","RONINE",22596.5921895243,3530.25705165043,6923.26091241464,9043.29488195851,9305.98504168913,5775.72799003869,18154,3507,5802,6609,6998,3491,0.709258204186922,1.75763563628234,3.87189684530601,3.85961574448474,NA,NA,NA,NA,NA,NA,NA,NA,NA,NA,NA,NA,2,1,4,3,"Rondeletia_inermis",0.0788,NA,NA,0.0788,0.778105128,290.3,14.82239832,111.2521323,5,-1.10347378251044,2.46284703583167,1.17091847981549,2.0463083435833,0.434341680275227,-2.65843518559864,0.487640900402725,-0.768067388433589,-0.223467896355726,-0.993834040100283,-2.65843518559864,0.434341680275227,0.487640900402725,-0.768067388433589,-0.223467896355726,-0.993834040100283,1.83157824689503,1.19781900242727,-1.54187234038945,-0.280105281909855
"Rondeletia_portoricensis","RONPOR",7737.52873699879,1588.42197805387,3054.5620588006,5026.50601637922,4750.88867673441,3162.46669868054,11529,2435,4847,7985,7512,5077,NA,NA,NA,NA,NA,NA,NA,NA,NA,NA,NA,NA,NA,NA,NA,NA,NA,NA,NA,NA,"Rondeletia_portoricensis",NA,NA,NA,NA,0.780191659,NA,36.14,185.9493333,19,NA,NA,1.55798814822491,2.26939462558475,0.445427299114787,NA,NA,-0.152587656898529,0.794818077560726,0.71955616191247,-2.10470260900425,0.445427299114787,-1.42753909186495,-0.152587656898529,0.794818077560726,0.71955616191247,NA,NA,1.0389523297161,-0.476170559538655
"Samyda_dodecandra","SAMDOD",24353.1651507169,3573.52843925357,7167.52279855311,9445.51266242564,9736.43867777288,6162.91023851931,13616,2004,3361,3921,4389,2385,NA,NA,NA,1.5722584889835,NA,NA,NA,NA,NA,NA,NA,NA,NA,NA,NA,NA,NA,NA,NA,2,"Samyda_dodecandra",NA,NA,NA,NA,0.8004896,216.8148148,29.9330665,123.39608,6.5,NA,2.33608895390911,1.47615121051911,2.09130136341351,0.553269088742579,NA,-0.336037667913642,-0.282716624781237,-0.0180955148439256,-0.810256518456059,-1.45982899918941,0.553269088742579,-0.336037667913642,-0.282716624781237,-0.0180955148439256,-0.810256518456059,NA,NA,-0.452964221983359,-0.552253532033652
"Samanea_saman","SAMSAM",18796.5417729374,3406.44676483423,6944.90502738208,9746.8796430584,9780.09028512426,6373.64352029003,21055,3765,7445,11371,11628,7863,0.0687567889745246,0.0986624664578293,0.15247323943302,0.0997950110880602,NA,NA,NA,NA,0.0687567889745246,0.0986624664578293,0.15247323943302,0.0997950110880602,21.1573991736515,4.56985268246928,3.16791561948645,6.98752967730948,1,1,3,1,"Samanea_saman",176,NA,NA,176,NA,NA,NA,NA,NA,2.24551266781415,NA,NA,NA,NA,0.435921253753302,NA,NA,NA,NA,0.435921253753302,-0.233588126985793,-1.03617242274978,0.772777823245051,-0.0873617656092018,-0.488235695730688,NA,NA,0.801975181203798,0.0935512482303082
"NA.31","SAMSPI",24742.2794773579,4143.71062475443,8089.28370475769,11106.2005477846,11077.6597488523,6933.94912409782,17250,3691,6616,7483,7341,3650,NA,NA,NA,NA,NA,NA,NA,NA,NA,NA,NA,NA,NA,NA,NA,NA,NA,NA,NA,NA,"Samyda_spinulosa",NA,NA,0.3,0.3,0.77927475,NA,64.33,231.4566667,8,-0.522878745280338,NA,1.80841355140037,2.36446969438357,0.440555814490518,-2.12198392825341,NA,0.245613939597934,1.22879191117529,-0.626678996811836,NA,NA,NA,NA,NA,NA,NA,NA,NA,NA
"Sapium_laurocerasus","SAPLAU",17295.7331905216,3157.72836871818,6174.9281511642,8629.39576023445,8420.02503975108,5262.29667103291,9505,2145,4118,6475,5853,3708,1.91559826519783,0.141171166241107,0.113091842348581,0.155010693315492,0.0854716528383138,0.056468466496443,NA,NA,1.20634006101091,0.141171166241107,0.113091842348581,0.155010693315492,6.24953643514835,1.52239657594174,2.11194374319404,35.1343125329893,3,5,4,5,"Sapium_laurocerasus",NA,NA,21.4286,21.4286,0.469707152,271.8730159,74.19376109,277.3738731,24,1.33099379810035,2.43436610487591,1.87036738724528,2.44306555081484,-1.20415897599473,-0.40906495188915,0.302570788279255,0.344126774277245,1.58754574172859,1.33148123405988,-0.40906495188915,-1.20415897599473,0.302570788279255,0.344126774277245,1.58754574172859,1.33148123405988,-1.66703508930975,-0.0786280188447687,1.17393734440432,1.24707007782076
"Sapindus_saponaria","SAPSAP",18773.809424825,3411.30118919723,6960.65495021455,9720.8722188808,9749.40077670477,6338.09958750755,28093,5153,10527,14706,14750,9597,0.113962203784418,NA,NA,NA,NA,NA,NA,NA,0.113962203784418,NA,NA,NA,1.28472898789956,NA,NA,NA,2,NA,NA,NA,"Sapindus_saponaria",767,NA,NA,767,NA,NA,NA,NA,NA,2.88479536394898,NA,NA,NA,NA,1.02659803214378,NA,NA,NA,NA,1.02659803214378,1.62392782980195,-2.15056027790833,0.251833603553451,1.69356186536271,0.853395787432172,NA,NA,2.7675372721512,-1.97045490419853
"Savia_sessiliflora","SAVSES",9591.90109843776,1248.54719803585,3081.56006215052,4387.88151723334,4559.09128305601,3310.54408502016,7400,794,2391,2438,2942,2148,0.737748755133027,0.703054254512936,NA,NA,NA,NA,NA,NA,0.383119653039566,0.351527127256468,NA,NA,2.1277746267525,10.1942867373296,NA,NA,1,1,NA,NA,"Savia_sessiliflora",NA,NA,NA,NA,NA,NA,NA,NA,NA,NA,NA,NA,NA,NA,NA,NA,NA,NA,NA,-0.432418474596693,-0.339698062547045,-1.3850686718353,0.109096054112511,0.348825154112306,-0.256198348255654,NA,NA,1.03649924599994,-0.0740922180538422
"Schaefferia_frutescens","SCHFRU",23701.2544968668,3800.85853704438,7430.65866183117,9581.83837383613,9819.75127851404,6018.89274146967,28952,4371,8454,10775,11481,7110,NA,0.703054254512936,1.05597186690164,2.34418163788045,NA,NA,NA,NA,NA,NA,0.703981244601093,0.385961574448474,NA,NA,15.2011134377336,51.5387901148821,NA,1,2,5,"Schaefferia_frutescens",38.2968,5.3,NA,5.3,0.942216616,238.4343434,8.222583301,114.0863914,7,0.724275869600789,2.37736881010717,0.915008281909193,2.05723384343344,1.30625654909862,-0.969652925824044,-0.0677996799461873,-1.17499036059954,-0.173598029165275,-0.749064011241318,-0.969652925824044,1.30625654909862,-0.0677996799461873,-1.17499036059954,-0.173598029165275,-0.749064011241318,1.90265210912052,1.05654898985873,-0.880240081250305,-1.63177412330249
"Schefflera_gleasonii","SCHGLE",13950.4560815077,2004.06065632775,4651.68801859207,7838.63195241615,7571.21649511717,5567.15583878942,20415,2940,6871,11667,11250,8310,0.0284905509461046,NA,NA,NA,0.0284905509461046,NA,NA,NA,0.0284905509461046,NA,NA,NA,2.83703282620885,NA,NA,NA,1,NA,NA,NA,"Schefflera_gleasonii",NA,NA,NA,NA,NA,NA,NA,NA,NA,NA,NA,NA,NA,NA,NA,NA,NA,NA,NA,-1.15939644904725,-1.38644626216891,0.14028618390888,0.416108868956851,0.544028242235747,1.90441918823843,NA,NA,0.648698890040105,1.55131927200004
"Schefflera_morototoni","SCHMOR",16787.0670011234,2768.94932195637,6060.53216874972,8292.20027910545,7973.24039442465,5204.29107246827,9200,1453,3900,4823,4352,2899,6.30089897591278,5.32971703271451,4.77594298972462,3.83502425324273,1.2250936906825,1.27054049616997,0.681328163215807,0.372025663957181,4.09951047138314,3.92360852368864,4.03716947609358,3.83502425324273,10.3111247274459,1.6386846428576,56.8444518365063,8.57639125300255,27,30,36,35,"Schefflera_morototoni",140,NA,1.4,1.4,0.401807862,261,2572.314077,221.0996571,28,0.146128035678238,2.41664050733828,3.41032399441563,2.34458806903872,-1.56490398693236,-1.50384304553093,0.187389218939464,2.79281277711409,1.13804146230996,1.82102129177781,-1.50384304553093,-1.56490398693236,0.187389218939464,2.79281277711409,1.13804146230996,1.82102129177781,-2.93491833023968,-0.947027731162774,1.39883806916543,2.99216015884847
"Schoepfia_obovata","SCHOBO",5882.94975070516,1940.88801894942,3031.4496951513,2686.73809487,2969.496415067,1028.60839611758,8102,2853,4414,3802,4232,1379,0.0284905509461046,0.351527127256468,0.351990622300547,0.385961574448474,NA,NA,NA,NA,0.0284905509461046,NA,NA,NA,10.1504565828113,NA,NA,NA,1,1,1,1,"Schoepfia_obovata",NA,NA,NA,NA,0.579912997,328.4444444,4.360751307,67.13341067,5,NA,2.5164619202247,0.639561319629787,1.82693871179885,-0.618641678834239,NA,0.83603234454173,-1.61297875450427,-1.22478907641766,-0.993834040100283,-1.19585974275611,-0.618641678834239,0.83603234454173,-1.61297875450427,-1.22478907641766,-0.993834040100283,NA,NA,-2.10887703189355,-0.0715281684386938
"Senna_polyphylla","SENPOL",4168.73857770889,640.466724014944,1025.07229142702,797.328384479381,975.765035621444,335.2983116065,5419,854,1388,1010,1260,406,NA,NA,NA,NA,NA,NA,NA,NA,NA,NA,NA,NA,NA,NA,NA,NA,NA,NA,NA,NA,"Senna_polyphylla",NA,NA,NA,NA,NA,NA,NA,NA,NA,NA,NA,NA,NA,NA,NA,NA,NA,NA,NA,-0.0659754492075432,-0.573935205997633,-0.0569757861299779,0.406915078733212,-0.714630086463106,-0.661283667913729,NA,NA,-0.43798521574281,0.508946212628922
"Senna_siamea","SENSIA",26610.8757258486,4153.82342666015,8393.06845405512,11605.2348814979,11634.4801039714,7480.65667731129,41381,6460,13061,18065,18104,11644,2.60614406131626,1.56745083580845,2.71201686686302,3.74903894750256,0.142452754730523,0.141171166241107,0.197910724110016,0.376551394023024,2.17790106725393,0.86439658129551,2.00803562226193,2.20519264970866,1.21111509593068,1.75763563628234,0.738773513631041,2.4010060257872,5,3,5,5,"Senna_siamea",25,NA,NA,25,NA,NA,NA,NA,NA,1.39794000867204,NA,NA,NA,NA,-0.347208793064547,NA,NA,NA,NA,-0.347208793064547,-0.886600796732032,0.427215015176375,0.396000083392182,-1.18526481525757,-0.819686393603305,NA,NA,-1.12100552072904,0.918198945406634
"Sideroxylon_cubense","SIDCUB",15104.6202082727,2766.94709901325,5120.14417972229,6385.23959008418,6541.56910553575,3774.62200652249,7987,2819,4344,3741,4149,1330,1.06388730628038,0.499027113297713,0.47160177309193,0.476378042964277,NA,NA,NA,NA,0.354629102093461,0.499027113297713,0.47160177309193,0.476378042964277,2.98426060541602,1.22901347941079,1.93391446697146,25.0258841024975,1,2,2,2,"Sideroxylon_cubense",NA,NA,NA,NA,NA,NA,NA,NA,NA,NA,NA,NA,NA,NA,NA,NA,NA,NA,NA,0.0924798677086286,0.387300209947599,-0.43285386423754,-0.850776846033925,0.00510323584663115,0.928196546166218,NA,NA,0.290014622662425,-0.945135970306344
"Sideroxylon_foetidissimum","SIDFOE",18881.4935178235,3198.97502358258,5764.64106846415,6461.6381216459,6842.96537853964,3643.99035495706,18049,3350,5368,4469,5158,1808,0.913467090016881,0.056468466496443,0.0565459211742903,1.01928609332059,0.0569811018922092,NA,NA,0.0310021386630984,0.0569811018922092,0.056468466496443,0.0565459211742903,0.190538562044434,0.354629102093461,0.409671157981994,27.0296255893349,8.10519310975479,3,2,2,5,"Sideroxylon_foetidissimum",NA,NA,NA,NA,NA,NA,NA,NA,NA,NA,NA,NA,NA,NA,NA,NA,NA,NA,NA,0.384400361478263,0.377510182351145,-0.604199675089534,-0.375323005899241,0.126036928107517,1.09529076647656,NA,NA,0.686599486243823,-0.782945159204325
"Sideroxylon_obovatum","SIDOBO",8949.98855082598,1606.28894003108,2583.99026648654,2191.34720026795,2532.09317822009,925.804238189012,5364,837,1361,937,1197,360,0.0284905509461046,0.0282342332482215,NA,2.0718688281904,NA,NA,NA,NA,0.0284905509461046,0.0282342332482215,NA,NA,137.409159683729,0.703054259202135,NA,NA,1,1,NA,1,"Sideroxylon_obovatum",NA,NA,NA,NA,0.96354011,292.5666667,6.228935831,74.01574953,9,NA,2.46622484368641,0.794413856899802,1.86932414143636,1.41954704265545,NA,0.509590017142563,-1.36674763425627,-1.03131914132765,-0.504293982382353,0.186531791767736,1.41954704265545,0.509590017142563,-1.36674763425627,-1.03131914132765,-0.504293982382353,NA,NA,-1.5293740950301,-1.88487593179075
"Sideroxylon_portoricense","SIDPOR",25690.2880213037,4396.66910725832,8497.50322039425,11420.5350238159,11454.0420633405,7057.37295608222,15486,3321,5446,5659,5889,2568,NA,NA,NA,NA,NA,NA,NA,NA,NA,NA,NA,NA,NA,NA,NA,NA,NA,NA,NA,NA,"Sideroxylon_portoricense",NA,NA,NA,NA,0.692060778,145,82.77375505,191.5590579,30,NA,2.16136800223497,1.91789265751252,2.2823026924871,-0.0228069877280981,NA,-1.47138068626054,0.419696737445412,0.853737448842181,2.06579132063678,0.701316382106051,-0.0228069877280981,-1.47138068626054,0.419696737445412,0.853737448842181,2.06579132063678,NA,NA,2.23461899111289,-0.285278929705836
"Sideroxylon_salicifolium","SIDSAL",22786.6797965541,3742.8070735801,7208.63060396723,8737.85334332474,9012.66535330936,5269.85827972926,14362,3059,4876,3973,4514,1455,0.142452754730523,1.60374814176342,1.42907457278317,1.56543825603154,0.0284905509461046,NA,0.0282729605871451,0.0620042773261967,0.142452754730523,0.900693887250486,1.07708395048263,1.56543825603154,1.71297198767444,15.7579138294906,0.738773513631041,1.24312130244178,2,6,9,8,"Sideroxylon_salicifolium",69.6,NA,NA,69.6,0.842611793,205.662037,21.79261586,101.5564497,25,1.84260923961056,2.31315413300248,1.33830936358164,2.00670751001726,0.777061870294523,0.0636513637458621,-0.485068957772621,-0.501899035265624,-0.404227434835252,1.45386624848936,0.0636513637458621,0.777061870294523,-0.485068957772621,-0.501899035265624,-0.404227434835252,1.45386624848936,0.374892147872133,-0.442559102752927,0.219682625618169,-1.06005325423213
"Simarouba_tulae","SIMTUL",17527.2664850801,2996.37020580657,6008.60900099948,9083.99631407298,8939.7200507354,5943.34984492883,13723,2259,4055,8187,7966,5707,NA,NA,NA,NA,NA,NA,NA,NA,NA,NA,NA,NA,NA,NA,NA,NA,NA,NA,NA,NA,"Simarouba_tulae",NA,NA,NA,NA,0.556786059,353,97.97417806,96.29736925,13,NA,2.54777470538782,1.99111162871555,1.98361442278586,-0.741513766329763,NA,1.03950394699875,0.53612227118588,-0.50963672585573,-0.0147539246644238,-0.28864953624184,-0.741513766329763,1.03950394699875,0.53612227118588,-0.50963672585573,-0.0147539246644238,NA,NA,-0.910844266665055,1.0643076208432
"NA.32","SIPDEN",14063.250214871,2124.95133407786,4802.14554884844,8174.17281156871,7802.60069683474,5677.64936275687,8370,1751,3244,5359,4950,3199,NA,NA,NA,NA,NA,NA,NA,NA,NA,NA,NA,NA,NA,NA,NA,NA,NA,NA,NA,NA,"Siphoneugena_densiflora",NA,NA,NA,NA,NA,NA,NA,NA,NA,NA,NA,NA,NA,NA,NA,NA,NA,NA,NA,NA,NA,NA,NA,NA,NA,NA,NA,NA,NA
"Sloanea_amygdalina","SLOAMY",16733.4828736819,3474.40601091925,6668.36645700317,8892.38098932616,8927.21130869817,5452.80529777892,8102,2853,4414,3802,4232,1379,NA,0.0282342332482215,0.0282729605871451,0.0310021386630984,NA,NA,NA,NA,NA,0.0282342332482215,0.0282729605871451,0.0310021386630984,NA,44.524994391677,6.33583123897289,85.8561642582521,NA,1,1,1,"Sloanea_amygdalina",NA,NA,NA,NA,0.784991099,133.2222222,114.2998069,134.3430704,12,NA,2.12457667358708,2.05804549669156,2.12821526984133,0.470926446974721,NA,-1.71045206102043,0.642553858196469,0.150399440653478,-0.137138939093906,0.465803780586621,0.470926446974721,-1.71045206102043,0.642553858196469,0.150399440653478,-0.137138939093906,NA,NA,1.38454583833294,-0.692728846166576
"Sloanea_berteriana","SLOBER",7126.6910784967,1225.57349572484,2878.24008838233,4117.17902585722,3788.70480453531,2563.13130881047,11183,1875,4610,6253,5758,3883,2.3556990201296,3.00985665078929,1.63414617389935,1.05094239686483,0.142452754730523,0.141171166241107,0.0565459211742903,NA,0.582553509662298,0.900693887250486,0.930164929298254,1.05094239686483,0.354629102093461,33.7732326852598,1.05597187159702,7.40190343227148,7,6,5,4,"Sloanea_berteriana",460,NA,641.5,641.5,0.800125551,190.2751323,225.3026563,114.0951604,23,2.80719666071095,2.27938203258237,2.35276631205065,2.05726722324249,0.551334917406077,0.954899310571853,-0.704521279085457,1.11118961842125,-0.173445665734137,1.2090962196304,0.954899310571853,0.551334917406077,-0.704521279085457,1.11118961842125,-0.173445665734137,1.2090962196304,-0.878748913026334,-0.904335540898116,1.01873501476634,-0.286594158692313
"Solanum_ensifolium","SOLENS",18296.2945392709,3389.90232111327,6910.2214578446,9650.94814699888,9650.7114194762,6260.80909836292,27399,5125,10455,14605,14600,9475,NA,NA,NA,NA,NA,NA,NA,NA,NA,NA,NA,NA,NA,NA,NA,NA,NA,NA,NA,NA,"Solanum_ensifolium",NA,NA,NA,NA,NA,NA,NA,NA,NA,NA,NA,NA,NA,NA,NA,NA,NA,NA,NA,-1.12226370738101,-1.20816300104392,2.73812675247227,0.116875536679294,-1.52135616168426,-1.42311519627756,NA,NA,-3.23714846548729,1.73609781985229
"Solanum_rugosum","SOLRUG",14320.1299030755,1853.07654334799,4520.99501634478,8031.36832517946,7672.49308928954,5819.41654594155,14928,1749,4760,9104,8635,6886,2.48240371465423,1.40610850902587,NA,NA,NA,NA,NA,NA,0.709258204186922,NA,NA,NA,0.7092582089175,NA,NA,NA,1,1,NA,NA,"Solanum_rugosum",NA,NA,NA,NA,NA,NA,NA,NA,NA,NA,NA,NA,NA,NA,NA,NA,NA,NA,NA,-1.07856888601133,-1.15958459747847,2.66289873691104,0.118571379769343,-1.44823434592603,-1.39850437936527,NA,NA,-3.13102860465124,1.67251281250785
"Solanum_torvum","SOLTOR",26230.2197742835,3265.32556713372,7310.30485108495,11144.1461616084,11058.9023932293,7793.57682609558,23009,1888,5407,8978,8985,7097,NA,NA,NA,NA,NA,NA,NA,NA,NA,NA,NA,NA,NA,NA,NA,NA,NA,NA,NA,NA,"Solanum_torvum",1,NA,NA,1,NA,NA,NA,NA,NA,0,NA,NA,NA,NA,-1.63886067993401,NA,NA,NA,NA,-1.63886067993401,-1.7824978055502,3.62753587705139,0.096825803231981,-2.38586416378573,-1.71408484907081,NA,NA,-4.49178711191905,2.48785335440127
"Spathodea_campanulata","SPACAM",26924.2835885175,4148.95566457137,8265.40241231397,11438.8305513822,11455.3537139893,7306.39804941788,20067,3043,5569,7079,7416,4373,100.895434989826,86.5492496002436,77.3942834515369,56.0871443929184,7.73411290042012,4.67072005373836,1.16146662385337,2.84902697053482,53.8326080202253,52.7524901816071,44.9844897948587,33.5308999277693,1.41851641310442,26.4808227463621,0.773565782660989,8.87711625865174,71,79,86,80,"Spathodea_campanulata",5,NA,NA,5,0.335362879,195.5555556,610.5010117,236.6200677,5,0.698970004336019,2.29127015847353,2.78568638797847,2.37405157428089,-1.91792234867202,-0.993034736499279,-0.627271810132653,1.799576112778,1.27252877305517,-0.993834040100283,-0.993034736499279,-1.91792234867202,-0.627271810132653,1.799576112778,1.27252877305517,-0.993834040100283,-2.1115236744766,1.12214937861457,1.32354503237863,2.31897707750149
"Spondias_mombin","SPOMOM",27099.6617278252,3998.84975837544,8238.91783220507,11689.6402404606,11690.8574128803,7692.00765450485,34532,3969,9134,14796,14463,10494,1.89569096900829,1.92996003843611,0.694043258470612,0.729247964775478,NA,0.056468466496443,0.0282729605871451,0.0310021386630984,0.182718992758943,1.16876175319764,0.342052636170065,0.343286390327004,16.5337804630688,1.40610851840427,272.59254570881,10.9205729067076,4,15,8,7,"Spondias_mombin",2047,NA,NA,2047,NA,NA,NA,NA,NA,3.31111784266251,NA,NA,NA,NA,1.42050637629961,NA,NA,NA,NA,1.42050637629961,0.754982896203183,-2.13708139056649,0.700172580226713,1.61341903882728,0.831445386974041,NA,NA,2.99060004087885,-1.12187573292657
"Stahlia_monosperma","STAMON",10912.2480253424,1497.16377208848,2659.06418919889,3374.10059971851,3614.61737493891,2117.45360285044,6774,677,1099,1201,1412,735,NA,NA,NA,NA,NA,NA,NA,NA,NA,NA,NA,NA,NA,NA,NA,NA,NA,NA,NA,NA,"Stahlia_monosperma",NA,NA,NA,NA,NA,NA,NA,NA,NA,NA,NA,NA,NA,NA,NA,NA,NA,NA,NA,0.502070922543165,0.0494601654695519,-1.0363900355532,0.429492377475251,0.225598901938389,-0.359849775679994,NA,NA,0.932967451834932,-0.31227842321246
"Stenostomum_acutatum","STEACU",7931.99867067253,1245.18122491706,2208.15123546799,2425.41107259016,2634.18718657386,1389.0059616568,6754,924,1684,1764,1982,1058,NA,NA,NA,NA,NA,NA,NA,NA,NA,NA,NA,NA,NA,NA,NA,NA,NA,NA,NA,NA,"Stenostomum_acutatum",NA,NA,NA,NA,0.912692111,292.6349206,3.819244983,87.62080057,NA,NA,2.46632614994708,0.581977516805545,1.94260721690362,1.14939455718157,NA,0.510248308862366,-1.70454279683461,-0.696815705238795,NA,-0.654032201695167,1.14939455718157,0.510248308862366,-1.70454279683461,-0.696815705238795,0.368604559696282,NA,NA,-1.35013699694155,-1.63942464568879
"Stenostomum_sintenisii","STESIN",8031.99901328702,2044.33000914194,3561.20706757624,3930.62644292228,4094.44120737817,2050.11119823623,11713,3051,5308,5832,6078,3027,NA,NA,NA,NA,NA,NA,NA,NA,NA,NA,NA,NA,NA,NA,NA,NA,NA,NA,NA,NA,"Stenostomum_sintenisii",NA,NA,NA,NA,NA,NA,NA,NA,NA,NA,NA,NA,NA,NA,NA,NA,NA,NA,NA,-0.598858068214268,0.503618472535644,0.0568420634159659,-0.714714635482228,-0.0712599313944671,0.246223559543485,NA,NA,-0.392837883802971,-0.745651837975455
"Suriana_maritima","SURMAR",1660.96248195916,199.136497953919,299.266223762545,198.249654026977,259.729560371061,60.5930624171414,1045,143,205,128,156,13,NA,NA,NA,NA,NA,NA,NA,NA,NA,NA,NA,NA,NA,NA,NA,NA,NA,NA,NA,NA,"Suriana_maritima",NA,NA,NA,NA,NA,NA,NA,NA,NA,NA,NA,NA,NA,NA,NA,NA,NA,NA,NA,0.0485333529039773,0.269067797071413,-0.0495584322746765,-0.0227805872691911,-0.153338684962088,0.0412754658404784,NA,NA,-0.0990884838890416,-0.363767114889506
"Swietenia_macrophylla","SWIMAC",26499.4753264384,4118.29482685961,8340.80751563329,11565.6766960807,11587.0857514916,7468.79092463199,33722,3933,9052,14675,14296,10363,0.0854716528383138,0.611964046290599,0.561974873102013,0.511905911693218,0.0569811018922092,0.056468466496443,0.0565459211742903,0.0310021386630984,0.0854716528383138,0.611964046290599,0.561974873102013,0.511905911693218,0.354629102093461,2.81221703680854,1.54713157048147,1.54384630809097,2,3,3,2,"Swietenia_macrophylla",566,NA,231,231,0.519537267,130.3636364,763.3712,242.5484,18,2.36361197989214,2.1151564662947,2.88273577112655,2.3847984140952,-0.939414449495281,0.545041243407533,-1.77166490629347,1.95389440005451,1.32158313959287,0.597171147482988,0.545041243407533,-0.939414449495281,-1.77166490629347,1.95389440005451,1.32158313959287,0.597171147482988,-2.85846190460905,0.526120185312654,2.77258583708554,1.11550646391782
"NA.33","SWIMAH",25749.2220184729,3860.25698511302,7767.68780632317,10431.5330106989,10634.0428570732,6773.78587196022,29814,4244,8386,10116,10826,6582,NA,NA,NA,NA,NA,NA,NA,NA,NA,NA,NA,NA,NA,NA,NA,NA,NA,NA,NA,NA,"Swietenia_mahogani",NA,NA,NA,NA,0.634753756,207.5555555,51.86028336,112.6847687,20,NA,2.3171343623385,1.71483488538644,2.05186521758489,-0.327275889806355,NA,-0.459205284613908,0.0968144418942302,-0.198103329767974,0.841941176341953,NA,NA,NA,NA,NA,NA,NA,NA,NA,NA
"Symplocos_martinicensis","SYMMAR",26287.7378653511,4337.78003837913,8494.28283873945,11534.8630104512,11563.3268131092,7225.54677473009,22368,4502,7911,9280,9311,4809,0.0854716528383138,0.0847026997446644,0.113091842348581,0.124008554652393,NA,NA,NA,NA,0.0854716528383138,0.0847026997446644,0.113091842348581,0.124008554652393,0.7092582089175,2.1091627776064,5.03224553854313,0.800335340086554,1,1,1,1,"Symplocos_martinicensis",NA,NA,NA,NA,0.663532699,168.3611111,172.51425,148.15624,15,NA,2.22624178321406,2.2368249744282,2.17071994768578,-0.174375025786886,NA,-1.04982852778936,0.926831222045434,0.344413688802326,0.230016104194541,0.4111956630708,-0.174375025786886,-1.04982852778936,0.926831222045434,0.344413688802326,0.230016104194541,NA,NA,1.26315616560853,0.164994331583858
"Symplocos_micrantha","SYMMIC",8733.28238357599,1114.56410693615,2598.0139429018,3118.23523147031,2874.88415885929,1760.32005192315,11057,1393,3229,3774,3406,2013,NA,NA,NA,NA,NA,NA,NA,NA,NA,NA,NA,NA,NA,NA,NA,NA,NA,NA,NA,NA,"Symplocos_micrantha",NA,NA,NA,NA,NA,NA,NA,NA,NA,NA,NA,NA,NA,NA,NA,NA,NA,NA,NA,0.41111058302779,-0.169295585645334,-1.03081044373157,0.912594344210992,0.333607235854271,0.231689607022098,NA,NA,1.24041864421305,0.158530797995385
"Syzygium_jambos","SYZJAM",23293.1024386249,3565.1062800996,7430.15241860226,10718.5121694468,10517.6640129313,6952.55773283169,17092,2575,5983,9139,8486,5911,35.0335778550738,24.0856411580741,25.2709270820449,19.1146098984836,0.341886611353255,0.0282342332482215,NA,0.0310021386630984,19.2826695790238,12.7204850244161,12.7772939563761,8.99437238925447,0.354629102093461,1.4642525444406,56.9754850678153,12.3507704492822,42,42,44,34,"Syzygium_jambos",1340,NA,1900,1900,0.637763796,266.2619048,40.11330919,88.58468594,18,3.27875360095283,2.42530903456272,1.6032884910436,1.94735864980354,-0.311283720923253,1.39060285139004,0.243717620137562,-0.0805555523136821,-0.675127605752856,0.597171147482988,1.39060285139004,-0.311283720923253,0.243717620137562,-0.0805555523136821,-0.675127605752856,0.597171147482988,-0.035168050942547,-1.14977301739485,-0.124260523079737,-0.0870082228535639
"Syzygium_malaccense","SYZMAL",15858.1416268311,2076.48424402531,5113.98343550041,8978.0839687977,8593.44853740744,6516.96429338213,23910,3130,7755,13677,13079,9949,1.21111509021813,NA,NA,NA,NA,NA,NA,NA,0.428242994062336,NA,NA,NA,0.709258204186922,NA,NA,NA,2,NA,NA,NA,"Syzygium_malaccense",3027.8,NA,NA,3027.8,NA,NA,NA,NA,NA,3.48112718464408,NA,NA,NA,NA,1.5775895744295,NA,NA,NA,NA,1.5775895744295,2.09794179707981,-1.96367756509099,-0.365578478308377,1.75009600397333,0.337176751393258,NA,NA,2.49346552078813,-2.74636403585491
"Tabernaemontana_citrifolia","TABCIT",20594.3654229343,3485.45679173805,7413.68552657776,11306.9633709788,11078.7197941002,7593.2630023621,23910,3130,7755,13677,13079,9949,0.0284905509461046,0.0282342332482215,NA,NA,NA,NA,NA,NA,0.0284905509461046,0.0282342332482215,NA,NA,23.0508917732617,0.351527127256468,NA,NA,1,1,NA,NA,"Tabernaemontana_citrifolia",23.0989011,NA,NA,23.0989011,0.553789665,239.2888889,66.46687063,246.1738461,5,1.36359131939179,2.37892253312472,1.82260523195428,2.3912419109113,-0.757433434802047,-0.378945884102144,-0.0577035319826849,0.268180140078711,1.35099473035472,-0.993834040100283,-0.378945884102144,-0.757433434802047,-0.0577035319826849,0.268180140078711,1.35099473035472,-0.993834040100283,-0.679668085448606,1.17825174754613,0.665815461574925,0.638908943656965
"Tabebuia_haemantha","TABHAE",19293.1363137942,2264.05804785341,5059.36324120127,8413.44839962013,8430.80785080418,6166.74980295077,23027,2783,6228,11161,11228,8445,12.2164750159849,12.8294086734094,12.0024734272485,22.8971907594244,NA,NA,NA,NA,2.56787536749254,2.81221701805174,2.81592497840437,4.6883632757609,3.4125036051909,3.51527129132148,72.9583001719761,4.55811144965659,8,7,7,9,"Tabebuia_haemantha",14.065,NA,NA,14.065,NA,NA,NA,NA,NA,1.14813973650122,NA,NA,NA,NA,-0.578016260401036,NA,NA,NA,NA,-0.578016260401036,-0.0710169323756907,0.753981798595879,0.791519866777882,0.0239373754509864,0.0347829840945385,NA,NA,-0.47133903206403,0.650169027149505
"Tabebuia_heterophylla","TABHET",27664.841664046,4380.54905948043,8745.1072396934,11948.0182387829,12026.6220597327,7646.07300025225,36439,5412,11105,14904,15134,9722,36.7185517782104,42.2243186791619,43.5290807833232,46.7055698409587,1.02072065727829,NA,0.169637763522871,1.17649637596262,15.989395715101,17.7998406920956,21.1489858962102,21.7649224445335,0.354629102093461,1.11272541249493,5.98384061197696,0.771923148896948,40,48,53,51,"Tabebuia_heterophylla",10,4.1,10.6,10.6,0.786032932,337.3744856,145.135622,117.5806975,12,1.02530586526477,2.52811223538969,2.16177401849805,2.07033603213732,0.476461645604636,-0.691510831391072,0.911736510855937,0.807492648198626,-0.113792581402784,-0.137138939093906,-0.691510831391072,0.476461645604636,0.911736510855937,0.807492648198626,-0.113792581402784,-0.137138939093906,0.441409979150409,-0.542846352140668,-0.790535415358332,0.275683282386961
"Tabebuia_karsoana","TABKAR",5012.36472759733,1686.60359015944,2681.09385286679,2286.55325689644,2564.70715435862,878.103564199177,5023,1914,2999,2607,2913,999,NA,NA,NA,NA,NA,NA,NA,NA,NA,NA,NA,NA,NA,NA,NA,NA,NA,NA,NA,NA,"Tabebuia_karsoana",NA,NA,NA,NA,NA,NA,NA,NA,NA,NA,NA,NA,NA,NA,NA,NA,NA,NA,NA,-0.576922159434359,-0.0698005484280634,0.752098118600304,0.791562330117607,0.02576831734777,0.0353992288565265,NA,NA,-0.4686818322955,0.648576883755807
"Tabebuia_rigida","TABRIG",4780.49393507222,793.206303327343,1912.428272171,2542.44228067168,2284.81626460435,1491.60996127701,8327,1148,3187,4257,3725,2577,NA,0.0282342332482215,0.0282729605871451,NA,NA,NA,NA,NA,NA,0.0282342332482215,0.0282729605871451,NA,NA,0.703054259202135,1.12555641012103,NA,NA,1,1,NA,"Tabebuia_rigida",NA,NA,NA,NA,0.693625,NA,147.368,121.817,NA,NA,NA,2.16840318954624,2.08570789988147,-0.0144963664756681,NA,NA,0.818033697394775,-0.0436270957604738,NA,-0.347608614653945,-0.0144963664756681,1.05536524899368,0.818033697394775,-0.0436270957604738,0.275492770729266,NA,NA,-0.609800685174901,0.663787898070131
"Tabebuia_schumanniana","TABSCH",11493.3754883922,1794.15701896721,3913.18201715138,6478.92753585731,6182.59689750359,4388.43987853639,15597,2402,5727,9612,9095,6693,NA,0.351527127256468,0.703981244601093,0.771923148896948,NA,NA,NA,NA,NA,NA,NA,NA,NA,NA,NA,NA,NA,1,1,1,"Tabebuia_schumanniana",14.73,NA,NA,14.73,0.741305248,417.7555556,116.0440083,73.14735248,20,1.16820274684263,2.62092223414982,2.06462272144489,1.86419861174452,0.238826040669812,-0.559478680102163,1.51481921568017,0.653012307555365,-1.05471482010836,0.841941176341953,-0.559478680102163,0.238826040669812,1.51481921568017,0.653012307555365,-1.05471482010836,0.841941176341953,0.708922157972903,-1.80820100432992,-1.51864798151697,0.556844539418667
"Tamarindus_indica","TAMIND",17574.1956616619,1951.51974018267,4408.30470873974,6135.39386627288,6451.86846816004,4500.34872797737,16134,1461,3627,4987,5532,4071,0.913467090016881,0.0282342332482215,0.0848188817614354,0.0642671423591184,NA,NA,NA,NA,0.913467090016881,0.0282342332482215,0.0848188817614354,0.0642671423591184,0.354629102093461,7.79174087257061,28.57675713118,3.11610480222301,3,1,2,2,"Tamarindus_indica",646,NA,NA,646,0.812380723,170.3777778,16.60643373,191.4504112,11,2.81023251799508,2.23141294953754,1.22027637672138,2.28205630346876,0.616445939291321,0.957704345669924,-1.01622610331872,-0.689583364455144,0.852612796625789,-0.259523953523389,0.957704345669924,0.616445939291321,-1.01622610331872,-0.689583364455144,0.852612796625789,-0.259523953523389,-0.00425706585862504,1.07542275892126,1.12783343934553,-1.41069942790193
"Tectona_grandis","TECGRA",24307.5834662355,4019.59198380262,7819.41481205262,10327.7428521551,10468.2004715037,6448.60848770104,37770,6262,12167,16035,16258,9996,NA,NA,NA,NA,NA,NA,NA,NA,NA,NA,NA,NA,NA,NA,NA,NA,NA,NA,NA,NA,"Tectona_grandis",NA,NA,NA,NA,NA,NA,NA,NA,NA,NA,NA,NA,NA,NA,NA,NA,NA,NA,NA,-0.449839838690247,-0.122544419289863,0.808665529422234,0.190951665130139,0.104107619990648,0.119515896003277,NA,NA,-0.529965845306063,0.37669510406278
"Tecoma_stans","TECSTA",16706.8397121422,1578.78543440317,4262.74620026926,5735.31043856793,5956.97575267752,4378.19031827435,15192,889,3362,4119,4438,3549,NA,NA,NA,0.41437376563808,NA,NA,NA,NA,NA,NA,NA,0.41437376563808,NA,NA,NA,61.1760204286269,NA,NA,NA,1,"Tecoma_stans",9,NA,NA,9,NA,NA,NA,NA,NA,0.954242509439325,NA,NA,NA,NA,-0.757171100837404,NA,NA,NA,NA,-0.757171100837404,-0.675090202274407,0.566520477190626,0.922104481870229,0.209186074180193,-0.281968694473438,NA,NA,-0.247115275579958,1.16899387023041
"Terminalia_catappa","TERCAT",27103.8708239496,4361.82910960913,8673.08771461248,11915.6413006634,11951.5373739898,7589.70826438069,41381,6460,13061,18065,18104,11644,0.290793353002204,0.291648843624325,0.753829509619473,0.99763085937656,0.199433856622732,0.174058655060384,0.0282729605871451,0.0952692810222168,0.290793353002204,0.291648843624325,0.367046618288978,0.611669284928086,0.354629102093461,0.351527127256468,2.81592498309975,10.0350009819972,4,5,6,7,"Terminalia_catappa",2473,NA,NA,2473,NA,NA,NA,NA,NA,3.3932241163613,NA,NA,NA,NA,1.49636994890571,NA,NA,NA,NA,1.49636994890571,2.21140729911155,-2.90289809738474,-0.640765608206448,2.90778808635211,2.58013544898571,NA,NA,4.27705213563609,-3.08506366291108
"Ternstroemia_stahlii","TERSTA",13630.9456075132,2591.95912863314,4657.85805150867,5572.70989816636,5749.42847248167,3157.46934384853,10359,2798,4777,4944,5266,2468,NA,NA,0.351990622300547,0.385961574448474,NA,NA,NA,NA,NA,NA,NA,NA,NA,NA,NA,NA,NA,NA,1,1,"Ternstroemia_stahlii",NA,NA,NA,NA,NA,NA,NA,NA,NA,NA,NA,NA,NA,NA,NA,NA,NA,NA,NA,-0.0547231163385523,-0.198080119717923,0.260178997231498,0.0265221466905481,-0.335909925315433,0.0151272376505452,NA,NA,-0.385191080194596,0.129255431587449
"Tetragastris_balsamifera","TETBAL",25933.3440279067,3953.16792938113,7963.91477200389,11173.2657619119,11197.4638976157,7244.29596823454,30921,3771,8240,12766,12617,8846,0.0687567889745246,4.48795153128202,4.47214832607886,0.864929564886243,0.0687567889745246,0.169405399489329,0.169637763522871,0.0310021386630984,0.0687567889745246,2.02726164048674,2.32541232324564,0.864929564886243,5.67406566187885,11.9519223876795,2.11194373849866,241.79735372424,1,7,6,3,"Tetragastris_balsamifera",NA,NA,1140,1140,0.551419671,169.7222222,604.2189239,127.196777,13,3.05690485133647,2.2297387094184,2.78119432308331,2.10447610699755,-0.770025076208785,1.18562169750361,-1.02710537573614,1.79243327746603,0.0420411124789576,-0.0147539246644238,1.18562169750361,-0.770025076208785,-1.02710537573614,1.79243327746603,0.0420411124789576,-0.0147539246644238,-1.77801012052535,-0.349726353856531,1.43328000116305,0.928868004492032
"Tetrazygia_crotonifolia","TETCRO",12211.0568765295,1709.33035704173,3819.93221945543,7368.51383689704,7147.40301262931,5438.07265558757,8583,1266,2271,5742,5534,4268,NA,NA,NA,NA,NA,NA,NA,NA,NA,NA,NA,NA,NA,NA,NA,NA,NA,NA,NA,NA,"Tetrazygia_crotonifolia",NA,NA,NA,NA,NA,NA,NA,NA,NA,NA,NA,NA,NA,NA,NA,NA,NA,NA,NA,-2.22181456639509,-0.453729584517951,0.0955037354756672,0.0122417514028701,0.253263717449139,-0.340229005882027,NA,NA,-0.4628104069687,0.679348074430947
"Tetrazygia_elaeagnoides","TETELA",26733.5715866382,3941.71737913648,8327.33604373736,11165.1601648773,11236.246575275,7294.52919613849,21188,2913,7020,7168,7344,4431,10.5180562118204,9.66994434655608,12.2453197666916,11.8210302829309,0.0569811018922092,0.056468466496443,NA,NA,3.78010327204461,3.34245605593965,3.76275256244857,3.63060064594411,11.8634285695038,1.11272541718413,9.57333138712847,0.385961574448474,8,8,12,7,"Tetrazygia_elaeagnoides",NA,NA,NA,NA,0.754444614,329.3518519,13.66108362,109.7905793,14,NA,2.51766010976232,1.13548514967649,2.04056507660267,0.308634734271521,NA,0.843818223185155,-0.82440994973776,-0.249683260914974,0.107631089765059,-1.96138409735646,0.308634734271521,0.843818223185155,-0.82440994973776,-0.249683260914974,0.107631089765059,NA,NA,-1.37950355220148,-0.195843780901366
"Tetrazygia_urbanii","TETURB",22192.0849016886,2612.39771278389,5986.28292777948,9680.04419757798,9435.0496559497,6822.65194316581,24026,3138,7765,13697,13096,9958,NA,NA,NA,NA,NA,NA,NA,NA,NA,NA,NA,NA,NA,NA,NA,NA,NA,NA,NA,NA,"Tetrazygia_urbanii",NA,NA,NA,NA,NA,NA,NA,NA,NA,NA,NA,NA,NA,NA,NA,NA,NA,NA,NA,-1.96138039489699,0.308621588449781,0.843793955055945,-0.82440202163187,-0.249653272030113,0.107622117096659,NA,NA,-1.37946679778817,-0.195836418165188
"Thespesia_grandiflora","THEGRA",26890.5499982983,4223.17642449588,8419.75945602357,11465.1401679739,11571.9130404815,7348.73661598563,26671,3809,7179,8355,9031,5222,0.937182611755759,2.45728007365958,1.45734753337032,0.855519384460793,NA,NA,NA,0.0310021386630984,0.227924407568837,0.699644437377236,1.10535691106977,0.855519384460793,0.354629102093461,30.2868141647273,0.773565787820483,3.11610480222301,6,10,10,9,"Thespesia_grandiflora",253.81,NA,NA,253.81,NA,NA,NA,NA,NA,2.4045087291033,NA,NA,NA,NA,0.582828532531331,NA,NA,NA,NA,0.582828532531331,0.545158174219469,-2.84024550697944,0.488501182823959,2.63339013625544,0.45381080570152,NA,NA,3.79260828531367,-1.09749836294711
"Thespesia_populnea","THEPOP",16233.7979469824,1664.74023455533,3485.75723096856,4722.61445729632,4988.82226468937,3324.08203013404,18859,1533,3199,4423,4820,3287,0.354629102093461,NA,NA,0.03326500369602,NA,NA,NA,NA,NA,NA,NA,0.03326500369602,NA,NA,NA,4.2455773446759,1,NA,NA,1,"Thespesia_populnea",125.6,NA,NA,125.6,NA,NA,NA,NA,NA,2.09898963940118,NA,NA,NA,NA,0.300538658688134,NA,NA,NA,NA,0.300538658688134,0.231317969723885,-2.35423571034506,0.477545182254577,2.16098733907371,0.294812997074647,NA,NA,3.10702202748155,-0.686708160364219
"Thouinia_portoricensis","THOPOR",5125.77937952534,716.707099318837,1300.16301963384,1157.59043628597,1357.7105730486,641.003473729766,5178,710,1273,878,1126,416,NA,NA,NA,NA,NA,NA,NA,NA,NA,NA,NA,NA,NA,NA,NA,NA,NA,NA,NA,NA,"Thouinia_portoricensis",NA,4,NA,4,1.038513863,397.6,27.10284074,73.53192808,7,0.602059991327962,2.59944637572528,1.43301481312714,1.8664759537526,1.81787826741524,-1.08257649106807,1.37526831642231,-0.351307838335364,-1.04431980431523,-0.749064011241318,-1.08257649106807,1.81787826741524,1.37526831642231,-0.351307838335364,-1.04431980431523,-0.749064011241318,2.59441944752383,-0.412702383718106,-2.30765944207503,-1.22988612624992
"Thouinia_striata","THOSTR",21407.5421774611,3536.88185918331,6788.46975249797,8458.37221146375,8787.28567453474,5250.40381535143,15377,3131,5014,4952,5586,2455,15.0300203954568,8.81300259752422,10.5153119354868,10.5193621088115,0.0569811018922092,0.0282342332482215,0.0282729605871451,0.0310021386630984,7.93743835358762,5.29773132495954,5.55265095424917,6.65974636432678,10.3683331003238,20.868371335473,3.48104603745293,68.4406569331377,18,16,15,15,"Thouinia_striata",9.3324,NA,NA,9.3324,0.926572126,192.1712963,114.1399747,137.1655334,22,0.969993345002749,2.28368851970372,2.05743777194825,2.13724499668651,1.22313827619527,-0.74261783220709,-0.676537571121544,0.641587514686793,0.191615978542997,1.08671120520092,-0.74261783220709,1.22313827619527,-0.676537571121544,0.641587514686793,0.191615978542997,1.08671120520092,-0.0928995991848069,0.00918002896471021,0.629780351903756,-0.737389393343378
"Thrinax_morrisii","THRMOR",21577.8593006991,3665.86027587578,6774.82931387797,8405.36865714937,8704.38390029967,5038.52362442389,5970,1004,1630,1433,1666,662,NA,NA,NA,NA,NA,NA,NA,NA,NA,NA,NA,NA,NA,NA,NA,NA,NA,NA,NA,NA,"Thrinax_morrisii",NA,NA,NA,NA,NA,NA,NA,NA,NA,NA,NA,NA,NA,NA,NA,NA,NA,NA,NA,0.255608148915952,-2.23483764685479,-0.691839506826147,1.76877025987191,0.600474932854723,0.391602005475344,NA,NA,1.59856645671872,2.36636429056112
"Tournefortia_filiflora","TOUFIL",24112.328500731,3372.46366688807,7170.92049580358,9992.34737186425,10142.3808369023,6769.91717001423,18332,1449,4571,7916,7928,6479,NA,NA,NA,NA,NA,NA,NA,NA,NA,NA,NA,NA,NA,NA,NA,NA,NA,NA,NA,NA,"Tournefortia_filiflora",NA,NA,NA,NA,NA,NA,NA,NA,NA,NA,NA,NA,NA,NA,NA,NA,NA,NA,NA,-0.165225655932462,-0.25745818875464,0.191677015695415,-0.00276874739357126,-0.00563228935812975,-0.278615261191352,NA,NA,-0.230428836370377,0.152347105031598
"Trema_lamarckianum","TRELAM",12086.200450127,2133.08246967429,4311.40141797205,6749.58028056659,6676.33278613072,4543.25031645643,7504,1100,2136,4431,4424,3324,NA,NA,NA,NA,NA,NA,NA,NA,NA,NA,NA,NA,NA,NA,NA,NA,NA,NA,NA,NA,"Trema_lamarckianum",3.76,NA,NA,3.76,NA,NA,NA,NA,NA,0.575187844927661,NA,NA,NA,NA,-1.10740549545085,NA,NA,NA,NA,-1.10740549545085,-1.56790620041524,1.51054546551937,0.523292182387464,-1.13722873474469,-0.387256469817643,NA,NA,-1.79274528277541,1.96779054014819
"Trema_micranthum","TREMIC",19690.2110153297,2450.01431907061,5339.61045138631,8266.89446573891,8140.73433222715,5690.72001315653,30111,3735,8158,12645,12450,8715,0.737748755133027,3.33048660189423,1.7223235470935,0.0310021386630984,NA,0.056468466496443,NA,NA,0.383119653039566,1.74994600069178,1.335540655763,0.0310021386630984,61.8795726385787,0.761198285238462,0.703981244601093,75.3027287558963,3,7,3,1,"Trema_micranthum",NA,NA,NA,NA,NA,NA,NA,NA,NA,NA,NA,NA,NA,NA,NA,NA,NA,NA,NA,-1.06135481082157,-1.51670862791839,1.43126141764742,0.525079463383945,-1.06016443224304,-0.361318741899392,NA,NA,-1.68090380537573,1.90077726117223
"Trichilia_hirta","TRIHIR",20879.5402289632,2624.64257911865,5872.44809728004,7175.07281545007,7485.76679917208,4861.12422005343,26289,2955,7222,8102,8626,5671,0.0687567889745246,3.46041968161979,2.19953972468904,1.99407501460149,0.0687567889745246,NA,NA,NA,0.0687567889745246,0.825297698647932,0.791577235486852,1.22215186570454,17.3768261066523,77.6950281723164,65.6708738647288,0.385961574448474,1,7,7,6,"Trichilia_hirta",51.4516,NA,NA,51.4516,NA,NA,NA,NA,NA,1.71139888464494,NA,NA,NA,NA,-0.0575828104796515,NA,NA,NA,NA,-0.0575828104796515,-0.607922510792504,-0.219608118989,1.23064155959385,0.390282472835141,-0.033651734528446,NA,NA,0.672373280468642,0.954172370929648
"Trichilia_pallida","TRIPAL",21145.844485498,3512.98490023706,7335.03744524531,9979.69827696588,9826.19613312371,6313.21123288665,12917,1934,4718,5805,5560,3626,11.5799459738961,7.79006526613874,6.36410416199698,3.14969687291399,0.256414958514942,NA,NA,NA,2.64060452959065,2.16563123003525,1.43623544978933,1.21988900067162,2.1277746267525,1.0545813864586,3.09426315128193,1.15788472334542,14,9,9,8,"Trichilia_pallida",43.0228,NA,50,50,0.697209801,207.9333333,99.1512521,180.7746615,9,1.69897000433602,2.31792411563184,1.99629820292546,2.25713755699159,0.00454947444482177,-0.0690666986315751,-0.454073439353131,0.544369446211034,0.738870213273568,-0.504293982382353,-0.0690666986315751,0.00454947444482177,-0.454073439353131,0.544369446211034,0.738870213273568,-0.504293982382353,-0.482639707793759,0.709738512552518,0.715209968853465,0.0355721230002141
"Trichilia_triacantha","TRITRI",16927.4264793238,3206.01779378019,6402.06138278544,8923.19372395705,8961.36156896036,5755.34377518017,1789,482,800,575,675,193,NA,NA,NA,NA,NA,NA,NA,NA,NA,NA,NA,NA,NA,NA,NA,NA,NA,NA,NA,NA,"Trichilia_triacantha",NA,NA,NA,NA,NA,NA,NA,NA,NA,NA,NA,NA,NA,NA,NA,NA,NA,NA,NA,-0.0358656188362843,-0.583778081615388,-0.256997940134075,1.23148442923267,0.426625477065457,-0.021419677339093,NA,NA,0.725116965343678,0.922569361465462
"Trophis_racemosa","TRORAC",15154.8681361079,2947.03769060515,5578.24683722074,6345.8280418854,6452.84639268846,3505.8087020833,17472,3034,6102,6325,6299,3265,NA,NA,NA,NA,NA,NA,NA,NA,NA,NA,NA,NA,NA,NA,NA,NA,NA,NA,NA,NA,"Trophis_racemosa",NA,NA,NA,NA,0.699880156,174.3194445,56.23637341,158.8361218,22.5,NA,2.24134583328358,1.75001730598743,2.20094927463069,0.0187369165179623,NA,-0.951681868039165,0.15275803177879,0.482396622368561,1.14790371241566,0.637589188931241,0.0187369165179623,-0.951681868039165,0.15275803177879,0.482396622368561,1.14790371241566,NA,NA,1.36328974761652,-0.358185288212023
"Turpinia_occidentalis","TUROCC",17097.2913049348,3365.31126278732,6755.86683572596,10044.760759728,9743.24302263558,6377.93175984826,14187,3027,5934,9629,9042,6015,0.211209543705048,0.413892287759321,0.384211142378829,0.354600715491612,0.0854716528383138,0.0282342332482215,NA,NA,0.211209543705048,0.413892287759321,0.384211142378829,0.354600715491612,3.33888971795261,4.97952383576207,10.242520367395,1.92980787739091,4,6,5,4,"Turpinia_occidentalis",40,NA,NA,40,0.508747642,216.9722222,205.5155703,125.7073321,27,1.60205999132796,2.3364041369939,2.31284473053914,2.09936060940994,-0.996739104710939,-0.158608453200363,-0.333989596910221,1.04771028568995,0.0186912256265165,1.69863627734833,-0.158608453200363,-0.996739104710939,-0.333989596910221,1.04771028568995,0.0186912256265165,1.69863627734833,-1.54701598713454,-0.938593901964219,0.915989446249723,1.24219986610091
"Urera_baccifera","UREBAC",21516.1567981304,3928.47002871521,7256.9267117139,10768.3092225746,10574.2519256065,6645.78189689131,13496,3693,5411,9020,8841,5148,4.96480742930846,1.40610850902587,1.86432991859258,3.6441273171739,NA,NA,NA,NA,NA,NA,NA,NA,NA,NA,NA,NA,5,3,2,3,"Urera_baccifera",NA,NA,120,120,0.371734872,164,149.4788,629.5152,4,2.07918124604762,2.2148438480477,2.17457960272142,2.799006220856,-1.72468004801455,0.282236336347941,-1.1238927198093,0.827854816002514,3.21225071505808,-1.11621905452976,0.282236336347941,-1.72468004801455,-1.1238927198093,0.827854816002514,3.21225071505808,-1.11621905452976,-2.77205887723178,2.31826479092918,2.87990683281249,1.30325475796889
"Vachellia_farnesiana","VACFAR",17701.1109506614,2190.82539723455,4827.70977652005,6714.48135733323,7016.23732471781,4825.41192748326,17076,1595,4264,6493,6960,5365,NA,NA,NA,NA,NA,NA,NA,NA,NA,NA,NA,NA,NA,NA,NA,NA,NA,NA,NA,NA,"Vachellia_farnesiana",66.6,NA,NA,66.6,0.862116102,128.7555555,31.64597825,150.4304933,5,1.8234742291703,2.10976597690501,1.50031852525975,2.17733587967054,0.880687138887699,0.0459712256947961,-1.80669249992443,-0.244288161890785,0.374612366569639,-0.993834040100283,0.0459712256947961,0.880687138887699,-1.80669249992443,-0.244288161890785,0.374612366569639,-0.993834040100283,0.277681232073989,1.80366166686,1.05588974201868,-1.46050197788999
"Varronia_bellonis","VARBEL",17157.0858349279,3345.75624510273,6617.26680051535,9129.28747097403,9136.65313561261,5790.89689050987,559,334,415,432,441,107,NA,NA,NA,NA,NA,NA,NA,NA,NA,NA,NA,NA,NA,NA,NA,NA,NA,NA,NA,NA,"Varronia_bellonis",NA,NA,NA,NA,NA,NA,NA,NA,NA,NA,NA,NA,NA,NA,NA,NA,NA,NA,NA,-0.0103521774666355,-0.492647940543441,0.215736652067573,0.366633956655863,0.0751615733096942,-0.230404185036124,NA,NA,-0.0458846142137195,0.508972759508712
"Varronia_polycephala","VARPOL",26890.6290207803,4288.05831629038,8527.34739005566,11827.9370184541,11856.9383046031,7568.87998831272,25028,3328,7072,11897,11357,8029,NA,NA,NA,NA,NA,NA,NA,NA,NA,NA,NA,NA,NA,NA,NA,NA,NA,NA,NA,NA,"Varronia_polycephala",NA,NA,NA,NA,NA,NA,NA,NA,NA,NA,NA,NA,NA,NA,NA,NA,NA,NA,NA,-0.0103521774666355,-0.492647940543441,0.215736652067573,0.366633956655863,0.0751615733096942,-0.230404185036124,NA,NA,-0.0458846142137195,0.508972759508712
"NA.34","VARRUP",2215.87347473705,662.929640198621,1062.72250226006,864.602949799664,973.772888836553,310.843248637932,1430,425,645,470,540,115,NA,NA,NA,NA,NA,NA,NA,NA,NA,NA,NA,NA,NA,NA,NA,NA,NA,NA,NA,NA,"Varronia_rupicola",NA,NA,NA,NA,NA,NA,NA,NA,NA,NA,NA,NA,NA,NA,NA,NA,NA,NA,NA,NA,NA,NA,NA,NA,NA,NA,NA,NA,NA
"Vitex_divaricata","VITDIV",20477.1026858971,2905.44193658698,6346.73449424515,9680.19444031268,9568.73513902491,6663.29320243793,20434,2626,6518,11316,10942,8316,0.113962203784418,0.436229827001132,0.436809504061982,0.478967990437769,NA,NA,NA,NA,0.113962203784418,0.0847026997446644,0.0848188817614354,0.0930064159892951,0.354629102093461,9.07623543352767,0.351990622300547,11.3065344760075,2,2,2,2,"Vitex_divaricata",NA,NA,NA,NA,0.651594803,179.6666667,114.0644933,133.3439053,29,NA,2.25446751054765,2.05715047558645,2.12497317034409,-0.237800378586486,NA,-0.866416737967372,0.641130684554997,0.135600751937783,1.94340630620729,-0.135767968803224,-0.237800378586486,-0.866416737967372,0.641130684554997,0.135600751937783,1.94340630620729,NA,NA,1.2374875791753,0.302162366655569
"NA.35","WALLAM",26509.0110667944,4351.49782121181,8581.00101268291,11667.9634292126,11725.3238453865,7373.82602417469,7543,2519,3999,3370,3791,1272,NA,NA,NA,NA,NA,NA,NA,NA,NA,NA,NA,NA,NA,NA,NA,NA,NA,NA,NA,NA,"Wallenia_lamarckiana",NA,NA,NA,NA,NA,NA,NA,NA,NA,NA,NA,NA,NA,NA,NA,NA,NA,NA,NA,NA,NA,NA,NA,NA,NA,NA,NA,NA,NA
"Xylosma_buxifolia","XYLBUX",20580.5097449254,3422.11120283231,6319.30952960066,7429.75325718522,7773.84909950383,4351.73789667152,18049,3350,5368,4469,5158,1808,NA,NA,NA,NA,NA,NA,NA,NA,NA,NA,NA,NA,NA,NA,NA,NA,NA,NA,NA,NA,"Xylosma_buxifolia",NA,NA,NA,NA,0.726887178,350.7777778,8.214176182,73.55598214,17,NA,2.54503207248041,0.91456401359553,1.86661799867801,0.162223666479308,NA,1.02168221987623,-1.17569679193411,-1.04367143475202,0.474786133053506,-1.41100435643326,0.162223666479308,1.02168221987623,-1.17569679193411,-1.04367143475202,0.474786133053506,NA,NA,-1.8293722357631,-0.305606513545822
"Xylosma_schaefferioides","XYLSCH",14737.1222461388,2854.86876741052,5678.69869492576,7963.85415866226,7940.84899229184,5085.98022488132,559,334,415,432,441,107,NA,NA,NA,NA,NA,NA,NA,NA,NA,NA,NA,NA,NA,NA,NA,NA,NA,NA,NA,NA,"Xylosma_schaefferioides",NA,NA,NA,NA,0.883987791,NA,44.61266667,81.49133333,8,NA,NA,1.64945818346248,1.91111142362223,0.996890160856405,NA,NA,-0.00714109436402574,-0.840579473445762,-0.626678996811836,-0.950371246119263,0.996890160856405,1.6142946191572,-0.00714109436402574,-0.840579473445762,-0.626678996811836,NA,NA,-2.11794954979309,-0.35690217968403
"Zanthoxylum_flavum","ZANFLA",17862.5967793092,3408.67520980537,6040.02852825448,6777.68250707537,7141.15492228046,3732.47971247509,7543,2519,3999,3370,3791,1272,NA,0.703054254512936,1.05597186690164,NA,NA,NA,NA,NA,NA,NA,0.703981244601093,NA,NA,NA,184.216672379744,NA,NA,1,1,NA,"Zanthoxylum_flavum",25.15,23.5,NA,23.5,0.86361287,331.1367521,145.9757947,71.42103239,9,1.37106786227174,2.52000738476429,2.16428084825205,1.85382612362265,0.888639380929274,-0.372037797447327,0.859070900440442,0.811478759821206,-1.102060443848,-0.504293982382353,-0.372037797447327,0.888639380929274,0.859070900440442,0.811478759821206,-1.102060443848,-0.504293982382353,1.15771612511809,-0.890615955281419,-1.41925687603543,-0.148079738938277
"Zanthoxylum_martinicense","ZANMAR",25215.6362443566,4079.25787828863,8401.0016272366,11188.634036243,11225.2741478607,7146.01626957208,19377,3130,7471,8990,9008,5878,4.63282225622305,4.89403675747894,5.5607298956428,4.46266014481404,0.484339366083778,0.367045032226879,0.20068783323434,0.593566364664712,2.78606285378687,3.42978421772755,4.43517349068126,3.2195388478998,5.31943655978538,2.46068990017367,1.40796249389757,3.47365419063042,27,31,34,34,"Zanthoxylum_martinicense",15.3504,NA,12.28,12.28,0.566025108,212.1111111,370.8468058,242.3988413,33,1.08919836680515,2.32656341893159,2.56919454267259,2.3845305395115,-0.692427231955716,-0.63247620210835,-0.397934936267097,1.45533228872447,1.32036041568129,2.43294636392522,-0.63247620210835,-0.692427231955716,-0.397934936267097,1.45533228872447,1.32036041568129,2.43294636392522,-2.39369759600598,-0.625801102168183,1.86756848098896,1.32754340596513
"Zanthoxylum_monophyllum","ZANMON",13612.9530302704,1416.77079175504,4184.40986295135,5682.97219045934,5938.76140501919,4521.99061326415,13523,1033,4083,5763,5989,4956,2.8940139186399,2.51715835729172,2.9572897813401,2.11582070422096,0.0569811018922092,NA,NA,NA,1.12086840817259,1.11104984826585,2.253308536739,1.34389755532401,2.48240372884596,6.32748831875162,6.68782186596882,0.828747536803702,3,4,6,5,"Zanthoxylum_monophyllum",NA,NA,NA,NA,0.793975622,207.9333333,22.0499657,141.8967295,6,NA,2.31792411563184,1.34340791823414,2.15197238575718,0.518660699393331,NA,-0.454073439353131,-0.493791820195967,0.258839716320714,-0.8714490256708,-0.966674521794949,0.518660699393331,-0.454073439353131,-0.493791820195967,0.258839716320714,-0.8714490256708,NA,NA,-0.145973663908162,-0.758123627526602
"Zanthoxylum_punctatum","ZANPUN",9143.84751841513,1493.61563683505,3168.23942271661,4740.9046124217,4753.04871588683,3259.43307905179,4333,565,1209,1515,1743,1178,NA,NA,NA,NA,NA,NA,NA,NA,NA,NA,NA,NA,NA,NA,NA,NA,NA,NA,NA,NA,"Zanthoxylum_punctatum",NA,NA,NA,NA,NA,NA,NA,NA,NA,NA,NA,NA,NA,NA,NA,NA,NA,NA,NA,-0.55734017608049,0.325250885167872,-0.147144116760126,0.582900010248074,0.270507512082879,0.373569062027951,NA,NA,0.286162136183351,0.0117806364645907
"Zapoteca_portoricensis","ZAPPOR",23886.1422244105,3640.26212121174,7306.90824911185,9704.4329477828,9920.67702784017,6280.41490662843,7897,874,1945,1447,1928,1054,NA,NA,NA,NA,NA,NA,NA,NA,NA,NA,NA,NA,NA,NA,NA,NA,NA,NA,NA,NA,"Zapoteca_portoricensis",NA,NA,NA,NA,NA,NA,NA,NA,NA,NA,NA,NA,NA,NA,NA,NA,NA,NA,NA,0.156592522522582,-0.544134235183236,-0.55526535170375,0.761934024599375,-0.554810630854156,-0.645570109922458,NA,NA,0.123580943181452,0.500027976300293
"Ziziphus_reticulata","ZIZRET",8244.87385043362,1041.19320253073,2123.15449978504,2297.35989791993,2574.09530179389,1532.90209926316,4552,562,940,547,763,201,NA,NA,NA,NA,NA,NA,NA,NA,NA,NA,NA,NA,NA,NA,NA,NA,NA,NA,NA,NA,"Ziziphus_reticulata",211.9696,NA,NA,211.9696,0.953860843,414.5,14.27027782,70.88891112,NA,2.32627358027338,2.61752453488629,1.15443242823157,1.85057830547874,1.36812165544178,0.510541755574664,1.49274084385167,-0.79428186978172,-1.11688523554787,NA,0.510541755574664,1.36812165544178,1.49274084385167,-0.79428186978172,-1.11688523554787,0.465774082379087,NA,NA,-1.82304910299136,-1.31221068253787
