"","sp","total_hab_raw","fcover_51_raw","fcover_00_raw","tot_change_raw","total_hab","fcover_51","fcover_00","tot_change","species","seedmass","ss.guanica","ss.swenson","ss","WD","THK","LA.wp","SLA.wp","MAXHT","ss.log","thk.log","la.log","sla.log","wd.z","ss.log.z","thk.log.z","la.log.z","sla.log.z","maxht.z","ss.log.z_pi","wd.z_pi","thk.log.z_pi","la.log.z_pi","sla.log.z_pi","maxht.z_pi","pca1","pca2","pca1_pi","pca2_pi"
"Acnistus_arborescens","ACNARB",23208.0878070565,2575.0804040581,9775.00858571567,7199.92818165757,36157,3913,15001,11088,"Acnistus_arborescens",NA,NA,NA,NA,NA,NA,NA,NA,NA,NA,NA,NA,NA,NA,NA,NA,NA,NA,NA,-1.08414367785811,-1.14691595345796,2.6805751627561,0.137261474885305,-1.48338004974523,-1.35942823325585,NA,NA,-3.22437912218601,1.57880497343058
"Adenanthera_pavonina","ADEPAV",15369.6289478161,2765.64882960613,6226.01144289365,3460.36261328752,11198,2383,3905,1522,"Adenanthera_pavonina",234,NA,NA,234,0.60277991,152.4444444,1233.654518,150.8393019,6.5,2.36921585741014,2.18311160180479,3.09119355359225,2.17851451377814,-0.499126247395113,0.546424759718368,-1.32926458819922,2.17298051946664,0.370866090590057,-0.808058043932894,0.546424759718368,-0.499126247395113,-1.32926458819922,2.17298051946664,0.370866090590057,-0.808058043932894,-1.72281896325415,0.410086486405826,1.49479087797032,0.97699004186971
"Adelia_ricinella","ADERIC",16498.1249974613,1930.4656107051,5561.33126886594,3630.86565816084,18183,1730,4643,2913,"Adelia_ricinella",NA,NA,NA,NA,0.817326947,136.6666667,23.93057147,138.3520253,4,NA,2.135662602106,1.37895306983384,2.14098552104962,0.643338991086682,NA,-1.63821504645419,-0.437780043391061,0.199624603732434,-1.11215308703043,-0.460752861422876,0.643338991086682,-1.63821504645419,-0.437780043391061,0.199624603732434,-1.11215308703043,NA,NA,0.702692019382308,-1.23242951831923
"Aiphanes_acanthophylla","AIPMIN",25312.0716615897,3853.97564497963,10696.2924508248,6842.31680584513,39906,6002,16614,10612,"Aiphanes_acanthophylla",NA,NA,NA,NA,NA,192.1111111,45.22604067,174.0977514,8,NA,2.28355248380948,1.65538856894343,2.24079316192217,NA,NA,-0.675272792379095,-0.0162814828237727,0.65503807422986,-0.625601018074375,-0.170774231508598,-1.60467475768684,-0.675272792379095,-0.0162814828237727,0.65503807422986,-0.625601018074375,NA,NA,0.792587030701612,0.986596558176627
"Albizia_lebbeck","ALBLEB",18095.7847298993,2002.28711956437,6819.8059877773,4817.51886821294,11136,519,3682,3163,"Albizia_lebbeck",123,NA,NA,123,NA,NA,NA,NA,NA,2.0899051114394,NA,NA,NA,NA,0.287556897119118,NA,NA,NA,NA,0.287556897119118,-0.391388115007665,-0.786014489192088,0.727007164333104,-0.344190433425272,-0.560997853060671,NA,NA,0.400045759260772,0.3026873244669
"Albizia_procera","ALBPRO",21779.7266468466,2335.88255340559,8215.93268968863,5880.05013628304,17004,1141,5121,3980,"Albizia_procera",36,NA,NA,36,NA,NA,NA,NA,NA,1.55630250076729,NA,NA,NA,NA,-0.206991090363388,NA,NA,NA,NA,-0.206991090363388,-0.933591479795947,0.0657215691758929,0.727124263712248,-1.18277503474601,-0.822784528051559,NA,NA,-0.819360874772601,0.988509136823908
"Alchornea_latifolia","ALCLAT",16515.0947821327,2852.26542023383,8553.89122007787,5701.62579984404,17190,2783,9689,6906,"Alchornea_latifolia",34,NA,21.8636,21.8636,0.430138969,179.302682,179.2952453,163.8239611,27,1.33972167323172,2.25358678576458,2.25356877273367,2.21437742253101,-1.41844108198445,-0.407720266425885,-0.87038578109693,0.895801428631374,0.534505383078056,1.68552130946687,-0.407720266425885,-1.41844108198445,-0.87038578109693,0.895801428631374,0.534505383078056,1.68552130946687,-2.05743924685668,-0.333010406550289,1.4955528220551,1.47918908436104
"Allophylus_crassinervis","ALLCRA",23046.4752202332,3716.12679517269,10692.506432116,6976.37963694334,21840,3915,12058,8143,"Allophylus_crassinervis",NA,NA,NA,NA,0.881489862,207.25,16.15970792,118.3069046,8,NA,2.31649453922231,1.20843350681736,2.07301009156094,0.985007191273302,NA,-0.460780112232793,-0.697781926620653,-0.110541291196641,-0.625601018074375,-1.08921309142737,0.985007191273302,-0.460780112232793,-0.697781926620653,-0.110541291196641,-0.625601018074375,NA,NA,-0.410552452295016,-1.22017556014424
"Allophylus_racemosus","ALLRAC",25928.9766412079,4311.01733610034,11442.1991110593,7131.18177495897,7935,2598,3863,1265,"Allophylus_racemosus",18.55,NA,NA,18.55,0.686336981,204.2888889,235.0207448,242.4582029,8,1.26834391395106,2.31024474636498,2.37110619824849,2.38463688184788,-0.0541839616302661,-0.473873854315563,-0.501473833481437,1.07501812050655,1.31138429309586,-0.625601018074375,-0.473873854315563,-0.0541839616302661,-0.501473833481437,1.07501812050655,1.31138429309586,-0.625601018074375,-0.997947107110485,0.998197712504892,1.05791559035876,0.449462835920338
"NA","ALSBRY",7721.89889941993,1357.86107892334,4458.71411817125,3100.85303924792,2308,1041,1703,662,"Alsophila_bryophila",NA,NA,NA,NA,NA,NA,NA,NA,NA,NA,NA,NA,NA,NA,NA,NA,NA,NA,NA,NA,NA,NA,NA,NA,NA,NA,NA,NA,NA
"NA.1","ALSPOR",18062.4011813451,2687.45718622138,8907.73385173944,6220.27666551806,16425,2088,9666,7578,"Alsophila_portoricensis",NA,NA,NA,NA,NA,NA,NA,NA,NA,NA,NA,NA,NA,NA,NA,NA,NA,NA,NA,NA,NA,NA,NA,NA,NA,NA,NA,NA,NA
"Amyris_elemifera","AMYELE",14281.2539627161,2719.40464473702,6031.10212249681,3311.69747775979,9005,2855,4361,1506,"Amyris_elemifera",63.1696,8.2,NA,8.2,0.911156945,225.6262626,27.46144804,74.89156875,8,0.913813852383717,2.35338964955967,1.43872343381847,1.87443292782689,1.14298472164886,-0.802455695827428,-0.220548256588773,-0.346644416942019,-1.01663139118354,-0.625601018074375,-0.802455695827428,1.14298472164886,-0.220548256588773,-0.346644416942019,-1.01663139118354,-0.625601018074375,1.644419392026,0.41712696337102,-1.0134625399929,-1.16806373833645
"Anadenanthera_peregrina","ANAPER",23233.9283588724,2758.96074634418,9916.04881385993,7157.08806751575,36716,4267,15448,11181,"Anadenanthera_peregrina",NA,NA,NA,NA,NA,NA,NA,NA,NA,NA,NA,NA,NA,NA,NA,NA,NA,NA,NA,0.205392299440251,0.381290343210667,-1.46093209132835,0.19255705565809,0.167830791066517,-0.762561999607533,NA,NA,0.936789903505903,-0.742741499750554
"Andira_inermis","ANDINE",28215.6413019747,3942.96304796636,12300.0861826539,8357.12313468754,25321,3084,11455,8371,"Andira_inermis",792,NA,13520,13520,0.738835596,161.9027778,385.2892141,189.8808778,28,4.13097669160562,2.20925430009904,2.58578685141524,2.27848123075021,0.225371717835673,2.17924149927562,-1.15904395827446,1.40235519039407,0.827005411312261,1.80715932670589,2.17924149927562,0.225371717835673,-1.15904395827446,1.40235519039407,0.827005411312261,1.80715932670589,-2.23851098173438,-1.04554538775358,2.41829220483524,-0.0647616077705614
"Annona_glabra","ANNGLA",27556.4920773432,4023.28728377074,11458.220439069,7434.93315529823,28562,3806,9283,5477,"Annona_glabra",NA,NA,NA,NA,NA,NA,NA,NA,NA,NA,NA,NA,NA,NA,NA,NA,NA,NA,NA,0.18892770422346,-0.687345576374224,0.0473995925215702,-0.0482169533194531,0.0991003716236631,0.220054168445427,NA,NA,0.137153993052026,0.402204479925539
"Annona_montana","ANNMON",21405.031229848,2935.49400096759,9668.63581104949,6733.1418100819,11042,1069,4768,3699,"Annona_montana",NA,NA,NA,NA,NA,NA,NA,NA,NA,NA,NA,NA,NA,NA,NA,NA,NA,NA,NA,0.18892770422346,-0.687345576374224,0.0473995925215702,-0.0482169533194531,0.0991003716236631,0.220054168445427,NA,NA,0.137153993052026,0.402204479925539
"NA.2","ARDELL",19255.9408798255,3401.04056136496,10012.0045293625,6610.96396799758,29094,5163,15237,10074,"Ardisia_elliptica",NA,NA,NA,NA,NA,NA,NA,NA,NA,NA,NA,NA,NA,NA,NA,NA,NA,NA,NA,NA,NA,NA,NA,NA,NA,NA,NA,NA,NA
"Ardisia_glauciflora","ARDGLA",5011.36789099107,811.531582268343,2565.69218403565,1754.16060176731,5538,973,2773,1800,"Ardisia_glauciflora",NA,NA,160,160,0.5485072,541.037037,230.847,59.0405,7,2.20411998265592,2.73322699600151,2.36332423499757,1.77115002676758,-0.788129001477442,0.393412328803682,2.25265292764073,1.06315247257343,-1.48790216768179,-0.747239035313388,0.393412328803682,-0.788129001477442,2.25265292764073,1.06315247257343,-1.48790216768179,-0.747239035313388,0.787139168204594,-2.07992868068787,-2.31613445156351,1.46582190104603
"Ardisia_obovata","ARDOBO",19189.6007692255,3323.60853717104,7362.99701456726,4039.38847739622,15233,3040,4749,1709,"Ardisia_obovata",NA,NA,NA,NA,0.805142717,395.9377778,50.95726004,71.55747892,12,NA,2.59762694127568,1.70720606804198,1.85465503130255,0.578457837623504,NA,1.36973233262533,0.062727911239529,-1.10687619024448,-0.139048949118323,0.849278948258641,0.578457837623504,1.36973233262533,0.062727911239529,-1.10687619024448,-0.139048949118323,NA,NA,-1.5506516395687,-0.387599762241639
"Artocarpus_altilis","ARTALT",22164.5485858191,3575.66082618572,11528.1060167197,7952.445190534,13652,948,6870,5922,"Artocarpus_altilis",5898,NA,NA,5898,0.44683506,288,713.6953333,196.8713333,16,3.77070476821578,2.45939248775923,2.85351285700818,2.29418248253733,-1.32953422103335,1.8453380454779,0.469658610699868,1.8105738394002,0.898648839661143,0.347503119837729,1.8453380454779,-1.32953422103335,0.469658610699868,1.8105738394002,0.898648839661143,0.347503119837729,-2.23926598241502,-1.29170125519411,1.14761304657996,1.72688677162302
"Avicennia_germinans","AVIGER",19753.0815464049,1903.60065636085,6606.26747346623,4702.66681710538,22265,1503,5868,4365,"Avicennia_germinans",10120,NA,NA,10120,NA,NA,NA,NA,NA,4.00518051250378,NA,NA,NA,NA,2.06265240101494,NA,NA,NA,NA,2.06265240101494,2.43078807994306,-3.74876260657396,-0.000571046465502142,4.06655190485212,1.42058069469316,NA,NA,5.58605690292826,-3.1176932328134
"Badiera_penaea","BADPEN",6496.47882886887,1244.09460780211,2662.86398697166,1418.76937916955,2748,681,1723,1042,"Badiera_penaea",NA,NA,NA,NA,0.961802083,505.5111111,2.396346125,44.33559746,8,NA,2.70373070579524,0.379549547156758,1.64675256532885,1.41267061650983,NA,2.06059635249908,-1.96163333861225,-2.05551682262821,-0.625601018074375,-0.337361273967095,1.41267061650983,2.06059635249908,-1.96163333861225,-2.05551682262821,-0.625601018074375,NA,NA,-3.45029208845677,-1.79832670044837
"Bixa_orellana","BIXORE",27819.7337546162,4156.54889323935,12062.9772597179,7906.42836647853,44155,6519,18882,12363,"Bixa_orellana",25,NA,NA,25,NA,NA,NA,NA,NA,1.39794000867204,NA,NA,NA,NA,-0.353762958026803,NA,NA,NA,NA,-0.353762958026803,-0.488518470872865,-0.286252946136382,0.164319473303811,0.237482992219848,-0.272393749442357,NA,NA,0.235483565409972,0.343518307880778
"Bocconia_frutescens","BOCFRU",28092.6860997267,4020.75463375822,12124.2955036499,8103.54086989164,36157,3913,15001,11088,"Bocconia_frutescens",17.9147,NA,NA,17.9147,NA,NA,NA,NA,NA,1.25320953985711,NA,NA,NA,NA,-0.487900536532398,NA,NA,NA,NA,-0.487900536532398,-1.15075138327204,0.785000432583739,0.450216238438767,-0.697704808252122,-0.164784273942301,NA,NA,-0.961469879076748,1.28827468746098
"Bonellia_umbellata","BONUMB",9295.11119002337,1899.88371885568,4863.27768626809,2963.39396741241,4234,995,1594,599,"Bonellia_umbellata",NA,NA,NA,NA,NA,NA,NA,NA,NA,NA,NA,NA,NA,NA,NA,NA,NA,NA,NA,-0.161657309638896,-0.233567964434985,0.782999033741642,-0.0202882176616294,-0.691285242596865,-0.100792655570378,NA,NA,-1.04623770968191,0.2597582166919
"Bourreria_succulenta","BOUSUC",17310.5067304555,2178.84262358933,5639.90510768518,3461.06248409586,21085,2530,5492,2962,"Bourreria_succulenta",16.4756,31.5,NA,31.5,0.749497768,281.025641,23.06091297,114.0318324,10,1.4983105537896,2.44874594708223,1.36287649680016,2.0570261031425,0.282147896369959,-0.260738579776686,0.400336735805323,-0.462293003609185,-0.183474821880209,-0.382324983596349,-0.260738579776686,0.282147896369959,0.400336735805323,-0.462293003609185,-0.183474821880209,-0.382324983596349,0.875177791889598,0.14453473542187,-0.694172634963859,-0.466659388577368
"Bourreria_virgata","BOUVIR",12658.6417657835,2299.54082817864,4420.35795469582,2120.81712651718,13947,2993,4637,1644,"Bourreria_virgata",21.0532,NA,NA,21.0532,0.804041863,290.5555556,10.83866897,80.43109454,15,1.32331811616785,2.4632291838304,1.03497595245359,1.90542397880385,0.572595778444176,-0.422923239520928,0.494640149128437,-0.962263549709397,-0.875221956430942,0.225865102598716,-0.422923239520928,0.572595778444176,0.494640149128437,-0.962263549709397,-0.875221956430942,0.225865102598716,1.49617636787978,-0.296618930364091,-1.19750573560831,-0.880560560073081
"Brunfelsia_americana","BRUAME",27863.7723976374,4326.98747777939,12205.6786891744,7878.69121139497,44715,6871,19329,12458,"Brunfelsia_americana",NA,NA,NA,NA,NA,NA,NA,NA,NA,NA,NA,NA,NA,NA,NA,NA,NA,NA,NA,-0.474794920970523,-0.507529335210771,1.21674324391262,0.0806762360957746,-0.341784846957859,-0.74450913438142,NA,NA,-1.30866088765428,0.650086329888556
"NA.3","BRUDEN",14543.4271634584,1972.92314758245,7827.43410103582,5854.51095345337,21635,2909,11796,8887,"Brunfelsia_densifolia",NA,NA,NA,NA,NA,NA,NA,NA,NA,NA,NA,NA,NA,NA,NA,NA,NA,NA,NA,NA,NA,NA,NA,NA,NA,NA,NA,NA,NA
"Brunfelsia_lactea","BRULAC",8243.07013250468,1249.39672201639,4433.01102922857,3183.61430721218,643,499,574,75,"Brunfelsia_lactea",NA,NA,NA,NA,NA,NA,NA,NA,NA,NA,NA,NA,NA,NA,NA,NA,NA,NA,NA,-0.595718766943503,-0.621443164871308,1.69463161625275,0.117429490956706,-0.617331522196837,-0.998751279688586,NA,NA,-1.87571366456314,0.872236844383095
"Bucida_buceras","BUCBUC",22892.1030202294,3030.24133978877,8927.62186098192,5897.38052119315,35016,4454,13281,8827,"Bucida_buceras",38,2.9,NA,2.9,0.935231475,247.9583333,10.99841035,91.6496375,25,0.462397997898956,2.39437870849481,1.04132991914801,1.96213075154525,1.27118184822017,-1.22083221402313,0.0463401630162814,-0.952575257777947,-0.616473949273339,1.44224527498885,-1.22083221402313,1.27118184822017,0.0463401630162814,-0.952575257777947,-0.616473949273339,1.44224527498885,1.35317135954705,-0.249267516418453,-0.691021439091364,-1.30254617122341
"Buchenavia_tetraphylla","BUCTET",19527.2414073572,3314.33738747239,9861.89889587089,6547.5615083985,18065,3185,10809,7624,"Buchenavia_tetraphylla",586.04,NA,932,932,0.668729366,195.3111111,22.89388163,241.1821938,30,2.96941591235398,2.29072695067217,1.3597194330228,2.38234524119672,-0.147944697510625,1.10269589355988,-0.628558323390646,-0.467106776956179,1.30092773873835,2.05043536118391,1.10269589355988,-0.147944697510625,-0.628558323390646,-0.467106776956179,1.30092773873835,2.05043536118391,-1.41220695756871,-0.292475292655282,1.83912562979403,-0.421198767651776
"Bunchosia_glandulosa","BUNGLA",18037.778014441,2305.3134466717,6661.28824662138,4355.97479994968,14916,1497,4793,3296,"Bunchosia_glandulosa",NA,NA,NA,NA,NA,NA,NA,NA,NA,NA,NA,NA,NA,NA,NA,NA,NA,NA,NA,-0.167904934764112,-0.55238608288795,0.77725046526208,0.0717575166582324,-0.031857657389949,-0.387766075864141,NA,NA,-0.660617862446286,0.551931281094501
"Bursera_simaruba","BURSIM",21665.3304652836,2914.81822985865,7574.88222707144,4660.0639972128,17943,2500,4000,1500,"Bursera_simaruba",117,62.4,NA,62.4,0.408846119,207.8647343,100.3336848,136.2139871,21,1.79518458968242,2.3177808144972,2.00144676220076,2.13422170528937,-1.53182573317032,0.0144071073886689,-0.452404902256994,0.511375170537719,0.168761908429233,0.955693206032795,0.0144071073886689,-1.53182573317032,-0.452404902256994,0.511375170537719,0.168761908429233,0.955693206032795,-1.45935839412216,-0.382943900586283,0.846372584128973,1.33133041153228
"Buxus_portoricensis","BUXPOR",15950.8982354533,3315.14255573414,8329.01162360795,5013.86906787381,12763,3470,6582,3112,"Buxus_portoricensis",NA,NA,NA,NA,NA,NA,NA,NA,NA,NA,NA,NA,NA,NA,NA,NA,NA,NA,NA,-0.0381770848430206,-0.608372513988123,0.00207795835621607,0.421856073150214,0.0643066104064425,0.0681841986637559,NA,NA,0.141526021663849,0.608277419198382
"Buxus_vahlii","BUXVAH",25686.2708721757,3861.29063168913,10772.7720492743,6911.48141758516,40620,6022,16742,10720,"Buxus_vahlii",NA,NA,NA,NA,NA,NA,NA,NA,NA,NA,NA,NA,NA,NA,NA,NA,NA,NA,NA,-0.0381770848430206,-0.608372513988123,0.00207795835621607,0.421856073150214,0.0643066104064425,0.0681841986637559,NA,NA,0.141526021663849,0.608277419198382
"Byrsonima_crassifolia","BYRCRA",8740.28178132392,787.10693106096,3562.17344753887,2775.06651647791,6788,600,2875,2275,"Byrsonima_crassifolia",2.02,NA,NA,2.02,NA,NA,NA,NA,NA,0.305351369446624,NA,NA,NA,NA,-1.3663845267155,NA,NA,NA,NA,-1.3663845267155,-1.95940979819629,2.29230082158607,-0.382301863658555,-2.3068905271329,0.320302121585449,NA,NA,-3.14606334232106,2.00432764663735
"Byrsonima_lucida","BYRLUC",18003.7375696786,2619.94701227173,7838.91455307789,5218.96754080616,13359,1601,4970,3369,"Byrsonima_lucida",459.1228,NA,NA,459.1228,NA,NA,NA,NA,NA,2.66192886032934,NA,NA,NA,NA,0.817713961848232,NA,NA,NA,NA,0.817713961848232,0.63930791344759,-1.55912900984209,-0.352275070584136,1.3348373917017,1.38121795351353,NA,NA,2.22728790172063,-1.19859641253783
"Byrsonima_spicata","BYRSPI",22169.6034656614,2505.24599864753,9055.34685538197,6550.10085673444,11304,900,3241,2341,"Byrsonima_spicata",108,NA,289.2,289.2,0.676861271,164.2777778,20.99652813,218.7030325,28,2.46119828862249,2.21557881948156,1.32214748813211,2.33985480493469,-0.104642217480866,0.631674954020301,-1.11786367683803,-0.524395080159445,1.10704762222752,1.80715932670589,0.631674954020301,-0.104642217480866,-1.11786367683803,-0.524395080159445,1.10704762222752,1.80715932670589,-1.26028858752551,0.194353510046499,1.88155409279425,-0.538894679378306
"Byrsonima_wadsworthii","BYRWAD",6728.20038495248,1460.9942894975,4099.70942203654,2638.71513253904,5045,1515,3221,1706,"Byrsonima_wadsworthii",NA,NA,NA,NA,0.587397089,286.2777778,27.7614592,87.52933138,19,NA,2.45678763739148,1.44344228980345,1.94215361098679,-0.581039931722936,NA,0.45269787981174,-0.339449280964186,-0.707627881305064,0.712417171554768,-0.371853612684318,-0.581039931722936,0.45269787981174,-0.339449280964186,-0.707627881305064,0.712417171554768,NA,NA,-0.710747455655908,0.379552908515553
"Calophyllum_antillanum","CALANT",21112.4757743031,3280.32751426846,7866.75216917694,4586.42465490848,22765,3371,7405,4034,"Calophyllum_antillanum",1000,NA,NA,1000,0.669935491,283.9444444,73.44218385,133.6142177,35,3,2.45323337578395,1.86594558240755,2.12585267326022,-0.141522069144222,1.1310415176101,0.429555331826018,0.304768014720284,0.130574752738755,2.65862544737898,1.1310415176101,-0.141522069144222,0.429555331826018,0.304768014720284,0.130574752738755,2.65862544737898,-1.06992915088951,-1.99393383381888,0.687889023278689,0.25265125159603
"Calyptranthes_krugii","CALKRU",3796.65253333232,915.491087952163,2082.57998302317,1167.08889507101,3692,1452,2468,1016,"Calyptranthes_krugii",NA,NA,NA,NA,0.7178933,352.8333333,6.710427652,57.01176511,7,NA,2.54756960759474,0.826750198408263,1.75596448716561,0.113853770403025,NA,1.04379846093315,-1.27975842965732,-1.55719244677316,-0.747239035313388,-1.02202811230543,0.113853770403025,1.04379846093315,-1.27975842965732,-1.55719244677316,-0.747239035313388,NA,NA,-2.37028180559167,-0.529753125128621
"Calyptranthes_pallens","CALPAL",16199.6641684915,2879.4528021547,5607.85682948725,2728.40402733255,10719,1144,1851,707,"Calyptranthes_pallens",NA,NA,NA,NA,NA,NA,NA,NA,NA,NA,NA,NA,NA,NA,NA,NA,NA,NA,NA,-0.713354875561416,0.181464566040921,0.580724632151816,-1.04592552829972,-0.855655738487861,-0.755814972655886,NA,NA,-1.51776904932317,-0.612049486704895
"NA.4","CANWIN",23832.819322953,3342.78651779704,9819.89631744288,6477.10979964584,11934,1145,3611,2466,"Canella_winteriana",NA,NA,NA,NA,0.928565167,308.4222222,23.04160417,98.31495525,7,NA,2.48914566195721,1.36251271164036,1.99261958587416,1.23568368769785,NA,0.663387811765401,-0.462847689681364,-0.477356084831668,-0.747239035313388,NA,NA,NA,NA,NA,NA,NA,NA,NA,NA
"Capparidastrum_frondosum","CAPFRO",4941.40965066893,514.617995364956,1645.73434535408,1131.11634998912,4034,347,553,206,"Capparidastrum_frondosum",NA,NA,NA,NA,NA,NA,NA,NA,NA,NA,NA,NA,NA,NA,NA,NA,NA,NA,NA,0.0767827045510493,0.527598083598804,1.21259415228919,-0.308818624170579,-1.87456545317359,-0.900754945964199,NA,NA,-2.32670102044313,-0.511681349126429
"Casearia_aculeata","CASACU",26751.2441994939,3753.38320910372,10772.4639284052,7019.08071930148,26696,3291,8149,4858,"Casearia_aculeata",23,NA,NA,23,NA,NA,NA,NA,NA,1.36172783601759,NA,NA,NA,NA,-0.387324744926735,NA,NA,NA,NA,-0.387324744926735,1.15245050565194,-2.49978458969179,-0.105247871776388,1.95942589896741,0.724537345289459,NA,NA,2.82997688592096,-1.51661400925625
"Casearia_arborea","CASARB",17610.1428207885,2599.36222593952,8753.99096393352,6154.628737994,14566,2324,8056,5732,"Casearia_arborea",1.65,NA,0.625,0.625,0.664983974,181.6919192,19.02270949,177.3661477,28,-0.204119982655925,2.25933561236643,1.27927237552197,2.24887073347763,-0.16788894947663,-1.8385674336637,-0.832953956941626,-0.589769456126161,0.691895321461673,1.80715932670589,-1.8385674336637,-0.16788894947663,-0.832953956941626,-0.589769456126161,0.691895321461673,1.80715932670589,-0.495639209972988,0.67621038553977,0.869878054650753,-0.0238660218328204
"Casearia_decandra","CASDEC",27703.8507110626,4107.62728203833,11764.4027615488,7656.77547951043,23587,3206,8125,4919,"Casearia_decandra",88.1,NA,NA,88.1,0.77967418,122.9,14.42690396,258.3533886,10,1.94497590841205,2.08955188288645,1.15917314070171,2.41221416218758,0.442837609051028,0.153235129850512,-1.9384516778643,-0.77289229948393,1.43721699324377,-0.382324983596349,0.153235129850512,0.442837609051028,-1.9384516778643,-0.77289229948393,1.43721699324377,-0.382324983596349,-0.524161209007045,2.1754051673647,1.92967528499506,-1.36023627161476
"Castilla_elastica","CASELA",28027.5036857016,4141.87852500007,12066.5940815955,7924.71555659547,44850,6538,19003,12465,"Castilla_elastica",568.18,NA,NA,568.18,0.291154684,191,416.1735704,264.0514617,2,2.75448594244128,2.28103336724773,2.61927449636119,2.42168857593922,-2.15853386782771,0.903496748083217,-0.691675292349409,1.45341590505254,1.48044790833041,-1.35542912150845,0.903496748083217,-2.15853386782771,-0.691675292349409,1.45341590505254,1.48044790833041,-1.35542912150845,-2.44787169766826,0.878781879604984,1.70862777507407,1.97448863060113
"Casuarina_equisetifolia","CASEQU",7262.85776809498,777.836292488617,1189.02834558196,411.192053093342,11126,1177,1751,574,"Casuarina_equisetifolia",4,NA,NA,4,NA,NA,NA,NA,NA,0.602059991327962,NA,NA,NA,NA,-1.09139214683322,NA,NA,NA,NA,-1.09139214683322,-1.12158484211866,1.69273736693744,-0.0309371179941381,-1.55964741208596,-0.557098570213001,NA,NA,-2.43550839326776,1.29009136491785
"Casearia_guianensis","CASGUI",26107.9482849315,3596.23619279265,10748.6673969179,7152.43120412529,25110,3303,9020,5717,"Casearia_guianensis",NA,NA,6,6,0.807814077,148.0222222,44.17648438,191.0552082,15,0.778151250383644,2.17032691981632,1.64519115121134,2.28115888113299,0.592682857843526,-0.928189088906726,-1.41250835274763,-0.0318301258505334,0.83922329406089,0.225865102598716,-0.928189088906726,0.592682857843526,-1.41250835274763,-0.0318301258505334,0.83922329406089,0.225865102598716,-0.339981745056878,1.41572983460542,1.22575425588639,-0.735132514365027
"Casearia_sylvestris","CASSYL",25897.7754952461,3870.65127599984,12407.5353074744,8536.88403147459,28050,4732,15806,11074,"Casearia_sylvestris",3,NA,5.61,5.61,0.673697322,167.2222222,59.75374673,149.3326007,12,0.748962861256161,2.22329399043282,1.77636514197413,2.17415462861289,-0.121490279329557,-0.955241166261953,-1.0676285693323,0.168179093184185,0.350972318763416,-0.139048949118323,-0.955241166261953,-0.121490279329557,-1.0676285693323,0.168179093184185,0.350972318763416,-0.139048949118323,-0.336272150523051,1.09415771783556,0.705845926531549,-0.011931036714317
"Cecropia_schreberiana","CECSCH",22788.8964176401,3669.15017131343,11825.7719965465,8156.6218252331,19814,3122,12324,9202,"Cecropia_schreberiana",0.6,NA,0.7,0.7,0.299201722,267.0864198,1748.526657,147.1927964,25,-0.154901959985743,2.42665180656926,3.24267225769174,2.16788655619521,-2.11568330546948,-1.79295170095815,0.256477120648786,2.40394960968909,0.322371656648676,1.44224527498885,-1.79295170095815,-2.11568330546948,0.256477120648786,2.40394960968909,0.322371656648676,1.44224527498885,-2.37548671540203,-1.02061658487325,0.570792118968379,3.32582758024491
"Cedrela_odorata","CEDODO",27887.4210175425,4331.81095418334,12226.0271417648,7894.21618758142,44715,6871,19329,12458,"Cedrela_odorata",17,NA,NA,17,NA,NA,NA,NA,NA,1.23044892137827,NA,NA,NA,NA,-0.50899529476154,NA,NA,NA,NA,-0.50899529476154,-1.90908630563418,0.109094860771995,1.70787635855503,-0.484325469881563,0.0029966735932162,NA,NA,-0.0182220258466095,2.41445435566982
"Ceiba_pentandra","CEIPEN",27067.647266686,3757.92970643938,10909.9967191964,7152.06701275706,27903,3339,8742,5403,"Ceiba_pentandra",59,NA,NA,59,0.303049231,NA,364.39,343.49,35,1.77085201164214,NA,2.56156645006712,2.53591409799517,-2.09519527939971,-0.00814455795068189,NA,1.365424823862,2.0016489001995,2.65862544737898,-0.00814455795068189,-2.09519527939971,-4.05267807861402,1.365424823862,2.0016489001995,2.65862544737898,NA,NA,5.06288527941677,1.52884575690652
"Celtis_trinervia","CELTRI",7184.4537822131,1236.79964155162,3289.15412860311,2052.35448705149,4009,586,1251,665,"Celtis_trinervia",NA,NA,NA,NA,NA,NA,NA,NA,NA,NA,NA,NA,NA,NA,NA,NA,NA,NA,NA,-0.582003328861819,-0.971078541462974,0.599790207269902,0.52186476918465,-0.267095887081263,-0.0756082789727132,NA,NA,-0.575423786983125,1.17099371160663
"Cestrum_citrifolium","CESCIT",27351.577275157,4269.2892600745,12079.5303866267,7810.24112655222,34077,6037,18011,11974,"Cestrum_citrifolium",NA,NA,NA,NA,NA,NA,NA,NA,NA,NA,NA,NA,NA,NA,NA,NA,NA,NA,NA,-0.0404065846287386,0.0230440450624732,1.25370807824664,0.187507680684301,0.189522682977666,-1.06849652816314,NA,NA,-1.02053044660297,0.206269799783151
"NA.5","CESLAU",26438.3673039321,4064.946780283,12300.186605474,8235.23982519098,26997,4168,13621,9453,NA,NA,NA,NA,NA,NA,NA,NA,NA,NA,NA,NA,NA,NA,NA,NA,NA,NA,NA,NA,NA,NA,NA,NA,NA,NA,NA,NA,NA,NA
"Cestrum_macrophyllum","CESMAC",18665.7577341236,3426.44113652036,9300.88212821633,5874.44099169597,17326,3865,10325,6460,"Cestrum_macrophyllum",NA,NA,NA,NA,0.734914919,356.6666667,62.73823977,155.8040502,4.5,NA,2.55226252300614,1.79753232964863,2.19257874317382,0.204494071392972,NA,1.07435502431924,0.200454033142321,0.435039930017242,-1.05133407841092,0.119081378234009,0.204494071392972,1.07435502431924,0.200454033142321,0.435039930017242,-1.05133407841092,NA,NA,-0.722343845512161,0.00435401739381079
"NA.6","CHICOM",17971.8527987604,2918.28386427183,6791.94651305303,3873.6626487812,16724,2758,5655,2897,"Chionanthus_compactus",NA,NA,NA,NA,0.951827984,203.6666667,18.41252885,162.8928828,13,NA,2.30891995559397,1.26511344033329,2.21190210930414,1.35955843396929,NA,-0.510099825986967,-0.611358473529549,0.523210746942362,-0.0174109318793096,NA,NA,NA,NA,NA,NA,NA,NA,NA,NA
"Chionanthus_domingensis","CHIDOM",22431.4882418513,3861.89701546729,10303.1750148088,6441.27799934149,19210,4319,10286,5967,"Chionanthus_domingensis",NA,NA,540,540,0.86194604,213.0555556,81.7644631,139.418911,23,2.73239375982297,2.32849286327229,1.91256458933174,2.14432168614301,0.880936132664015,0.883021502583158,-0.382656490300533,0.375850941395453,0.21484723107889,1.19896924051082,0.883021502583158,0.880936132664015,-0.382656490300533,0.375850941395453,0.21484723107889,1.19896924051082,-0.39567330459498,-0.658399837916392,0.816855919639128,-0.766335264369373
"Chionanthus_holdridgei","CHIHOL",7000.63840175816,1771.20167912729,3561.27195318555,1790.07027405826,2471,696,1065,369,"Chionanthus_holdridgei",NA,NA,NA,NA,NA,NA,NA,NA,NA,NA,NA,NA,NA,NA,NA,NA,NA,NA,NA,0.0761352653011907,0.444056126940392,0.165718430205653,-0.782764813874567,-0.210807941044205,0.150419378869935,NA,NA,-0.424278348260787,-0.844107722651651
"Chione_venosa","CHIVEN",25669.4274107516,4078.93749106675,11025.3382756412,6946.40078457445,20708,3295,7285,3990,"Chione_venosa",NA,NA,NA,NA,0.727326146,250.3518518,25.30916543,152.6668617,17,NA,2.39855080813176,1.40327782452919,2.18374477809979,0.164083775000815,NA,0.0735055848988347,-0.400690562758982,0.394731325811742,0.469141137076742,-0.58608521644633,0.164083775000815,0.0735055848988347,-0.400690562758982,0.394731325811742,0.469141137076742,NA,NA,0.0334425669060195,-0.29101175537739
"Chrysophyllum_argenteum","CHRARG",24296.4017158747,3780.3949082084,10330.5341902077,6550.13928199932,22071,3453,7969,4516,"Chrysophyllum_argenteum",236.5,NA,NA,236.5,0.789692307,203.3968254,49.6208973,181.7288127,24,2.37383114507383,2.30834417020904,1.69566461340082,2.25942378919354,0.496184241156677,0.550702252331934,-0.513848886233984,0.045129930756675,0.740047984784066,1.32060725774983,0.550702252331934,0.496184241156677,-0.513848886233984,0.045129930756675,0.740047984784066,1.32060725774983,-0.701388913593448,-0.204749634298383,1.15659543751835,-0.592719870433503
"Chrysophyllum_cainito","CHRCAI",25455.2446841188,3874.48924061656,10759.143619366,6884.65437874943,39906,6002,16614,10612,"Chrysophyllum_cainito",210,NA,NA,210,NA,NA,NA,NA,NA,2.32221929473392,NA,NA,NA,NA,0.502867897316876,NA,NA,NA,NA,0.502867897316876,0.327037077846733,-0.146073828601087,0.0485489490470982,0.319183954028781,1.17522962592196,NA,NA,0.618238664904422,-0.378875109694362
"Chrysobalanus_icaco","CHRICA",24813.5467209071,2902.65177801251,9349.91081590205,6447.25903788954,11746,918,2807,1889,"Chrysobalanus_icaco",2114.8,NA,NA,2114.8,NA,NA,NA,NA,NA,3.32526930173307,NA,NA,NA,NA,1.43250420790562,NA,NA,NA,NA,1.43250420790562,2.21808881347554,-2.57322035652485,-0.564492587930827,2.16718003810856,0.196941887668552,NA,NA,3.10227914667906,-2.97669633156913
"Chrysophyllum_oliviforme","CHROLI",15472.567087335,1781.78579710953,4921.01180295169,3139.22600584216,15971,1334,3915,2581,"Chrysophyllum_oliviforme",NA,NA,NA,NA,NA,NA,NA,NA,NA,NA,NA,NA,NA,NA,NA,NA,NA,NA,NA,0.573312709267199,0.427610921456174,-0.32447589597555,0.0478506786547685,0.506584644959146,1.23653085680743,NA,NA,0.876016497409696,-0.506067597684617
"NA.7","CHRPAU",25808.0509217195,3786.20490541309,10880.2485907674,7094.04368535429,17590,1629,6625,4996,"Chrysophyllum_pauciflorum",NA,NA,NA,NA,0.921634964,235.5396825,19.91613246,125.3371306,12,NA,2.37206408530338,1.29920500605772,2.09807974797644,1.19878028351277,NA,-0.0989550614255828,-0.559376922945001,0.00384934195076999,-0.139048949118323,NA,NA,NA,NA,NA,NA,NA,NA,NA,NA
"Cinnamomum_elongatum","CINELO",24034.8459798768,3388.16496399092,11067.3068276271,7679.14186363621,27613,4091,14628,10537,"Cinnamomum_elongatum",NA,NA,NA,NA,0.583127077,NA,28.63933333,185.214,33,NA,NA,1.45696290419196,2.26767381114153,-0.603777790730983,NA,NA,-0.318833551359638,0.77769210796109,2.41534941290095,1.07772829192843,-0.603777790730983,-2.14351385151379,-0.318833551359638,0.77769210796109,2.41534941290095,NA,NA,2.72066973860071,-0.322261690125874
"Cinnamomum_montanum","CINMON",19671.1905974719,2986.33067277516,9077.01734374487,6090.68667096971,20503,3460,10269,6809,"Cinnamomum_montanum",NA,NA,NA,NA,0.504555451,159.9814815,24.34180101,155.7895246,22,NA,2.20406971423205,1.38635270782044,2.19253825204409,-1.02217252920501,NA,-1.19280189183756,-0.426497350791453,0.434855172560239,1.07733122327181,0.229017755948875,-1.02217252920501,-1.19280189183756,-0.426497350791453,0.434855172560239,1.07733122327181,NA,NA,1.37073859727094,0.228831895723766
"Citharexylum_caudatum","CITCAU",6199.10036124878,1236.12508807141,3400.4573937174,2164.33230564598,6845,1589,3802,2213,"Citharexylum_caudatum",NA,NA,NA,NA,0.638421219,NA,40.714,190.7593333,NA,NA,NA,1.60974377230299,2.28048579591408,-0.309335900458332,NA,NA,-0.0858789699167971,0.836152065517616,NA,-0.170853943779745,-0.309335900458332,0.67826777682643,-0.0858789699167971,0.836152065517616,-0.253422329839384,NA,NA,-0.0861067561620246,0.277844934473858
"NA.8","CITSIN",20617.1379505983,3155.80128644034,10907.6748367185,7751.87355027813,10839,1476,6485,5009,NA,NA,NA,NA,NA,NA,NA,NA,NA,NA,NA,NA,NA,NA,NA,NA,NA,NA,NA,NA,NA,NA,NA,NA,NA,NA,NA,NA,NA,NA
"Citharexylum_spinosum","CITSPI",27784.2051707506,3882.42655336857,11797.4358059242,7915.00925255567,27058,3122,10131,7009,"Citharexylum_spinosum",73.0957,NA,NA,73.0957,0.676332689,326.537037,41.24392728,167.8403222,19,1.86389182947223,2.51393244764014,1.61536001245111,2.22489630455746,-0.107456922214762,0.0780856323507675,0.824779808309519,-0.0773155359661725,0.58250211486673,0.712417171554768,0.0780856323507675,-0.107456922214762,0.824779808309519,-0.0773155359661725,0.58250211486673,0.712417171554768,-0.160506556790926,-0.556092375134182,-0.0779944614863888,0.176329224389483
"Clidemia_eggersii","CLIEGG",14314.4004878639,2455.96623090329,7890.07331993617,5434.10708903288,10728,1917,6710,4793,"Clidemia_eggersii",NA,NA,NA,NA,0.545223463,NA,20.83933333,276.3146667,7,NA,NA,1.31888382135813,2.44140393774975,-0.805614935691563,NA,NA,-0.5293713977881,1.57040736700267,-0.747239035313388,-1.81546623315625,-0.805614935691563,-0.223096716487239,-0.5293713977881,1.57040736700267,-0.747239035313388,NA,NA,0.464137739301056,0.490552980594704
"Clibadium_erosum","CLIERO",5668.20375363715,1400.70415542787,3495.1943765179,2094.49022109003,1543,889,1273,384,"Clibadium_erosum",NA,NA,380,380,0.322264307,NA,191.962,272.8855,7,2.57978359661681,NA,2.28321526608034,2.43598045968129,-1.99287479671327,0.741580948182723,NA,0.941005298292616,1.54566051447984,-0.747239035313388,0.741580948182723,-1.99287479671327,0.643212733469093,0.941005298292616,1.54566051447984,-0.747239035313388,NA,NA,0.818202641738279,1.96109088184246
"Clidemia_hirta","CLIHIR",28314.9896174967,3858.56449896097,12124.2898902893,8265.72539132833,36905,3936,15138,11202,"Clidemia_hirta",NA,NA,NA,NA,NA,NA,NA,NA,NA,NA,NA,NA,NA,NA,NA,NA,NA,NA,NA,-2.049752742054,-0.457223968707442,-0.183734822247371,0.0315153389360966,0.452999335358701,-0.489347045696206,NA,NA,-0.164474274739003,0.562953661557914
"Clusia_clusioides","CLUCLU",15444.3273533452,2136.71006233245,8330.93042457663,6194.22036224417,5415,1270,3230,1960,"Clusia_clusioides",NA,NA,NA,NA,0.586571429,NA,113.045,34.18,NA,NA,NA,2.05325135818575,1.53377205838472,-0.585436579945139,NA,NA,0.590364890413697,-2.5710369202497,NA,-0.936577763394145,-0.585436579945139,3.73193353677566,0.590364890413697,-2.5710369202497,0.203063391069848,NA,NA,-4.18472518055718,1.68987827706584
"Clusia_gundlachii","CLUGUN",15790.020523903,2919.57384604961,8769.84608296026,5850.27223691065,10675,2288,6831,4543,"Clusia_gundlachii",NA,NA,NA,NA,NA,NA,NA,NA,NA,NA,NA,NA,NA,NA,NA,NA,NA,NA,NA,-0.702396060535603,0.295352319793153,3.52531776403104,0.570515763210305,-3.09746142770376,1.37619412992592,NA,NA,-4.12509533096346,0.965295312787495
"Clusia_minor","CLUMIN",28012.6515108347,4316.20817387104,12130.1463710666,7813.93819719553,24464,4345,8140,3795,"Clusia_minor",NA,NA,NA,NA,NA,NA,NA,NA,NA,NA,NA,NA,NA,NA,NA,NA,NA,NA,NA,-0.828665096320897,-0.203735597790428,3.56199588847547,0.550770257293887,-2.71208504277298,0.617719708070657,NA,NA,-4.076564202485,1.33412575726408
"Clusia_rosea","CLUROS",26217.6714752913,4262.95332193375,11259.9109855592,6996.95766362548,14125,2955,4582,1627,"Clusia_rosea",11.3808,NA,10.7692,10.7692,0.75942992,849.1666667,110.2829417,25.7345768,25,1.03218344252825,2.92899293797585,2.04250834200971,1.41051703075848,0.335036710692374,-0.692749631025057,3.52732632155063,0.573984339185883,-3.13343875037812,1.44224527498885,-0.692749631025057,0.335036710692374,3.52732632155063,0.573984339185883,-3.13343875037812,1.44224527498885,2.37432029408495,-4.0808477672224,-4.13399690975919,0.938525402433704
"NA.9","COCCOS",13990.4842633978,2970.92280495167,6090.50265939534,3119.57985444367,6352,2148,3282,1134,"Coccoloba_costata",NA,NA,NA,NA,0.864340236,454.2654321,59.29547834,55.14700783,12,NA,2.65730968988658,1.7730215768911,1.74152195343672,0.8936852516561,NA,1.75833931381158,0.16308094958758,-1.62309245553754,-0.139048949118323,NA,NA,NA,NA,NA,NA,NA,NA,NA,NA
"NA.10","COCDIV",16617.0052396618,3149.41041797772,6242.7158761695,3093.30545819178,19494,3468,5367,1899,"Coccoloba_diversifolia",NA,182.6,NA,182.6,0.8267833,217.4962963,39.83395009,92.83507283,17,2.26150077319828,2.33745186584161,1.60025337488106,1.96771208245679,0.693694170707797,0.446593392605326,-0.324322532432734,-0.100349574688745,-0.591006828137139,0.469141137076742,NA,NA,NA,NA,NA,NA,NA,NA,NA,NA
"Coccoloba_krugii","COCKRU",2429.81749508035,469.576755139064,660.384990260239,190.808235121175,3991,709,1013,304,"Coccoloba_krugii",22.9532,NA,NA,22.9532,0.803922597,379.9259259,12.44092375,58.01309286,4.5,1.36084324087384,2.57969893054111,1.09485262831568,1.76352601968627,0.57196068573426,-0.388144596140602,1.25299926834145,-0.870965822866372,-1.52268984018506,-1.05133407841092,-0.388144596140602,0.57196068573426,1.25299926834145,-0.870965822866372,-1.52268984018506,-1.05133407841092,2.40007423225044,-0.416887090699668,-2.39039698060071,-0.757648639160555
"Coccoloba_microstachya","COCMIC",11499.8449323794,1860.15381640277,4515.70175674977,2655.54794034699,5658,1001,1840,839,"Coccoloba_microstachya",37,1.9,NA,1.9,0.816958416,329.9555556,8.745896136,68.83623612,9,0.278753600952829,2.51845544515794,0.941804315470545,1.83781711562119,0.641376559618551,-1.39103559216581,0.85423000040379,-1.10432819408593,-1.1837061157828,-0.503963000835362,-1.39103559216581,0.641376559618551,0.85423000040379,-1.10432819408593,-1.1837061157828,-0.503963000835362,2.27869144264051,0.0968007814239116,-2.05625417908685,-0.808958439920636
"Coccoloba_pubescens","COCPUB",18099.4313570969,3450.29330410063,9215.18095368519,5764.88764958456,11898,2979,5485,2506,"Coccoloba_pubescens",27.144,NA,NA,27.144,0.867839849,500.0833333,955.8042985,73.1111409,20,1.43367384663706,2.69904238068952,2.98036897932417,1.8639835611265,0.912320727850716,-0.320644496277958,2.03006967756274,2.00399933333121,-1.06431093066494,0.834055188793782,-0.320644496277958,0.912320727850716,2.03006967756274,2.00399933333121,-1.06431093066494,0.834055188793782,0.546279758704393,-2.56282848990762,-1.68365486460535,0.815028410787951
"Coccoloba_pyrifolia","COCPYR",23632.1610013247,3878.46551716328,10711.1050962806,6832.6395791173,4796,1884,3336,1452,"Coccoloba_pyrifolia",43.6,NA,NA,43.6,0.673755982,287.0833333,43.38516505,84.26827248,7,1.63948648926859,2.45800798014559,1.63734125397563,1.92566409087041,-0.121177914209878,-0.129895376659386,0.460643789219836,-0.0437993569952667,-0.782868108580134,-0.747239035313388,-0.129895376659386,-0.121177914209878,0.460643789219836,-0.0437993569952667,-0.782868108580134,-0.747239035313388,0.859622910272491,-0.177776772844649,-1.03867978347919,0.0294912326294221
"Coccoloba_rugosa","COCRUG",16242.6998440567,2010.10867379559,8597.84477805113,6587.73610425554,13013,1607,5714,4107,"Coccoloba_rugosa",NA,NA,NA,NA,0.761756787,381.2555556,1372.782125,37.06288892,15,NA,2.5812161808764,3.13760161559175,1.56893926800813,0.347427302048201,NA,1.26287840571739,2.24374180517167,-2.41057204158613,0.225865102598716,-0.402659871961998,0.347427302048201,1.26287840571739,2.24374180517167,-2.41057204158613,0.225865102598716,NA,NA,-2.03342954587075,1.15447866539535
"Coccoloba_sintenisii","COCSIN",16127.4317290485,2663.56815820932,6977.45535504818,4313.88719683886,547,351,445,94,"Coccoloba_sintenisii",NA,NA,NA,NA,0.702789775,389.437037,146.9088072,53.35981401,7,NA,2.59043725226832,2.16704783257519,1.72721430714216,0.0334273402256614,NA,1.32291874903802,0.76387751924494,-1.68837698482497,-0.747239035313388,-0.469159531225891,0.0334273402256614,1.32291874903802,0.76387751924494,-1.68837698482497,-0.747239035313388,NA,NA,-2.12594673827073,0.586478973381086
"Coccoloba_swartzii","COCSWA",18056.7982897535,2951.59773443639,8668.60789501667,5717.01016058028,13083,2293,8031,5738,"Coccoloba_swartzii",NA,NA,NA,NA,0.679182085,388.3671498,82.43277682,77.3510137,18,NA,2.58924248780665,1.91609992967861,1.88846600958589,-0.0922838584139835,NA,1.31513938529411,0.381241496776801,-0.952599675677901,0.590779154315755,-0.173607784202897,-0.0922838584139835,1.31513938529411,0.381241496776801,-0.952599675677901,0.590779154315755,NA,NA,-1.35244383244853,0.534040023419841
"Coccoloba_uvifera","COCUVI",25455.2330065481,3874.48957816884,10759.1348456889,6884.6452675201,39906,6002,16614,10612,"Coccoloba_uvifera",632,NA,NA,632,0.73846227,461.8555556,221.1803612,66.32024873,7,2.80071707828239,2.66450617206175,2.34474656295314,1.82164614633992,0.223383752941889,0.946344205595557,1.80519712914923,1.0348259296705,-1.25749282366714,-0.747239035313388,0.946344205595557,0.223383752941889,1.80519712914923,1.0348259296705,-1.25749282366714,-0.747239035313388,0.955008328957207,-1.85052727737813,-1.8462410396417,0.451181211857554
"Coccoloba_venosa","COCVEN",19191.1877980584,2587.66594738069,7222.41131469949,4634.7453673188,26475,3436,8597,5161,"Coccoloba_venosa",14.2288557,NA,NA,14.2288557,NA,NA,NA,NA,NA,1.15316997505559,NA,NA,NA,NA,-0.580618159069703,NA,NA,NA,NA,-0.580618159069703,-0.108045211117827,2.21499704365954,0.690261880765177,-2.02176904458199,-0.454284994784579,NA,NA,-2.90259759945787,0.905655135174457
"Coffea_arabica","COFARA",24406.3432047069,3485.55958738923,11430.6795529649,7945.11996557564,21731,2458,11642,9184,"Coffea_arabica",188.3,NA,NA,188.3,0.666733771,221.0888889,64.53527408,174.0544276,7,2.27485032001666,2.34456691711209,1.80979715883476,2.24068507535251,-0.158571261966922,0.458965879884801,-0.277994930913714,0.219154988208543,0.654544884736868,-0.747239035313388,0.458965879884801,-0.158571261966922,-0.277994930913714,0.219154988208543,0.654544884736868,-0.747239035313388,-0.356260623780738,0.608938515678566,0.533488704570697,-0.0561740554188295
"Cojoba_arborea","COJARB",19271.1634233426,3238.76655699126,6712.08723502606,3473.3206780348,19211,3792,5665,1873,"Cojoba_arborea",850,NA,NA,850,0.570324627,143.5555556,163.7024129,76.44635155,4.5,2.92941892571429,2.1570200043542,2.21405508076461,1.88335676326681,-0.671950972224984,1.06562630497015,-1.49915248973849,0.835552421751644,-0.975912716417622,-1.05133407841092,1.06562630497015,-0.671950972224984,-1.49915248973849,0.835552421751644,-0.975912716417622,-1.05133407841092,-0.541378556143509,0.284550617992189,0.616627073195906,0.228546586015999
"Colubrina_arborescens","COLARB",16312.0295311422,2790.16604094952,6619.79991182755,3829.63387087802,10392,2340,3679,1339,"Colubrina_arborescens",15.075,1.4,NA,1.4,0.870159995,247.4444444,59.44033843,85.89715348,13,0.146128035678238,2.39347770751671,1.77408127346219,1.93397877211516,0.924675529810543,-1.51395423064972,0.0404735553567218,0.164696735479023,-0.744928950729635,-0.0174109318793096,-1.51395423064972,0.924675529810543,0.0404735553567218,0.164696735479023,-0.744928950729635,-0.0174109318793096,1.17068371293176,0.140491135326746,-0.928421601096729,-0.487840705073694
"Colubrina_elliptica","COLELL",4789.95066044399,613.163046900802,1178.59259417878,565.429547277979,4173,576,721,145,"Colubrina_elliptica",NA,NA,NA,NA,0.961254783,451.2666667,13.11389646,59.30892292,4,NA,2.65443325507366,1.11773175039743,1.77312003709778,1.4097562382282,NA,1.73961023924235,-0.836080589039436,-1.47891318413759,-1.11215308703043,-1.45927373506606,1.4097562382282,1.73961023924235,-0.836080589039436,-1.47891318413759,-1.11215308703043,NA,NA,-3.03088575090018,-1.0978597510604
"Colubrina_verrucosa","COLVER",14324.6231838362,2266.67081939196,7496.85967358435,5230.18885419238,6000,911,2322,1411,"Colubrina_verrucosa",NA,NA,NA,NA,NA,NA,NA,NA,NA,NA,NA,NA,NA,NA,NA,NA,NA,NA,NA,-1.15776368680701,1.12514458779645,0.917416012800252,-0.364655238650274,-1.05030802306431,-0.400542412221464,NA,NA,-1.84998441239708,-0.81448188054498
"Comocladia_dodonaea","COMDOD",18400.6598547772,2664.98076443747,6951.84339531884,4286.86263088137,6423,909,1423,514,"Comocladia_dodonaea",NA,NA,NA,NA,0.837742465,206.2888889,37.86846615,70.45138402,6.5,NA,2.31447583670136,1.57827771451925,1.84788952926006,0.752051840104492,NA,-0.473924310696137,-0.133857243710479,-1.13774657990494,-0.808058043932894,-0.144389644644155,0.752051840104492,-0.473924310696137,-0.133857243710479,-1.13774657990494,-0.808058043932894,NA,NA,-0.728332608805756,-0.938359071558404
"Comocladia_glabra","COMGLA",24409.0881180055,4271.05130843818,11122.8681600802,6851.81685164198,4666,1889,2798,909,"Comocladia_glabra",NA,NA,232,232,0.761581055,126.5111111,17.27466667,215.248,8,2.3654879848909,2.10212866999806,1.23740967603024,2.33293912485044,0.346491527291782,0.542969731922195,-1.85656156076653,-0.653600142250261,1.0754919833958,-0.625601018074375,0.542969731922195,0.346491527291782,-1.85656156076653,-0.653600142250261,1.0754919833958,-0.625601018074375,-0.427341744938342,1.91549365308869,1.71529588949916,-1.29388991159538
"Conocarpus_erectus","CONERE",21146.2940945454,2796.30503084473,7873.49751687012,5077.19248602539,17728,1906,4978,3072,"Conocarpus_erectus",3.194,NA,NA,3.194,NA,NA,NA,NA,NA,0.504334911802464,NA,NA,NA,NA,-1.18196468234804,NA,NA,NA,NA,-1.18196468234804,-0.670643425248065,1.64047762308077,-0.684377835543242,-1.56411729581301,1.06730069872209,NA,NA,-2.20941755579734,0.703151627305947
"Cordia_alliodora","CORALL",28412.0438080579,3963.72627739608,12472.8293013424,8509.10302394629,22222,2298,11206,8908,"Cordia_alliodora",33,NA,NA,33,0.575902847,215.3777778,44.30237826,139.9719926,5,1.51851393987789,2.33320089173493,1.64642704083866,2.14604114513465,-0.642246891797139,-0.24201388891037,-0.35200152264589,-0.0299456873445737,0.222692970943257,-0.990515069791414,-0.24201388891037,-0.642246891797139,-0.35200152264589,-0.0299456873445737,0.222692970943257,-0.990515069791414,-0.0800932375111338,0.86953205310651,0.10739957616986,0.275795316911259
"Cordia_borinquensis","CORBOR",14964.2743692519,2481.04596622847,7467.92456378415,4986.87859755568,15715,2342,8198,5856,"Cordia_borinquensis",61.56,NA,319,319,0.67017749,306.8888889,132.9286248,165.0167243,11,2.50379068305718,2.48698116481901,2.12361851182371,2.21752796180862,-0.140233421912765,0.671149991301704,0.649294313757365,0.69765810733104,0.548881016184015,-0.260686966357336,0.671149991301704,-0.140233421912765,0.649294313757365,0.69765810733104,0.548881016184015,-0.260686966357336,-0.426198667444542,-0.436307067207997,0.0777178993578828,0.398781205291723
"Cordia_collococca","CORCOL",23844.3328713483,2643.34616864412,9641.99403953477,6998.64787089065,15407,925,5771,4846,"Cordia_collococca",97.5,NA,NA,97.5,NA,NA,NA,NA,NA,1.98900461569854,NA,NA,NA,NA,0.194041355578237,NA,NA,NA,NA,0.194041355578237,-0.657924318896636,0.409367709750796,0.768510844664373,0.0972188057392315,0.0536022032685709,NA,NA,-0.00116391504042841,0.886967532105048
"Corchorus_hirsutus","CORHIR",14928.9311182685,1772.23745136039,4739.99440778757,2967.75695642718,7663,853,1319,466,"Corchorus_hirsutus",NA,NA,NA,NA,NA,NA,NA,NA,NA,NA,NA,NA,NA,NA,NA,NA,NA,NA,NA,-0.0476575863435225,-0.987518522063821,-2.70135988311078,0.385578559316037,1.82751895792217,0.794224002171247,NA,NA,3.28368222934799,0.32857444104394
"Cordia_laevigata","CORLAE",28477.8387765139,4093.43030894548,11508.3107224107,7414.8804134652,34398,4462,12755,8293,"Cordia_laevigata",47.6608,NA,NA,47.6608,0.480277102,188.3333333,48.5093526,135.3438543,4.5,1.67816132782726,2.27492719302291,1.68582547862269,2.13143854009031,-1.15145499410444,-0.0940511675178489,-0.731433882349574,0.0301275842433996,0.156062570871598,-1.05133407841092,-0.0940511675178489,-1.15145499410444,-0.731433882349574,0.0301275842433996,0.156062570871598,-1.05133407841092,-0.47015939488412,0.993192008079084,0.409460391242872,0.587858064437972
"Cornutia_obovata","COROBO",25312.0716855936,3853.97564894333,10696.2924627997,6842.31681385636,39906,6002,16614,10612,"Cornutia_obovata",NA,NA,NA,NA,NA,NA,NA,NA,NA,NA,NA,NA,NA,NA,NA,NA,NA,NA,NA,-0.533674280565876,-0.287792137781526,1.26056826009773,0.209693533953795,-0.265011012100226,0.711380115747288,NA,NA,-0.961794918041537,0.668837129882514
"Cordia_rickseckeri","CORRIC",18932.8229272044,2377.94938862672,6827.48435830918,4449.53496968246,22956,2609,7041,4432,"Cordia_rickseckeri",NA,NA,NA,NA,NA,NA,NA,NA,NA,NA,NA,NA,NA,NA,NA,NA,NA,NA,NA,-0.160364661752436,-0.251792775615785,0.190679757158191,-0.0198454761424463,-1.69372294040068e-07,-0.274395806682892,NA,NA,-0.253917983623605,0.133359791446142
"Cordia_sulcata","CORSUL",23528.0951145776,3587.94660834968,11485.9179695286,7897.9713611789,15543,1908,8746,6838,"Cordia_sulcata",81.4948,NA,62.4,62.4,0.559581852,392.1111111,521.5051323,100.6058064,25,1.79518458968242,2.59340914890834,2.71725858681548,2.00262304647249,-0.729156362585753,0.0144071073886689,1.34226939572494,1.60281839937041,-0.431711175601855,1.44224527498885,0.0144071073886689,-0.729156362585753,1.34226939572494,1.60281839937041,-0.431711175601855,1.44224527498885,-0.874004812102033,-2.24254063725084,-0.519764770508347,1.72826832161444
"Crescentia_cujete","CRECUJ",21555.0885667689,3007.76709200628,7851.50253126398,4843.7354392577,23178,3407,7081,3674,"Crescentia_cujete",26.5944,NA,NA,26.5944,NA,NA,NA,NA,NA,1.42479019658822,NA,NA,NA,NA,-0.328877947849006,NA,NA,NA,NA,-0.328877947849006,0.228874913580669,0.686380163571845,0.713647696913126,0.0632948638036168,0.38755765213311,NA,NA,-0.349989092922237,0.339048701911123
"Crescentia_linearifolia","CRELIN",7742.14397902111,879.017643298965,1859.21605738019,980.198414081225,8361,887,1793,906,"Crescentia_linearifolia",NA,NA,NA,NA,NA,NA,NA,NA,NA,NA,NA,NA,NA,NA,NA,NA,NA,NA,NA,-0.354910283638191,0.2003340633185,0.731214395307499,0.713653860865737,0.0191529069424663,0.373777556366895,NA,NA,-0.414177005448804,0.375149432604031
"NA.11","CREPOR",16431.4376822216,2015.77968539204,6546.83495039027,4531.05526499823,11237,1185,1774,589,"Crescentia_portoricensis",NA,NA,NA,NA,NA,NA,NA,NA,NA,NA,NA,NA,NA,NA,NA,NA,NA,NA,NA,NA,NA,NA,NA,NA,NA,NA,NA,NA,NA
"Critonia_portoricensis","CRIPOR",25467.0157199837,4053.49563623592,10949.9915758222,6896.49593958631,29683,5519,15701,10182,"Critonia_portoricensis",NA,NA,NA,NA,NA,NA,NA,NA,NA,NA,NA,NA,NA,NA,NA,NA,NA,NA,NA,0.635160767991485,-1.84965051725636,0.606341552913266,0.875700568392754,1.42337840086516,-0.659738441030678,NA,NA,0.739446893112705,1.82733277734505
"Croton_astroites","CROAST",9854.63197732808,1307.82610382541,3614.93771126438,2307.11160743897,5870,760,1977,1217,"Croton_astroites",NA,NA,NA,NA,NA,NA,NA,NA,NA,NA,NA,NA,NA,NA,NA,NA,NA,NA,NA,-0.259500817194986,1.47224383913401,-0.0626931823193258,-1.00250575585932,-0.0104897278865569,-1.10847667135809,NA,NA,-0.656508267393068,-1.85175666033732
"Croton_betulinus","CROBET",13792.5071978508,1877.9951303273,4519.74602185772,2641.75089153042,15637,1639,3661,2022,"Croton_betulinus",NA,NA,NA,NA,NA,NA,NA,NA,NA,NA,NA,NA,NA,NA,NA,NA,NA,NA,NA,-0.278724583552121,1.27226253312415,0.169512997733992,-0.973901795905982,-0.0541123603130955,-1.04841585987808,NA,NA,-0.809000797663682,-1.61652533775152
"Croton_discolor","CRODIS",8422.00416113733,1078.94122082775,2903.31509862485,1824.3738777971,5541,745,1162,417,"Croton_discolor",NA,NA,NA,NA,0.81185092,434.8666667,3.054220095,71.48320358,3,NA,2.6383561195001,0.484900330231805,1.85420400754289,0.614179089463395,NA,1.63492861403613,-1.80099838556245,-1.1089341719167,-1.23379110426944,-0.83346078796147,0.614179089463395,1.63492861403613,-1.80099838556245,-1.1089341719167,-1.23379110426944,NA,NA,-2.72479950848281,-1.12093577272478
"Croton_flavens","CROFLA",13270.7964571089,1839.59009793369,4858.61076790878,3019.02066997509,9826,1254,2446,1192,"Croton_flavens",NA,NA,NA,NA,0.961319898,239.5185185,20.85813246,181.4611097,5,NA,2.37933909675455,1.3192754211267,2.25878356241646,1.41010297629107,NA,-0.0515859253865161,-0.528774301035678,0.737126686415437,-0.990515069791414,0.205772324649702,1.41010297629107,-0.0515859253865161,-0.528774301035678,0.737126686415437,-0.990515069791414,NA,NA,0.0188291646310675,-1.60937732757532
"Croton_glabellus","CROGLA",8908.70982290572,1574.0039547896,2489.23072545696,915.226770667359,5478,782,1093,311,"Croton_glabellus",NA,NA,NA,NA,1.013311549,218.4444444,9.737378722,127.4110407,3.5,NA,2.33934100396843,0.988442061623453,2.10520706306472,1.68695906710148,NA,-0.312021955103521,-1.03321669453225,0.0363706526571089,-1.17297209564993,-0.238853594900308,1.68695906710148,-0.312021955103521,-1.03321669453225,0.0363706526571089,-1.17297209564993,NA,NA,-0.49275668113194,-2.10432370640046
"Croton_impressus","CROIMP",11524.4023456983,1606.52582760225,6605.03673036746,4998.51090276521,7389,997,4245,3248,"Croton_impressus",NA,NA,NA,NA,NA,NA,NA,NA,NA,NA,NA,NA,NA,NA,NA,NA,NA,NA,NA,-0.140640271693833,1.14479619180158,0.510588126798311,-0.952848649002526,0.121766686011074,-1.07160354116637,NA,NA,-0.895718941312374,-1.44656320657387
"Croton_poecilanthus","CROPOE",8459.12650008779,1618.18708977802,4641.82145534456,3023.63436556654,928,621,822,201,"Croton_poecilanthus",NA,NA,67.8571,67.8571,0.582214219,576.4666667,121.483871,142.2883871,13,1.83159529531927,2.76077419994505,2.08451862196169,2.15316945648489,-0.608638769224337,0.0481528965497075,2.43201859047933,0.638040050503083,0.255218827505142,-0.0174109318793096,0.0481528965497075,-0.608638769224337,2.43201859047933,0.638040050503083,0.255218827505142,-0.0174109318793096,0.131282505626686,-1.49495669936142,-1.38284568701876,1.28376689582561
"Crossopetalum_rhacoma","CRORHA",8365.68282653083,1248.73683640985,2931.0017999438,1682.26496353395,3697,680,992,312,"Crossopetalum_rhacoma",19.8744,NA,NA,19.8744,0.939303595,427.4333333,3.262155752,52.73491254,4,1.29829402635379,2.63086838751398,0.51350469263906,1.72209823007673,1.2928659302377,-0.446115804565792,1.58617440966753,-1.75738351837123,-1.71172119365838,-1.11215308703043,-0.446115804565792,1.2928659302377,1.58617440966753,-1.75738351837123,-1.71172119365838,-1.11215308703043,3.45087961153387,-0.314196423218855,-3.00086648713186,-1.71642467835383
"Cassipourea_guianensis","CSSGUI",17082.5214006118,3317.89787645917,9261.37375217956,5943.47587572038,19612,3948,10648,6700,"Cassipourea_guianensis",NA,NA,206.5,206.5,0.765860106,206.6041667,28.68842327,165.102972,10,2.31492005599242,2.31513907592789,1.45770667986135,2.2177548910192,0.369277519070316,0.496102893252867,-0.469605820016246,-0.317699469901064,0.549916474175445,-0.382324983596349,0.496102893252867,0.369277519070316,-0.469605820016246,-0.317699469901064,0.549916474175445,-0.382324983596349,0.0579274973106077,0.675545300689228,0.543257350854829,-0.787212709441682
"Cupania_americana","CUPAME",26597.5666891448,3812.98051540926,11704.5644736178,7891.58395820856,28512,3912,12445,8533,"Cupania_americana",197.64,NA,NA,197.64,0.5025,NA,315.41,135.16,17,2.29587484521738,NA,2.49887545841575,2.13084818310286,-1.03311782749362,0.478451610310093,NA,1.26983593304768,0.153368823958657,0.469141137076742,0.478451610310093,-1.03311782749362,0.0986041989933178,1.26983593304768,0.153368823958657,0.469141137076742,NA,NA,0.54043496223902,1.3553084790792
"Cyathea_arborea","CYAARB",15831.674123182,2264.8372716764,8607.4846157711,6342.6473440947,15593,2566,9663,7097,"Cyathea_arborea",NA,NA,NA,NA,NA,NA,NA,NA,NA,NA,NA,NA,NA,NA,NA,NA,NA,NA,NA,-0.00112551521733727,-0.868279951244555,-0.0454136945717687,0.580377615349445,0.134048112080453,0.0602094365563594,NA,NA,0.278632365462054,0.880636214715016
"NA.12","CYABOR",21800.9861909747,3863.30801707879,11475.6706644706,7612.36264739186,34077,6037,18011,11974,"Cyathea_borinquena",NA,NA,NA,NA,NA,NA,NA,NA,NA,NA,NA,NA,NA,NA,NA,NA,NA,NA,NA,NA,NA,NA,NA,NA,NA,NA,NA,NA,NA
"Cynophalla_flexuosa","CYNFLE",16495.4920766456,2381.21228278242,5570.02427766006,3188.81199487764,13972,1954,3005,1051,"Cynophalla_flexuosa",67.0056,NA,NA,67.0056,NA,NA,NA,NA,NA,1.82611110042421,NA,NA,NA,NA,0.043070092429053,NA,NA,NA,NA,0.043070092429053,0.219540264918179,2.11679896851227,-0.193540819213739,-2.64409495177127,-1.07141735902142,NA,NA,-3.41656910450585,-0.0114381955437951
"Cynophalla_hastata","CYNHAS",13097.643017268,1555.71099674044,4528.62000756535,2972.90901082491,8901,929,1992,1063,"Cynophalla_hastata",NA,463.2,NA,463.2,0.828205188,483.7111111,43.91378768,39.17742011,6,2.66576855071938,2.68458606347693,1.64260089776437,1.59303583367809,0.701265739328502,0.821272623513247,1.93594154302119,-0.0357796479014964,-2.30062153576427,-0.868877052552401,0.821272623513247,0.701265739328502,1.93594154302119,-0.0357796479014964,-2.30062153576427,-0.868877052552401,2.36435254828527,-1.9177733448033,-2.87721405125144,-0.469235678017728
"Cynometra_portoricensis","CYNPOR",18635.5046807369,2649.76551676445,6322.15832474778,3672.39280798333,14166,2170,3473,1303,"Cynometra_portoricensis",NA,NA,NA,NA,NA,NA,NA,NA,NA,NA,NA,NA,NA,NA,NA,NA,NA,NA,NA,0.942827592503435,0.564107327823163,-1.47106804631753,-0.0434929672995977,0.909169928159135,-0.182248406255017,NA,NA,1.63473217279955,-1.09270634216693
"Cyrilla_racemiflora","CYRRAC",8378.75816872809,1916.81776306126,4904.94070129003,2988.12293822877,876,746,843,97,"Cyrilla_racemiflora",NA,NA,NA,NA,0.580838172,317.7333333,21.0238919,77.74172343,13,NA,2.50206277890919,1.32271311484343,1.8906541641296,-0.615966234035782,NA,0.747493888331437,-0.523532633601721,-0.94261531930976,-0.0174109318793096,-0.447210409322949,-0.615966234035782,0.747493888331437,-0.523532633601721,-0.94261531930976,-0.0174109318793096,NA,NA,-1.27688577529209,0.337786528803359
"Dacryodes_excelsa","DACEXC",12755.0400691567,2032.15464012139,6926.55933037493,4894.40469025355,12426,2067,6428,4361,"Dacryodes_excelsa",1988.07,NA,1255,1255,0.507989783,218.5299145,529.1321962,129.5060676,28,3.09864372581706,2.33951089582829,2.72356418792893,2.11229011639771,-1.00388467502502,1.22246546326725,-0.310915753322896,1.61243294526409,0.0686900008742974,1.80715932670589,1.22246546326725,-1.00388467502502,-0.310915753322896,1.61243294526409,0.0686900008742974,1.80715932670589,-2.14248940957406,-1.67816389199507,1.31440770611705,1.37633780846906
"Daphnopsis_americana","DAPAME",22367.2557757506,3298.44096208736,10583.6268666526,7285.18590456527,5757,1127,3482,2355,"Daphnopsis_americana",NA,NA,NA,NA,NA,NA,NA,NA,NA,NA,NA,NA,NA,NA,NA,NA,NA,NA,NA,-0.890740084601748,-1.77091322084137,0.858456462595761,-0.219542952283097,0.0280760237715343,-0.968227574848055,NA,NA,-0.914391893645523,1.46783818104866
"Daphnopsis_helleriana","DAPHEL",15865.4803676619,2811.84288531961,5531.5143406745,2719.6714553549,10679,2132,3044,912,"Daphnopsis_helleriana",NA,NA,NA,NA,NA,NA,NA,NA,NA,NA,NA,NA,NA,NA,NA,NA,NA,NA,NA,-0.890740084601748,-1.77091322084137,0.858456462595761,-0.219542952283097,0.0280760237715343,-0.968227574848055,NA,NA,-0.914391893645523,1.46783818104866
"Daphnopsis_philippiana","DAPPHI",8952.80364190473,1957.65278635325,5490.48340067035,3532.83061431709,12079,2405,7576,5171,"Daphnopsis_philippiana",NA,NA,NA,NA,0.356617351,335.4555556,32.65501234,125.916548,5,NA,2.52563498877842,1.51394985221231,2.10008280900243,-1.80994447451062,NA,0.90097752523445,-0.231941973978763,0.0129891329075493,-0.990515069791414,-0.908345993761409,-1.80994447451062,0.90097752523445,-0.231941973978763,0.0129891329075493,-0.990515069791414,NA,NA,-0.960688470984659,1.50349819970668
"Delonix_regia","DELREG",25599.1355108805,3915.36784478649,10891.2523313016,6975.88448651507,32476,3753,13193,9440,"Delonix_regia",408,NA,NA,408,NA,NA,NA,NA,NA,2.61066016308988,NA,NA,NA,NA,0.770197644398645,NA,NA,NA,NA,0.770197644398645,0.283275718948438,-1.68633997701855,0.632128971430667,0.642364970065757,-0.29712110134338,NA,NA,1.71018963415434,-0.544821874014373
"Dendropanax_arboreus","DENARB",21420.8536878549,3673.08611706458,11411.5862705805,7738.50015351595,23879,4458,13898,9440,"Dendropanax_arboreus",8,NA,5.6,5.6,0.46467937,217.5132275,70.2859667,214.652433,30,0.7481880270062,2.3374856725807,1.84686862241477,2.33173581539867,-1.23451308177756,-0.955959290032877,-0.324102409614566,0.2756801761364,1.07000138840005,2.05043536118391,-0.955959290032877,-1.23451308177756,-0.324102409614566,0.2756801761364,1.07000138840005,2.05043536118391,-1.74440493219579,-0.187542912593297,1.27115460068726,1.2665222500133
"Dendropanax_laurifolius","DENLAU",16825.2881115121,2198.59735000087,7880.25607289001,5681.65872288914,13428,1869,7486,5617,"Dendropanax_laurifolius",NA,NA,NA,NA,0.39725,NA,82.314,124.328,NA,NA,NA,1.91547370648399,2.09456894743554,-1.59357518934574,NA,NA,0.380286654956644,-0.0121701315542289,NA,-1.42947670554508,-1.59357518934574,0.600639391261149,0.380286654956644,-0.0121701315542289,1.86901035635777,NA,NA,-0.121819961871803,1.87820184011664
"Diospyros_sintenisii","DIOSIN",17998.9872513935,3355.00147715956,7329.16374661773,3974.16226945817,8602,2961,4331,1370,"Diospyros_sintenisii",NA,NA,NA,NA,0.738020991,242.5111111,40.8870516,103.924859,9,NA,2.38473164140786,1.61158579433968,2.01671944394983,0.221033937605254,NA,-0.0164739282448476,-0.0830703232722809,-0.367390556052628,-0.503963000835362,-0.160382517141798,0.221033937605254,-0.0164739282448476,-0.0830703232722809,-0.367390556052628,-0.503963000835362,NA,NA,-0.446359391252328,-0.345461254782419
"Ditta_myricoides","DITMYR",3949.95452542062,841.277064673253,1859.70134725259,1018.42428257933,1958,834,1294,460,"Ditta_myricoides",NA,NA,NA,NA,0.42522894,313.6888889,11.65797669,106.0222993,9,NA,2.49649913592797,1.06662318261711,2.02539721851401,-1.44458703827858,NA,0.711267833840772,-0.914009031013965,-0.32779463538046,-0.503963000835362,-1.01902382378604,-1.44458703827858,0.711267833840772,-0.914009031013965,-0.32779463538046,-0.503963000835362,NA,NA,-1.11231739363265,0.854583513699763
"Drypetes_alba","DRYALB",25036.3026922867,4177.31117014587,10930.768539153,6753.45736900717,12512,3344,6388,3044,"Drypetes_alba",NA,NA,NA,NA,0.726896355,199.7777778,39.34479947,131.0802932,14,NA,2.30054717800619,1.59488733616797,2.11753740414,0.161795133385539,NA,-0.564616749189388,-0.108531510803326,0.0926329124642451,0.104227085359703,0.434920730707119,0.161795133385539,-0.564616749189388,-0.108531510803326,0.0926329124642451,0.104227085359703,NA,NA,0.490293832384427,-0.498043134333132
"Drypetes_glauca","DRYGLA",10751.7571261215,2228.58003797149,6186.25448094012,3957.67444296862,3561,1545,2449,904,"Drypetes_glauca",NA,NA,364.8148,364.8148,0.694962363,217.3111111,56.79770966,139.6844093,17,2.5620724487023,2.33708193233089,1.75433082335048,2.14514793558569,-0.00825371136245807,0.725166087419405,-0.326731247650882,0.134581984227984,0.218617334478762,0.469141137076742,0.725166087419405,-0.00825371136245807,-0.326731247650882,0.134581984227984,0.218617334478762,0.469141137076742,-0.45815007897845,-0.227246369057431,0.61565520556246,-0.201817901032025
"Drypetes_ilicifolia","DRYILI",12403.3397415606,2293.58770353021,3610.6980213006,1317.11031777039,14232,2799,4333,1534,"Drypetes_ilicifolia",NA,NA,NA,NA,NA,NA,NA,NA,NA,NA,NA,NA,NA,NA,NA,NA,NA,NA,NA,0.602722644690123,0.0502678665798096,-0.39582113742108,0.050385871516087,0.182232566460841,0.355382226202317,NA,NA,0.565516845720134,-0.296044261045854
"Elaeodendron_xylocarpum","ELAXYL",19718.2472016588,2909.10526077121,7126.72470787395,4217.61944710274,17453,2320,4362,2042,"Elaeodendron_xylocarpum",NA,NA,NA,NA,0.905063548,496.4305556,4.691587417,36.39572698,4.5,NA,2.69585850473658,0.671319812821424,1.56105039854083,1.11053731825373,NA,2.0093387887994,-1.5167528967366,-2.44656825781764,-1.05133407841092,-1.1991004205383,1.11053731825373,2.0093387887994,-1.5167528967366,-2.44656825781764,-1.05133407841092,NA,NA,-3.83313032046955,-1.2185894781528
"Erithalis_fruticosa","ERIFRU",15592.8528865296,2318.835262876,5197.18203680497,2878.34677392896,13395,1809,2842,1033,"Erithalis_fruticosa",NA,NA,NA,NA,1.023628308,502.6777778,13.86739497,48.60143284,3.5,NA,2.7012896865168,1.14199488526858,1.68664907307572,1.74189591776185,NA,2.04470236043455,-0.79908506402192,-1.87347257336142,-1.17297209564993,-0.940512728917361,1.74189591776185,2.04470236043455,-0.79908506402192,-1.87347257336142,-1.17297209564993,NA,NA,-3.40536167726013,-1.37138484751598
"Erythroxylum_areolatum","ERYARE",7638.20012830757,1073.35810891911,2329.01372496039,1255.65561604127,5274,726,987,261,"Erythroxylum_areolatum",NA,25,NA,25,0.930545126,213.4567901,14.26529182,116.1929091,8,1.39794000867204,2.32930997434755,1.15428066029169,2.06517962519108,1.24622699028897,-0.353762958026803,-0.37733610751588,-0.780352171523047,-0.146271019240864,-0.625601018074375,-0.353762958026803,1.24622699028897,-0.37733610751588,-0.780352171523047,-0.146271019240864,-0.625601018074375,1.35111140910872,0.902169031064868,-0.365748605991905,-1.58198452460799
"Erythrina_berteroana","ERYBER",23128.0286521642,2742.83176963497,9872.51959464513,7129.68782501016,36716,4267,15448,11181,"Erythrina_berteroana",NA,NA,NA,NA,NA,NA,NA,NA,NA,NA,NA,NA,NA,NA,NA,NA,NA,NA,NA,0.528237763662402,-1.74464376964413,-1.75294580416299,1.44127930389247,1.97498349300656,1.20163103637571,NA,NA,3.21542054498347,1.64223598882432
"Erythroxylum_brevipes","ERYBRE",22587.3241404863,2801.56848456804,7693.59227375779,4892.02378918976,18163,1873,3432,1559,"Erythroxylum_brevipes",NA,NA,NA,NA,0.849764475,137.1777778,3.84386116,253.7316667,6,NA,2.13728376326212,0.584767692593067,2.40437467224672,0.81606917035399,NA,-1.62765932377788,-1.64872434833311,1.40144609144021,-0.868877052552401,-0.131155430998083,0.81606917035399,-1.62765932377788,-1.64872434833311,1.40144609144021,-0.868877052552401,NA,NA,1.31347011653912,-2.03080146223835
"Erythrina_poeppigiana","ERYPOE",23700.5356511427,3361.15335841384,11315.925243984,7954.77188557014,26045,3707,12460,8753,"Erythrina_poeppigiana",245,NA,NA,245,0.324989708,124.2222222,502.1049163,379.2501888,24,2.38916608436453,2.09419929403339,2.70079447373744,2.57892580566121,-1.97836200759737,0.564914820285511,-1.90819140235461,1.57771453251625,2.19790753219369,1.32060725774983,0.564914820285511,-1.97836200759737,-1.90819140235461,1.57771453251625,2.19790753219369,1.32060725774983,-3.92336435519799,0.620468144229308,3.54328401188111,1.86814553262322
"NA.13","ERYROT",19738.8215736898,2463.70551725084,6861.23975173527,4397.53423448442,13499,1360,2927,1567,"Erythroxylum_rotundifolium",20.5465,NA,NA,20.5465,0.984493196,224.2222222,1.181258257,97.59893309,6,1.31273785248244,2.35067865241852,0.0723448572481165,1.98944507017019,1.53350103294183,-0.432729128787595,-0.238200131536619,-2.43004761613121,-0.491841120258347,-0.868877052552401,NA,NA,NA,NA,NA,NA,NA,NA,NA,NA
"Erythroxylum_rufum","ERYRUF",24845.7430203278,3951.48748293519,10144.4379616976,6192.95047876239,11126,1177,1751,574,"Erythroxylum_rufum",NA,NA,NA,NA,0.950822015,194.7111111,40.58090844,166.9023945,3,NA,2.28939073504203,1.6083217648773,2.22246256742027,1.35420163841732,NA,-0.637258705566849,-0.0880471939147077,0.571397186764655,-1.23379110426944,-0.0402668522841829,1.35420163841732,-0.637258705566849,-0.0880471939147077,0.571397186764655,-1.23379110426944,NA,NA,0.299217646780222,-1.44629851341898
"Erythroxylum_urbanii","ERYURB",20153.6701962017,3424.55494958535,8157.09268403798,4732.53773445264,19321,3799,5687,1888,"Erythroxylum_urbanii",NA,NA,NA,NA,NA,NA,NA,NA,NA,NA,NA,NA,NA,NA,NA,NA,NA,NA,NA,-0.10209192147441,1.13003416606993,-0.804324872784163,-0.62351772358197,0.59779612327651,-0.89491851823933,NA,NA,0.417324985735727,-1.55875992178728
"Eugenia_axillaris","EUGAXI",15447.0976390846,2068.1530750066,5315.58546701904,3247.43239201244,7863,951,1758,807,"Eugenia_axillaris",158.9,42,NA,42,0.888336743,289.6222222,15.56126218,81.26648576,6,1.6232492903979,2.46183188144975,1.1920448198759,1.90991147978434,1.02146690492818,-0.144944167394754,0.485542018218114,-0.722770786508999,-0.854745884884487,-0.868877052552401,-0.144944167394754,1.02146690492818,0.485542018218114,-0.722770786508999,-0.854745884884487,-0.868877052552401,1.87286574390866,0.1181877112853,-1.37131569677569,-1.23516335684836
"Eugenia_biflora","EUGBIF",26505.6605933607,3692.37717431784,10456.2220498323,6763.84487551451,28792,3624,10272,6648,"Eugenia_biflora",97.92,NA,NA,97.92,0.805339482,250.6444444,7.268658704,100.5496554,18,1.99087140480149,2.3990580828044,0.8614542772697,2.00238058653759,0.579505613327113,0.195771513518722,0.0768085574286323,-1.22684294183819,-0.432817498919844,0.590779154315755,0.195771513518722,0.579505613327113,0.0768085574286323,-1.22684294183819,-0.432817498919844,0.590779154315755,1.05146630254029,-0.15877535447975,-0.464948759506361,-1.2029714474039
"Eugenia_borinquensis","EUGBOR",9652.6912517838,2047.22150180586,4996.0732149583,2948.85171315245,6364,1464,3246,1782,"Eugenia_borinquensis",NA,NA,NA,NA,0.4665,NA,103.554,55.611,NA,NA,NA,2.01516687912881,1.7451607046539,-1.22481820779458,NA,NA,0.5322950941894,-1.60648915437133,NA,1.76327900309077,-1.22481820779458,2.66470735669179,0.5322950941894,-1.60648915437133,0.194101169964601,NA,NA,-2.20220823639091,1.44618074279333
"Eugenia_confusa","EUGCON",9709.42124094255,2054.19835391641,5014.36421355791,2960.16585964151,547,351,445,94,"Eugenia_confusa",NA,NA,NA,NA,NA,NA,NA,NA,NA,NA,NA,NA,NA,NA,NA,NA,NA,NA,NA,0.801908021241025,0.747071001787323,0.492170060519338,-0.632851275878297,-0.698499751504093,-0.342888339215518,NA,NA,-0.90082572646196,-1.0980857692245
"NA.14","EUGCOR",23284.2135219174,2488.16810125392,9767.01044248883,7278.84234123491,14259,1053,6472,5419,"Eugenia_cordata",95.8015267,NA,NA,95.8015267,NA,NA,NA,NA,NA,1.9813724300817,NA,NA,NA,NA,0.186967773175511,NA,NA,NA,NA,NA,NA,NA,NA,NA,NA,NA,NA,NA,NA
"Eugenia_domingensis","EUGDOM",24737.1586891189,3967.1961678043,10679.3318694532,6712.13570164889,22649,3583,8071,4488,"Eugenia_domingensis",25.87,NA,1060.6667,1060.6667,0.564446579,247.4166667,42.17733333,95.314,20,3.02557893423938,2.39342895160693,1.62507911791944,1.9791566957715,-0.703251639920188,1.1547483177588,0.0401560953309225,-0.0624962056771968,-0.53878606605331,0.834055188793782,1.1547483177588,-0.703251639920188,0.0401560953309225,-0.0624962056771968,-0.53878606605331,0.834055188793782,-0.411162483648303,-1.06831107357353,0.113435007472553,0.265113355766027
"Eugenia_eggersii","EUGEGG",19658.5296558589,2449.8549710121,8918.58347592037,6468.72850490827,10308,2075,6501,4426,"Eugenia_eggersii",NA,NA,NA,NA,0.672226716,NA,36.84157895,185.5536842,7,NA,NA,1.56633823484125,2.26846958176131,-0.129321271814915,NA,NA,-0.152062117955675,0.781323139177781,-0.747239035313388,0.994966642564644,-0.129321271814915,-0.0981012244464017,-0.152062117955675,0.781323139177781,-0.747239035313388,NA,NA,0.534020100670711,-0.327006611160879
"Eugenia_foetida","EUGFOE",11564.3151588212,2103.293925473,3268.50464192638,1165.21071645338,14914,2295,3580,1285,"Eugenia_foetida",NA,NA,NA,NA,0.940811223,272.948718,4.792203905,86.0395185,14,NA,2.43608105882944,0.680535288707702,1.93469797129494,1.30089406526415,NA,0.317872973570387,-1.50270148209007,-0.741647308246322,0.104227085359703,0.517451581934901,1.30089406526415,0.317872973570387,-1.50270148209007,-0.741647308246322,0.104227085359703,NA,NA,-0.983958225018677,-1.95861092184653
"Eugenia_ligustrina","EUGLIG",18807.8287794192,2544.33045597305,6491.56415352807,3947.23369755503,16439,1982,3586,1604,"Eugenia_ligustrina",NA,46.4,NA,46.4,1.01784157,261.3111111,4.456037929,83.21975984,3,1.66651798055488,2.41715787657319,0.648948878818567,1.92022645814867,1.71108147678124,-0.104842332789436,0.194660137328908,-1.55086326429475,-0.807679547538603,-1.23379110426944,-0.104842332789436,1.71108147678124,0.194660137328908,-1.55086326429475,-0.807679547538603,-1.23379110426944,2.63314623964206,0.780717407396693,-1.44138591151954,-2.32115123285885
"Eugenia_monticola","EUGMON",26913.668880551,3827.37670216372,10973.911184769,7146.53448260529,31118,4325,11512,7187,"Eugenia_monticola",NA,NA,NA,NA,0.858228983,200.6720867,2.900834804,106.903796,19,NA,2.30248696673142,0.462522997415551,2.02899312665484,0.861142764872339,NA,-0.551986375116606,-1.83511850979311,-0.311386823396452,0.712417171554768,0.465573700593996,0.861142764872339,-0.551986375116606,-1.83511850979311,-0.311386823396452,0.712417171554768,NA,NA,-0.00906325122868415,-1.93591608694896
"Eugenia_padronii","EUGPAD",7934.02860103454,1926.427463145,4161.23151800223,2234.80405485723,8602,2961,4331,1370,"Eugenia_padronii",NA,NA,NA,NA,NA,387.0555556,32.65742622,112.8289778,5.5,NA,2.58777330548113,1.5139819543597,2.05242065356943,NA,NA,1.30557322888177,-0.231893025819215,-0.20448908246126,-0.929696061171907,0.442453908262399,-0.216399933104388,1.30557322888177,-0.231893025819215,-0.20448908246126,-0.929696061171907,NA,NA,-1.21091910623921,0.101435236945373
"Eugenia_pseudopsidium","EUGPSE",20282.5204306645,2945.55508389231,7107.42251436692,4161.86743047461,21286,2973,6538,3565,"Eugenia_pseudopsidium",NA,NA,NA,NA,0.911617723,215.4848485,27.34892411,105.6434169,9,NA,2.33341673879292,1.43694024612536,2.02384243945667,1.14543836936648,NA,-0.350596096864526,-0.349363355169153,-0.334888955215802,-0.503963000835362,0.914709222521229,1.14543836936648,-0.350596096864526,-0.349363355169153,-0.334888955215802,-0.503963000835362,NA,NA,-0.0942923637190942,-1.48729714099274
"Eugenia_rhombea","EUGRHO",20518.0308392048,2903.79885697365,8372.61049152911,5468.81163455546,18647,1793,7229,5436,"Eugenia_rhombea",NA,126.5,NA,126.5,0.939445443,294.7888889,8.381956101,64.02254137,6,2.10209052551184,2.46951111018987,0.923345381963897,1.80633290943732,1.29362127233617,0.298850455069621,0.535543098396145,-1.13247368888569,-1.32736577428895,-0.868877052552401,0.298850455069621,1.29362127233617,0.535543098396145,-1.13247368888569,-1.32736577428895,-0.868877052552401,2.38732087504132,-0.122045980358004,-1.69782025529958,-1.74341870040789
"Eugenia_stahlii","EUGSTA",11138.6002889401,2234.00006232504,6585.56543498207,4351.56537265703,8419,1981,5317,3336,"Eugenia_stahlii",NA,NA,35240,35240,0.728793857,384.9,49.72505251,85.74476574,23,4.54703589974001,2.58534791109459,1.6965752504147,1.93320761816534,0.17189935158059,2.56484914050747,1.28978097378835,0.0465184361830145,-0.748447658250462,1.19896924051082,2.56484914050747,0.17189935158059,1.28978097378835,0.0465184361830145,-0.748447658250462,1.19896924051082,0.112292832940172,-2.51461751257958,-0.541177208264076,-0.299801740334853
"NA.15","EUGSTE",17138.1653466877,2288.55106732808,9208.34555475228,6919.79448742419,26014,3428,14103,10675,"Eugenia_stewardsonii",NA,NA,NA,NA,NA,NA,NA,NA,NA,NA,NA,NA,NA,NA,NA,NA,NA,NA,NA,NA,NA,NA,NA,NA,NA,NA,NA,NA,NA
"Eugenia_woodburyana","EUGWOO",4973.19501808851,847.542486866419,2193.61975529936,1346.07726843294,2892,572,814,242,"Eugenia_woodburyana",NA,NA,NA,NA,NA,NA,NA,NA,NA,NA,NA,NA,NA,NA,NA,NA,NA,NA,NA,0.438702715394936,0.131042255244583,0.936716282318825,-0.35575669574981,-0.323298981907757,-0.734295651914375,NA,NA,-1.04059072616485,-0.314432232277339
"Euphorbia_petiolaris","EUPPET",14319.5284476824,1741.35762493402,4978.17866585153,3236.82104091751,7792,845,1581,736,"Euphorbia_petiolaris",NA,NA,NA,NA,NA,NA,NA,NA,NA,NA,NA,NA,NA,NA,NA,NA,NA,NA,NA,-0.128355763390066,-0.137858667746241,-0.0745575446076154,-0.0673351554058152,0.391752800122289,-0.0239142491458742,NA,NA,0.213925920787681,-0.0263019439929043
"Exostema_caribaeum","EXOCAR",14864.3479677238,1880.24222863462,5719.73841634604,3839.49618771143,8033,945,1862,917,"Exostema_caribaeum",NA,7.5,NA,7.5,0.933805399,230.6464647,6.214811063,86.3030788,11,0.8750612633917,2.36294680222177,0.79342793015485,1.93602628913352,1.26358797845522,-0.838371964811942,-0.158319617137722,-1.33056698409006,-0.735586310996989,-0.260686966357336,-0.838371964811942,1.26358797845522,-0.158319617137722,-1.33056698409006,-0.735586310996989,-0.260686966357336,1.98291840105701,0.670429746987883,-1.00516487131724,-1.7350442322802
"Exothea_paniculata","EXOPAN",16250.6095228203,2736.9477224276,6552.11510911954,3815.16738669193,13170,2553,4611,2058,"Exothea_paniculata",NA,NA,NA,NA,0.737322109,131.8194445,57.96796526,162.4232733,14,NA,2.11997947714869,1.76318805641937,2.21064825853565,0.217312383572324,NA,-1.74033118532304,0.148087163559758,0.51748953637198,0.104227085359703,-0.0560106959056151,0.217312383572324,-1.74033118532304,0.148087163559758,0.51748953637198,0.104227085359703,NA,NA,1.49485126895495,-0.590319865116394
"Faramea_occidentalis","FAROCC",25897.078553725,3863.30135446042,11515.3212659955,7652.01991153508,22467,3472,8429,4957,"Faramea_occidentalis",300,NA,40,40,0.738158583,181.3407407,53.92664422,198.5756813,9,1.60205999132796,2.25849538530626,1.73180339558797,2.29792606125956,0.221766616458765,-0.164582611813164,-0.838424852786081,0.100233000809545,0.915730459495757,-0.503963000835362,-0.164582611813164,0.221766616458765,-0.838424852786081,0.100233000809545,0.915730459495757,-0.503963000835362,-0.369364282362803,1.18272792493949,0.937323942150919,-0.420664374000028
"Ficus_americana","FICAME",21558.1404979341,3726.9505266957,10444.2007710338,6717.25024433807,17160,3175,9131,5956,"Ficus_americana",NA,NA,NA,NA,0.486519806,215.0555556,53.79085778,126.1857886,17,NA,2.3325506663054,1.73070846984701,2.1010104461907,-1.11821252935704,NA,-0.356235277745012,0.0985634987910731,0.0172218596565328,0.469141137076742,-2.04018122535432,-1.11821252935704,-0.356235277745012,0.0985634987910731,0.0172218596565328,0.469141137076742,NA,NA,-0.00673477240722285,1.13690583045841
"Ficus_citrifolia","FICCIT",26391.6740007326,3945.01015835255,10918.5593548045,6973.5491964519,36085,4642,13449,8807,"Ficus_citrifolia",0.6,NA,NA,0.6,0.490161223,260.3827161,41.90101412,126.6175776,28,-0.221848749616356,2.41561215289339,1.62222453421666,2.10249400050581,-1.09882194536442,-1.85499862392678,0.184595603993278,-0.0668487686642785,0.0239911872691964,1.80715932670589,-1.85499862392678,-1.09882194536442,0.184595603993278,-0.0668487686642785,0.0239911872691964,1.80715932670589,-0.573508716606018,-0.411316896859557,-0.0548725662832283,1.22268086740877
"Ficus_crassinervia","FICCRA",25455.2809062377,3874.49530598149,10759.1605276391,6884.6652216576,39906,6002,16614,10612,"Ficus_crassinervia",NA,NA,NA,NA,0.42,NA,44.1,101.8,20,NA,NA,1.64443858946784,2.00774777800074,-1.47243119901666,NA,NA,-0.0329776039879102,-0.408327477217188,0.834055188793782,-2.26572332546764,-1.47243119901666,-0.0960046931703132,-0.0329776039879102,-0.408327477217188,0.834055188793782,NA,NA,-0.401376512899468,1.46660222388363
"Ficus_trigonata","FICTRI",28455.3040309995,4295.26286631078,12425.3012703955,8130.03840408474,36157,3913,15001,11088,"Ficus_trigonata",0.7884,NA,NA,0.7884,NA,NA,NA,NA,NA,-0.103253384392594,NA,NA,NA,NA,-1.74508330862821,NA,NA,NA,NA,-1.74508330862821,-0.99489496230864,-0.0822258670514282,-0.0458062100997768,0.204959861095437,1.69877669684014,NA,NA,0.233067584135762,1.06441017713929
"Forestiera_segregata","FORSEG",7251.06772791874,1068.14550298452,2145.28214568319,1077.13664269866,3504,525,637,112,"Forestiera_segregata",NA,12.1,NA,12.1,0.747903773,331.6888889,1.191740872,72.91821353,6,1.08278537031645,2.52073092352358,0.0761818341839652,1.8628360200547,0.27365985615613,-0.645851281860559,0.869046120622893,-2.42419713650541,-1.06954705945704,-0.868877052552401,-0.645851281860559,0.27365985615613,0.869046120622893,-2.42419713650541,-1.06954705945704,-0.868877052552401,2.68189749651721,0.502605496819112,-2.1275227292295,-1.37299230255966
"Garcinia_hessii","GARHES",4325.37613063561,902.443610326683,2132.44445914296,1230.00084881628,3413,556,1680,1124,"Garcinia_hessii",NA,NA,NA,NA,NA,NA,NA,NA,NA,NA,NA,NA,NA,NA,NA,NA,NA,NA,NA,-0.603790350220147,0.333684578399282,2.41030557517557,0.143288809252341,-1.92236922783029,0.137757578594975,NA,NA,-2.99004874529377,0.359477976944927
"Garcinia_portoricensis","GARPOR",17108.0686126044,2594.97444371833,8733.26655521477,6138.29211149644,9248,1035,3790,2755,"Garcinia_portoricensis",NA,NA,NA,NA,0.860291667,418.1555556,28.97146016,65.96088047,8,NA,2.62133787118035,1.46197038417339,1.81928644413304,0.872126578962359,NA,1.52411920497672,-0.31119833225413,-1.268259936906,-0.625601018074375,-0.498324892803872,0.872126578962359,1.52411920497672,-0.31119833225413,-1.268259936906,-0.625601018074375,NA,NA,-2.27195047692282,-0.578697737440725
"Gaussia_attenuata","GAUATT",22578.1478464087,2754.62700941833,8108.27303244313,5353.6460230248,14375,1023,3052,2029,"Gaussia_attenuata",NA,NA,NA,NA,0.160961377,198.4444445,86.4147816,183.2369273,18,NA,2.29763894523479,1.93658803667144,2.26301300048102,-2.85181460295381,NA,-0.583552866982015,0.412480999785795,0.756425239616357,0.590779154315755,-0.228108802481585,-2.85181460295381,-0.583552866982015,0.412480999785795,0.756425239616357,0.590779154315755,NA,NA,1.26562851340886,2.31808948244076
"Genipa_americana","GENAME",22927.5716109872,2874.03680447768,9056.03442642931,6181.99762195162,23463,2469,8432,5963,"Genipa_americana",106,NA,NA,106,0.626962069,NA,114.79,160.09,20,2.02530586526477,NA,2.05990405588441,2.20436420462101,-0.370355995261826,0.227685699809365,NA,0.600508676262135,0.488815952094845,0.834055188793782,0.227685699809365,-0.370355995261826,-1.12898455718334,0.600508676262135,0.488815952094845,0.834055188793782,NA,NA,1.43194867125965,0.259749343029131
"Gesneria_pedunculosa","GESPED",25944.818861302,3927.57553057373,12126.3859678619,8198.81043728814,17274,3073,9552,6479,"Gesneria_pedunculosa",NA,NA,NA,NA,0.744258131,299.7111111,31.62403286,150.555304,5,NA,2.47670284371298,1.50001725260323,2.17769606013012,0.254246773993876,NA,0.582369994257295,-0.253185883314229,0.367131558714274,-0.990515069791414,-0.432863449291079,0.254246773993876,0.582369994257295,-0.253185883314229,0.367131558714274,-0.990515069791414,NA,NA,-0.623652147454934,-0.292078482076562
"Goetzea_elegans","GOEELE",4377.56378023071,773.375115266425,1785.90350269171,1012.52838742529,9757,1719,4198,2479,"Goetzea_elegans",NA,NA,NA,NA,NA,NA,NA,NA,NA,NA,NA,NA,NA,NA,NA,NA,NA,NA,NA,-0.634591651696583,-0.658063738552406,1.84825405601431,0.129244159735951,-0.705908486358038,-1.0804812550264,NA,NA,-2.05799888106909,0.94365092540572
"Gomidesia_lindeniana","GOMLIN",16421.9550898485,2113.49337828904,8834.68551095575,6721.19213266671,9573,1504,5880,4376,"Gomidesia_lindeniana",NA,NA,NA,NA,NA,NA,NA,NA,NA,NA,NA,NA,NA,NA,NA,NA,NA,NA,NA,-0.266239328651067,0.279398121037935,-0.0900606833167969,-0.707214650897143,0.160556995532458,-0.768243825159036,NA,NA,-0.282866285346454,-0.731258814471913
"Gonzalagunia_hirsuta","GONHIR",24313.6832544133,4152.2356267795,11613.1197161302,7460.8840893507,26542,5106,15053,9947,"Gonzalagunia_hirsuta",NA,NA,NA,NA,NA,NA,NA,NA,NA,NA,NA,NA,NA,NA,NA,NA,NA,NA,NA,-0.911875565890929,0.509453430002119,-0.0914528409209391,-0.909860943021921,0.0452960249611902,-0.0612971362266715,NA,NA,-0.392516634653643,-0.859012552657477
"Gonocalyx_portoricensis","GONPOR",17084.3372812581,2070.35910712043,6980.7426784283,4910.38357130787,727,552,648,96,"Gonocalyx_portoricensis",NA,NA,NA,NA,NA,NA,NA,NA,NA,NA,NA,NA,NA,NA,NA,NA,NA,NA,NA,-0.0207923266360548,-0.182771594143686,0.239170860659066,0.0118413041837114,-0.33212231277038,0.0439676227943379,NA,NA,-0.38462891356467,0.098708162675804
"NA.16","GOSHIR",9756.20338573485,973.853113377929,2764.7935798654,1790.94046648747,8105,663,1555,892,"Gossypium_hirsutum",NA,NA,NA,NA,NA,NA,NA,NA,NA,NA,NA,NA,NA,NA,NA,NA,NA,NA,NA,NA,NA,NA,NA,NA,NA,NA,NA,NA,NA
"Guatteria_blainii","GUABLA",18957.0456574438,3176.23250670359,9745.33097016998,6569.09846346639,8972,1990,6315,4325,"Guatteria_blainii",NA,NA,NA,NA,0.630529512,273.2777778,15.99557038,114.0439278,18,NA,2.43660431749134,1.20399973103907,2.05707216648108,-0.35135932360066,NA,0.321280021230127,-0.704542382909551,-0.183264638925281,0.590779154315755,0.250916346444931,-0.35135932360066,0.321280021230127,-0.704542382909551,-0.183264638925281,0.590779154315755,NA,NA,-0.280115144052944,-0.137253342219674
"Guatteria_caribaea","GUACAR",19680.6545875855,3448.10315937549,10101.0681765424,6652.96501716692,1100,572,787,215,"Guatteria_caribaea",NA,NA,NA,NA,0.67859854,305.75,23.33428196,109.5496751,NA,NA,2.48536646570832,1.36799444136398,2.03961109387768,-0.0953912417035037,NA,0.63878066682365,-0.454489352219759,-0.262937974587793,NA,0.331459514274752,-0.0953912417035037,0.63878066682365,-0.454489352219759,-0.262937974587793,0.242111797376572,NA,NA,-0.589709740742942,-0.170870849043007
"Guapira_fragrans","GUAFRA",27359.2196245193,3919.21432185173,11059.8112175763,7140.59689572453,28369,3698,9953,6255,"Guapira_fragrans",52,NA,NA,52,0.628042363,317.4285714,25.32756662,124.6362122,22.5,1.7160033436348,2.5016460145515,1.40359346636885,2.09564424195208,-0.364603418299691,-0.0589788264430386,0.744780247577976,-0.400209283829544,-0.00726365742755965,1.13815023189131,-0.0589788264430386,-0.364603418299691,0.744780247577976,-0.400209283829544,-0.00726365742755965,1.13815023189131,0.0345125830337055,-0.851868935678095,-0.348748333612841,0.232215834346247
"Guarea_glabra","GUAGLA",13783.9970245697,2737.92601866275,7785.27688364405,5047.3508649813,7680,1921,4787,2866,"Guarea_glabra",595,NA,51.89,51.89,0.570363918,207.0296296,367.6059505,153.7631088,12,1.71508367069493,2.3160325051232,2.56538253276956,2.1868521510284,-0.671741747234918,-0.0598311880928119,-0.4637885138336,1.37124344473836,0.408909994670917,-0.139048949118323,-0.0598311880928119,-0.671741747234918,-0.4637885138336,1.37124344473836,0.408909994670917,-0.139048949118323,-1.23153203420082,0.0601157645819216,0.80539803632189,1.04794377371656
"Guarea_guidonia","GUAGUI",22014.7642019968,3222.50104076415,11469.9755862057,8247.47454544157,28296,4148,15523,11375,"Guarea_guidonia",500,NA,250.8,250.8,0.603745926,188.5873016,632.6101539,221.7594176,20,2.39932753215868,2.27551244645691,2.80113615841016,2.34588207235885,-0.493982201990202,0.574332546990734,-0.727623173635439,1.73071179875261,1.13454951237596,0.834055188793782,0.574332546990734,-0.493982201990202,-0.727623173635439,1.73071179875261,1.13454951237596,0.834055188793782,-2.18588545834784,-0.272444772470876,1.85070721225417,1.00379471640462
"Guapira_obtusata","GUAOBT",10703.1395983561,2405.74071905157,3720.43870041706,1314.69798136549,8602,2961,4331,1370,"Guapira_obtusata",NA,NA,NA,NA,0.659363774,245.7037037,82.56342337,124.8797467,4.5,NA,2.39041170301793,1.91678769203359,2.09649200915347,-0.197816573847949,NA,0.0205101525258408,0.382290171218288,-0.00339537039082056,-1.05133407841092,-0.653639533655767,-0.197816573847949,0.0205101525258408,0.382290171218288,-0.00339537039082056,-1.05133407841092,NA,NA,-0.36062081563832,0.297697537950844
"Guaiacum_officinale","GUAOFF",5602.16124310564,693.492244070777,1471.74473860915,778.252494538376,6549,821,1375,554,"Guaiacum_officinale",NA,241.2,NA,241.2,1.021323866,254.9222222,36.70473203,64.75539077,7,2.38237730346811,2.40640769564257,1.56472205776813,1.81127592849401,1.72962473976792,0.558622913419548,0.124663438854237,-0.154526404605318,-1.30481121389992,-0.747239035313388,0.558622913419548,1.72962473976792,0.124663438854237,-0.154526404605318,-1.30481121389992,-0.747239035313388,1.88186016069638,-0.333027384006565,-1.17135660584708,-1.70270585306572
"Guaiacum_sanctum","GUASAN",2674.51235307137,425.652122272399,702.414367553302,276.762245280904,1355,364,410,46,"Guaiacum_sanctum",NA,94.5,NA,94.5,0.952193579,201.2083333,14.03463595,77.7912531,2,1.97543180850926,2.30364596361679,1.14720115177939,1.89093076737579,1.3615052312064,0.18146194845823,-0.544439901616081,-0.79114674261493,-0.941353203071008,-1.35542912150845,0.18146194845823,1.3615052312064,-0.544439901616081,-0.79114674261493,-0.941353203071008,-1.35542912150845,1.87771396124143,0.836241234292258,-0.798287032816257,-1.87864849034682
"Guazuma_ulmifolia","GUAULM",22312.6012322865,2428.95062161982,9226.06686831638,6797.11624669656,18172,1356,8009,6653,"Guazuma_ulmifolia",47,NA,NA,47,0.525926316,NA,42.69,322.09,17,1.67209785793572,NA,1.63032615480395,2.50797724139145,-0.908372447319996,-0.0996708492286342,NA,-0.0544957191217849,1.87417548524385,0.469141137076742,-0.0996708492286342,-0.908372447319996,-2.54989494202561,-0.0544957191217849,1.87417548524385,0.469141137076742,NA,NA,3.02885567348851,0.0554843406222451
"Guettarda_elliptica","GUEELL",4245.18082985676,631.37263950076,1223.98031650045,592.607676999692,7033,893,1591,698,"Guettarda_elliptica",86.298,2.8,NA,2.8,0.908929778,221.1222222,6.119206652,131.2805784,7,0.447158031342219,2.34463239022173,0.786695120022571,2.1182004814772,1.13112503384626,-1.2349567603413,-0.27756862166893,-1.34083292239563,0.0956584759251783,-0.747239035313388,-1.2349567603413,1.13112503384626,-0.27756862166893,-1.34083292239563,0.0956584759251783,-0.747239035313388,1.69324278662415,1.48828351581471,-0.608406619761171,-1.61289150089558
"Guettarda_krugii","GUEKRU",13552.6745130783,2020.16035163216,4727.87292480748,2707.71257317532,4815,682,909,227,"Guettarda_krugii",NA,8,NA,8,NA,NA,NA,NA,NA,0.903089986991944,NA,NA,NA,NA,-0.812394676524795,NA,NA,NA,NA,-0.812394676524795,1.39417357014932,-0.769731836518216,-1.23304845108718,0.627480744881459,-0.453789428965377,NA,NA,0.214292001831007,-1.925724376799
"Guettarda_ovalifolia","GUEOVA",24700.622459054,4014.85342104733,11100.5107261762,7085.65730512887,14226,2931,8992,6061,"Guettarda_ovalifolia",NA,NA,NA,NA,0.713895038,174.7777778,47.2898828,202.675005,10,NA,2.24248621323918,1.67476823769112,2.30680019240338,0.0925629830157228,NA,-0.942663953247748,0.0132679148032853,0.95622233793834,-0.382324983596349,-0.475725060400303,0.0925629830157228,-0.942663953247748,0.0132679148032853,0.95622233793834,-0.382324983596349,NA,NA,0.988847456946426,-0.325152847198745
"Guettarda_pungens","GUEPUN",12472.1131476983,2461.49669068307,6579.050099371,4117.55340868793,7194,1871,3915,2044,"Guettarda_pungens",NA,NA,NA,NA,NA,NA,NA,NA,NA,NA,NA,NA,NA,NA,NA,NA,NA,NA,NA,-0.338474259255265,0.659588051464393,1.1462503671178,-0.413985154413155,-0.316993124022371,0.112928928710147,NA,NA,-1.2208291111013,-0.515586207130421
"Guettarda_scabra","GUESCA",21096.2960874736,3381.0168608129,8529.41124611348,5148.39438530058,17389,3414,6070,2656,"Guettarda_scabra",NA,NA,NA,NA,0.829841831,399.1616162,26.1900392,102.583055,14,NA,2.60114877240991,1.41813614845696,2.01107562853638,0.70998088059286,NA,1.39266371895011,-0.378035143436321,-0.393142788465061,0.104227085359703,-0.294392333609233,0.70998088059286,1.39266371895011,-0.378035143436321,-0.393142788465061,0.104227085359703,NA,NA,-1.42794124207037,-0.487421151215337
"Guettarda_valenzuelana","GUEVAL",17515.5924593173,2673.24367241003,9194.12400116213,6520.8803287521,12490,1634,6206,4572,"Guettarda_valenzuelana",NA,NA,160,160,0.604209748,421.6111111,86.13864724,90.23123049,22,2.20411998265592,2.62491204771168,1.93519804712456,1.95535687991419,-0.491512344940425,0.393412328803682,1.54739142323737,0.410361595457836,-0.647382528628961,1.07733122327181,0.393412328803682,-0.491512344940425,1.54739142323737,0.410361595457836,-0.647382528628961,1.07733122327181,0.0679107389458933,-1.98933443246552,-1.04117558649284,0.858510101521569
"Gyminda_latifolia","GYMLAT",16280.4672015682,2865.12521028705,5346.52154958993,2481.39633930288,18989,3388,5222,1834,"Gyminda_latifolia",38.2155,NA,NA,38.2155,0.862964727,350.5777778,6.320925642,80.30804239,12,1.58223954613532,2.54478438384932,0.800780681411605,1.90475903955891,0.886360651700339,-0.18295238940605,1.02566328088822,-1.31935578263108,-0.878256015612778,-0.139048949118323,-0.18295238940605,0.886360651700339,1.02566328088822,-1.31935578263108,-0.878256015612778,-0.139048949118323,2.07825688334679,-0.360138691261463,-1.69612260166586,-1.26007220217167
"Gymnanthes_lucida","GYMLUC",20154.8154818331,3102.73464415671,8261.89372395794,5159.15907980123,11989,2570,3941,1371,"Gymnanthes_lucida",NA,26.6,NA,26.6,0.923566003,237.236715,14.39291113,94.44891167,14,1.42488163663107,2.37518190175798,1.15814864382043,1.97519695793348,1.20906308658711,-0.328793200345412,-0.0786543000076609,-0.774454414198414,-0.556854000885826,0.104227085359703,-0.328793200345412,1.20906308658711,-0.0786543000076609,-0.774454414198414,-0.556854000885826,0.104227085359703,1.40163487459866,0.16745610791175,-0.641224659971827,-1.43930562598727
"NA.17","HAESAL",2480.24033007099,779.777671624877,1560.5977111233,780.820039498423,3167,1241,1975,734,"Haenianthus_salicifolius",NA,NA,NA,NA,0.581744373,402.6666667,9.587615762,106.0337309,NA,NA,2.6049456796014,0.981710620711332,2.02544404275003,-0.611140704137751,NA,1.4173861835797,-1.04348054510188,-0.327580980517523,NA,NA,NA,NA,NA,NA,NA,NA,NA,NA,NA
"Hamelia_axillaris","HAMAXI",27646.2769201919,4343.24344167113,11872.449483268,7529.20604159683,23121,3962,7541,3579,"Hamelia_axillaris",NA,NA,NA,NA,0.617386931,NA,34.58133333,223.3773333,10,NA,NA,1.53884173407088,2.34903910198386,-0.421343706262776,NA,NA,-0.193987758955763,1.14895476036521,-0.382324983596349,-0.862840081503098,-0.421343706262776,-1.06300158645362,-0.193987758955763,1.14895476036521,-0.382324983596349,NA,NA,1.11365992015427,0.0140981723762561
"Hedyosmum_arborescens","HEDARB",3101.56319556117,741.017337818053,1642.94691270382,901.92957488577,3600,1052,2018,966,"Hedyosmum_arborescens",NA,NA,NA,NA,0.407625,NA,39.718,173.467,2.5,NA,NA,1.59898737147409,2.23921686770883,-1.53832820474512,NA,NA,-0.102279929565133,0.64784558263357,-1.29461011288895,-0.115190696842256,-1.53832820474512,0.439135541534721,-0.102279929565133,0.64784558263357,-1.29461011288895,NA,NA,-0.149461249092411,1.09703616352534
"Helicteres_jamaicensis","HELJAM",16592.906201633,2298.88846768753,5511.70846663171,3212.81999894418,18009,2462,4669,2207,"Helicteres_jamaicensis",1337.96,2.7,NA,2.7,0.807694796,276.3492064,98.06386984,119.1847257,5.5,0.431363764158987,2.44145822174357,1.99150902757012,2.07622060129975,0.592047685258452,-1.24959503776537,0.352884816959706,0.496222482639081,-0.0958920181606983,-0.929696061171907,-1.24959503776537,0.592047685258452,0.352884816959706,0.496222482639081,-0.0958920181606983,-0.929696061171907,0.840592073803984,0.506490133774829,-0.80825970575002,-0.0735494481615558
"Henriettea_fascicularis","HENFAS",19018.168498381,2642.76023736782,10133.4482254693,7490.6879881015,25430,3074,13649,10575,"Henriettea_fascicularis",NA,NA,NA,NA,0.47443242,188.5555556,28.77933333,280.3733333,3,NA,2.27543933298072,1.45908072933458,2.44773670490305,-1.18257798749717,NA,-0.728099230920457,-0.315604370404145,1.59930322549531,-1.23379110426944,-1.68359588572082,-1.18257798749717,-0.728099230920457,-0.315604370404145,1.59930322549531,-1.23379110426944,NA,NA,0.823974779953512,0.724945993887633
"Henriettea_macfadyenii","HENMAC",15958.328108307,2096.12930340506,8646.71420175396,6550.5848983489,9897,2052,6269,4217,"Henriettea_macfadyenii",NA,NA,NA,NA,0.575499409,196.6666667,33.9067605,192.6020724,5,NA,2.29373075699609,1.5302862986492,2.28466095582612,-0.644395203409024,NA,-0.608999906012472,-0.207032768467486,0.855202952291422,-0.990515069791414,-1.79773743897199,-0.644395203409024,-0.608999906012472,-0.207032768467486,0.855202952291422,-0.990515069791414,NA,NA,0.287400275474548,0.410082753200397
"Henriettea_squamulosa","HENSQU",4286.94659338112,1143.43063880375,2685.7856083716,1542.35496956785,4840,1630,3109,1479,"Henriettea_squamulosa",NA,NA,NA,NA,0.727746374,280.0598291,22.86491239,126.3955792,16,NA,2.44725081945783,1.35916954166192,2.10173188436867,0.166321493540068,NA,0.390601644072334,-0.467945230837184,0.0205137184912321,0.347503119837729,-1.41263662422291,0.166321493540068,0.390601644072334,-0.467945230837184,0.0205137184912321,0.347503119837729,NA,NA,-0.641118529716169,-0.121166253683942
"Hibiscus_elatus","HIBELA",27007.9333142322,3523.4744343888,10995.8735958189,7472.39916143008,31773,3387,12705,9318,"Hibiscus_elatus",100,NA,NA,100,NA,NA,NA,NA,NA,2,NA,NA,NA,NA,0.204231982590043,NA,NA,NA,NA,0.204231982590043,-0.399211308905272,-2.21029975528308,0.589109952514951,2.47600782361247,-0.264927991164777,NA,NA,3.12850399403818,-0.0180112265685766
"Hibiscus_tiliaceus","HIBTIL",18577.4459951269,3309.05934917927,9748.58398714289,6439.52463796362,28978,5155,15212,10057,"Hibiscus_tiliaceus",NA,NA,NA,NA,0.435488973,NA,113.4033333,203.5993333,7,NA,NA,2.0546258200994,2.30877635153994,-1.38995225416746,NA,NA,0.592460618784422,0.965239377944205,-0.747239035313388,-0.691400897928038,-1.38995225416746,-0.668073771379258,0.592460618784422,0.965239377944205,-0.747239035313388,NA,NA,0.924690125440548,1.23214471969928
"NA.18","HIECLU",27892.3996825963,4331.73755265772,12206.2102632821,7874.47271062434,40496,6358,17079,10721,"Hieronyma_clusioides",NA,NA,NA,NA,0.766104499,300.9111111,64.4671664,115.0225629,18,NA,2.47843822429816,1.80933858158246,2.06078304019552,0.370578914377063,NA,0.593669423759343,0.218455766681732,-0.166332249159355,0.590779154315755,NA,NA,NA,NA,NA,NA,NA,NA,NA,NA
"Hippomane_mancinella","HIPMAN",11393.7739642036,1721.59990305675,5230.80305311081,3509.20315005406,10157,1460,4171,2711,"Hippomane_mancinella",NA,NA,NA,NA,NA,NA,NA,NA,NA,NA,NA,NA,NA,NA,NA,NA,NA,NA,NA,-0.0846720254124153,-0.355050428310638,-0.328882131986441,0.0899606053612017,1.59673105172437,1.18689447153075,NA,NA,1.46804467554154,0.266266309224699
"Hirtella_rugosa","HIRRUG",15772.7658558581,2549.39507006016,8615.68223193102,6066.28716187086,11464,2181,6872,4691,"Hirtella_rugosa",96.892,NA,90,90,0.856089422,212.6222222,19.07064454,124.9520373,9,1.95424250943932,2.3276086528236,1.28036537135933,2.09674334154238,0.849749579945197,0.161823504039819,-0.388413771276952,-0.588102896752865,-0.00224856284699754,-0.503963000835362,0.161823504039819,0.849749579945197,-0.388413771276952,-0.588102896752865,-0.00224856284699754,-0.503963000835362,0.841306997194933,0.661493203080589,-0.0508890364658825,-1.2499470527072
"Hirtella_triandra","HIRTRI",23071.8016264485,2555.20283719152,9717.79695604369,7162.59411885217,36157,3913,15001,11088,"Hirtella_triandra",NA,NA,NA,NA,NA,NA,NA,NA,NA,NA,NA,NA,NA,NA,NA,NA,NA,NA,NA,0.489335155719371,1.19567449474557,-0.950548433429812,-0.575498270610015,0.560942679704674,-0.315599034497826,NA,NA,0.767291345599239,-1.68536036926128
"Homalium_racemosum","HOMRAC",22030.2602131069,3264.41969027743,10166.6045065243,6902.18481624685,13206,1768,6155,4387,"Homalium_racemosum",NA,NA,11,11,0.790200521,187.9555556,35.3446682,226.0411287,30,1.04139268515823,2.27405516713823,1.54832390905332,2.35418746721088,0.498890486075407,-0.684214417145285,-0.737111827056343,-0.1795296914535,1.17244629723481,2.05043536118391,-0.684214417145285,0.498890486075407,-0.737111827056343,-0.1795296914535,1.17244629723481,2.05043536118391,-0.862755461162967,0.230703094048675,1.42494224299957,-0.489319319840892
"Hura_crepitans","HURCRE",20628.9790166095,2242.28631736198,8434.16097685462,6191.87465949263,18718,1950,8781,6831,"Hura_crepitans",868,NA,NA,868,NA,NA,NA,NA,NA,2.93851972517649,NA,NA,NA,NA,1.07406101268802,NA,NA,NA,NA,1.07406101268802,1.25895048106389,-2.37032721953687,-0.0657322370924155,3.18066531025148,1.58342478266888,NA,NA,4.01113016313658,-1.72739832336166
"Hymenaea_courbaril","HYMCOU",24616.4751716629,2610.80534235388,9952.45670435578,7341.6513620019,21052,1623,7689,6066,"Hymenaea_courbaril",3678,NA,NA,3678,NA,NA,NA,NA,NA,3.56561172490206,NA,NA,NA,NA,1.65525585736846,NA,NA,NA,NA,1.65525585736846,1.35008341005956,-2.63864634079396,-0.122802289832007,2.10641181178958,0.184303074011035,NA,NA,3.32583555224842,-2.1134292907129
"Hypelate_trifoliata","HYPTRI",3411.47746350624,718.513920051504,1542.39206199973,823.878141948226,1563,450,558,108,"Hypelate_trifoliata",NA,25.1,NA,25.1,1.028529859,310.4444444,8.701129903,54.73865275,6,1.39967372148104,2.49198389227666,0.93957565247787,1.7382941041731,1.76799672861642,-0.352156136464435,0.681868128808846,-1.10772637646998,-1.63782084729729,-0.868877052552401,-0.352156136464435,1.76799672861642,0.681868128808846,-1.10772637646998,-1.63782084729729,-0.868877052552401,2.9411642170806,-0.118927753922076,-2.17632619638077,-1.95976255803559
"Ilex_nitida","ILENIT",20229.9186244067,3372.43158410862,9951.48174015991,6579.05015605129,4232,1433,3418,1985,"Ilex_nitida",NA,NA,NA,NA,0.655514127,259.2698413,48.32122012,126.0084656,17,NA,2.41375200184942,1.68413789176981,2.10039972321171,-0.218315984790295,NA,0.172483767682586,0.0275544146193366,0.0144351845187848,0.469141137076742,-0.300060268812423,-0.218315984790295,0.172483767682586,0.0275544146193366,0.0144351845187848,0.469141137076742,NA,NA,-0.0842269701513891,0.20469419501427
"Ilex_sideroxyloides","ILESID",17295.4798978725,2266.32029506937,9178.9859837871,6912.66568871774,26776,3452,14237,10785,"Ilex_sideroxyloides",NA,NA,NA,NA,0.772795015,NA,18.70666667,180.1566667,3,NA,NA,1.27199640771405,2.2556503378294,0.40620598275511,NA,NA,-0.600863581040112,0.722830058716735,-1.23379110426944,0.0179964938039418,0.40620598275511,0.71462421778436,-0.600863581040112,0.722830058716735,-1.23379110426944,NA,NA,-0.534399311656151,-0.656378925659919
"NA.19","ILEURB",13124.6541664321,2726.80233924557,6950.15678424295,4223.35444499739,8492,2953,4310,1357,"Ilex_urbaniana",NA,NA,NA,NA,NA,NA,NA,NA,NA,NA,NA,NA,NA,NA,NA,NA,NA,NA,NA,NA,NA,NA,NA,NA,NA,NA,NA,NA,NA
"Indigofera_suffruticosa","INDSUF",26362.8378283978,3682.49324214458,10001.1522710919,6318.65902894735,16102,1638,3224,1586,"Indigofera_suffruticosa",NA,NA,NA,NA,NA,NA,NA,NA,NA,NA,NA,NA,NA,NA,NA,NA,NA,NA,NA,0.238639060385263,0.10066964483774,-0.527171680275599,0.364044205618715,0.214866825074801,0.262217926484626,NA,NA,0.626726890243573,-0.141423958927368
"Inga_laurina","INGLAU",25317.0941278189,3522.36601686478,11818.9202558547,8296.55423898995,19111,2395,10888,8493,"Inga_laurina",892.86,NA,523.3333,523.3333,0.679611516,220.5111111,206.1755368,141.7319236,28,2.7187783700275,2.34343047755825,2.31423713396864,2.15146768145296,-0.0899971338025105,0.870402629497704,-0.285394528864503,0.988306287865756,0.247453777990648,1.80715932670589,0.870402629497704,-0.0899971338025105,-0.285394528864503,0.988306287865756,0.247453777990648,1.80715932670589,-1.37177631709221,-1.24762428649174,1.1194198183842,0.394518092534376
"Inga_vera","INGVER",22509.1590738222,3195.197265286,11588.826367341,8393.62910205498,23756,2756,13047,10291,"Inga_vera",NA,NA,320,320,0.605008315,173.4920635,523.3424,242.7776,9,2.50514997831991,2.23927961251599,2.71878592170714,2.38520861384816,-0.487259967229431,0.672409799112105,-0.963542807789673,1.60514722276832,1.3139930558335,-0.503963000835362,0.672409799112105,-0.487259967229431,-0.963542807789673,1.60514722276832,1.3139930558335,-0.503963000835362,-1.89339299036365,0.626533941780366,1.80768856959741,0.768102338400971
"Ixora_ferrea","IXOFER",22626.2469699606,3684.21492485702,9554.04013288021,5869.82520802319,20280,3301,7267,3966,"Ixora_ferrea",NA,NA,26.976,26.976,0.697065875,230.0740741,68.4412724,137.0760111,9,1.43097755294465,2.36186768294647,1.83531807496553,2.13696145801006,0.00294751225886477,-0.323143446981301,-0.16534599064888,0.258068331278183,0.181263158673455,-0.503963000835362,-0.323143446981301,0.00294751225886477,-0.16534599064888,0.258068331278183,0.181263158673455,-0.503963000835362,0.050619190179814,0.459182629554969,0.0398467512648871,0.0114560130717906
"Jacquinia_arborea","JACARB",12944.365000085,1618.1992004416,4208.7016917225,2590.5024912809,6344,658,992,334,"Jacquinia_arborea",NA,NA,NA,NA,NA,NA,NA,NA,NA,NA,NA,NA,NA,NA,NA,NA,NA,NA,NA,-0.161657309638896,-0.233567964434985,0.782999033741642,-0.0202882176616294,-0.691285242596865,-0.100792655570378,NA,NA,-1.04623770968191,0.2597582166919
"NA.20","JACBER",5641.01560190014,969.967055727154,2106.69083406947,1136.72377834231,5224,777,1242,465,"Jacquinia_berteroi",NA,NA,NA,NA,NA,NA,NA,NA,NA,NA,NA,NA,NA,NA,NA,NA,NA,NA,NA,NA,NA,NA,NA,NA,NA,NA,NA,NA,NA
"Jatropha_gossypiifolia","JATGOS",16012.2598811801,1758.18320873736,4819.31578585466,3061.1325771173,9852,807,1772,965,"Jatropha_gossypiifolia",NA,NA,NA,NA,NA,NA,NA,NA,NA,NA,NA,NA,NA,NA,NA,NA,NA,NA,NA,-0.172736755066071,-1.16141731347114,-1.03762245065848,0.820762257007871,1.80596902285411,-1.05512113552872,NA,NA,1.75766546823021,0.986340936567089
"Jatropha_hernandiifolia","JATHER",26805.6919715442,3964.87306837738,10716.4431408346,6751.57007245719,30309,4104,10177,6073,"Jatropha_hernandiifolia",NA,NA,NA,NA,0.467624435,165.4444444,173.11618,324.1464446,4,NA,2.21865218819618,2.23833766034408,2.51074126240639,-1.21883057954115,NA,-1.09785232404246,0.872577595336702,1.88678746957631,-1.11215308703043,-0.173392367094056,-1.21883057954115,-1.09785232404246,0.872577595336702,1.88678746957631,-1.11215308703043,NA,NA,1.85044022807081,1.04248483295336
"Koanophyllon_polyodon","KOAPOL",23331.2068358734,2773.95984763559,9955.92042002734,7181.96057239175,36716,4267,15448,11181,"Koanophyllon_polyodon",NA,NA,NA,NA,NA,NA,NA,NA,NA,NA,NA,NA,NA,NA,NA,NA,NA,NA,NA,0.635160767991485,-1.84965051725636,0.606341552913266,0.875700568392754,1.42337840086516,-0.659738441030678,NA,NA,0.739446893112705,1.82733277734505
"Krugiodendron_ferreum","KRUFER",14050.3506613047,1891.21120723964,4697.16354669695,2805.9523394573,16698,2314,4102,1788,"Krugiodendron_ferreum",90.09,46.4,NA,46.4,0.957352001,170.1014493,13.66621734,117.8833885,17,1.66651798055488,2.23070801390834,1.13564832322204,2.0714526109385,1.38897388284954,-0.104842332789436,-1.0193542966434,-0.808762065621883,-0.117647938035467,0.469141137076742,-0.104842332789436,1.38897388284954,-1.0193542966434,-0.808762065621883,-0.117647938035467,0.469141137076742,0.834612996817829,0.659851761735409,0.388734810623365,-1.83012621953518
"Laetia_procera","LAEPRO",16709.8868591581,2053.05596105661,8940.92393315863,6887.86797210202,25320,3067,13627,10560,"Laetia_procera",4,NA,5.7,5.7,0.666998579,NA,128.0608,302.43,30,0.755874855672491,NA,2.10741621054844,2.4806248694622,-0.157161156569513,-0.948835063930893,NA,0.672953441369527,1.74936902235446,2.05043536118391,-0.948835063930893,-0.157161156569513,-2.86024472637418,0.672953441369527,1.74936902235446,2.05043536118391,NA,NA,3.41028573460987,0.0342666982079095
"Laguncularia_racemosa","LAGRAC",23143.3445813619,3027.92984233797,8254.95576461218,5227.02592227422,12970,1015,1831,816,"Laguncularia_racemosa",280,NA,NA,280,NA,NA,NA,NA,NA,2.44715803134222,NA,NA,NA,NA,0.618662309698808,NA,NA,NA,NA,0.618662309698808,1.30040710205918,-1.46681600136805,-0.61800086429218,1.48305768049656,1.79604475269764,NA,NA,2.1913011906949,-1.77312864566667
"Lantana_camara","LANCAM",28939.8592758477,4284.02730923891,12172.3479264081,7888.32061716914,17474,1603,3893,2290,"Lantana_camara",NA,NA,NA,NA,0.915896948,434.0222222,3.350265015,88.75113465,3.5,NA,2.63751196622164,0.525079162260683,1.94817391405484,1.16822528769686,NA,1.62943215375518,-1.73973519787492,-0.680157768899879,-1.17297209564993,-0.605646014481984,1.16822528769686,1.62943215375518,-1.73973519787492,-0.680157768899879,-1.17297209564993,NA,NA,-2.43700960110908,-1.55589982260704
"Lantana_involucrata","LANINV",20719.3921467718,2595.87977683358,7603.6331958212,5007.75341898762,18848,1725,5293,3568,"Lantana_involucrata",NA,NA,NA,NA,NA,NA,NA,NA,NA,NA,NA,NA,NA,NA,NA,NA,NA,NA,NA,-0.596353311911576,1.12577546074303,1.59597662686039,-1.67713988894218,-0.647159599755905,-1.13063678040612,NA,NA,-2.36581638278562,-1.49516391194639
"Leucaena_leucocephala","LEULEU",20729.5500384974,2664.03781988978,7626.66400050599,4962.62618061621,18827,1818,5085,3267,"Leucaena_leucocephala",43.27,48.2,NA,48.2,0.687443655,147.5111111,59.03898181,109.7780581,9,1.68304703823885,2.16882473426453,1.77113885900957,2.04051554413631,-0.0482909108894549,-0.0895230445230376,-1.4222894001365,0.160210251433497,-0.258811047755597,-0.503963000835362,-0.0895230445230376,-0.0482909108894549,-1.4222894001365,0.160210251433497,-0.258811047755597,-0.503963000835362,-0.159110225704015,0.922869111609748,0.68033072792512,-0.34858301482819
"NA.21","LICBRI",12351.7944014929,2524.91393612698,6527.61378648132,4002.69985035434,547,351,445,94,"Licaria_brittoniana",NA,NA,NA,NA,0.562043713,148.6666667,34.84209848,146.8035856,25,NA,2.17221360408985,1.54210430393721,2.16673666312281,-0.716046926753861,NA,-1.4002237529754,-0.189013113851075,0.317124795885058,1.44224527498885,NA,NA,NA,NA,NA,NA,NA,NA,NA,NA
"Licaria_parvifolia","LICPAR",25746.6362160519,3679.11156633496,9961.2592272386,6282.14766090363,22337,3269,6259,2990,"Licaria_parvifolia",NA,NA,NA,NA,0.780449774,252.0888889,16.2295638,80.26022878,19,NA,2.40155370408279,1.21030684750345,1.90450039334636,0.446967655294338,NA,0.0930580746468081,-0.694925526465172,-0.879436195489359,0.712417171554768,0.688193863792028,0.446967655294338,0.0930580746468081,-0.694925526465172,-0.879436195489359,0.712417171554768,NA,NA,-0.495812612457511,-0.89855091096219
"Lonchocarpus_glaucifolius","LONGLA",18185.0092702229,3223.28886271361,7440.63125391956,4217.34239120595,4068,1459,2109,650,"Lonchocarpus_glaucifolius",NA,NA,NA,NA,0.80414719,234.7948718,84.5287233,94.15122388,18,NA,2.37068860716977,1.92700430955353,1.97382596982136,0.573156645831841,NA,-0.107911090054139,0.397868089366977,-0.563109698833344,0.590779154315755,0.115303648663081,0.573156645831841,-0.107911090054139,0.397868089366977,-0.563109698833344,0.590779154315755,NA,NA,-0.127863888570572,-0.365759682794549
"Lonchocarpus_heptaphyllus","LONHEP",19485.1630641706,3591.47354800999,10201.5762783028,6610.10273029283,29683,5519,15701,10182,"Lonchocarpus_heptaphyllus",91,NA,NA,91,0.685125371,NA,192.71,144.06,10,1.95904139232109,NA,2.28490425140759,2.15854341044067,-0.0606357976796114,0.166271154452087,NA,0.943580600258343,0.279739705865737,-0.382324983596349,0.166271154452087,-0.0606357976796114,-0.135423234609275,0.943580600258343,0.279739705865737,-0.382324983596349,NA,NA,0.353086707804319,0.35655789220887
"Lonchocarpus_sericeus","LONSER",12397.1597164012,2450.31948793959,3778.54378877673,1328.22430083714,19211,3792,5665,1873,"Lonchocarpus_sericeus",NA,NA,NA,NA,NA,NA,NA,NA,NA,NA,NA,NA,NA,NA,NA,NA,NA,NA,NA,0.14447963975919,0.250387524007587,-0.1369670513001,0.65915568713036,-0.128228754576573,0.110184190406122,NA,NA,0.132011130645065,-0.00976032787476342
"Lyonia_stahlii","LYOSTA",9335.0974064419,1237.37365813789,4286.89008407961,3049.51642594172,16379,1836,7164,5328,"Lyonia_stahlii",NA,NA,NA,NA,NA,NA,NA,NA,NA,NA,NA,NA,NA,NA,NA,NA,NA,NA,NA,-0.0207923266360548,-0.182771594143686,0.239170860659066,0.0118413041837114,-0.33212231277038,0.0439676227943379,NA,NA,-0.38462891356467,0.098708162675804
"Machaerium_lunatum","MACLUN",17406.1475083969,1489.61342491116,5448.1237389709,3958.51031405973,17924,1144,4078,2934,"Machaerium_lunatum",NA,NA,NA,NA,NA,NA,NA,NA,NA,NA,NA,NA,NA,NA,NA,NA,NA,NA,NA,-0.610850440651038,1.26649484446225,-0.0202977766775375,-0.373004452674855,-0.311006572515056,-0.251217769516464,NA,NA,-0.608458527101301,-1.22748169223519
"Machaonia_portoricensis","MACPOR",8622.80807862733,1340.70211419277,3983.9799108752,2643.27779668244,6385,963,2396,1433,"Machaonia_portoricensis",1.606,NA,NA,1.606,0.909860211,148.2666667,0.752757741,144.8458491,5,0.205745540942662,2.17104352395198,-0.123344769715836,2.16090605398372,1.13607959940028,-1.45870015831655,-1.40784239187373,-2.7284278760795,0.290520240162333,-0.990515069791414,-1.45870015831655,1.13607959940028,-1.40784239187373,-2.7284278760795,0.290520240162333,-0.990515069791414,2.05558201491091,2.87364575023187,-0.077126893516332,-2.59749007322468
"Magnolia_portoricensis","MAGPOR",6725.48529741715,1696.95580061525,4207.84306922602,2510.88726861076,2434,1133,1856,723,"Magnolia_portoricensis",135.53,NA,NA,135.53,0.625100991,258.8444444,79.69494271,100.5107411,15,2.1320354383275,2.41303884811905,1.90143076276591,2.00221247520127,-0.380266255272097,0.326603685792521,0.16784027312626,0.358874497030608,-0.433584576133907,0.225865102598716,0.326603685792521,-0.380266255272097,0.16784027312626,0.358874497030608,-0.433584576133907,0.225865102598716,-0.129319149004235,-0.639975734021912,-0.19165442777716,0.371358014627078
"Magnolia_splendens","MAGSPL",16896.4094204791,2077.4750325121,9016.42895609606,6938.95392358396,25430,3074,13649,10575,"Magnolia_splendens",NA,NA,NA,NA,0.469333333,NA,109.2609091,106.7272727,25,NA,NA,2.03846480971939,2.02827541164239,-1.20973067963849,NA,NA,0.567818911643235,-0.314661693754948,1.44224527498885,0.015284066314286,-1.20973067963849,-0.608004275971996,0.567818911643235,-0.314661693754948,1.44224527498885,NA,NA,0.752747694383986,1.09512613329235
"Malpighia_coccigera","MALCOC",27666.4748565555,4246.15597914159,11495.4393114373,7249.28333229572,36168,5152,14086,8934,"Malpighia_coccigera",NA,NA,NA,NA,NA,NA,NA,NA,NA,NA,NA,NA,NA,NA,NA,NA,NA,NA,NA,-0.183778741298162,-0.613909038539852,1.12226531216,0.274875823401639,0.0232711540078837,-0.984792780255608,NA,NA,-0.964733673247553,0.752870249584304
"Malpighia_fucata","MALFUC",21562.61603917,3674.57488586009,11232.5240276717,7557.94914181158,5276,1073,2337,1264,"Malpighia_fucata",NA,NA,NA,NA,0.581113762,NA,70.40733333,126.6053333,5,NA,NA,1.84761789577405,2.1024520008944,-0.614498714374473,NA,NA,0.276822640267897,0.0237995467432369,-0.990515069791414,-0.183930885246073,-0.614498714374473,1.12557215527958,0.276822640267897,0.0237995467432369,-0.990515069791414,NA,NA,-0.967648512453121,0.754796177833174
"Mammea_americana","MAMAME",28511.8919908851,4353.59856501222,12326.6553806588,7973.05681564659,20120,2895,6431,3536,"Mammea_americana",73300,NA,NA,73300,0.789289012,378.5555556,100.8260137,76.09275534,17,4.86510397464113,2.57812962417954,2.0035725970779,1.8813433103102,0.494036691021303,2.8596376651113,1.24278118318418,0.514616564438308,-0.985099924838115,0.469141137076742,2.8596376651113,0.494036691021303,1.24278118318418,0.514616564438308,-0.985099924838115,0.469141137076742,0.30830093236266,-2.46628069533004,-0.700705565976617,-0.423876472216096
"Manilkara_bidentata","MANBID",18094.8812832704,2838.36548144603,7518.34612040548,4679.98063895945,11055,1510,3324,1814,"Manilkara_bidentata",1500,NA,594,594,0.839466604,268.0808081,150.4347989,93.17410025,12,2.77378644498119,2.42826572396196,2.17734830980701,1.9692952076148,0.76123289849315,0.921384637867884,0.266985677651577,0.779583303561191,-0.583783167542229,-0.139048949118323,0.921384637867884,0.76123289849315,0.266985677651577,0.779583303561191,-0.583783167542229,-0.139048949118323,0.345958027780616,-0.865695155797253,-0.335820958869475,-0.416635852208972
"Mangifera_indica","MANIND",24609.5033578202,3096.96697128564,11077.8336968273,7980.86672554165,16656,1183,8519,7336,"Mangifera_indica",16466,NA,NA,16466,0.576040704,181.1555556,283.4946667,125.7686667,18,4.2165881110755,2.25805165732958,2.45254489305416,2.09957245689427,-0.641512801815829,2.25858697914691,-0.841314059357527,1.19919281133183,0.0106604412089897,0.590779154315755,2.25858697914691,-0.641512801815829,-0.841314059357527,1.19919281133183,0.0106604412089897,0.590779154315755,-1.71354720055653,-0.978928955888452,1.48086537090572,0.474101522564575
"Manilkara_pleeana","MANPLE",12773.4484252334,2449.56205493072,3851.49589090096,1401.93383597024,19967,3815,5799,1984,"Manilkara_pleeana",NA,NA,NA,NA,NA,NA,NA,NA,NA,NA,NA,NA,NA,NA,NA,NA,NA,NA,NA,0.830885668434416,0.705061934545583,0.166959119779236,0.437536413074499,-0.498110982521317,0.106434600837834,NA,NA,-0.236284700497648,-0.543292664190816
"NA.22","MARMIC",27741.4561598748,4144.97690195031,12031.3662311956,7886.38932924531,44155,6519,18882,12363,"Margaritopsis_microdon",NA,NA,NA,NA,NA,NA,NA,NA,NA,NA,NA,NA,NA,NA,NA,NA,NA,NA,NA,NA,NA,NA,NA,NA,NA,NA,NA,NA,NA
"Margaritaria_nobilis","MARNOB",28089.4757292867,4326.97427910566,12183.5468862653,7856.57260715961,20665,3221,7158,3937,"Margaritaria_nobilis",11,NA,14.5,14.5,0.533196408,NA,76.37333333,156.216,13,1.16136800223497,NA,1.88294174588914,2.19372551325349,-0.869659130619357,-0.573020149311499,NA,0.330683132227741,0.440272540840202,-0.0174109318793096,-0.573020149311499,-0.869659130619357,-1.61264133987069,0.330683132227741,0.440272540840202,-0.0174109318793096,NA,NA,1.35551540861596,0.477724894352279
"Matayba_domingensis","MATDOM",12544.6994593199,2092.16958742077,7218.11789914872,5125.94831172796,8165,1951,5165,3214,"Matayba_domingensis",NA,NA,160.9677,160.9677,0.735805517,260.8888889,33.7343887,71.79409939,28,2.20673873864625,2.41645558315475,1.52807284472335,1.85608875193495,0.209236515151174,0.395839416825408,0.190087356557234,-0.210407760632506,-1.10033424933477,1.80715932670589,0.395839416825408,0.209236515151174,0.190087356557234,-0.210407760632506,-1.10033424933477,1.80715932670589,0.302926007378921,-1.55943159098273,-0.392376865515829,-0.305675001818803
"NA.23","MAYELO",27890.9849407524,4303.43966642767,12212.6141680032,7909.17450157553,36716,4267,15448,11181,"Maytenus_elongata",NA,NA,NA,NA,0.748879561,NA,27.24625,103.944375,3,NA,NA,1.43530673720432,2.01680099224797,0.278855937564272,NA,NA,-0.351854068775446,-0.367018458354071,-1.23379110426944,NA,NA,NA,NA,NA,NA,NA,NA,NA,NA
"Maytenus_laevigata","MAYLAE",16344.8953755327,2330.77452899946,5585.02692626149,3254.25239726203,14481,2036,4142,2106,"Maytenus_laevigata",NA,NA,NA,NA,NA,NA,NA,NA,NA,NA,NA,NA,NA,NA,NA,NA,NA,NA,NA,-0.928161388999741,1.07083362607018,1.47671849723096,-1.37846867352708,-1.7801490062453,-0.843765894804749,NA,NA,-2.91929009183491,-1.2623616316625
"NA.24","MAYPON",8783.32967560505,2274.5173477116,4315.78862886596,2041.27128115436,9240,2976,4447,1471,"Maytenus_ponceana",NA,NA,NA,NA,NA,NA,NA,NA,NA,NA,NA,NA,NA,NA,NA,NA,NA,NA,NA,NA,NA,NA,NA,NA,NA,NA,NA,NA,NA
"Mecranium_latifolium","MECLAT",8265.57055969653,1645.92533429875,5001.76813020324,3355.84279590449,8246,1917,5203,3286,"Mecranium_latifolium",NA,NA,NA,NA,0.687666667,NA,41.47,172.274,5,NA,NA,1.61773403536402,2.23621973764206,-0.0471033696335751,NA,NA,-0.0736957141857951,0.634169942238647,-0.990515069791414,-1.99492724303997,-0.0471033696335751,0.188278903615914,-0.0736957141857951,0.634169942238647,-0.990515069791414,NA,NA,-0.476401881636361,0.230185270123944
"Melia_azedarach","MELAZE",25576.1907311529,3844.05813040026,10720.7250762545,6876.6669458542,40620,6022,16742,10720,"Melia_azedarach",NA,NA,NA,NA,NA,NA,NA,NA,NA,NA,NA,NA,NA,NA,NA,NA,NA,NA,NA,-0.0265572053253384,0.0679145039243146,-0.166547135936172,0.125954004857129,-0.0139363629764111,0.00813070751568259,NA,NA,0.077114421993381,-0.130952474186417
"Melicoccus_bijugatus","MELBIJ",22802.8103273865,2977.02201457694,8410.77627732791,5433.75426275097,21184,2465,6016,3551,"Melicoccus_bijugatus",2638.52,NA,NA,2638.52,NA,NA,NA,NA,NA,3.42136039048082,NA,NA,NA,NA,1.52156234518749,NA,NA,NA,NA,1.52156234518749,1.18700354210425,-2.10284812050863,0.432802246680976,1.72866330900447,1.53465485257422,NA,NA,3.13184384362997,-1.4504860375575
"Meliosma_herbertii","MELHER",22293.9614590798,2768.14068388846,9739.12712333538,6970.98643944692,15725,2715,9697,6982,"Meliosma_herbertii",NA,NA,102,102,0.485808211,246.6944445,210.465627,158.1109369,20,2.00860017176192,2.3921593693918,2.32318117749628,2.19896191212726,-1.12200178024927,0.212202703781799,0.0318895773927782,1.0019438325541,0.464165767482599,0.834055188793782,0.212202703781799,-1.12200178024927,0.0318895773927782,1.0019438325541,0.464165767482599,0.834055188793782,-1.48913698707734,-0.671483173229454,0.75967092233288,1.34542228603834
"NA.25","MELOBT",16797.1987381754,2244.57408695668,9085.46764409542,6840.89355713874,25903,3421,14081,10660,"Meliosma_obtusifolia",NA,NA,NA,NA,NA,NA,NA,NA,NA,NA,NA,NA,NA,NA,NA,NA,NA,NA,NA,NA,NA,NA,NA,NA,NA,NA,NA,NA,NA
"Melochia_tomentosa","MELTOM",5360.33840667578,542.528506742429,1222.38838767248,679.85988093005,8312,912,1757,845,"Melochia_tomentosa",NA,NA,NA,NA,NA,NA,NA,NA,NA,NA,NA,NA,NA,NA,NA,NA,NA,NA,NA,-0.277913511023822,-0.415300396654414,-1.16786353924339,0.346872098860785,1.03244804718249,-0.0781815967117977,NA,NA,1.41931228847788,0.187116638226665
"NA.26","MICCAL",18382.4229644686,3138.79102537595,9934.24880192243,6795.45777654648,13541,2101,8137,6036,"Miconia_calycina",NA,NA,NA,NA,NA,NA,NA,NA,NA,NA,NA,NA,NA,NA,NA,NA,NA,NA,NA,NA,NA,NA,NA,NA,NA,NA,NA,NA,NA
"Miconia_foveolata","MICFOV",1389.61642655685,338.789576177493,699.963009853697,361.173433676205,3351,661,1560,899,"Miconia_foveolata",NA,NA,NA,NA,NA,NA,NA,NA,NA,NA,NA,NA,NA,NA,NA,NA,NA,NA,NA,-2.68444134192612,-1.11068877300734,0.892215610773684,0.215785274955443,-0.284844616517939,-0.928094778995032,NA,NA,-1.50496450121379,1.50233068981055
"Micropholis_garciniifolia","MICGAR",7290.983639871,1214.58838900342,3715.89663653448,2501.30824753107,6499,1037,2980,1943,"Micropholis_garciniifolia",NA,NA,NA,NA,NA,498.6444444,41.12332517,65.94702985,17,NA,2.69779098475229,1.61408822380329,1.81919524038575,NA,NA,2.02192157432093,-0.0792547119624781,-1.26867609156822,0.469141137076742,0.641740083931081,-0.643672589621476,2.02192157432093,-0.0792547119624781,-1.26867609156822,0.469141137076742,NA,NA,-1.91177784377014,0.733643222842999
"Micropholis_guyanensis","MICGUY",9102.547605325,1766.51128479303,5086.21119732293,3319.6999125299,8591,1989,5391,3402,"Micropholis_guyanensis",1142.86,NA,NA,1142.86,0.764370669,331.5755556,32.87008458,69.45061381,25,3.05799303271253,2.52058250601773,1.51680082159243,1.84167608841946,0.361346251311029,1.1847900132928,0.868079742896585,-0.227594921976364,-1.16609796294746,1.44224527498885,1.1847900132928,0.361346251311029,0.868079742896585,-0.227594921976364,-1.16609796294746,1.44224527498885,0.604664487587935,-2.03524725704854,-0.827522402739503,-0.440525337245429
"Miconia_impetiolaris","MICIMP",24713.9589484408,3156.70794440806,10028.2358588204,6871.52791441232,21467,1866,7258,5392,"Miconia_impetiolaris",NA,NA,NA,NA,0.758613667,213.5833333,210.3095,195.8715,4.5,NA,2.32956736006884,2.32285889087173,2.2919712491996,0.330690154844546,NA,-0.375660214724754,1.00145242190396,0.888559176789522,-1.05133407841092,-1.1717189266267,0.330690154844546,-0.375660214724754,1.00145242190396,0.888559176789522,-1.05133407841092,NA,NA,0.405174802487399,0.223319166004968
"Miconia_laevigata","MICLAE",28669.5124969184,4372.63251060247,12461.1635904014,8088.53107979894,38040,5566,17272,11706,"Miconia_laevigata",NA,NA,NA,NA,0.483406458,NA,26.38,188.8626667,3,NA,NA,1.42127479121035,2.27614611753758,-1.13479114034619,NA,NA,-0.373249457781083,0.816350495487423,-1.23379110426944,-2.30625061001954,-1.13479114034619,0.183454677099001,-0.373249457781083,0.816350495487423,-1.23379110426944,NA,NA,-0.439067282933959,0.970352548850191
"Miconia_mirabilis","MICMIR",14395.0477579273,2553.14625953138,6974.52825996652,4421.38200043514,4938,1419,2735,1316,"Miconia_mirabilis",NA,NA,NA,NA,0.595931942,248.1666667,34.34466667,123.8166667,12,NA,2.39474344742687,1.53585930571516,2.09277910808197,-0.535591749336469,NA,0.048715055235694,-0.198535254711485,-0.0203370108083356,-0.139048949118323,-2.38846169714811,-0.535591749336469,0.048715055235694,-0.198535254711485,-0.0203370108083356,-0.139048949118323,NA,NA,-0.643442215227391,0.634062240115251
"Miconia_pachyphylla","MICPAC",10147.1367333236,1539.19590290496,5406.74090280919,3867.54499990423,969,664,863,199,"Miconia_pachyphylla",NA,NA,NA,NA,0.687583333,NA,44.74133333,118.1053333,NA,NA,NA,1.65070892230047,2.07226950955647,-0.0475471240639087,NA,NA,-0.0234168338561992,-0.113920501624804,NA,-2.17794023806787,-0.0475471240639087,0.0273356814049756,-0.0234168338561992,-0.113920501624804,0.172419556087688,NA,NA,-0.580154377387741,0.319280912721616
"Miconia_prasina","MICPRA",25053.8093262315,3057.13199536502,10566.6949853823,7509.56299001724,26240,2744,10677,7933,"Miconia_prasina",5.7168,NA,0.32,0.32,0.661806593,168.6666667,58.25319992,156.3868944,9,-0.494850021680094,2.22702926220597,1.76531978668396,2.19420035532073,-0.184808536867215,-2.10801880594806,-1.04330742592896,0.151337546527707,0.442439203351125,-0.503963000835362,-2.10801880594806,-0.184808536867215,-1.04330742592896,0.151337546527707,0.442439203351125,-0.503963000835362,-0.0686956466568265,1.68771833248437,0.40305800778114,0.216163872684934
"Miconia_racemosa","MICRAC",21878.7144184886,3107.91156745329,10145.7164554093,7037.80488795601,15760,2375,8700,6325,"Miconia_racemosa",2,NA,2,2,0.437214564,169.030303,100.444,226.4932,10,0.301029995663981,2.22796456997429,2.00192399937479,2.35505516773159,-1.38076346386346,-1.37038961714164,-1.03721743951268,0.512102844018696,1.17640553825119,-0.382324983596349,-1.37038961714164,-1.38076346386346,-1.03721743951268,0.512102844018696,1.17640553825119,-0.382324983596349,-1.40154688499461,1.54081131351624,1.2253396437416,1.24424006030007
"Miconia_serrulata","MICSER",19937.4714807384,2939.2658396028,10122.140857501,7182.87501789816,14995,2094,9479,7385,"Miconia_serrulata",NA,NA,NA,NA,NA,NA,NA,NA,NA,NA,NA,NA,NA,NA,NA,NA,NA,NA,NA,-2.04975874607312,-0.457223765783608,-0.183731604955306,0.0315121088629714,0.452995340036232,-0.489345524582048,NA,NA,-0.164480556676149,0.562953652066412
"Miconia_sintenisii","MICSIN",10125.1652304493,1976.81418904988,5916.86371873133,3940.04952968145,5481,1592,3538,1946,"Miconia_sintenisii",0.048,NA,NA,0.048,0.436916667,NA,73.47866667,96.80666667,NA,-1.31875876262441,NA,1.86616126707967,1.98590526638172,-1.38234976853542,-2.87162528304162,NA,0.305096882680902,-0.507992933026348,NA,-2.87162528304162,-1.38234976853542,1.20034775222559,0.305096882680902,-0.507992933026348,-1.12864452214414,NA,NA,-1.89966805513971,1.85307213972452
"Miconia_tetrandra","MICTET",13194.4520665023,1969.40945975645,7132.52738047042,5163.11792071396,18931,2630,10114,7484,"Miconia_tetrandra",NA,NA,0.14,0.14,0.660691633,211.9494949,108.4375829,132.2611611,21,-0.853871964321762,2.32623238593182,2.03517982848709,2.12143233098787,-0.190745710645558,-2.44076376566978,-0.397374935676538,0.562810094521831,0.110405120459729,0.955693206032795,-2.44076376566978,-0.190745710645558,-0.397374935676538,0.562810094521831,0.110405120459729,0.955693206032795,-0.290717429181657,0.408572029425576,0.0990152828769766,0.748383744848258
"Miconia_thomasiana","MICTHO",10669.7169213832,833.881074654244,2711.05481653418,1877.17374187993,13291,901,3006,2105,"Miconia_thomasiana",NA,NA,NA,NA,NA,NA,NA,NA,NA,NA,NA,NA,NA,NA,NA,NA,NA,NA,NA,-2.19356027959008,-0.172122351793541,0.0470334640281251,-0.0181304761987177,-0.00453149429934358,0.0149767087034798,NA,NA,-0.554331095357584,0.418911053368489
"Morinda_citrifolia","MORCIT",19290.8179260788,2047.15277822339,6066.34885780769,4019.1960795843,14936,971,2549,1578,"Morinda_citrifolia",NA,NA,NA,NA,NA,NA,NA,NA,NA,NA,NA,NA,NA,NA,NA,NA,NA,NA,NA,-0.184171351667756,-1.0356933441756,-0.863186953281736,0.338333675685322,1.09796844397067,-0.426457398347169,NA,NA,1.24712832637313,0.705248408090562
"Mosiera_xerophytica","MOSXER",2752.70211900235,487.732613872044,685.133589824297,197.400975952253,3597,649,846,197,"Mosiera_xerophytica",NA,45.2,NA,45.2,0.804036265,270.6805556,13.74171065,70.3993454,5,1.65513843481138,2.43245705924695,1.13804079965305,1.84756862092493,0.572565969035039,-0.115389004288708,0.294276346901066,-0.805114106603909,-1.1392108563605,-0.990515069791414,-0.115389004288708,0.572565969035039,0.294276346901066,-0.805114106603909,-1.1392108563605,-0.990515069791414,1.79599176006638,0.156381980974007,-1.40571277397936,-0.988730604537603
"Mouriri_helleri","MOUHEL",14979.6166171804,2639.1566478163,6020.43544185534,3381.27879403904,547,351,445,94,"Mouriri_helleri",NA,NA,NA,NA,1.036882172,344.9444445,6.110736764,84.03922928,11,NA,2.53774915481262,0.786093575749844,1.92448206085698,1.81247288357455,NA,0.979855418791773,-1.34175013471419,-0.788261607373852,-0.260686966357336,-0.498884641390919,1.81247288357455,0.979855418791773,-1.34175013471419,-0.788261607373852,-0.260686966357336,NA,NA,-1.80400394366279,-1.96494262690806
"Muntingia_calabura","MUNCAL",20346.4964371573,2254.27490433108,6923.93855034054,4669.66364600946,16028,1058,3579,2521,"Muntingia_calabura",NA,NA,NA,NA,NA,NA,NA,NA,NA,NA,NA,NA,NA,NA,NA,NA,NA,NA,NA,-0.302662192893141,-0.4668732243948,-0.501716739090355,0.179780236159079,0.479287853862441,-0.236395895415339,NA,NA,0.552531965353751,0.281075667579777
"Myrcia_amazonica","MYRAMA",13259.8222410923,2478.62798738164,6472.26313729673,3993.63514991509,12544,2346,5644,3298,"Myrcia_amazonica",NA,NA,NA,NA,0.808737351,199.9333333,32.88439467,179.0231057,8,NA,2.30088520663144,1.51698985185444,2.25290908701575,0.597599301646915,NA,-0.562415773418859,-0.227306695668239,0.710321972806327,-0.625601018074375,0.696626587819222,0.597599301646915,-0.562415773418859,-0.227306695668239,0.710321972806327,-0.625601018074375,NA,NA,0.687998990781806,-0.991304642178789
"Myrciaria_borinquena","MYRBOR",6659.05332435468,903.607661374135,3205.35328157019,2301.74562019606,7244,933,3005,2072,"Myrciaria_borinquena",NA,NA,NA,NA,NA,NA,NA,NA,NA,NA,NA,NA,NA,NA,NA,NA,NA,NA,NA,-0.248244189999267,0.277930442247403,-0.165214349205749,-0.688758651035342,0.282689644614481,-0.788673588660931,NA,NA,-0.153599460527952,-0.740627808488465
"Myrica_cerifera","MYRCER",25578.0182803236,4065.0278153196,10964.4359388202,6899.40812350065,29106,5160,13588,8428,"Myrica_cerifera",NA,NA,NA,NA,NA,NA,NA,NA,NA,NA,NA,NA,NA,NA,NA,NA,NA,NA,NA,-0.0832720501456677,0.173424752377628,-0.043146192459386,0.0184196706596027,-0.084537680909211,-0.0312051874966643,NA,NA,-0.103803549337373,-0.236009288957557
"Myrcia_guianensis","MYRCIT",9641.77975465404,1527.1830119458,4393.21773125464,2866.03471930884,6396,1093,2308,1215,"Myrcia_guianensis",NA,NA,NA,NA,NA,NA,NA,NA,NA,NA,NA,NA,NA,NA,NA,NA,NA,NA,NA,-0.266235736848894,0.279403270121807,-0.090027235441722,-0.707215820198144,0.160499647530932,-0.768227852526344,NA,NA,-0.282920531782544,-0.731256085641262
"Myrsine_coriacea","MYRCOR",14010.9156882931,2165.70042947307,7122.38187931664,4956.68144984357,11485,1978,7148,5170,"Myrsine_coriacea",9.34,NA,NA,9.34,0.652871088,264.5555555,17.20402082,110.0151224,17,0.970346876230093,2.42251688587436,1.23562995945783,2.04145238628069,-0.232390195386135,-0.75006035028309,0.229553778710117,-0.656313787841748,-0.254536319603004,0.469141137076742,-0.75006035028309,-0.232390195386135,0.229553778710117,-0.656313787841748,-0.254536319603004,0.469141137076742,0.522752777650796,-0.0175606575668124,-0.516244973413726,-0.0590626912279356
"Myrcia_deflexa","MYRDEF",20718.8612076156,3059.4220328033,9578.61297978088,6519.19094697759,13790,2167,7535,5368,"Myrcia_deflexa",NA,NA,52,52,0.807127193,248.6611111,65.49730504,112.9646487,18,1.7160033436348,2.3956078698888,1.81622343082636,2.0529425560804,0.589025193287341,-0.0589788264430386,0.0543434924511282,0.228953528566052,-0.20210768729247,0.590779154315755,-0.0589788264430386,0.589025193287341,0.0543434924511282,0.228953528566052,-0.20210768729247,0.590779154315755,0.241727711690801,-0.442078295388224,-0.092773912481284,-0.392127820111579
"Myrcia_fallax","MYRFAL",5716.51069919358,1184.90212848637,3130.12785701838,1945.22572853201,7216,1699,4183,2484,"Myrcia_fallax",NA,NA,NA,NA,0.880047628,200.8888889,37.08876711,140.7603147,19,NA,2.30295591672404,1.56924239692464,2.14848022912309,0.977327279987664,NA,-0.54893294267251,-0.147633959699054,0.233822296256421,0.712417171554768,0.664228697496868,0.977327279987664,-0.54893294267251,-0.147633959699054,0.233822296256421,0.712417171554768,NA,NA,0.672232505049318,-1.15508840011221
"Myrciaria_floribunda","MYRFLO",21965.4075908493,3262.92975412309,9136.36181698553,5873.43206286244,682,18,119,101,"Myrciaria_floribunda",NA,NA,NA,NA,NA,NA,NA,NA,NA,NA,NA,NA,NA,NA,NA,NA,NA,NA,NA,0.243039151257535,0.617081024325504,-0.0106499338810528,-0.299259595952277,-0.329877403310109,-0.0937266942205395,NA,NA,-0.320256541284597,-0.81435609596678
"Myrsine_guianensis","MYRGUI",27147.653545022,4165.76628386974,11573.5175770223,7407.75129315257,13355,1526,3890,2364,"Myrsine_guianensis",NA,NA,NA,NA,NA,227.2222222,3.897098716,144.113539,15,NA,2.35645080286156,0.590741406888684,2.15870478328993,NA,NA,-0.200616440925365,-1.63961585110698,0.280476035957108,0.225865102598716,-0.155730758412632,0.00592965799446959,-0.200616440925365,-1.63961585110698,0.280476035957108,0.225865102598716,NA,NA,-0.0246902978197408,-0.985819218046911
"Myrcia_splendens","MYRSPL",23899.1298852861,3366.41153389215,11238.0338695794,7871.62233568728,17111,2341,9876,7535,"Myrcia_splendens",173,NA,65.95,65.95,0.744340679,151.0555556,25.46828961,382.8177427,4,1.81921479988238,2.17913670261197,1.40599977975431,2.5829920580968,0.254686342965905,0.0366785353305281,-1.3551459963413,-0.396540226738429,2.21646148374909,-1.11215308703043,0.0366785353305281,0.254686342965905,-1.3551459963413,-0.396540226738429,2.21646148374909,-1.11215308703043,-0.763953933732189,2.47220388978442,1.89312556018481,-0.888966530580515
"Nectandra_coriacea","NECCOR",20434.4263476148,3182.91169952753,8054.79106049112,4871.87936096359,27695,4077,10608,6531,"Nectandra_coriacea",NA,NA,NA,NA,0.717952139,209.6919192,30.52515694,94.92088448,34,NA,2.32158169458328,1.48465790547526,1.97736177635307,0.114167088699595,NA,-0.427656569271686,-0.276605244165302,-0.546976125195715,2.53698743013996,1.06479216484967,0.114167088699595,-0.427656569271686,-0.276605244165302,-0.546976125195715,2.53698743013996,NA,NA,0.690146802137382,-0.471165252520788
"Nectandra_krugii","NECKRU",20511.2568434579,2399.34448711807,8432.66268901341,6033.31820189534,28919,2943,11417,8474,"Nectandra_krugii",NA,NA,NA,NA,NA,NA,NA,NA,NA,NA,NA,NA,NA,NA,NA,NA,NA,NA,NA,0.799480117321811,-0.320101076923587,-0.431825052241845,-0.0265654511845301,-0.292607570802765,1.35529634414533,NA,NA,0.601268465373977,-0.0268157696181634
"Nectandra_membranacea","NECMEM",21488.9148583226,3410.72223805264,11306.3680159021,7895.64577784948,20933,2544,11308,8764,"Nectandra_membranacea",NA,NA,NA,NA,NA,NA,NA,NA,NA,NA,NA,NA,NA,NA,NA,NA,NA,NA,NA,0.799480117321811,-0.320101076923587,-0.431825052241845,-0.0265654511845301,-0.292607570802765,1.35529634414533,NA,NA,0.601268465373977,-0.0268157696181634
"Nectandra_patens","NECPAT",20806.9083783906,3778.00314072333,8738.92910843529,4960.92596771196,14185,3053,4748,1695,"Nectandra_patens",NA,NA,NA,NA,NA,NA,NA,NA,NA,NA,NA,NA,NA,NA,NA,NA,NA,NA,NA,1.02855477256961,0.0548535567754694,-0.4282264971103,-0.242453519817224,-0.512233449165306,2.37558696177526,NA,NA,0.678007755881141,-0.410474666062044
"Nectandra_turbacensis","NECTUR",22506.3751029526,3874.78842035728,10583.241725395,6708.45330503769,11799,3188,6521,3333,"Nectandra_turbacensis",410,NA,NA,410,0.589532282,188,153.3279143,138.220474,8,2.61278385671974,2.27415784926368,2.18562122806281,2.14057237796323,-0.569670006441938,0.772165903904257,-0.736443242051116,0.792197541413205,0.197739468234388,-0.625601018074375,0.772165903904257,-0.569670006441938,-0.736443242051116,0.792197541413205,0.197739468234388,-0.625601018074375,-0.876410662224775,0.287303499692301,0.819472752563316,0.408847847780328
"Neea_buxifolia","NEEBUX",14167.0111658098,2425.24456666922,4914.2079811967,2488.96341452748,13701,2622,4160,1538,"Neea_buxifolia",23.1772,NA,NA,23.1772,0.728870713,267.4722222,1.333166523,172.6094762,6,1.36506096838343,2.42727868590242,0.124884399603771,2.23706463464917,0.17230861059249,-0.384235566068594,0.260558864383758,-2.34993727738274,0.638025132831848,-0.868877052552401,-0.384235566068594,0.17230861059249,0.260558864383758,-2.34993727738274,0.638025132831848,-0.868877052552401,1.49932047870082,1.50606108548411,-0.583713167462809,-1.41454402192381
"Neolaugeria_resinosa","NEORES",14467.2298612399,2823.50144416001,6183.67287311237,3360.17142895237,14125,3007,5219,2212,"Neolaugeria_resinosa",NA,NA,NA,NA,0.724916164,178.5019157,18.36578831,114.5565616,21,NA,2.25164288136404,1.26400957419155,2.05901996986814,0.151250595391968,NA,-0.883042953200939,-0.613041607538402,-0.174376983705767,0.955693206032795,-0.870336178319066,0.151250595391968,-0.883042953200939,-0.613041607538402,-0.174376983705767,0.955693206032795,NA,NA,0.359642787772407,-0.54707308555731
"Ochroma_pyramidale","OCHPYR",26043.5767067177,3651.66118664667,11742.4277904658,8090.76660381909,25320,3067,13627,10560,"Ochroma_pyramidale",10.2,NA,NA,10.2,0.165925641,NA,169.6,225.56,27,1.00860017176192,NA,2.22942584792069,2.35326208591632,-2.82537984471175,-0.714606831238255,NA,0.858989195436541,1.16822386393003,1.68552130946687,-0.714606831238255,-2.82537984471175,-2.77071557390056,0.858989195436541,1.16822386393003,1.68552130946687,NA,NA,3.25778060279233,2.18431967863822
"Ocotea_cuneata","OCOCUN",21085.0429264233,3389.98939163983,9323.81003471464,5933.82064307481,547,351,445,94,"Ocotea_cuneata",NA,NA,NA,NA,0.510758563,216.7037037,97.16508962,90.42509734,6,NA,2.33586633394431,1.98751025557719,1.95628898493935,-0.989140892275858,NA,-0.33464626547997,0.490125303931978,-0.643129415533958,-0.868877052552401,-0.0699713512772969,-0.989140892275858,-0.33464626547997,0.490125303931978,-0.643129415533958,-0.868877052552401,NA,NA,-0.232897343645105,0.793026116499764
"Ocotea_floribunda","OCOFLO",21942.252795279,3877.96196350455,11512.7749083303,7634.81294482574,34077,6037,18011,11974,"Ocotea_floribunda",1643.32,NA,NA,1643.32,0.424580988,NA,113.1373333,157.0726667,20,3.21572214085579,NA,2.05360593800043,2.19610061703136,-1.44803738952349,1.33097485467018,NA,0.590905540518253,0.451109930090304,0.834055188793782,1.33097485467018,-1.44803738952349,-0.425083332160228,0.590905540518253,0.451109930090304,0.834055188793782,NA,NA,1.27388482921432,1.07629960371734
"Ocotea_leucoxylon","OCOLEU",21800.0296115484,3654.09539314173,11283.484677745,7629.3892846033,21577,3433,12529,9096,"Ocotea_leucoxylon",100,NA,177.2727,177.2727,0.499727496,218.7154472,166.1296835,123.1518399,30,2.24864185938975,2.33987945700568,2.22044723768011,2.09044090462375,-1.04788144058212,0.434675628677581,-0.308515973656879,0.845298944710823,-0.0310060271514661,2.05043536118391,0.434675628677581,-1.04788144058212,-0.308515973656879,0.845298944710823,-0.0310060271514661,2.05043536118391,-1.65022582904208,-1.33479747540962,0.991539625018126,1.15894311222162
"Ocotea_spathulata","OCOSPA",3355.29724263225,962.587009017414,2088.82209703012,1126.23508801271,1853,1087,1495,408,"Ocotea_spathulata",NA,NA,NA,NA,0.61396144,376.9444444,44.0659329,73.55309611,10,NA,2.57627734684124,1.64410296880815,1.86660095843932,-0.439584482024374,NA,1.23072061423404,-0.0334893458785467,-1.05236797736514,-0.382324983596349,0.385844603290434,-0.439584482024374,1.23072061423404,-0.0334893458785467,-1.05236797736514,-0.382324983596349,NA,NA,-1.50098078179621,0.398581391126904
"Ocotea_wrightii","OCOWRI",15203.2188886313,1938.1579566953,7184.2140940486,5246.0561373533,7432,1359,3943,2584,"Ocotea_wrightii",NA,NA,NA,NA,NA,NA,NA,NA,NA,NA,NA,NA,NA,NA,NA,NA,NA,NA,NA,0.682372231214691,-0.511795138342864,-0.433666498767966,0.0838049264566069,-0.180321916159417,0.833685796042986,NA,NA,0.562041762457994,0.169326764138556
"Ormosia_krugii","ORMKRU",14824.3902629921,2081.15648415592,6990.06752327434,4908.91103911842,17100,2516,8971,6455,"Ormosia_krugii",720,NA,740.5,740.5,0.516591536,180.1333333,1402.33764,167.3877816,28,2.86952506285723,2.25559408554997,3.14685259104492,2.223723753673,-0.958080249431824,1.01011610178503,-0.857315828253078,2.25784734823656,0.57715186850323,1.80715932670589,1.01011610178503,-0.958080249431824,-0.857315828253078,2.25784734823656,0.57715186850323,1.80715932670589,-2.83673103527112,-1.28193209766247,2.07146258073099,1.60020258589434
"Ossaea_krugiana","OSSKRU",17147.0544198416,2287.87267485447,9256.19563475624,6968.32295990176,12886,1812,8312,6500,"Ossaea_krugiana",NA,NA,NA,NA,NA,NA,NA,NA,NA,NA,NA,NA,NA,NA,NA,NA,NA,NA,NA,-1.93088629806637,-0.329446155969791,0.226993973557444,-0.5533273762363,0.672429132606267,-0.368763326955416,NA,NA,-0.382659267827421,0.239857255539985
"Ouratea_litoralis","OURLIT",10216.950952862,969.816527021641,3755.88943936693,2786.07291234529,8964,837,2811,1974,"Ouratea_litoralis",NA,NA,NA,NA,NA,NA,NA,NA,NA,NA,NA,NA,NA,NA,NA,NA,NA,NA,NA,-0.153740178252197,0.137376506245747,-0.184058026009825,-0.157722853603214,0.19133670288931,0.244500284165604,NA,NA,0.180748444505254,-0.298135271561935
"Oxandra_lanceolata","OXALAN",17940.9399496987,3479.69733854383,9195.64295647666,5715.94561793283,9350,2984,4468,1484,"Oxandra_lanceolata",NA,NA,NA,NA,NA,NA,NA,NA,NA,NA,NA,NA,NA,NA,NA,NA,NA,NA,NA,0.188689464057565,-0.688426428437658,0.0463922150985602,-0.0469796268247512,0.0998508699256881,0.219596419414629,NA,NA,0.13848615216777,0.403500240491721
"NA.27","PALALP",2102.36541938154,501.068254993879,1477.31446788186,976.246212887983,4960,889,3305,2416,"Palicourea_alpina",NA,NA,NA,NA,NA,NA,NA,NA,NA,NA,NA,NA,NA,NA,NA,NA,NA,NA,NA,NA,NA,NA,NA,NA,NA,NA,NA,NA,NA
"NA.28","PALCRO",26698.8348716609,3515.24347475171,11724.3314700574,8209.08799530566,19195,1583,7710,6127,"Palicourea_crocea",43.4896,NA,NA,43.4896,NA,NA,NA,NA,NA,1.63838541321623,NA,NA,NA,NA,-0.130915864443492,NA,NA,NA,NA,NA,NA,NA,NA,NA,NA,NA,NA,NA,NA
"Palicourea_croceoides","PALRIP",21815.6147134751,3152.23163665831,10340.0362344831,7187.80459782481,24390,3030,12713,9683,"Palicourea_croceoides",200,NA,10,10,0.475268182,127.6944444,76.14909091,253.1822727,5,1,2.10617200283186,1.88166472296914,2.40343329400688,-1.17812754601825,-0.722577552430011,-1.83023456673481,0.328735975208018,1.39715066548374,-0.990515069791414,-0.722577552430011,-1.17812754601825,-1.83023456673481,0.328735975208018,1.39715066548374,-0.990515069791414,-1.50730942240204,2.25242187070368,1.85726923533397,0.644293153475724
"Parathesis_crenulata","PARCRE",23527.700719133,3807.74177342281,10592.2166990712,6784.47492564842,4777,867,2706,1839,"Parathesis_crenulata",36.5548,NA,NA,36.5548,NA,NA,NA,NA,NA,1.56294441211856,NA,NA,NA,NA,-0.200835303592269,NA,NA,NA,NA,-0.200835303592269,-0.824265506179192,2.69895566249308,0.403333220564498,-2.24260473954111,-0.664333713391134,NA,NA,-3.31961142450908,1.3477317702426
"NA.29","PERAME",28296.8344250321,4306.22558236122,12271.1631500721,7964.93756771088,42352,6048,17717,11669,"Persea_americana",15308,NA,NA,15308,0.530551645,162,90.44101596,170.6231186,21,4.18491845355246,2.20951501454263,1.95636543230384,2.23203787560158,-0.88374252153341,2.22923523858374,-1.15734639146939,0.442636836563909,0.61508847424332,0.955693206032795,NA,NA,NA,NA,NA,NA,NA,NA,NA,NA
"Petitia_domingensis","PETDOM",25311.3013457954,3526.9257112667,10823.3616981693,7296.43598690256,21804,3175,9687,6512,"Petitia_domingensis",12.47,NA,NA,12.47,0.604667297,462.3333333,69.35331918,87.40845815,25,1.09586645347854,2.66495520632231,1.84106725080315,1.94155345952388,-0.489075891681916,-0.633727609257541,1.80812088605564,0.266834460620518,-0.710366319546469,1.44224527498885,-0.633727609257541,-0.489075891681916,1.80812088605564,0.266834460620518,-0.710366319546469,1.44224527498885,0.33996665793458,-1.96348098854775,-1.43275672056793,1.04929875499806
"Phialanthus_myrtilloides","PHIMYR",10920.022376772,1957.85740135983,3822.90119635034,1865.04379499052,4021,591,1062,471,"Phialanthus_myrtilloides",NA,NA,NA,NA,NA,NA,NA,NA,NA,NA,NA,NA,NA,NA,NA,NA,NA,NA,NA,-0.924922885539049,1.55026212552143,1.44745797841703,-0.898215674711947,-1.50468179662093,-0.942359970667176,NA,NA,-2.71002534434487,-1.39507184198421
"Phlebotaenia_cowellii","PHLCOW",23964.8759083748,3370.99922868609,10007.0735866874,6636.07435800135,9858,1036,2784,1748,"Phlebotaenia_cowellii",NA,NA,NA,NA,NA,NA,NA,NA,NA,NA,NA,NA,NA,NA,NA,NA,NA,NA,NA,-0.16281482674269,0.923115666009824,1.14399064958108,-1.12713029515517,-1.23503190447498,-0.331388328297252,NA,NA,-2.00317467619117,-1.18199818485008
"Phyllanthus_cuneifolius","PHYCUN",4347.95352668872,428.187291921905,1184.98534027377,756.798048351868,6886,600,1550,950,"Phyllanthus_cuneifolius",NA,NA,NA,NA,NA,NA,NA,NA,NA,NA,NA,NA,NA,NA,NA,NA,NA,NA,NA,-0.481704856634085,-0.507917633265517,-1.45703116176635,0.16326129334929,0.37232370223895,-0.181657901298265,NA,NA,1.1216227738429,0.111141643192352
"Phyllanthus_epiphyllanthus","PHYEPI",15591.4477991841,2725.59906662442,5339.77793577407,2614.17886914965,16885,3312,5041,1729,"Phyllanthus_epiphyllanthus",NA,NA,NA,NA,NA,NA,NA,NA,NA,NA,NA,NA,NA,NA,NA,NA,NA,NA,NA,-0.504184570555758,-0.596970203588739,-1.49533894444487,0.204476767773482,0.389051304818529,-0.141224061698165,NA,NA,1.17920198481294,0.201386119725978
"Phyllanthus_juglandifolius","PHYJUG",18975.9355273852,2146.38567534448,6202.48605244487,4056.10037710039,11217,814,1924,1110,"Phyllanthus_juglandifolius",NA,NA,NA,NA,NA,NA,NA,NA,NA,NA,NA,NA,NA,NA,NA,NA,NA,NA,NA,-0.504184570555758,-0.596970203588739,-1.49533894444487,0.204476767773482,0.389051304818529,-0.141224061698165,NA,NA,1.17920198481294,0.201386119725978
"Pictetia_aculeata","PICACU",12734.1804662296,1576.73178174258,4572.15116521451,2995.41938347193,14605,1437,5272,3835,"Pictetia_aculeata",NA,7.7,NA,7.7,0.990253994,253.5277778,19.86112488,99.91767447,10,0.886490725172482,2.40402554980092,1.29800384211213,1.9996423175138,1.56417734314841,-0.827779030653366,0.109152784170732,-0.561208413023879,-0.445311979185835,-0.382324983596349,-0.827779030653366,1.56417734314841,0.109152784170732,-0.561208413023879,-0.445311979185835,-0.382324983596349,1.72295431500761,0.465909640086434,-0.92389313309971,-1.50479076970639
"Picrasma_excelsa","PICEXC",25158.2910235878,3831.85962680727,10629.033275092,6797.17364828475,39906,6002,16614,10612,"Picrasma_excelsa",NA,NA,NA,NA,NA,NA,NA,NA,NA,NA,NA,NA,NA,NA,NA,NA,NA,NA,NA,-0.113514396772801,-0.314097992149495,0.121255174709812,0.578883115454887,-0.0978936437286912,0.0800630037317476,NA,NA,-0.0530855666905078,0.499114234992365
"Picramnia_pentandra","PICPEN",24359.656085717,3384.45285807224,9464.73797831731,6080.28512024507,28348,3689,10322,6633,"Picramnia_pentandra",105.9,NA,NA,105.9,0.9807088,186.5,161.9744972,124.4783968,8,2.02489596010748,2.27067883614471,2.20944664048584,2.09509398625393,1.51334908426379,0.227305795801139,-0.759095831235398,0.828525643533136,-0.00977442569107007,-0.625601018074375,0.227305795801139,1.51334908426379,-0.759095831235398,0.828525643533136,-0.00977442569107007,-0.625601018074375,0.367808946366536,0.464557648096674,0.389183985690363,-1.12899954861849
"Pilocarpus_racemosus","PILRAC",7743.20516640632,1415.98572799125,2146.00267574698,730.016947755728,2339,411,610,199,"Pilocarpus_racemosus",82.5641026,NA,NA,82.5641026,NA,NA,NA,NA,NA,1.91679126485816,NA,NA,NA,NA,0.127113333463623,NA,NA,NA,NA,0.127113333463623,1.02531794959732,-1.27798831232693,0.514132706813502,1.30598694713133,0.655157147910331,NA,NA,1.81542775819981,-0.903952241047571
"Pimenta_racemosa","PIMRAC",20537.8747351607,3176.95570120215,8851.94766259938,5674.99196139723,14004,2751,5421,2670,"Pimenta_racemosa",28.01,NA,NA,28.01,0.958278813,354.1851852,22.26959603,55.18908896,8,1.44731310882357,2.5492303916354,1.34771233901279,1.74185322496016,1.3939091665403,-0.308003498032865,1.05461217657903,-0.485414747018323,-1.62158089276688,-0.625601018074375,-0.308003498032865,1.3939091665403,1.05461217657903,-0.485414747018323,-1.62158089276688,-0.625601018074375,2.46333391875262,-0.682935958640194,-2.20350107334614,-1.23526408145072
"Pinus_caribaea","PINCAR",17138.0847816123,2288.54124910198,9208.34233233798,6919.801083236,26014,3428,14103,10675,"Pinus_caribaea",17,NA,NA,17,NA,NA,NA,NA,NA,1.23044892137827,NA,NA,NA,NA,-0.50899529476154,NA,NA,NA,NA,-0.50899529476154,-1.42508863704955,0.829266180769755,0.580497956769951,-0.727125099441608,-0.208628886133334,NA,NA,-0.973621628485939,1.58493223087169
"NA.30","PINCOR",21964.878902331,3897.9665033035,11563.249719698,7665.28321639448,27315,5164,15563,10399,"Pinochia_corymbosa",NA,NA,NA,NA,NA,NA,NA,NA,NA,NA,NA,NA,NA,NA,NA,NA,NA,NA,NA,NA,NA,NA,NA,NA,NA,NA,NA,NA,NA
"Piper_aduncum","PIPADU",21336.7367147999,3622.38226483949,11478.235489076,7855.85322423652,26352,4816,14691,9875,"Piper_aduncum",NA,NA,NA,NA,0.548162288,NA,38.55133333,185.006,7,NA,NA,1.58603940308342,2.26718581340105,-0.789965661521063,NA,NA,-0.122022509865124,0.775465417272434,-0.747239035313388,0.683499966299097,-0.789965661521063,-0.108866841142124,-0.122022509865124,0.775465417272434,-0.747239035313388,NA,NA,0.538160062946937,0.263439997632191
"Piper_amalago","PIPAMA",28491.1081800237,4011.45714660734,12759.1970211193,8747.73987451196,39122,5374,17428,12054,"Piper_amalago",1.36,NA,NA,1.36,NA,150.6111111,56.12189581,271.6523181,5,0.133538908370218,2.17785701244514,1.74913233316736,2.43401341536548,NA,-1.52562195387638,-1.36347832928779,0.126655519876016,1.53668506459791,-0.990515069791414,-1.52562195387638,-2.82853567989735,-1.36347832928779,0.126655519876016,1.53668506459791,-0.990515069791414,NA,NA,1.56223008505499,2.09657568535468
"Piper_blattarum","PIPBLA",21237.6036824863,3615.68911159225,11135.7496557776,7520.06054418534,21823,3221,12276,9055,"Piper_blattarum",NA,NA,0.1,0.1,0.45785977,183.1759259,47.03291667,270.9554167,2,-1,2.26286839544644,1.67240191164869,2.43289783746469,-1.27082752381924,-2.57619662247012,-0.809951260184789,0.00965982892455107,1.53159478093858,-1.35542912150845,-2.57619662247012,-1.27082752381924,-0.809951260184789,0.00965982892455107,1.53159478093858,-1.35542912150845,-0.667275548242646,2.63279621258331,0.680043496444199,1.09726750671327
"Piper_glabrescens","PIPGLA",19476.0984255411,3163.32963993121,10780.8989178762,7617.56927794497,18882,2880,11302,8422,"Piper_glabrescens",NA,NA,470,470,0.351054502,191.9777778,131.3421053,296.9836842,5,2.67209785793572,2.28325096027967,2.11840397337113,2.47273259054096,-1.83956670420108,0.82713868579142,-0.677236075763343,0.689707173175101,1.71335724908507,-0.990515069791414,0.82713868579142,-1.83956670420108,-0.677236075763343,0.689707173175101,1.71335724908507,-0.990515069791414,-2.10409512482742,1.08590137133578,1.73364814304609,1.36295020584163
"Piper_hispidum","PIPHIS",24462.7121948004,3528.44268536568,11722.1475064456,8193.70482107997,23392,3031,13158,10127,"Piper_hispidum",NA,NA,500,500,0.384120229,NA,116.004,342.15,7,2.69897000433602,NA,2.06447296464051,2.53421654433233,-1.66349135862253,0.852044047301674,NA,0.607475178286172,1.99390311242021,-0.747239035313388,0.852044047301674,-1.66349135862253,-0.00129871904822326,0.607475178286172,1.99390311242021,-0.747239035313388,NA,NA,1.46682112947273,1.35849038853374
"Piper_jacquemontianum","PIPJAC",25654.0859504137,3911.71772106364,10545.4443937372,6633.7266726736,30519,4409,10886,6477,"Piper_jacquemontianum",NA,NA,NA,NA,NA,NA,NA,NA,NA,NA,NA,NA,NA,NA,NA,NA,NA,NA,NA,-0.904552661253041,-1.83799284280362,-0.686595089170567,0.240725735946061,1.45874053436594,-0.863447032138047,NA,NA,1.14053666772413,1.43305106328923
"Piper_marginatum","PIPMAR",18866.2545674182,3366.36572055705,9810.71448701061,6444.34876645356,16332,3364,8058,4694,"Piper_marginatum",NA,NA,NA,NA,NA,NA,NA,NA,NA,NA,NA,NA,NA,NA,NA,NA,NA,NA,NA,0.680768828868967,-0.897853850565111,-0.166630859784165,-0.034956107608553,0.858737992030082,-0.755427246523504,NA,NA,0.653274743719199,0.382596075563723
"Piper_umbellatum","PIPUMB",21049.5822329111,3295.82899810746,11190.8024567105,7894.97345860302,20933,2544,11308,8764,"Piper_umbellatum",NA,NA,NA,NA,NA,NA,NA,NA,NA,NA,NA,NA,NA,NA,NA,NA,NA,NA,NA,-0.167211949545214,-1.65847612672924,-0.322288438177721,0.411763169882201,1.76770087770936,-0.869913105600495,NA,NA,1.25572939513594,1.34280669130932
"Pisonia_albida","PISALB",14545.6621004436,2040.18255035114,5861.11865736172,3820.93610701058,8645,975,2188,1213,"Pisonia_albida",10.2,4.1,NA,4.1,0.595706282,270.6666667,26.19749321,109.5637403,3,0.612783856719735,2.432434774575,1.4182597364667,2.03966684983168,-0.536793391220323,-1.08145316613585,0.294131246695457,-0.37784670103881,-0.262683565082754,-1.23379110426944,-1.08145316613585,-0.536793391220323,0.294131246695457,-0.37784670103881,-0.262683565082754,-1.23379110426944,0.833503788860809,0.803452605210242,-0.956832138331432,0.285008431437063
"Piscidia_carthagenensis","PISCAR",4997.17139789319,398.848351793489,1343.26248437384,944.414132580352,4636,326,812,486,"Piscidia_carthagenensis",64.52,NA,NA,64.52,NA,NA,NA,NA,NA,1.80969435871692,NA,NA,NA,NA,0.0278548996807822,NA,NA,NA,NA,0.0278548996807822,-0.458135622671001,-0.223163539052083,0.394767878950241,-0.571918139835845,-0.589794494704389,NA,NA,-0.249227438337987,0.352782779777545
"Pisonia_subcordata","PISSUB",21801.0267010741,3863.30914744362,11475.6703189984,7612.36117155477,34077,6037,18011,11974,"Pisonia_subcordata",14,NA,NA,14,0.521259838,NA,145.34,138.42,17,1.14612803567824,NA,2.16238515585724,2.14119884490474,-0.933221491966275,-0.587144695629669,NA,0.756768043322579,0.200597981685752,0.469141137076742,-0.587144695629669,-0.933221491966275,-0.999908285483948,0.756768043322579,0.200597981685752,0.469141137076742,NA,NA,0.982931207833476,0.932509191684725
"Pithecellobium_dulce","PITDUL",12766.596639029,1451.02734356406,3934.34517889905,2483.31783533499,6264,642,974,332,"Pithecellobium_dulce",100.8,NA,NA,100.8,NA,NA,NA,NA,NA,2.00346053210951,NA,NA,NA,NA,0.207439236745377,NA,NA,NA,NA,0.207439236745377,-1.42113613079766,-0.127149502163028,0.817368610428217,-2.10117234060984,-1.35304593851491,NA,NA,-1.21160494443537,1.2487239028161
"NA.31","PITUNG",5040.2181576604,774.980767653823,2073.28606571723,1298.30529806341,4507,662,1318,656,"Pithecellobium_unguis-cati",88.77,85.4,NA,85.4,0.937801719,191.7777778,10.42350886,101.114154,8,1.93145787068901,2.28279828199019,1.01801393988633,2.00481195256278,1.28486842467201,0.140706483594036,-0.680183559711715,-0.988126595173731,-0.421723389992883,-0.625601018074375,NA,NA,NA,NA,NA,NA,NA,NA,NA,NA
"Plumeria_alba","PLUALB",21090.8734063527,2603.11670941462,8125.7216289922,5522.60491957757,22066,2103,7647,5544,"Plumeria_alba",26,4.1,NA,4.1,0.495394562,470.8,70.72504087,50.55852892,9,0.612783856719735,2.6728364541714,1.84957320709559,1.70379442897645,-1.07095435990487,-1.08145316613585,1.8594373553185,0.279804026197516,-1.79523982519304,-0.503963000835362,-1.08145316613585,-1.07095435990487,1.8594373553185,0.279804026197516,-1.79523982519304,-0.503963000835362,1.26977255332775,-1.38656528835148,-2.62605050863739,1.45281163735981
"Pluchea_carolinensis","PLUCAR",26395.2818844952,4019.59131703898,11082.682674557,7063.09135751799,38849,5409,15592,10183,"Pluchea_carolinensis",NA,NA,NA,NA,NA,NA,NA,NA,NA,NA,NA,NA,NA,NA,NA,NA,NA,NA,NA,0.041175154916164,-1.05023642842715,0.400472617561475,0.51119061197601,0.740968549848122,-0.171408832101354,NA,NA,0.299971311361153,1.08073069302462
"Plumeria_obtusa","PLUOBT",10210.8519381264,2177.80950097775,5947.52537768532,3769.71587670757,1475,853,1220,367,"Plumeria_obtusa",NA,NA,NA,NA,0.532799342,238.7777778,49.96721869,227.0050419,3.5,NA,2.37799390609254,1.69868517611454,2.35603550320648,-0.871773511263929,NA,-0.0603447458908077,0.0497355723621663,1.18087872263832,-1.17297209564993,-0.0549489954413301,-0.871773511263929,-0.0603447458908077,0.0497355723621663,1.18087872263832,-1.17297209564993,NA,NA,0.526168683028169,0.539831201471622
"Podocarpus_coriaceus","PODCOR",17129.3805911262,2848.57880097069,6859.01796808466,4010.43916711397,12016,1212,1914,702,"Podocarpus_coriaceus",160.4,NA,NA,160.4,NA,NA,NA,NA,NA,2.20520436394814,NA,NA,NA,NA,0.394417343724909,NA,NA,NA,NA,0.394417343724909,-0.43462181729131,-0.726637673376415,0.580284046165193,0.804754407600332,0.26958838855025,NA,NA,1.25392229550778,0.332111253504075
"Poitea_florida","POIFLO",27823.7277861089,4024.62537257373,11293.4404712096,7268.81509863585,27655,3673,8661,4988,"Poitea_florida",17,NA,NA,17,0.875470216,202.3888889,7.41175887,126.1967688,14,1.23044892137827,2.30618666616245,0.869921281783952,2.10104823517519,0.952952512732269,-0.50899529476154,-0.527896850745585,-1.21393276848285,0.0173942874628762,0.104227085359703,-0.50899529476154,0.952952512732269,-0.527896850745585,-1.21393276848285,0.0173942874628762,0.104227085359703,1.09811901577035,0.876171193034021,-0.07895867866486,-1.53547336886597
"Poitea_punicea","POIPUN",16405.5943356771,2114.84570504911,7360.22437985428,5245.37867480516,14650,1691,7653,5962,"Poitea_punicea",NA,NA,NA,NA,NA,NA,NA,NA,NA,NA,NA,NA,NA,NA,NA,NA,NA,NA,NA,-0.38186816122182,0.861270900950097,-0.551860867133756,-1.01448560145286,0.0574662914284491,0.194289281345484,NA,NA,0.0582601705071839,-1.37832154482258
"Pouteria_dictyoneura","POUDIC",23466.6054534866,3814.09568335302,9288.76613214519,5474.67044879217,14013,2842,4310,1468,"Pouteria_dictyoneura",NA,NA,NA,NA,0.885627236,234.5185185,38.90802461,124.7328892,25,NA,2.37017714199704,1.59003918190232,2.09598098206539,1.00703875153017,NA,-0.111241347815105,-0.115923795987258,-0.00572714196324695,1.44224527498885,1.5937538470353,1.00703875153017,-0.111241347815105,-0.115923795987258,-0.00572714196324695,1.44224527498885,NA,NA,0.606550570978246,-1.17628829371268
"Pouteria_multiflora","POUMUL",25573.5587093495,4054.81209657714,10937.6016692743,6882.78957269713,40496,6358,17079,10721,"Pouteria_multiflora",16000,NA,NA,16000,0.820799137,191.962963,171.3426458,105.6834608,14,4.20411998265593,2.28321744476434,2.23386546880662,2.02400702661379,0.661828439516604,2.24703139884379,-0.677454302362181,0.865758564128005,-0.334137958520871,0.104227085359703,2.24703139884379,0.661828439516604,-0.677454302362181,0.865758564128005,-0.334137958520871,0.104227085359703,-0.502819486851334,-0.810551178975611,0.850598972013505,-0.731479767928924
"Prestoea_montana","PREMON",12692.974516008,2009.19770811498,6195.11364377243,4185.91593565745,8946,1972,5175,3203,"Prestoea_montana",NA,NA,732.5,732.5,0.308658766,NA,55241.01067,174.4793333,23,2.86480762902615,NA,4.74226161567757,2.24174399309859,-2.06532444626606,1.00574393912956,NA,4.69046765049423,0.659376633102973,1.19896924051082,1.00574393912956,-2.06532444626606,-0.923170771812529,4.69046765049423,0.659376633102973,1.19896924051082,NA,NA,2.59048739970151,3.71268769240356
"Prosopis_juliflora","PROJUL",5748.62322399312,714.060873201984,1599.71542792935,885.654554727362,7581,887,1648,761,"Prosopis_juliflora",NA,NA,NA,NA,NA,NA,NA,NA,NA,NA,NA,NA,NA,NA,NA,NA,NA,NA,NA,0.379478521755812,-0.147584181689175,-1.0954569988341,0.663032899829222,-0.0410163085237922,-0.521711186858995,NA,NA,0.792723950007219,-0.00575906716044683
"NA.32","PROPAL",8694.3841350265,1017.08049155334,2371.7449668489,1354.66447529555,15872,1486,3646,2160,NA,NA,NA,NA,NA,NA,NA,NA,NA,NA,NA,NA,NA,NA,NA,NA,NA,NA,NA,NA,NA,NA,NA,NA,NA,NA,NA,NA,NA,NA
"Prunus_myrtifolia","PRUMYR",13086.603633441,3108.2859203266,6943.7740297094,3835.4881093828,5912,2221,3303,1082,"Prunus_myrtifolia",NA,NA,NA,NA,0.915410877,161.1944444,22.23997487,143.0545095,8.5,NA,2.2073500696775,1.34713429218041,2.15550155259985,1.16563695448704,NA,-1.17144280472204,-0.486296131314387,0.26585997657909,-0.564782009454868,-0.0551318055652456,1.16563695448704,-1.17144280472204,-0.486296131314387,0.26585997657909,-0.564782009454868,NA,NA,0.579290851866238,-1.59249018136835
"Pseudolmedia_spuria","PSESPU",13979.1847027587,2920.79341286048,5750.19087571185,2829.39746285137,4320,1582,2273,691,"Pseudolmedia_spuria",1700.84,NA,NA,1700.84,0.690606911,148.962963,41.23085309,170.6363223,19,3.23066346094627,2.17307830220972,1.61522232069626,2.23207148225602,-0.0314465392730854,1.34482261259583,-1.39459352089297,-0.0775254832293037,0.615241818446225,0.712417171554768,1.34482261259583,-0.0314465392730854,-1.39459352089297,-0.0775254832293037,0.615241818446225,0.712417171554768,-1.09597324337476,0.299136028977839,1.75452834857917,-0.636683246822948
"Psidium_amplexicaule","PSIAMP",4562.79007118365,1429.72684363501,2618.29342102254,1188.56657738753,7522,2248,4044,1796,"Psidium_amplexicaule",NA,NA,NA,NA,0.868829502,294.3703704,44.94817458,70.12547143,6,NA,2.4688940943225,1.65271205900738,1.84587579389002,0.917590640530327,NA,0.531525577770119,-0.0203625255589526,-1.14693507695304,-0.868877052552401,0.0138477713223563,0.917590640530327,0.531525577770119,-0.0203625255589526,-1.14693507695304,-0.868877052552401,NA,NA,-1.40286908005182,-0.802012401527409
"NA.33","PSIGUA",26802.9277269263,3586.804054901,11923.5424191486,8336.73836424761,26699,3099,11851,8752,NA,NA,NA,NA,NA,NA,NA,NA,NA,NA,NA,NA,NA,NA,NA,NA,NA,NA,NA,NA,NA,NA,NA,NA,NA,NA,NA,NA,NA,NA
"Psychotria_berteroana","PSYBER",15073.5831451006,2521.87884748355,7922.67040996626,5400.79156248271,11560,2166,7136,4970,"Psychotria_berteroana",NA,NA,7,7,0.468008213,189.8395062,161.1968341,346.6437271,9,0.845098040014257,2.27838659554802,2.20735650802489,2.53988334556896,-1.21678695763695,-0.866142165938092,-0.708908981883686,0.825338687347984,2.01976022711836,-0.503963000835362,-0.866142165938092,-1.21678695763695,-0.708908981883686,0.825338687347984,2.01976022711836,-0.503963000835362,-1.84663927730117,1.5365581367126,1.63988486667889,1.27624037376881
"Psychotria_brachiata","PSYBRA",20387.6136733368,2835.44732095674,10052.1865825905,7216.73926163372,16131,2128,9176,7048,"Psychotria_brachiata",NA,NA,5,5,0.418549807,262.9111111,75.7,325.123,5,0.698970004336019,2.41980894056604,1.87909587950007,2.51204769364181,-1.48015349206138,-1.00157502273843,0.211921774890356,0.324819098294512,1.89274860018398,-0.990515069791414,-1.00157502273843,-1.48015349206138,0.211921774890356,0.324819098294512,1.89274860018398,-0.990515069791414,-1.19073825638889,1.40374914751658,0.71265816807075,1.4250894963612
"Psychotria_domingensis","PSYDOM",21044.4078794701,3220.08750595269,8402.39453776344,5182.30703181075,18913,2891,6185,3294,"Psychotria_domingensis",NA,NA,NA,NA,NA,NA,NA,NA,NA,NA,NA,NA,NA,NA,NA,NA,NA,NA,NA,-0.727335780783159,-1.26374755024953,-0.807089352817273,0.476913966467151,1.65203016610925,-0.744965583389884,NA,NA,1.39753069547111,1.05665453369609
"Psychotria_grandis","PSYGRA",18268.5379708316,3060.49667249992,9728.04598556645,6667.54931306653,21519,2902,11772,8870,"Psychotria_grandis",NA,NA,800,800,0.325769462,126.8222222,195.9793802,196.1266613,17,2.90308998699194,2.10319535869752,2.29221037984402,2.29253663532217,-1.97420980931011,1.04122439351531,-1.84961612536001,0.954720712976123,0.891138983846379,0.469141137076742,1.04122439351531,-1.97420980931011,-1.84961612536001,0.954720712976123,0.891138983846379,0.469141137076742,-2.76686733679587,0.474546426502036,2.49673508427477,1.38027403263304
"Psychotria_maleolens","PSYMAL",7887.47424993675,1101.51561228089,2793.86742719744,1692.35181491654,3024,838,1675,837,"Psychotria_maleolens",NA,NA,NA,NA,0.38,NA,28.61866667,236.9306667,NA,NA,NA,1.45664939632277,2.37462127649579,-1.68543162157328,NA,NA,-0.319311576490336,1.26568396842482,NA,-0.715677018808572,-1.68543162157328,0.195027213919239,-0.319311576490336,1.26568396842482,-2.10079058134943,NA,NA,0.0454472968456888,1.1012937355291
"NA.34","PSYMAR",15611.7187726265,1801.71135400468,5393.340520686,3591.62916668132,12269,1221,2035,814,"Psychotria_maricaensis",NA,NA,NA,NA,NA,NA,NA,NA,NA,NA,NA,NA,NA,NA,NA,NA,NA,NA,NA,NA,NA,NA,NA,NA,NA,NA,NA,NA,NA
"Psychotria_pubescens","PSYPUB",25132.9286993742,4226.21175813675,11290.3810787946,7064.16932065785,21887,4415,8986,4571,"Psychotria_pubescens",NA,NA,NA,NA,NA,NA,NA,NA,NA,NA,NA,NA,NA,NA,NA,NA,NA,NA,NA,-0.727335780783159,-1.26374755024953,-0.807089352817273,0.476913966467151,1.65203016610925,-0.744965583389884,NA,NA,1.39753069547111,1.05665453369609
"Pterocarpus_indicus","PTEIND",25573.636029277,4054.81385784969,10937.6373036243,6882.82344577461,40496,6358,17079,10721,"Pterocarpus_indicus",NA,NA,NA,NA,NA,NA,NA,NA,NA,NA,NA,NA,NA,NA,NA,NA,NA,NA,NA,-0.112498855402843,0.582586356084447,-0.31766432627639,0.0593747179510167,-0.00249196902008115,0.0499839065753238,NA,NA,0.116170108478149,-0.590371585856309
"Quadrella_cynophallophora","QUACYN",9963.44542437705,1121.86864737648,3536.53181255312,2414.66316517664,10335,1027,3114,2087,"Quadrella_cynophallophora",54,21.1,NA,21.1,0.914228459,302.6666667,17.5153121,48.21396184,6,1.32428245529769,2.48096459384925,1.24341788028347,1.68317281981645,1.15934056614608,-0.422029480820395,0.610119149475075,-0.64443905602043,-1.88933441066457,-0.868877052552401,-0.422029480820395,1.15934056614608,0.610119149475075,-0.64443905602043,-1.88933441066457,-0.868877052552401,2.5088955662905,-0.350655550075412,-2.14875481462466,-1.24177505602699
"Quadrella_indica","QUAIND",8889.62428884101,1090.52300032258,2722.39045148663,1631.86745116405,7408,904,1593,689,"Quadrella_indica",NA,NA,NA,NA,0.744333565,266.3888889,19.34684572,76.35501008,5,NA,2.42551610642149,1.28661016842137,1.88283753882154,0.254648460840754,NA,0.2490823371271,-0.578581062613745,-0.978281891808645,-0.990515069791414,-0.233046663293916,0.254648460840754,0.2490823371271,-0.578581062613745,-0.978281891808645,-0.990515069791414,NA,NA,-1.22908484557021,-0.604148697289583
"Quararibea_turbinata","QUATUR",21134.6478782278,3115.07059834525,7984.95609323494,4869.88549488969,24461,3521,8300,4779,"Quararibea_turbinata",NA,NA,NA,NA,0.591129426,152.5555555,101.3003715,182.3588953,10,NA,2.18342802763928,2.00561103805627,2.26092695265382,-0.561165197769843,NA,-1.32720427276185,0.517724703374706,0.746906787198229,-0.382324983596349,-0.250136213576901,-0.561165197769843,-1.32720427276185,0.517724703374706,0.746906787198229,-0.382324983596349,NA,NA,1.33710485282792,0.32408472537031
"Randia_aculeata","RANACU",25555.7510305885,3495.1543383915,9757.24728065915,6262.09294226766,22675,3112,6046,2934,"Randia_aculeata",NA,63.5,NA,63.5,0.981954371,198.9920635,4.859957305,134.3271019,6.5,1.80277372529198,2.29883575557107,0.686632453977447,2.12816364497071,1.5199817629969,0.0214407906341618,-0.575760182116467,-1.49340475141323,0.141119513016573,-0.808058043932894,0.0214407906341618,1.5199817629969,-0.575760182116467,-1.49340475141323,0.141119513016573,-0.808058043932894,1.63222886953626,1.36280627550907,-0.172919938664581,-2.29901032361426
"Rauvolfia_nitida","RAUNIT",23861.7353211905,3080.5019153775,9394.04916043439,6313.54724505689,24213,2424,7754,5330,"Rauvolfia_nitida",NA,NA,NA,NA,0.465,NA,22.81,457.95,7,NA,NA,1.35812528527665,2.66081806335434,-1.23280572364046,NA,NA,-0.469537474107946,2.57157468790298,-0.747239035313388,0.0321054526745678,-1.23280572364046,-1.41085805338362,-0.469537474107946,2.57157468790298,-0.747239035313388,NA,NA,2.36419829742344,0.266187056598215
"Ravenia_urbanii","RAVURB",4669.88355695762,790.321593306894,1907.86475289085,1117.54315958395,1939,645,1188,543,"Ravenia_urbanii",NA,NA,NA,NA,NA,NA,NA,NA,NA,NA,NA,NA,NA,NA,NA,NA,NA,NA,NA,-0.514154947089933,0.686764060408537,-0.281101544402433,0.0619169761556265,-0.461253585477673,-0.249694437958361,NA,NA,-0.358786680167793,-0.620142023552046
"Reynosia_krugii","REYKRU",16925.4114944972,3221.94836873561,8946.79841208458,5724.85004334897,12878,3478,6605,3127,"Reynosia_krugii",NA,NA,NA,NA,1.016846855,211.5555556,40.81507101,108.5667656,5,NA,2.32542443470037,1.61082055642099,2.03569689960371,1.70578460889815,NA,-0.402635676783606,-0.0842371295697961,-0.28079809815073,-0.990515069791414,0.878017481107807,1.70578460889815,-0.402635676783606,-0.0842371295697961,-0.28079809815073,-0.990515069791414,NA,NA,-0.152387244341017,-1.82759110640088
"Reynosia_uncinata","REYUNC",4095.05209991664,576.090260471152,868.170918260186,292.080657789034,5642,748,1087,339,"Reynosia_uncinata",NA,289.7,NA,289.7,1.022220268,305.2222222,1.786479783,52.36390189,NA,2.46194849520376,2.48461614994962,0.25199810579946,1.7190320004868,1.73439808988744,0.632370252633055,0.63389520245223,-2.15611902913881,-1.72571212908864,NA,0.632370252633055,1.73439808988744,0.63389520245223,-2.15611902913881,-1.72571212908864,0.0827963597259265,NA,NA,-1.94671692640771,-2.61266320809485
"Reynosia_vivesiana","REYVIV",3783.25247744203,1161.55267529731,1764.92296916433,603.370293867018,1247,355,384,29,"Reynosia_vivesiana",NA,NA,NA,NA,1.014792494,393.8765432,12.82328236,45.83918662,8,NA,2.59536011774202,1.1079992052434,1.66123690281667,1.69484511487106,NA,1.35497256584516,-0.850920411660971,-1.98942606699549,-0.625601018074375,0.410594007247094,1.69484511487106,1.35497256584516,-0.850920411660971,-1.98942606699549,-0.625601018074375,NA,NA,-2.57203973374597,-1.73019199194254
"Rhizophora_mangle","RHIMAN",18330.3712242082,1785.65828467492,5642.58288673119,3856.92460205627,11745,798,2325,1527,"Rhizophora_mangle",10100,NA,NA,10100,NA,NA,NA,NA,NA,4.00432137378264,NA,NA,NA,NA,2.06185614305629,NA,NA,NA,NA,2.06185614305629,2.33004661263507,-3.43213317737758,-0.266852132853351,3.40611505916072,0.654805923073437,NA,NA,4.74496043660702,-3.16930887773622
"NA.35","ROCACA",12092.6822633222,1538.43235050142,4337.94223446399,2799.50988396257,8289,934,1833,899,"Rochefortia_acanthophora",NA,16.1,NA,16.1,0.927591145,202.7222222,1.385829067,102.0599372,4,1.20682587603185,2.30690135821374,0.141709666180041,2.00885529676417,1.23049701025837,-0.530889358434817,-0.523243339856911,-2.32428273711602,-0.403273966691469,-1.11215308703043,NA,NA,NA,NA,NA,NA,NA,NA,NA,NA
"Rondeletia_inermis","RONINE",22037.5582844503,3499.12533093616,8851.45040856674,5352.32507763058,19485,3745,6861,3116,"Rondeletia_inermis",0.0788,NA,NA,0.0788,0.778105128,290.3,14.82239832,111.2521323,5,-1.10347378251044,2.46284703583167,1.17091847981549,2.0463083435833,0.434482390575695,-2.67209711072539,0.492151902799177,-0.754983443545452,-0.232379014326228,-0.990515069791414,-2.67209711072539,0.434482390575695,0.492151902799177,-0.754983443545452,-0.232379014326228,-0.990515069791414,1.79639368783601,1.27406075261502,-1.54226152053925,-0.335082265975146
"Roystonea_borinquena","ROYBOR",24641.9754260415,3346.69308634102,11034.4834200772,7687.79033373622,25036,3056,11815,8759,"Roystonea_borinquena",333.33,NA,308.5,308.5,0.739967091,NA,60383.37667,121.1626667,17,2.48925516836926,NA,4.78091739534068,2.0833688232639,0.231396940663691,0.657678337692515,NA,4.74940854461995,-0.0632753112220024,0.469141137076742,0.657678337692515,0.231396940663691,-0.563743907869411,4.74940854461995,-0.0632753112220024,0.469141137076742,NA,NA,1.43886019910053,2.01405931667282
"Samyda_dodecandra","SAMDOD",26116.3520881236,3769.23157793283,10543.5140020698,6774.282424137,21951,3375,7117,3742,"Samyda_dodecandra",NA,NA,NA,NA,0.8004896,216.8148148,29.9330665,123.39608,6.5,NA,2.33608895390911,1.47615121051911,2.09130136341351,0.553679940443369,NA,-0.333196739871863,-0.289575936029232,-0.0270798295152854,-0.808058043932894,-1.49132027664898,0.553679940443369,-0.333196739871863,-0.289575936029232,-0.0270798295152854,-0.808058043932894,NA,NA,-0.461984181642916,-0.571770298651919
"Samanea_saman","SAMSAM",25057.0386649743,3651.52082045749,10333.0756746531,6681.55485419556,11189,1048,3299,2251,"Samanea_saman",176,NA,NA,176,NA,NA,NA,NA,NA,2.24551266781415,NA,NA,NA,NA,0.431775464088408,NA,NA,NA,NA,0.431775464088408,-0.233274424156129,-1.03439051847468,0.726975666720605,-0.0996435494275912,-0.484651978545909,NA,NA,0.755644777978387,0.102694489537061
"NA.36","SAMSPI",25343.0192703307,4088.2173025012,11252.8147014678,7164.59739896655,11554,2405,5286,2881,"Samyda_spinulosa",NA,NA,0.3,0.3,0.77927475,NA,64.33,231.4566667,8,-0.522878745280338,NA,1.80841355140037,2.36446969438357,0.440710640081484,-2.1339960942352,NA,0.217045315088184,1.21936319377922,-0.625601018074375,NA,NA,NA,NA,NA,NA,NA,NA,NA,NA
"Sapium_laurocerasus","SAPLAU",17699.4212957248,3146.33184795082,8592.63537725061,5446.3035292998,21339,3870,11389,7519,"Sapium_laurocerasus",NA,NA,21.4286,21.4286,0.469707152,271.8730159,74.19376109,277.3738731,24,1.33099379810035,2.43436610487591,1.87036738724528,2.44306555081484,-1.2077400895145,-0.415809344318106,0.306706546181115,0.311510218164542,1.57798916100142,1.32060725774983,-0.415809344318106,-1.2077400895145,0.306706546181115,0.311510218164542,1.57798916100142,1.32060725774983,-1.67495065296411,-0.133738235100118,1.09901107390542,1.27662802696008
"Sapindus_saponaria","SAPSAP",11293.685263576,1772.31804729765,5193.75214493298,3421.43409763533,6914,871,2654,1783,"Sapindus_saponaria",767,NA,NA,767,NA,NA,NA,NA,NA,2.88479536394898,NA,NA,NA,NA,1.0242687624395,NA,NA,NA,NA,1.0242687624395,1.60878910096904,-2.15082043172469,0.180549680021337,1.71388491559689,0.811429751232815,NA,NA,2.78604697301646,-1.8913406666392
"Savia_sessiliflora","SAVSES",8089.42454177194,1006.18626090042,3962.60293608441,2956.41667518399,6453,634,2748,2114,"Savia_sessiliflora",NA,NA,NA,NA,NA,NA,NA,NA,NA,NA,NA,NA,NA,NA,NA,NA,NA,NA,NA,-0.439677638812865,-0.341428026354405,-1.38541212068165,0.0862062558083637,0.341050116110933,-0.257251527103294,NA,NA,1.01397443255004,-0.0575762688624775
"Schaefferia_frutescens","SCHFRU",23395.8447216209,3662.20452198572,9421.63997015916,5759.43544817343,30221,4243,11340,7097,"Schaefferia_frutescens",38.2968,5.3,NA,5.3,0.942216616,238.4343434,8.222583301,114.0863914,7,0.724275869600789,2.37736881010717,0.915008281909193,2.05723384343344,1.30837779783561,-0.978121305519112,-0.0644148778716418,-1.14518578875594,-0.182526921238233,-0.747239035313388,-0.978121305519112,1.30837779783561,-0.0644148778716418,-1.14518578875594,-0.182526921238233,-0.747239035313388,1.84283330090154,1.09982623306813,-0.848016585888167,-1.64870367706963
"Schefflera_gleasonii","SCHGLE",14346.8665415021,1947.33296340425,7747.86618793849,5800.53322453424,21635,2909,11796,8887,"Schefflera_gleasonii",NA,NA,NA,NA,NA,NA,NA,NA,NA,NA,NA,NA,NA,NA,NA,NA,NA,NA,NA,-1.16833992585881,-1.38939988914146,0.144671767650753,0.380795535367532,0.536912384736814,1.89103605590631,NA,NA,0.5720514852033,1.57353439073477
"Schefflera_morototoni","SCHMOR",21509.5067580119,3314.33961619064,10417.4734682366,7103.13385204598,19385,2773,10683,7910,"Schefflera_morototoni",140,NA,1.4,1.4,0.401807862,261,2572.314077,221.0996571,28,0.146128035678238,2.41664050733828,3.41032399441563,2.34458806903872,-1.56930452604687,-1.51395423064972,0.191291436972152,2.65957873812355,1.1286450892506,1.80715932670589,-1.51395423064972,-1.56930452604687,0.191291436972152,2.65957873812355,1.1286450892506,1.80715932670589,-2.81131122767373,-0.954645430866396,1.24990235015625,3.00485539011765
"Schoepfia_obovata","SCHOBO",13804.4889075235,3092.46059656329,7110.5391231589,4018.07852659561,8602,2961,4331,1370,"Schoepfia_obovata",NA,NA,NA,NA,0.579912997,328.4444444,4.360751307,67.13341067,5,NA,2.5164619202247,0.639561319629787,1.82693871179885,-0.620892800684253,NA,0.841249738531487,-1.56517706515628,-1.2333433138459,-0.990515069791414,-1.18843156011451,-0.620892800684253,0.841249738531487,-1.56517706515628,-1.2333433138459,-0.990515069791414,NA,NA,-2.10916536841549,-0.131116142037098
"Senna_polyphylla","SENPOL",4026.79676735005,616.071379631546,913.175930188273,297.104550556727,6009,915,1341,426,"Senna_polyphylla",NA,NA,NA,NA,NA,NA,NA,NA,NA,NA,NA,NA,NA,NA,NA,NA,NA,NA,NA,-0.0716441814364126,-0.567222582765032,-0.0518010882747596,0.394791438404368,-0.740634623134436,-0.642463870113066,NA,NA,-0.494562254504487,0.490764617469418
"Senna_siamea","SENSIA",28027.4891771302,4141.87327316776,12066.5854978859,7924.71222471818,44850,6538,19003,12465,"Senna_siamea",25,NA,NA,25,NA,NA,NA,NA,NA,1.39794000867204,NA,NA,NA,NA,-0.353762958026803,NA,NA,NA,NA,-0.353762958026803,-0.876526742784413,0.434078423654115,0.394858238663983,-1.21901178313574,-0.791802131042668,NA,NA,-1.1901823286635,0.881997046893095
"Sideroxylon_cubense","SIDCUB",18265.337386407,3048.22707514465,7825.78375793621,4777.55668279156,9768,1948,3050,1102,"Sideroxylon_cubense",NA,NA,NA,NA,NA,NA,NA,NA,NA,NA,NA,NA,NA,NA,NA,NA,NA,NA,NA,0.100239201072071,0.386743296198108,-0.429745768667427,-0.834291939407017,-0.00434489176170885,0.919654058316017,NA,NA,0.294785966471677,-0.915004497210896
"Sideroxylon_foetidissimum","SIDFOE",21248.1196946893,3447.43289917335,8021.57723469008,4574.14433551673,19383,3461,5345,1884,"Sideroxylon_foetidissimum",NA,NA,NA,NA,NA,NA,NA,NA,NA,NA,NA,NA,NA,NA,NA,NA,NA,NA,NA,0.388678609668448,0.376628221041687,-0.600547071962576,-0.378369549788431,0.115680475881369,1.08546484377131,NA,NA,0.676638608366441,-0.742798749338931
"Sideroxylon_obovatum","SIDOBO",7723.89512053942,1456.24931827234,2311.37061149604,855.121293223703,4515,839,1161,322,"Sideroxylon_obovatum",NA,NA,NA,NA,0.96354011,292.5666667,6.228935831,74.01574953,9,NA,2.46622484368641,0.794413856899802,1.86932414143636,1.4219256286452,NA,0.514145523133482,-1.32906367968393,-1.03994233330985,-0.503963000835362,0.191401195228388,1.4219256286452,0.514145523133482,-1.32906367968393,-1.03994233330985,-0.503963000835362,NA,NA,-1.49627140518871,-1.90477868310741
"Sideroxylon_portoricense","SIDPOR",26652.9024064392,4380.87568500638,11641.7494332343,7260.87374822795,16157,3326,6025,2699,"Sideroxylon_portoricense",NA,NA,NA,NA,0.692060778,145,82.77375505,191.5590579,30,NA,2.16136800223497,1.91789265751252,2.2823026924871,-0.0237046821395574,NA,-1.47084175724075,0.383974981455574,0.844442404479855,2.05043536118391,0.703401323110319,-0.0237046821395574,-1.47084175724075,0.383974981455574,0.844442404479855,2.05043536118391,NA,NA,2.20208362589983,-0.204132727848673
"Sideroxylon_salicifolium","SIDSAL",22325.8176429272,3805.9156566821,8943.60994051024,5137.69428382814,18732,3444,5233,1789,"Sideroxylon_salicifolium",69.6,NA,NA,69.6,0.842611793,205.662037,21.79261586,101.5564497,25,1.84260923961056,2.31315413300248,1.33830936358164,2.00670751001726,0.777981063143662,0.0583607251370554,-0.482530202623049,-0.499752053992452,-0.413074128359938,1.44224527498885,0.0583607251370554,0.777981063143662,-0.482530202623049,-0.499752053992452,-0.413074128359938,1.44224527498885,0.357299822954765,-0.451355805558989,0.220001660724748,-1.02199529510111
"Simarouba_tulae","SIMTUL",16787.4843269549,2870.62853616104,8480.14188770019,5609.51335153915,15150,2490,9002,6512,"Simarouba_tulae",NA,NA,NA,NA,0.556786059,353,97.97417806,96.29736925,13,NA,2.54777470538782,1.99111162871555,1.98361442278586,-0.744043989845274,NA,1.04513389598051,0.495616543656161,-0.518445850490745,-0.0174109318793096,-0.286957228360375,-0.744043989845274,1.04513389598051,0.495616543656161,-0.518445850490745,-0.0174109318793096,NA,NA,-0.983760656317518,1.03083009902573
"NA.37","SIPDEN",15919.718827134,2160.61588244047,8587.0878933901,6426.47201094963,4777,867,2706,1839,"Siphoneugena_densiflora",NA,NA,NA,NA,NA,NA,NA,NA,NA,NA,NA,NA,NA,NA,NA,NA,NA,NA,NA,NA,NA,NA,NA,NA,NA,NA,NA,NA,NA
"Sloanea_amygdalina","SLOAMY",16937.4653646089,3409.52369215153,8886.35200093687,5476.82830878533,8602,2961,4331,1370,"Sloanea_amygdalina",NA,NA,NA,NA,0.784991099,133.2222222,114.2998069,134.3430704,12,NA,2.12457667358708,2.05804549669156,2.12821526984133,0.471150258893512,NA,-1.71039786838603,0.597674814377404,0.141355072752162,-0.139048949118323,0.465698325090441,0.471150258893512,-1.71039786838603,0.597674814377404,0.141355072752162,-0.139048949118323,NA,NA,1.36528556139283,-0.66094211630673
"Sloanea_berteriana","SLOBER",9178.20902105368,1866.4266759709,5278.69097660587,3412.26430063497,7521,1808,4537,2729,"Sloanea_berteriana",460,NA,641.5,641.5,0.800125551,190.2751323,225.3026563,114.0951604,23,2.80719666071095,2.27938203258237,2.35276631205065,2.05726722324249,0.551741375672586,0.952349544373296,-0.702427481116995,1.0470541446125,-0.182374612110894,1.19896924051082,0.952349544373296,0.551741375672586,-0.702427481116995,1.0470541446125,-0.182374612110894,1.19896924051082,-0.825360887207571,-0.918911916572059,0.970365921117086,-0.244822655766136
"Solanum_ensifolium","SOLENS",19044.1565848067,3372.28417049907,9929.83352366462,6557.54935316555,29094,5163,15237,10074,"Solanum_ensifolium",NA,NA,NA,NA,NA,NA,NA,NA,NA,NA,NA,NA,NA,NA,NA,NA,NA,NA,NA,-1.12822230672181,-1.19524204060898,2.75648961067744,0.137271914739947,-1.55812230357397,-1.38276104178516,NA,NA,-3.33306370404109,1.63993164541859
"Solanum_rugosum","SOLRUG",20907.9183902908,2751.58031632379,10043.0224712472,7291.44215492345,19806,1985,10380,8395,"Solanum_rugosum",NA,NA,NA,NA,NA,NA,NA,NA,NA,NA,NA,NA,NA,NA,NA,NA,NA,NA,NA,-1.08414112608701,-1.14691315579517,2.68057076796665,0.137261474280896,-1.48337572281642,-1.35942688248732,NA,NA,-3.22437283028977,1.57880143472489
"Solanum_torvum","SOLTOR",27310.9947861359,3299.18313189596,11377.4723388031,8078.28920690715,20869,1629,7987,6358,"Solanum_torvum",1,NA,NA,1,NA,NA,NA,NA,NA,0,NA,NA,NA,NA,-1.64938708745006,NA,NA,NA,NA,-1.64938708745006,-1.76662703230307,3.65406648356563,0.137395316459909,-2.44183990213133,-1.6586371923762,NA,NA,-4.6180993469514,2.36266469358077
"Spathodea_campanulata","SPACAM",26458.1376374494,3490.93493708037,11652.642460173,8161.70752309263,32062,4146,14133,9987,"Spathodea_campanulata",5,NA,NA,5,0.335362879,195.5555556,610.5010117,236.6200677,5,0.698970004336019,2.29127015847353,2.78568638797847,2.37405157428089,-1.92312476244106,-1.00157502273843,-0.625021382670633,1.70715456381342,1.26308446741898,-0.990515069791414,-1.00157502273843,-1.92312476244106,-0.625021382670633,1.70715456381342,1.26308446741898,-0.990515069791414,-2.07988904806462,1.11076248360617,1.21185414972961,2.299838563991
"Spondias_mombin","SPOMOM",26590.8553527389,3231.39550859574,11355.5239188354,8124.1284102397,21938,1615,8540,6925,"Spondias_mombin",2047,NA,NA,2047,NA,NA,NA,NA,NA,3.31111784266251,NA,NA,NA,NA,1.41938850070458,NA,NA,NA,NA,1.41938850070458,0.74306810477195,-2.13996645187229,0.618630730196647,1.63179496986401,0.795527717911038,NA,NA,2.98095172490821,-1.04491148017048
"Stahlia_monosperma","STAMON",11020.9720380935,1432.69244939485,3472.39966091374,2039.70721151889,7803,753,1606,853,"Stahlia_monosperma",NA,NA,NA,NA,NA,NA,NA,NA,NA,NA,NA,NA,NA,NA,NA,NA,NA,NA,NA,0.498269874429461,0.049558536928668,-1.03478418171899,0.395407109825365,0.215195799093195,-0.358973299362221,NA,NA,0.901920289028149,-0.294613401936267
"Stenostomum_acutatum","STEACU",9979.31677021366,1503.95250088722,3311.64616612438,1807.69366523717,7072,889,1836,947,"Stenostomum_acutatum",NA,NA,NA,NA,0.912692111,292.6349206,3.819244983,87.62080057,NA,NA,2.46632614994708,0.581977516805545,1.94260721690362,1.15115949681623,NA,0.51480514959254,-1.65297870452817,-0.705558117477237,NA,-0.656269908771542,1.15115949681623,0.51480514959254,-1.65297870452817,-0.705558117477237,0.361949601529626,NA,NA,-1.31550340764548,-1.64605673336907
"Sterculia_apetala","STEAPE",25312.0744711887,3853.97578232363,10696.2941326965,6842.31835037284,39906,6002,16614,10612,"Sterculia_apetala",1898.5,NA,NA,1898.5,NA,NA,NA,NA,NA,3.27841060147582,NA,NA,NA,NA,1.38907511770855,NA,NA,NA,NA,1.38907511770855,0.159638515269912,-5.56501677536576,0.822789640819748,4.21523489823905,2.09819412614924,NA,NA,7.31750323081313,-1.14872419110816
"Stenostomum_sintenisii","STESIN",8352.71099526761,2073.4423823962,4172.3197171702,2098.87733477401,12170,3111,6117,3006,"Stenostomum_sintenisii",NA,NA,NA,NA,NA,NA,NA,NA,NA,NA,NA,NA,NA,NA,NA,NA,NA,NA,NA,-0.612087558236223,0.503589853218984,0.0808884135387586,-0.711140046041057,-0.0904390664288234,0.222880778477357,NA,NA,-0.422432071104338,-0.743613936465474
"Swietenia_macrophylla","SWIMAC",27741.4683641214,4144.97886776179,12031.373436518,7886.39456875622,44155,6519,18882,12363,"Swietenia_macrophylla",566,NA,231,231,0.519537267,130.3636364,763.3712,242.5484,18,2.36361197989214,2.1151564662947,2.88273577112655,2.3847984140952,-0.94239420073837,0.541231032601603,-1.77173482761201,1.85513185121905,1.31212135050654,0.590779154315755,0.541231032601603,-0.94239420073837,-1.77173482761201,1.85513185121905,1.31212135050654,0.590779154315755,-2.824247210217,0.470185748853662,2.68402220830356,1.16772657202365
"NA.38","SWIMAH",23888.7109085992,3398.96634639427,9577.43348685466,6178.46714046039,9051,1085,2647,1562,"Swietenia_mahogani",NA,NA,NA,NA,0.634753756,207.5555555,51.86028336,112.6847687,20,NA,2.3171343623385,1.71483488538644,2.05186521758489,-0.328865179676102,NA,-0.456614088792791,0.0743600479943209,-0.207023487915053,0.834055188793782,NA,NA,NA,NA,NA,NA,NA,NA,NA,NA
"Symplocos_martinicensis","SYMMAR",27726.577217415,4331.7715421468,12050.7125151753,7718.94097302854,23720,4321,8005,3684,"Symplocos_martinicensis",NA,NA,NA,NA,0.663532699,168.3611111,172.51425,148.15624,15,NA,2.22624178321406,2.2368249744282,2.17071994768578,-0.175617004182777,NA,-1.04843486796061,0.870271108151852,0.335300172348615,0.225865102598716,0.399533749488517,-0.175617004182777,-1.04843486796061,0.870271108151852,0.335300172348615,0.225865102598716,NA,NA,1.21075651398973,0.192959517955738
"Symplocos_micrantha","SYMMIC",8662.48126883281,1091.13432715511,2824.62044265397,1733.48611549886,3976,788,1429,641,"Symplocos_micrantha",NA,NA,NA,NA,NA,NA,NA,NA,NA,NA,NA,NA,NA,NA,NA,NA,NA,NA,NA,0.399681063126459,-0.170494803382549,-1.02934099024778,0.856656040151155,0.324571734965599,0.227565534088373,NA,NA,1.18837831772263,0.18611862457551
"Syzygium_jambos","SYZJAM",25192.6995815933,3545.07439020276,11756.1687132865,8211.09432308376,23018,2785,12311,9526,"Syzygium_jambos",1340,NA,1900,1900,0.637763796,266.2619048,40.11330919,88.58468594,18,3.27875360095283,2.42530903456272,1.6032884910436,1.94735864980354,-0.312836684878294,1.38939301289435,0.247734048521106,-0.0957217425261521,-0.683877747839481,0.590779154315755,1.38939301289435,-0.312836684878294,0.247734048521106,-0.0957217425261521,-0.683877747839481,0.590779154315755,-0.025370579383169,-1.17769056767265,-0.167179610011241,-0.0727378659930134
"Syzygium_malaccense","SYZMAL",21676.4371561408,3835.6628756877,11452.0600828771,7616.39720718935,26014,3428,14103,10675,"Syzygium_malaccense",3027.8,NA,NA,3027.8,NA,NA,NA,NA,NA,3.48112718464408,NA,NA,NA,NA,1.57695477989558,NA,NA,NA,NA,1.57695477989558,2.08294893767744,-1.96866245662432,-0.419457014675742,1.78000065917591,0.291564932035377,NA,NA,2.54345006704461,-2.67493162675611
"Tabernaemontana_citrifolia","TABCIT",21127.7216533851,3375.92466264032,11255.410520168,7879.4858575277,25430,3074,13649,10575,"Tabernaemontana_citrifolia",23.0989011,NA,NA,23.0989011,0.553789665,239.2888889,66.46687063,246.1738461,5,1.36359131939179,2.37892253312472,1.82260523195428,2.3912419109113,-0.759999819548927,-0.385597650767177,-0.0542982591584521,0.238684261405764,1.3415224586933,-0.990515069791414,-0.385597650767177,-0.759999819548927,-0.0542982591584521,0.238684261405764,1.3415224586933,-0.990515069791414,-0.708023000592395,1.16175062348382,0.612858366709453,0.627865585181513
"Tabebuia_haemantha","TABHAE",20243.5880774818,2299.22294182237,9078.39840900525,6779.17546718288,25946,2606,11830,9224,"Tabebuia_haemantha",14.065,NA,NA,14.065,NA,NA,NA,NA,NA,1.14813973650122,NA,NA,NA,NA,-0.585280232125322,NA,NA,NA,NA,-0.585280232125322,-0.0746106723652628,0.762545585882609,0.73928413953831,0.012822547552202,0.0299177254362319,NA,NA,-0.540284424789685,0.630286268751827
"Tabebuia_heterophylla","TABHET",28035.002304852,4132.77223134041,11634.4381245077,7501.66589316726,16660,2197,5044,2847,"Tabebuia_heterophylla",10,4.1,10.6,10.6,0.786032932,337.3744856,145.135622,117.5806975,12,1.02530586526477,2.52811223538969,2.16177401849805,2.07033603213732,0.476698030624348,-0.699123835210689,0.917107401114223,0.755836203822812,-0.1227427887151,-0.139048949118323,-0.699123835210689,0.476698030624348,0.917107401114223,0.755836203822812,-0.1227427887151,-0.139048949118323,0.500259972176115,-0.495411429934384,-0.845771796183531,0.24656563169256
"Tabebuia_karsoana","TABKAR",4940.95570378602,1672.02815970403,2547.32194303887,875.293783334841,5156,1961,2940,979,"Tabebuia_karsoana",NA,NA,NA,NA,NA,NA,NA,NA,NA,NA,NA,NA,NA,NA,NA,NA,NA,NA,NA,-0.58391194857067,-0.0731105389786258,0.760189057353393,0.739283815555281,0.0151426894761683,0.0306420199663551,NA,NA,-0.53691064896608,0.628388781084258
"Tabebuia_rigida","TABRIG",4092.12208062215,744.278666982402,1987.73175660266,1243.45308962025,9445,1218,4117,2899,"Tabebuia_rigida",NA,NA,NA,NA,0.693625,NA,147.368,121.817,NA,NA,NA,2.16840318954624,2.08570789988147,-0.0153751834652479,NA,NA,0.76594411711024,-0.0526023107297363,NA,-0.347904902891025,-0.0153751834652479,1.06106382033643,0.76594411711024,-0.0526023107297363,0.271121430235288,NA,NA,-0.677539914341491,0.642138223754628
"Tabebuia_schumanniana","TABSCH",12125.1808471675,1847.52519897488,6348.76967929304,4501.24448031816,7271,1481,4608,3127,"Tabebuia_schumanniana",14.73,NA,NA,14.73,0.741305248,417.7555556,116.0440083,73.14735248,20,1.16820274684263,2.62092223414982,2.06462272144489,1.86419861174452,0.238522640824868,-0.566685642839696,1.52141290448854,0.607703521887783,-1.06332967364463,0.834055188793782,-0.566685642839696,0.238522640824868,1.52141290448854,0.607703521887783,-1.06332967364463,0.834055188793782,0.793621138741076,-1.75877639443736,-1.58372770016301,0.527230807659291
"Tamarindus_indica","TAMIND",17100.2302775238,1642.78003309713,5846.22027378602,4203.44024068889,17885,1477,5428,3951,"Tamarindus_indica",646,NA,NA,646,0.812380723,170.3777778,16.60643373,191.4504112,11,2.81023251799508,2.23141294953754,1.22027637672138,2.28205630346876,0.617000296035189,0.955163205851195,-1.01476431187951,-0.679724359363162,0.843318153100378,-0.260686966357336,0.955163205851195,0.617000296035189,-1.01476431187951,-0.679724359363162,0.843318153100378,-0.260686966357336,-0.0770768753711214,1.03582773818125,1.1383347243391,-1.37311598914763
"Tectona_grandis","TECGRA",25353.9776565433,4027.39347776957,10841.9688825011,6814.57540473156,40496,6358,17079,10721,"Tectona_grandis",NA,NA,NA,NA,NA,NA,NA,NA,NA,NA,NA,NA,NA,NA,NA,NA,NA,NA,NA,-0.452091352848375,-0.123666140607303,0.814080953097037,0.163098730162052,0.0981453208837147,0.115398539293653,NA,NA,-0.577763883319213,0.358603115249381
"Tecoma_stans","TECSTA",26570.3364059431,3446.11295872089,10565.3140118523,7119.20105313137,24100,1994,6954,4960,"Tecoma_stans",9,NA,NA,9,NA,NA,NA,NA,NA,0.954242509439325,NA,NA,NA,NA,-0.764986030980235,NA,NA,NA,NA,-0.764986030980235,-0.678506413417184,0.575086908276198,0.868460640234079,0.195187845199458,-0.281824969092428,NA,NA,-0.329491565612891,1.14478295958643
"Terminalia_catappa","TERCAT",28623.4128471911,4297.94194795191,12260.2614755481,7962.31952759624,34245,4455,12706,8251,"Terminalia_catappa",2473,NA,NA,2473,NA,NA,NA,NA,NA,3.3932241163613,NA,NA,NA,NA,1.49548537805358,NA,NA,NA,NA,1.49548537805358,2.1934857847169,-2.9092174511757,-0.68939351173688,2.94044803505337,2.51764603534419,NA,NA,4.34207798618816,-2.93952666327986
"Ternstroemia_stahlii","TERSTA",13760.2754412517,2555.34804323316,5644.46579743177,3089.11775419861,10203,2761,4917,2156,"Ternstroemia_stahlii",NA,NA,NA,NA,NA,NA,NA,NA,NA,NA,NA,NA,NA,NA,NA,NA,NA,NA,NA,-0.0427883282989272,-0.187354166529936,0.2567163062007,0.0118915954710548,-0.323523827156845,0.0225014470411446,NA,NA,-0.401042260180765,0.109098908826424
"Tetragastris_balsamifera","TETBAL",27752.5597857833,3932.40108388662,11914.1602021456,7981.75911825895,33227,3778,13331,9553,"Tetragastris_balsamifera",NA,NA,1140,1140,0.551419671,169.7222222,604.2189239,127.196777,13,3.05690485133647,2.2297387094184,2.78119432308331,2.10447610699755,-0.772620062635344,1.18378147641764,-1.02566564289425,1.70030523044856,0.0330353645326449,-0.0174109318793096,1.18378147641764,-0.772620062635344,-1.02566564289425,1.70030523044856,0.0330353645326449,-0.0174109318793096,-1.71795986430702,-0.3773823070795,1.3451484318881,0.949526438341033
"Tetrazygia_biflora","TETBIF",8915.80089133966,1581.55365936295,5474.38130450109,3892.82764513814,5533,1501,3957,2456,"Tetrazygia_biflora",NA,NA,NA,NA,NA,NA,NA,NA,NA,NA,NA,NA,NA,NA,NA,NA,NA,NA,NA,-1.95600064538575,0.188299865812691,0.731613107918477,-0.757990780214645,-0.0866478911994856,0.015548873230662,NA,NA,-1.1990065457384,-0.140008855647478
"Tetrazygia_elaeagnoides","TETELA",26232.2820650581,3629.35429678857,10509.9764587972,6880.62216200866,20601,2660,6389,3729,"Tetrazygia_elaeagnoides",NA,NA,NA,NA,0.754444614,329.3518519,13.66108362,109.7905793,14,NA,2.51766010976232,1.13548514967649,2.04056507660267,0.308489903578022,NA,0.849051403668273,-0.809010866571074,-0.258585035476283,0.104227085359703,-1.95985642782236,0.308489903578022,0.849051403668273,-0.809010866571074,-0.258585035476283,0.104227085359703,NA,NA,-1.38645688586566,-0.230300348834904
"Tetrazygia_urbanii","TETURB",15097.8645228604,2068.54346827895,7263.06756727817,5194.52409899922,13224,2290,7984,5694,"Tetrazygia_urbanii",NA,NA,NA,NA,NA,NA,NA,NA,NA,NA,NA,NA,NA,NA,NA,NA,NA,NA,NA,-1.95985615247559,0.308470473838346,0.849033085599238,-0.809002649558403,-0.258558319379172,0.104213064799233,NA,NA,-1.38642771176468,-0.230285545432498
"Thespesia_grandiflora","THEGRA",23359.005367459,3028.70250144042,10004.4267628419,6975.72426140145,17456,1731,6754,5023,"Thespesia_grandiflora",253.81,NA,NA,253.81,NA,NA,NA,NA,NA,2.4045087291033,NA,NA,NA,NA,0.579134529721825,NA,NA,NA,NA,0.579134529721825,0.524476719914764,-2.83971931073634,0.406250267832912,2.6505512884805,0.411732990589843,NA,NA,3.78808459110512,-1.01098031268045
"Thespesia_populnea","THEPOP",15282.3552933485,1486.88739167468,4436.53457220329,2949.64718052861,21123,1586,5387,3801,"Thespesia_populnea",125.6,NA,NA,125.6,NA,NA,NA,NA,NA,2.09898963940118,NA,NA,NA,NA,0.295976524255251,NA,NA,NA,NA,0.295976524255251,0.214033189222704,-2.35204998525967,0.406317314161036,2.17041195087301,0.261844618532166,NA,NA,3.08990209095328,-0.618306716977352
"Thouinia_portoricensis","THOPOR",5277.82824258442,725.272017103653,1381.23389284603,655.961875742375,5643,747,1150,403,"Thouinia_portoricensis",NA,4,NA,4,1.038513863,397.6,27.10284074,73.53192808,7,0.602059991327962,2.59944637572528,1.43301481312714,1.8664759537526,1.8211616553866,-1.09139214683322,1.38157905459072,-0.355348709306673,-1.05293836273555,-0.747239035313388,-1.09139214683322,1.8211616553866,1.38157905459072,-0.355348709306673,-1.05293836273555,-0.747239035313388,2.62442523360577,-0.31516317256102,-2.30525235363573,-1.28474454849597
"Thouinia_striata","THOSTR",20796.0336414501,3603.98743931204,8650.30293899029,5046.31549967825,7791,2574,3820,1246,"Thouinia_striata",9.3324,NA,NA,9.3324,0.926572126,192.1712963,114.1399747,137.1655334,22,0.969993345002749,2.28368851970372,2.05743777194825,2.13724499668651,1.22507072331853,-0.75038800639552,-0.674387033940945,0.596748178307321,0.182556920669388,1.07733122327181,-0.75038800639552,1.22507072331853,-0.674387033940945,0.596748178307321,0.182556920669388,1.07733122327181,-0.0657787799408388,0.0316298221944914,0.611076668676719,-0.708531558636833
"Thrinax_morrisii","THRMOR",11044.7739999601,1715.36941339455,4291.72750096185,2576.35808756729,13517,2004,4874,2870,"Thrinax_morrisii",NA,NA,NA,NA,NA,NA,NA,NA,NA,NA,NA,NA,NA,NA,NA,NA,NA,NA,NA,0.341352611399545,-1.4933787835015,-0.603020485398294,2.3555966654426,0.462413675310055,0.438888056078604,NA,NA,1.42573056452046,2.15707688459776
"Tournefortia_filiflora","TOUFIL",24392.3007329395,3534.92255266663,10433.8158885818,6898.89333591517,22797,3296,9488,6192,"Tournefortia_filiflora",NA,NA,NA,NA,NA,NA,NA,NA,NA,NA,NA,NA,NA,NA,NA,NA,NA,NA,NA,-0.160365028311772,-0.251791752875193,0.19068012849248,-0.0198464978963605,-5.64060698953842e-07,-0.274395343835901,NA,NA,-0.253918747610216,0.133358619121415
"Trema_lamarckianum","TRELAM",11775.3281176372,2107.58984371042,6626.02732389607,4518.43748018565,8024,1345,5526,4181,"Trema_lamarckianum",3.76,NA,NA,3.76,NA,NA,NA,NA,NA,0.575187844927661,NA,NA,NA,NA,-1.11629750834347,NA,NA,NA,NA,-1.11629750834347,-1.5568576065129,1.51997935646617,0.521991195249827,-1.17307670614314,-0.358433787915088,NA,NA,-1.89283274624254,1.91193378964399
"Trema_micranthum","TREMIC",23368.2801347133,2894.17967832182,9870.93073742278,6976.75105910096,31717,3273,12539,9266,"Trema_micranthum",NA,NA,NA,NA,NA,NA,NA,NA,NA,NA,NA,NA,NA,NA,NA,NA,NA,NA,NA,-1.07006905340901,-1.50617450912123,1.44036232639643,0.521980249247601,-1.09468902399275,-0.333962970494788,NA,NA,-1.77884727657122,1.84782578890778
"Trichilia_hirta","TRIHIR",28077.7492151707,3996.08326967061,11852.7484001666,7856.66513049603,32051,3798,13146,9348,"Trichilia_hirta",51.4516,NA,NA,51.4516,NA,NA,NA,NA,NA,1.71139888464494,NA,NA,NA,NA,-0.0632462829384519,NA,NA,NA,NA,-0.0632462829384519,-0.607331478631874,-0.21569693844987,1.16932147394292,0.375165983110675,-0.0304379615678226,NA,NA,0.593542840457166,0.956289840896793
"Trichilia_pallida","TRIPAL",24820.7621932365,3985.39939955622,11867.652949784,7882.25355022773,21669,3625,11793,8168,"Trichilia_pallida",43.0228,NA,50,50,0.697209801,207.9333333,99.1512521,180.7746615,9,1.69897000433602,2.31792411563184,1.99629820292546,2.25713755699159,0.00371391972928697,-0.0747654877183802,-0.451471838304184,0.50352483897566,0.729616108703722,-0.503963000835362,-0.0747654877183802,0.00371391972928697,-0.451471838304184,0.50352483897566,0.729616108703722,-0.503963000835362,-0.485298647200696,0.706272053744644,0.67383066160755,0.0388473671429462
"Trichilia_triacantha","TRITRI",17060.5815178575,3107.40525297914,8797.96468634438,5690.55943336524,2264,522,709,187,"Trichilia_triacantha",NA,NA,NA,NA,NA,NA,NA,NA,NA,NA,NA,NA,NA,NA,NA,NA,NA,NA,NA,-0.0439043269038269,-0.586125703036776,-0.249008653007481,1.16931689414258,0.407963339283585,-0.0201993871801268,NA,NA,0.641234288204971,0.929467094312133
"Trophis_racemosa","TRORAC",15834.98705331,2975.95158542739,6646.44840154261,3670.49681611522,19087,3151,6728,3577,"Trophis_racemosa",NA,NA,NA,NA,0.699880156,174.3194445,56.23637341,158.8361218,22.5,NA,2.24134583328358,1.75001730598743,2.20094927463069,0.0179335883136919,NA,-0.950089207986602,0.128004893494826,0.473233927464284,1.13815023189131,0.634633905770797,0.0179335883136919,-0.950089207986602,0.128004893494826,0.473233927464284,1.13815023189131,NA,NA,1.33439765797031,-0.3071231638806
"Turpinia_occidentalis","TUROCC",16908.8908306644,3151.91961794323,9702.64668647223,6550.727068529,15654,2776,9781,7005,"Turpinia_occidentalis",40,NA,NA,40,0.508747642,216.9722222,205.5155703,125.7073321,27,1.60205999132796,2.3364041369939,2.31284473053914,2.09936060940994,-0.999849067844058,-0.164582611813164,-0.331144516240231,0.986183202939419,0.00969379980545931,1.68552130946687,-0.164582611813164,-0.999849067844058,-0.331144516240231,0.986183202939419,0.00969379980545931,1.68552130946687,-1.50039721074735,-0.967391973797223,0.83361922514191,1.27246034921844
"Urera_baccifera","UREBAC",21512.8976305159,3631.35463807732,11258.8338791883,7627.47924111097,17765,3789,11300,7511,"Urera_baccifera",NA,NA,120,120,0.371734872,164,149.4788,629.5152,4,2.07918124604762,2.2148438480477,2.17457960272142,2.799006220856,-1.7294435154854,0.277617916421751,-1.12264923106968,0.775361682043801,3.20211507378226,-1.11215308703043,0.277617916421751,-1.7294435154854,-1.12264923106968,0.775361682043801,3.20211507378226,-1.11215308703043,-2.83301543481869,2.23145546719461,2.80190885887949,1.33119435159686
"Vachellia_farnesiana","VACFAR",15980.2056700431,1615.71347263351,5717.03612341209,4101.32265077858,12997,1089,3848,2759,"Vachellia_farnesiana",66.6,NA,NA,66.6,0.862116102,128.7555555,31.64597825,150.4304933,5,1.8234742291703,2.10976597690501,1.50031852525975,2.17733587967054,0.881841714610536,0.0406262150083132,-1.8068334424982,-0.252726513980449,0.365488087015424,-0.990515069791414,0.0406262150083132,0.881841714610536,-1.8068334424982,-0.252726513980449,0.365488087015424,-0.990515069791414,0.216503588233331,1.80428710000849,1.07313509998417,-1.44025701241248
"Varronia_bellonis","VARBEL",18226.9891748205,3402.83573747799,9562.08848306909,6159.2527455911,547,351,445,94,"Varronia_bellonis",NA,NA,NA,NA,NA,NA,NA,NA,NA,NA,NA,NA,NA,NA,NA,NA,NA,NA,NA,-0.0113296363731507,-0.491633770981861,0.217651325295946,0.333592109401174,0.0722504215881489,-0.229532136763583,NA,NA,-0.0944675086008486,0.495067345624267
"Varronia_polycephala","VARPOL",28529.8907744586,4231.36280876398,12220.7974361777,7989.43462741375,10864,726,2520,1794,"Varronia_polycephala",NA,NA,NA,NA,NA,NA,NA,NA,NA,NA,NA,NA,NA,NA,NA,NA,NA,NA,NA,-0.0113296363731507,-0.491633770981861,0.217651325295946,0.333592109401174,0.0722504215881489,-0.229532136763583,NA,NA,-0.0944675086008486,0.495067345624267
"NA.39","VARRUP",1443.67822149249,436.121527926854,613.866864724616,177.745336797761,1252,394,465,71,"Varronia_rupicola",NA,NA,NA,NA,NA,NA,NA,NA,NA,NA,NA,NA,NA,NA,NA,NA,NA,NA,NA,NA,NA,NA,NA,NA,NA,NA,NA,NA,NA
"Vitex_divaricata","VITDIV",20477.2813264281,3025.74164178967,9756.02363871038,6730.2819969207,21894,2738,11691,8953,"Vitex_divaricata",NA,NA,NA,NA,0.651594803,179.6666667,114.0644933,133.3439053,29,NA,2.25446751054765,2.05715047558645,2.12497317034409,-0.239186426493703,NA,-0.864651196025492,0.596310119507542,0.126561658432095,1.9287973439449,-0.151882623053252,-0.239186426493703,-0.864651196025492,0.596310119507542,0.126561658432095,1.9287973439449,NA,NA,1.18574239256183,0.354177620198619
"NA.40","WALLAM",26982.4651658759,4339.72676732391,11664.6273413077,7324.90057398379,4441,1646,2347,701,"Wallenia_lamarckiana",NA,NA,NA,NA,NA,NA,NA,NA,NA,NA,NA,NA,NA,NA,NA,NA,NA,NA,NA,NA,NA,NA,NA,NA,NA,NA,NA,NA,NA
"Xylosma_buxifolia","XYLBUX",21285.7427780218,3426.50290256552,7890.78341113776,4464.28050857224,19494,3468,5367,1899,"Xylosma_buxifolia",NA,NA,NA,NA,0.726887178,350.7777778,8.214176182,73.55598214,17,NA,2.54503207248041,0.91456401359553,1.86661799867801,0.161746265763594,NA,1.02727603387698,-1.14586319254568,-1.05229022425752,0.469141137076742,-1.42017402422253,0.161746265763594,1.02727603387698,-1.14586319254568,-1.05229022425752,0.469141137076742,NA,NA,-1.8355212004302,-0.335807042665693
"Xylosma_schaefferioides","XYLSCH",21088.9713972956,3124.81360387988,9250.43298042379,6125.61937654391,547,351,445,94,"Xylosma_schaefferioides",NA,NA,NA,NA,0.883987791,NA,44.61266667,81.49133333,8,NA,NA,1.64945818346248,1.91111142362223,0.998308689586213,NA,NA,-0.0253239138859203,-0.849270646888324,-0.625601018074375,-0.980624198895171,0.998308689586213,1.62068695120103,-0.0253239138859203,-0.849270646888324,-0.625601018074375,NA,NA,-2.15047422655037,-0.410105388673991
"Zanthoxylum_flavum","ZANFLA",16093.3629571497,3159.53407246806,6268.38451956771,3108.85044709966,7935,2598,3863,1265,"Zanthoxylum_flavum",25.15,23.5,NA,23.5,0.86361287,331.1367521,145.9757947,71.42103239,9,1.37106786227174,2.52000738476429,2.16428084825205,1.85382612362265,0.889812020022267,-0.378668319537057,0.864335006949931,0.759658524531624,-1.11065842294656,-0.503963000835362,-0.378668319537057,0.889812020022267,0.864335006949931,0.759658524531624,-1.11065842294656,-0.503963000835362,1.23319204557237,-0.818521757376741,-1.46412218309432,-0.190123818350757
"Zanthoxylum_martinicense","ZANMAR",25874.7833604962,3823.13325314224,11415.1411458701,7592.00789272785,24168,3346,11119,7773,"Zanthoxylum_martinicense",15.3504,NA,12.28,12.28,0.566025108,212.1111111,370.8468058,242.3988413,33,1.08919836680515,2.32656341893159,2.56919454267259,2.3845305395115,-0.69484595631974,-0.639907655566783,-0.395219509900945,1.37705585556174,1.31089906238557,2.41534941290095,-0.639907655566783,-0.69484595631974,-0.395219509900945,1.37705585556174,1.31089906238557,2.41534941290095,-2.34278234616569,-0.668994721989497,1.77833188941425,1.38266806863598
"Zanthoxylum_monophyllum","ZANMON",15920.3249064964,1599.19491411641,6841.10206759754,5241.90715348113,13128,880,5801,4921,"Zanthoxylum_monophyllum",NA,NA,NA,NA,0.793975622,207.9333333,22.0499657,141.8967295,6,NA,2.31792411563184,1.34340791823414,2.15197238575718,0.518992938780255,NA,-0.451471838304184,-0.49197796761815,0.249756699257518,-0.868877052552401,-0.957894980327827,0.518992938780255,-0.451471838304184,-0.49197796761815,0.249756699257518,-0.868877052552401,NA,NA,-0.140549662111837,-0.774393613166222
"Zanthoxylum_punctatum","ZANPUN",8693.57322234614,1412.14860814577,4474.23793729953,3062.08932915376,4365,542,1683,1141,"Zanthoxylum_punctatum",NA,NA,NA,NA,NA,NA,NA,NA,NA,NA,NA,NA,NA,NA,NA,NA,NA,NA,NA,-0.560990819758958,0.321840759594439,-0.140678106145155,0.537548195439911,0.260290888794887,0.365196144966533,NA,NA,0.242370464792966,0.0183792316602212
"Zapoteca_portoricensis","ZAPPOR",23021.6599009103,3082.46799791346,9235.61362735867,6153.14562944521,10153,979,2806,1827,"Zapoteca_portoricensis",NA,NA,NA,NA,NA,NA,NA,NA,NA,NA,NA,NA,NA,NA,NA,NA,NA,NA,NA,0.151594705237222,-0.540451825280984,-0.551853387880044,0.727039357545203,-0.57473590799967,-0.63296880641226,NA,NA,0.0648038758543321,0.491234925930478
"Ziziphus_reticulata","ZIZRET",8192.01937499922,998.79723835038,2442.86807508441,1444.07083673403,5028,588,784,196,"Ziziphus_reticulata",211.9696,NA,NA,211.9696,0.953860843,414.5,14.27027782,70.88891112,NA,2.32627358027338,2.61752453488629,1.15443242823157,1.85057830547874,1.37038342961924,0.506625447812544,1.49928976699052,-0.780120761416869,-1.12547793094745,NA,0.506625447812544,1.37038342961924,1.49928976699052,-0.780120761416869,-1.12547793094745,0.473357528453683,NA,NA,-1.82161544671672,-1.32719538897376
