"","sp","total_hab_raw","fcover_51_raw","fcover_77_raw","fcover_91_raw","fcover_00_raw","tot_change_raw","total_hab","fcover_51","fcover_77","fcover_91","fcover_00","tot_change","tpa2004","tpa2009","tpa2014","tpa2019","tpa_gs_2004","tpa_gs_2009","tpa_gs_2014","tpa_gs_2019","tpa_diam2_2004","tpa_diam2_2009","tpa_diam2_2014","tpa_diam2_2019","tpa_seedlings_2004","tpa_seedlings_2009","tpa_seedlings_2014","tpa_seedlings_2019","nPlots2004","nPlots2009","nPlots2014","nPlots2019","species","seedmass","ss.guanica","ss.swenson","ss","WD","THK","LA.wp","SLA.wp","MAXHT","ss.log","thk.log","la.log","sla.log","wd.z","ss.log.z","thk.log.z","la.log.z","sla.log.z","maxht.z","ss.log.z_pi","wd.z_pi","thk.log.z_pi","la.log.z_pi","sla.log.z_pi","maxht.z_pi","pca1","pca2","pca1_pi","pca2_pi"
"Acnistus_arborescens","ACNARB",22240.9843754442,2614.06406885292,5982.9087578794,9652.41009164695,9413.51379624289,6799.44972738996,33838,3943,9069,14700,14320,10377,NA,NA,NA,NA,NA,NA,NA,NA,NA,NA,NA,NA,NA,NA,NA,NA,NA,NA,NA,NA,"Acnistus_arborescens",NA,NA,NA,NA,NA,NA,NA,NA,NA,NA,NA,NA,NA,NA,NA,NA,NA,NA,NA,-1.07857141541694,-1.1595874095849,2.66290309171004,0.11857128160043,-1.44823857880129,-1.39850580403619,NA,NA,-3.13103474771719,1.6725164933165
"Adenanthera_pavonina","ADEPAV",14491.5703662267,2784.49726467737,5134.03458825732,5398.78008713227,5642.09236204182,2857.59509736445,9199,2355,3582,2969,3332,977,6.79882434100443,5.6399519410739,6.61236502046928,6.97885084894265,0.227924407568837,0.225873865985772,0.0848188817614354,0.465032079946476,2.18864601378944,2.12468066850922,2.00169466153223,2.31889976437135,3.19166193776346,10.6012949492703,1.40796249859295,39.289859273635,3,2,3,3,"Adenanthera_pavonina",234,NA,NA,234,0.60277991,152.4444444,1233.654518,150.8393019,6.5,2.36921585741014,2.18311160180479,3.09119355359225,2.17851451377814,-0.497151089163936,0.550219047122289,-1.33008999542591,2.28536325555954,0.379992287600102,-0.810256518456059,0.550219047122289,-0.497151089163936,-1.33008999542591,2.28536325555954,0.379992287600102,-0.810256518456059,-1.79228030851101,0.412185409408899,1.5846395453698,0.971086268457642
"Adelia_ricinella","ADERIC",19801.1854815872,2630.09885502788,5447.67723342732,7111.8059164829,7478.81520599012,4848.71635096224,9537,1016,1928,2146,2564,1548,NA,1.11104984826585,2.19676261556471,3.98103435166364,NA,NA,NA,NA,NA,0.056468466496443,0.436809504061982,1.25089113933472,NA,3.1029371872982,9.60405571755126,NA,NA,3,3,5,"Adelia_ricinella",NA,NA,NA,NA,0.817326947,136.6666667,23.93057147,138.3520253,4,NA,2.135662602106,1.37895306983384,2.14098552104962,0.642724942075886,NA,-1.63841529939999,-0.437271451514391,0.20868974686202,-1.11621905452976,-0.449492377217015,0.642724942075886,-1.63841529939999,-0.437271451514391,0.20868974686202,-1.11621905452976,NA,NA,0.686586129237497,-1.24082787515434
"Aiphanes_acanthophylla","AIPMIN",24272.481118666,3861.67430298962,7668.30648391508,10189.2824276853,10327.5391329359,6465.86482994631,37211,5928,11765,15598,15815,9887,NA,NA,NA,NA,NA,NA,NA,NA,NA,NA,NA,NA,NA,NA,NA,NA,NA,NA,NA,NA,"Aiphanes_acanthophylla",NA,NA,NA,NA,NA,192.1111111,45.22604067,174.0977514,8,NA,2.28355248380948,1.65538856894343,2.24079316192217,NA,NA,-0.677421537247481,0.00228881544707484,0.664265588990863,-0.626678996811836,-0.361996169838596,-2.93437428121427,-0.677421537247481,0.00228881544707484,0.664265588990863,-0.626678996811836,NA,NA,0.961460368981887,2.08480583124808
"Albizia_lebbeck","ALBLEB",20720.1293187402,2889.48372653313,5756.84286789969,7391.43286930025,7738.325948162,4848.84222162887,10963,1221,2100,2773,3068,1847,1.62772840787419,0.056468466496443,NA,0.0642671423591184,0.0854716528383138,0.0282342332482215,NA,NA,1.62772840787419,0.056468466496443,NA,0.0642671423591184,1.28472898789956,NA,NA,3.08769260588487,7,1,NA,2,"Albizia_lebbeck",123,NA,NA,123,NA,NA,NA,NA,NA,2.0899051114394,NA,NA,NA,NA,0.292144845212335,NA,NA,NA,NA,0.292144845212335,-0.393431809716916,-0.78864161804606,0.767194968976719,-0.327968287799549,-0.569221206688828,NA,NA,0.452791510985845,0.302771286429818
"Albizia_procera","ALBPRO",24575.9616152495,3834.98190381937,7608.2776649259,10077.6483735349,10265.1209706739,6430.13906685449,15447,1862,3111,3837,4291,2429,2.91268547452437,5.85591110409123,4.2800026550884,3.82325664049415,0.37037716229936,0.338810798978658,0.172414872647194,0.314547116696827,2.12981337836857,3.92384337563231,3.92801203278785,3.0513334915972,6.60416554197239,3.51527128194308,22.1754093317097,2.31576946213646,11,15,15,13,"Albizia_procera",36,NA,NA,36,NA,NA,NA,NA,NA,1.55630250076729,NA,NA,NA,NA,-0.20088691197146,NA,NA,NA,NA,-0.20088691197146,-0.941567615620022,0.0601959997577298,0.74805982913307,-1.15304067889242,-0.846917915778569,NA,NA,-0.74461522839943,1.02023455443846
"Alchornea_latifolia","ALCLAT",17491.3661732227,3044.13874435425,6381.82394140214,9178.955866009,8915.43936531246,5871.30062095821,14151,2259,5421,8468,7893,5634,7.39704383708551,3.5837891382183,4.41271260902035,4.44493975176109,0.256414958514942,0.254108099233993,0.0848188817614354,0.250279974337709,3.0678807199951,2.47106372572337,2.54838269042778,2.37307092357069,6.53055164054236,2.10916277291721,22.4189551876753,18.2656519352477,19,19,25,23,"Alchornea_latifolia",34,NA,21.8636,21.8636,0.430138969,179.302682,179.2952453,163.8239611,27,1.33972167323172,2.25358678576458,2.25356877273367,2.21437742253101,-1.41438244974706,-0.401000674229261,-0.872139719235317,0.953455546623167,0.543689923507008,1.69863627734833,-0.401000674229261,-1.41438244974706,-0.872139719235317,0.953455546623167,0.543689923507008,1.69863627734833,-2.07633125363143,-0.28430452811406,1.57716372693324,1.43723112055173
"Allophylus_crassinervis","ALLCRA",22938.7222546041,3840.19673141837,7643.88627648354,10670.0575971305,10726.4055968225,6886.20886540413,22063,4192,8061,11942,12179,7987,NA,NA,NA,1.5438462977939,NA,NA,NA,NA,NA,NA,NA,NA,NA,NA,NA,NA,NA,NA,NA,3,"Allophylus_crassinervis",NA,NA,NA,NA,0.881489862,207.25,16.15970792,118.3069046,8,NA,2.31649453922231,1.20843350681736,2.07301009156094,0.983618808174714,NA,-0.463362878199484,-0.708414719593569,-0.101586733602249,-0.626678996811836,-1.08860619683312,0.983618808174714,-0.463362878199484,-0.708414719593569,-0.101586733602249,-0.626678996811836,NA,NA,-0.429614551773417,-1.207537077434
"Allophylus_racemosus","ALLRAC",24410.8776230812,4255.85169174522,8214.42746855319,10749.7533609942,10881.9585115463,6626.10681980103,7543,2517,4005,3363,3785,1268,NA,NA,0.0282729605871451,0.0620042773261967,NA,NA,0.0282729605871451,0.0310021386630984,NA,NA,0.0282729605871451,0.0620042773261967,NA,NA,106.825301354927,NA,NA,NA,1,1,"Allophylus_racemosus",18.55,NA,NA,18.55,0.686336981,204.2888889,235.0207448,242.4582029,8,1.26834391395106,2.31024474636498,2.37110619824849,2.38463688184788,-0.0532171910066567,-0.466951442419202,-0.503974256621424,1.14035188339494,1.32084581939415,-0.626678996811836,-0.466951442419202,-0.0532171910066567,-0.503974256621424,1.14035188339494,1.32084581939415,-0.626678996811836,-1.01334125908097,0.99705777058057,1.11627365686545,0.448085076849887
"NA","ALSBRY",13999.8333937945,1805.18127375748,4436.81379378866,7645.15508886147,7396.83449050505,5591.65321674757,20434,2627,6524,11321,10944,8317,NA,NA,NA,NA,NA,NA,NA,NA,NA,NA,NA,NA,NA,NA,NA,NA,NA,NA,NA,NA,"Alsophila_bryophila",NA,NA,NA,NA,NA,NA,NA,NA,NA,NA,NA,NA,NA,NA,NA,NA,NA,NA,NA,NA,NA,NA,NA,NA,NA,NA,NA,NA,NA
"NA.1","ALSPOR",21111.1181966607,3287.29153857194,6897.12599235959,10297.6361492369,10091.5054764766,6804.21393790469,14627,2008,5152,8947,8408,6400,0.354629102093461,1.2572477071942,0.830111703835279,1.6626749574993,NA,NA,NA,NA,0.354629102093461,1.2572477071942,0.830111703835279,1.6626749574993,0.7092582089175,28.8225616382678,6.2621787609135,2.70173102628786,1,3,3,5,"Alsophila_portoricensis",NA,NA,NA,NA,NA,NA,NA,NA,NA,NA,NA,NA,NA,NA,NA,NA,NA,NA,NA,NA,NA,NA,NA,NA,NA,NA,NA,NA,NA
"Amyris_elemifera","AMYELE",15299.5137059093,2977.30538537353,5468.43802243471,6491.16118756682,6763.35523426533,3786.04984889179,9034,2734,4458,3905,4411,1677,7.80184024605615,9.8427595631811,10.9465015603469,15.0809135946801,NA,NA,NA,NA,1.06388730628038,1.75763563628234,3.90668911433596,4.65995108457129,18.7486093273133,10.2497678274786,11.6156906016534,0.385961574448474,6,7,7,9,"Amyris_elemifera",63.1696,8.2,NA,8.2,0.911156945,225.6262626,27.46144804,74.89156875,8,0.913813852383717,2.35338964955967,1.43872343381847,1.87443292782689,1.14123830878102,-0.7945258877707,-0.223617126294592,-0.342230556860503,-1.00799988799416,-0.626678996811836,-0.7945258877707,1.14123830878102,-0.223617126294592,-0.342230556860503,-1.00799988799416,-0.626678996811836,1.6505459378265,0.357407632019915,-1.02094425263916,-1.1444959165699
"Anadenanthera_peregrina","ANAPER",22257.1670824131,2783.28079467732,6151.77619065065,9777.9073992325,9547.47290535364,6764.19211067632,34397,4278,9484,15133,14761,10483,NA,NA,0.0848188817614354,0.0620042773261967,NA,NA,NA,NA,NA,NA,0.0848188817614354,0.0620042773261967,NA,NA,8.13057661950557,NA,NA,NA,1,1,"Anadenanthera_peregrina",NA,NA,NA,NA,NA,NA,NA,NA,NA,NA,NA,NA,NA,NA,NA,NA,NA,NA,NA,0.210216509191455,0.380543426866039,-1.46162848143922,0.218119131553366,0.178267735189985,-0.765908828750181,NA,NA,0.948183426157922,-0.757973941301715
"Andira_inermis","ANDINE",26492.9784041047,4161.62245232612,8414.73165632784,11121.0109718814,11179.7632643431,7018.14081201702,30931,4751,10125,12482,12670,7919,22.6844740272268,22.5003944109716,19.149498597528,18.3004253842594,1.53449924106786,1.18552309660341,0.517244617941583,1.16970778086386,14.7354059972329,15.5306588394711,13.4132718336294,12.039803619515,0.709258204186922,2.10916277291721,28.8243709459266,0.41437376563808,66,70,73,73,"Andira_inermis",792,NA,13520,13520,0.738835596,161.9027778,385.2892141,189.8808778,28,4.13097669160562,2.20925430009904,2.58578685141524,2.27848123075021,0.225704922057937,2.17802974828605,-1.16021380310482,1.48171572964982,0.836294238745992,1.82102129177781,2.17802974828605,0.225704922057937,-1.16021380310482,1.48171572964982,0.836294238745992,1.82102129177781,-2.28650594084592,-0.972028526779453,2.48289272299562,-0.148837847763236
"Annona_glabra","ANNGLA",26435.6693843827,4043.16043225676,8120.18070220947,10970.4044213668,11130.5898273513,7087.42939509451,26513,3740,7118,8195,8873,5133,NA,NA,NA,NA,NA,NA,NA,NA,NA,NA,NA,NA,NA,NA,NA,NA,NA,NA,NA,NA,"Annona_glabra",NA,NA,NA,NA,NA,NA,NA,NA,NA,NA,NA,NA,NA,NA,NA,NA,NA,NA,NA,0.19567654961536,-0.711247898799892,0.0383651650053939,-0.0563413937567219,0.112768867873744,0.221453163722302,NA,NA,0.188446997131636,0.403395975136794
"Annona_montana","ANNMON",18630.7340036198,2274.13174143503,4888.78944601677,8481.59837188153,8407.92946709716,6133.79772566212,11322,1281,2557,5174,5273,3992,NA,NA,NA,NA,NA,NA,NA,NA,NA,NA,NA,NA,NA,NA,NA,NA,NA,NA,NA,NA,"Annona_montana",NA,NA,NA,NA,NA,NA,NA,NA,NA,NA,NA,NA,NA,NA,NA,NA,NA,NA,NA,0.19567654961536,-0.711247898799892,0.0383651650053939,-0.0563413937567219,0.112768867873744,0.221453163722302,NA,NA,0.188446997131636,0.403395975136794
"NA.2","ARDELL",18494.0186438523,3417.98217284307,6975.29707023874,9729.47921518609,9728.25970270112,6310.27752985805,27399,5124,10467,14604,14596,9472,NA,NA,NA,NA,NA,NA,NA,NA,NA,NA,NA,NA,NA,NA,NA,NA,NA,NA,NA,NA,"Ardisia_elliptica",NA,NA,NA,NA,NA,NA,NA,NA,NA,NA,NA,NA,NA,NA,NA,NA,NA,NA,NA,NA,NA,NA,NA,NA,NA,NA,NA,NA,NA
"Ardisia_glauciflora","ARDGLA",5592.45347316279,902.474078528045,2256.46483067209,3272.82282712016,2976.02527227594,2073.55119374789,5289,891,2354,3039,2685,1794,NA,NA,NA,NA,NA,NA,NA,NA,NA,NA,NA,NA,NA,NA,NA,NA,NA,NA,NA,NA,"Ardisia_glauciflora",NA,NA,160,160,0.5485072,541.037037,230.847,59.0405,7,2.20411998265592,2.73322699600151,2.36332423499757,1.77115002676758,-0.785498866623244,0.397675735665581,2.24457959114575,1.12797777856732,-1.47943868983591,-0.749064011241318,0.397675735665581,-0.785498866623244,2.24457959114575,1.12797777856732,-1.47943868983591,-0.749064011241318,0.67447302549084,-2.13242906039228,-2.21030531891225,1.53964653355532
"Ardisia_obovata","ARDOBO",18669.7679391243,3321.77122274041,6308.84523195401,7125.38693955168,7371.00801660493,4049.23679386452,14155,2874,4885,4217,4632,1758,12.4958803906652,16.7490252181495,18.508198041807,22.542231323639,NA,NA,NA,NA,2.96762781060877,4.04123049199772,5.41902841062799,5.93407452014863,33.4356303822334,0.703054259202135,1.7599531208935,1.18629691968357,13,11,13,18,"Ardisia_obovata",NA,NA,NA,NA,0.805142717,395.9377778,50.95726004,71.55747892,12,NA,2.59762694127568,1.70720606804198,1.85465503130255,0.577990830944288,NA,1.3634455660315,0.084683854472088,-1.09827686264102,-0.137138939093906,0.846866837774487,0.577990830944288,1.3634455660315,0.084683854472088,-1.09827686264102,-0.137138939093906,NA,NA,-1.51170916566838,-0.358497649915352
"Artocarpus_altilis","ARTALT",18263.539021356,3312.26881427132,6846.05814299919,9712.35212443583,9678.81589543633,6366.54708116502,19740,2599,6452,11221,10794,8195,0.748539501659245,1.16503723624005,1.72408306551873,2.267851091916,0.233812251109995,0.183365166202494,0.169637763522871,0.465032079946476,0.748539501659245,0.813510108983584,1.02010182091764,1.49592794301906,1.06388731101096,2.86769811680358,0.351990622300547,39.8676911495688,7,9,10,11,"Artocarpus_altilis",5898,NA,NA,5898,0.44683506,288,713.6953333,196.8713333,16,3.77070476821578,2.45939248775923,2.85351285700818,2.29418248253733,-1.32567708139327,1.84515000613272,0.465193122972424,1.90742702530474,0.907963210608834,0.352401118624023,1.84515000613272,-1.32567708139327,0.465193122972424,1.90742702530474,0.907963210608834,0.352401118624023,-2.31900799695131,-1.23515877252208,1.27210278010876,1.7099381523501
"Avicennia_germinans","AVIGER",20231.3740170649,2197.21938376548,4842.48488829145,6887.3183071455,7125.71734643821,4928.49796267273,20584,1548,3651,5275,5597,4049,3.36649552385424,2.96890608926326,4.02881951357408,7.5776525533242,0.0284905509461046,0.056468466496443,0.0565459211742903,0.0620042773261967,2.30260821757385,0.859743325724455,1.21289453516971,2.14577831985596,8.51109850701,1.75763564566074,87.5464810792884,0.771923148896948,2,1,1,2,"Avicennia_germinans",10120,NA,NA,10120,NA,NA,NA,NA,NA,4.00518051250378,NA,NA,NA,NA,2.06179809951007,NA,NA,NA,NA,2.06179809951007,2.46641310117439,-3.75854756038025,0.107727964835243,4.01717221051263,1.50028240978307,NA,NA,5.53677270221487,-3.27511222294513
"Badiera_penaea","BADPEN",5068.14044366344,942.528237250612,1602.17337148415,2047.62411443197,2144.1687833789,1201.64054612828,5238,897,1473,2170,2266,1369,NA,NA,NA,NA,NA,NA,NA,NA,NA,NA,NA,NA,NA,NA,NA,NA,NA,NA,NA,NA,"Badiera_penaea",NA,NA,NA,NA,0.961802083,505.5111111,2.396346125,44.33559746,8,NA,2.70373070579524,0.379549547156758,1.64675256532885,1.41031300546412,NA,2.05291163815019,-2.02642364305694,-2.04725572025762,-0.626678996811836,-0.343071749954571,1.41031300546412,2.05291163815019,-2.02642364305694,-2.04725572025762,-0.626678996811836,NA,NA,-3.48536732617854,-1.73417233714639
"Bixa_orellana","BIXORE",26687.0213461239,4165.62766051479,8423.97069373913,11634.2379897814,11666.5650194418,7500.93735892698,41381,6460,13074,18063,18105,11645,NA,NA,1.05597186690164,NA,NA,NA,NA,NA,NA,NA,NA,NA,NA,NA,NA,NA,NA,NA,1,NA,"Bixa_orellana",25,NA,NA,25,NA,NA,NA,NA,NA,1.39794000867204,NA,NA,NA,NA,-0.347208793064547,NA,NA,NA,NA,-0.347208793064547,-0.480044971061508,-0.300535398691657,0.190272672166478,0.254688351672824,-0.265074641801427,NA,NA,0.291872378865907,0.339405861592941
"Bocconia_frutescens","BOCFRU",23084.7257399918,3060.27628922462,6745.5706447335,10865.609821883,10726.788187963,7666.51189873833,18972,2387,5437,10271,10258,7871,0.0284905509461046,NA,NA,NA,NA,NA,NA,NA,0.0284905509461046,NA,NA,NA,1.06388731101096,NA,NA,NA,1,NA,NA,NA,"Bocconia_frutescens",17.9147,NA,NA,17.9147,NA,NA,NA,NA,NA,1.25320953985711,NA,NA,NA,NA,-0.480935120355146,NA,NA,NA,NA,-0.480935120355146,-1.23505253284862,0.738938310392675,0.37600064267185,-0.637263214440288,-0.177983683254919,NA,NA,-0.841208956644501,1.32497625258632
"Bonellia_umbellata","BONUMB",14060.7779524345,2846.03772820532,5398.31953505054,7280.76117643341,7392.28111892752,4546.2433907222,2649,880,1325,1152,1268,388,NA,NA,NA,NA,NA,NA,NA,NA,NA,NA,NA,NA,NA,NA,NA,NA,NA,NA,NA,NA,"Bonellia_umbellata",NA,NA,NA,NA,NA,NA,NA,NA,NA,NA,NA,NA,NA,NA,NA,NA,NA,NA,NA,-0.164206277342345,-0.239153130197326,0.78119347441695,-0.0076020019885246,-0.690497762977457,-0.106048913366204,NA,NA,-1.01172516994292,0.29014472190601
"Bourreria_succulenta","BOUSUC",16810.3404146481,2243.95583061478,4712.99005651829,5268.36318633135,5649.911446114,3405.95561549922,14567,1743,3507,2640,3232,1489,5.03792430016698,19.154175332445,21.6022055228252,22.5976063937062,NA,NA,NA,NA,1.33096513754371,6.96967688282299,8.08739279928463,7.5166927990261,2.48240372411538,0.703054254512936,82.2451575310972,144.969903806186,6,16,16,13,"Bourreria_succulenta",16.4756,31.5,NA,31.5,0.749497768,281.025641,23.06091297,114.0318324,10,1.4983105537896,2.44874594708223,1.36287649680016,2.0570261031425,0.282352426836837,-0.254469617432561,0.396011519327498,-0.462834820753406,-0.17454626776865,-0.381908967952871,-0.254469617432561,0.282352426836837,0.396011519327498,-0.462834820753406,-0.17454626776865,-0.381908967952871,0.893673812587881,0.126903818804157,-0.677256200832939,-0.450323668047898
"Bourreria_virgata","BOUVIR",11619.3194803172,2185.12376979319,3754.16828626255,3679.34862195048,4041.41168891313,1856.28791911993,12955,2862,4648,3912,4486,1624,1.06388730628038,0.703054254512936,1.05597186690164,1.96081001090547,NA,NA,NA,NA,0.354629102093461,NA,NA,0.0310021386630984,2.1277746267525,NA,0.703981249296475,1.54384630809097,2,1,2,3,"Bourreria_virgata",21.0532,NA,NA,21.0532,0.804041863,290.5555556,10.83866897,80.43109454,15,1.32331811616785,2.4632291838304,1.03497595245359,1.90542397880385,0.572142057146053,-0.416157036663618,0.490124111821684,-0.984229689625314,-0.866540035583529,0.230016104194541,-0.416157036663618,0.572142057146053,0.490124111821684,-0.984229689625314,-0.866540035583529,0.230016104194541,1.52109970121695,-0.322720721028214,-1.19951511806965,-0.868220347461218
"Brunfelsia_americana","BRUAME",26719.9125801921,4321.2294857502,8579.75589978695,11764.6055337191,11801.0347675681,7479.80528181791,41940,6795,13489,18496,18546,11751,NA,NA,NA,NA,NA,NA,NA,NA,NA,NA,NA,NA,NA,NA,NA,NA,NA,NA,NA,NA,"Brunfelsia_americana",NA,NA,NA,NA,NA,NA,NA,NA,NA,NA,NA,NA,NA,NA,NA,NA,NA,NA,NA,-0.485354981116325,-0.522289917617463,1.21475326436983,0.0855995426670297,-0.345474876999715,-0.766389489244294,NA,NA,-1.2716744559326,0.704362662105831
"NA.3","BRUDEN",13950.399997673,2005.37846337724,4655.74200951774,7843.13676031958,7572.63265282381,5567.25418944657,20415,2942,6877,11674,11252,8310,NA,NA,NA,NA,NA,NA,NA,NA,NA,NA,NA,NA,NA,NA,NA,NA,NA,NA,NA,NA,"Brunfelsia_densifolia",NA,NA,NA,NA,NA,NA,NA,NA,NA,NA,NA,NA,NA,NA,NA,NA,NA,NA,NA,NA,NA,NA,NA,NA,NA,NA,NA,NA,NA
"Brunfelsia_lactea","BRULAC",10706.2541797645,1572.02884833096,3623.74853647174,6087.4033491374,5798.52783695748,4226.49898862652,6743,1044,2553,3479,2987,1943,NA,NA,NA,NA,NA,NA,NA,NA,NA,NA,NA,NA,NA,NA,NA,NA,NA,NA,NA,NA,"Brunfelsia_lactea",NA,NA,NA,NA,NA,NA,NA,NA,NA,NA,NA,NA,NA,NA,NA,NA,NA,NA,NA,-0.59819568629966,-0.633285412465231,1.68675343025872,0.117654182000808,-0.605905841067377,-1.02384349007512,NA,NA,-1.81812348351389,0.936826362136884
"Bucida_buceras","BUCBUC",21632.9475701342,2880.47688986897,6182.2007589459,8096.84161938704,8395.25531441881,5514.77842454985,19376,1998,4756,5406,6054,4056,11.6379578163351,2.48086105133674,2.24614765973285,3.38830380179333,0.227924407568837,0.141171166241107,0.144141912060049,0.0952692810222168,4.90000487655931,1.42627966956734,1.8941570374323,2.2304190784479,1.06388731101096,21.0308207758512,3.20270787443025,21.1330621746756,16,6,8,9,"Bucida_buceras",38,2.9,NA,2.9,0.935231475,247.9583333,10.99841035,91.6496375,25,0.462397997898956,2.39437870849481,1.04132991914801,1.96213075154525,1.26914489790984,-1.21161970910136,0.0427312506156571,-0.974126243051126,-0.60769977525651,1.45386624848936,-1.21161970910136,1.26914489790984,0.0427312506156571,-0.974126243051126,-0.60769977525651,1.45386624848936,1.37757928884836,-0.279686892677322,-0.71064507539235,-1.31893339362744
"Buchenavia_tetraphylla","BUCTET",13603.2838400248,2617.95626237616,5090.94920060784,7122.97181701474,6878.04436022043,4260.08809784427,9500,2241,4371,6466,5914,3673,0.725006264392821,0.258761354805048,0.288283824120099,0.254805704403552,0.170943305676628,0.117590188563941,0.0565459211742903,0.130797149751159,0.37037716229936,0.258761354805048,0.288283824120099,0.254805704403552,8.31713753062881,1.40610851371507,12.9500006127962,1.18629691453503,7,6,6,5,"Buchenavia_tetraphylla",586.04,NA,932,932,0.668729366,195.3111111,22.89388163,241.1821938,30,2.96941591235398,2.29072695067217,1.3597194330228,2.38234524119672,-0.146765433790353,1.10478471421683,-0.63080159393293,-0.467854869919525,1.31038553689089,2.06579132063678,1.10478471421683,-0.146765433790353,-0.63080159393293,-0.467854869919525,1.31038553689089,2.06579132063678,-1.36176266444182,-0.202350622708901,1.86205556108639,-0.501739026254002
"Bunchosia_glandulosa","BUNGLA",17902.9899036693,2415.56010146951,4975.5785383652,6451.67851810111,6790.80117032258,4375.24106885307,13347,1426,3039,4054,4549,3123,NA,NA,NA,NA,NA,NA,NA,NA,NA,NA,NA,NA,NA,NA,NA,NA,NA,NA,NA,NA,"Bunchosia_glandulosa",NA,NA,NA,NA,NA,NA,NA,NA,NA,NA,NA,NA,NA,NA,NA,NA,NA,NA,NA,-0.154286831547079,-0.551715684499772,0.775646266573826,0.0902919814777617,-0.0239510940518315,-0.391415841282498,NA,NA,-0.60874898626546,0.575694816832916
"Bursera_simaruba","BURSIM",17955.0872251205,2648.84550102986,4893.8656938374,5530.85607874952,5952.52412329242,3303.67862226255,18573,3035,5182,4557,5190,2155,7.38825558257068,10.9967772431899,9.15416821619929,8.60385344688696,0.211209543705048,0.169405399489329,NA,0.0310021386630984,5.89612528222796,8.71318238747449,6.93784767530617,7.03159495790346,1.28472898789956,10.8973409965317,0.386782891330494,0.385961574448474,28,33,32,33,"Bursera_simaruba",117,62.4,NA,62.4,0.408846119,207.8647343,100.3336848,136.2139871,21,1.79518458968242,2.3177808144972,2.00144676220076,2.13422170528937,-1.52751013349962,0.0198325030051976,-0.455004615272087,0.552556173663936,0.177816047874231,0.964326190771435,0.0198325030051976,-1.52751013349962,-0.455004615272087,0.552556173663936,0.177816047874231,0.964326190771435,-1.46651129565161,-0.339299264329005,0.922689313430361,1.30952472839201
"Buxus_portoricensis","BUXPOR",15713.9407317489,3324.41703591496,6309.87769341096,8283.80218173191,8330.45176248439,5006.03472656943,12272,3384,5729,6261,6516,3132,NA,NA,NA,NA,NA,NA,NA,NA,NA,NA,NA,NA,NA,NA,NA,NA,NA,NA,NA,NA,"Buxus_portoricensis",NA,NA,NA,NA,NA,NA,NA,NA,NA,NA,NA,NA,NA,NA,NA,NA,NA,NA,NA,-0.048148890288472,-0.699177234535288,-0.0131717277887045,0.369111509803647,0.0840872477289465,0.0611169399074166,NA,NA,0.200337836140573,0.637469982220822
"Buxus_vahlii","BUXVAH",24632.1768761724,3872.23389940709,7699.50399066135,10239.7864114754,10404.3593914509,6532.12549204379,37905,5956,11837,15698,15965,10009,NA,NA,NA,NA,NA,NA,NA,NA,NA,NA,NA,NA,NA,NA,NA,NA,NA,NA,NA,NA,"Buxus_vahlii",NA,NA,NA,NA,NA,NA,NA,NA,NA,NA,NA,NA,NA,NA,NA,NA,NA,NA,NA,-0.048148890288472,-0.699177234535288,-0.0131717277887045,0.369111509803647,0.0840872477289465,0.0611169399074166,NA,NA,0.200337836140573,0.637469982220822
"Byrsonima_crassifolia","BYRCRA",21004.7801528275,2108.09220676078,5055.22605126817,8179.41609342676,8175.57330289064,6067.48109612986,21535,1758,4332,6428,6852,5094,NA,NA,NA,NA,NA,NA,NA,NA,NA,NA,NA,NA,NA,NA,NA,NA,NA,NA,NA,NA,"Byrsonima_crassifolia",2.02,NA,NA,2.02,NA,NA,NA,NA,NA,0.305351369446624,NA,NA,NA,NA,-1.3567257742462,NA,NA,NA,NA,-1.3567257742462,-1.98173378555415,2.2912511437176,-0.437304256785697,-2.26772377733918,0.278731878032673,NA,NA,-3.06531379685548,2.07546859231004
"Byrsonima_lucida","BYRLUC",14945.0062745879,1932.03868185985,4165.98871531896,6269.41660515126,6436.21187297348,4504.17319111363,15275,1738,3772,6128,6464,4726,4.6386688781611,5.09078518107988,4.37177157898509,6.82482632875099,NA,0.0282342332482215,NA,NA,2.15626516350687,2.63009529028461,2.92901682075295,4.83819407412941,6.38332387079635,11.9519223970579,0.703981244601093,145.026728261782,2,4,5,6,"Byrsonima_lucida",459.1228,NA,NA,459.1228,NA,NA,NA,NA,NA,2.66192886032934,NA,NA,NA,NA,0.820676506087901,NA,NA,NA,NA,0.820676506087901,0.6431028189014,-1.53999983626838,-0.307674066959365,1.29850630160732,1.41721057993506,NA,NA,2.19622117517955,-1.25802995741892
"Byrsonima_spicata","BYRSPI",21649.1621718789,2588.70673050778,5903.63397039566,8979.95573820686,8753.3141784207,6164.60744791292,14530,1350,3543,4352,3953,2603,1.05114481554018,1.2441579418002,0.897508200829275,0.726985099742556,0.113962203784418,0.141171166241107,0.0565459211742903,0.0620042773261967,0.696515713446717,0.892630814543731,0.897508200829275,0.341023525294082,21.1439588044755,1.40610851840427,17.0347190221362,0.41437376563808,5,10,10,8,"Byrsonima_spicata",108,NA,289.2,289.2,0.676861271,164.2777778,20.99652813,218.7030325,28,2.46119828862249,2.21557881948156,1.32214748813211,2.33985480493469,-0.103561091621697,0.635207873607865,-1.11911684903866,-0.527598043931568,1.11643629499653,1.82102129177781,0.635207873607865,-0.103561091621697,-1.11911684903866,-0.527598043931568,1.11643629499653,1.82102129177781,-1.19880540028178,0.27282850591206,1.89411601169944,-0.616066750507086
"Byrsonima_wadsworthii","BYRWAD",7537.96358065796,1563.63613821869,3037.24089051201,4806.35171438451,4530.95882501244,2967.32268679375,7483,1844,3223,5234,4698,2854,0.41161020398567,0.379761360504689,0.380263582887692,0.416963713111572,0.0284905509461046,NA,0.0282729605871451,NA,0.0569811018922092,0.0282342332482215,0.0282729605871451,0.0310021386630984,0.428242994062336,35.1527129085256,22.171341387479,3.85961576507889,2,2,2,2,"Byrsonima_wadsworthii",NA,NA,NA,NA,0.587397089,286.2777778,27.7614592,87.52933138,19,NA,2.45678763739148,1.44344228980345,1.94215361098679,-0.5788791297649,NA,0.448266711740534,-0.334727100889067,-0.698886207013458,0.71955616191247,-0.353848733951604,-0.5788791297649,0.448266711740534,-0.334727100889067,-0.698886207013458,0.71955616191247,NA,NA,-0.667240934774071,0.383410385025488
"Calophyllum_antillanum","CALANT",18029.8213062165,3021.23362368718,5688.69056432694,6655.33412257023,6759.92426760681,3738.69064391963,18420,3257,6074,6352,6448,3191,5.27134884251656,10.2871324080007,4.74300207968149,7.70226475389,0.341886611353255,0.423513498723322,NA,0.434029941283377,1.01579961739503,3.20110877504917,2.49188926975842,1.77078018121486,2.55601761608426,4.85790988145283,43.4954645231642,7.80446808313245,11,14,16,20,"Calophyllum_antillanum",1000,NA,NA,1000,0.669935491,283.9444444,73.44218385,133.6142177,35,3,2.45323337578395,1.86594558240755,2.12585267326022,-0.140357361241772,1.1330434336691,0.425170992178456,0.337095659528294,0.139615277059981,2.67771639278419,1.1330434336691,-0.140357361241772,0.425170992178456,0.337095659528294,0.139615277059981,2.67771639278419,-1.10660107058351,-1.93875398545796,0.747109637638225,0.194724751009982
"Calyptranthes_krugii","CALKRU",4041.20501761796,953.430498091737,1644.09294239982,2358.19216328429,2212.90052563677,1259.47002754503,3356,1357,2020,2469,2284,927,NA,NA,NA,NA,NA,NA,NA,NA,NA,NA,NA,NA,NA,NA,NA,NA,NA,NA,NA,NA,"Calyptranthes_krugii",NA,NA,NA,NA,0.7178933,352.8333333,6.710427652,57.01176511,7,NA,2.54756960759474,0.826750198408263,1.75596448716561,0.114439711485349,NA,1.03817121417407,-1.31532959658817,-1.54875367345709,-0.749064011241318,-1.01034202702943,0.114439711485349,1.03817121417407,-1.31532959658817,-1.54875367345709,-0.749064011241318,NA,NA,-2.36899464153272,-0.474551453412958
"Calyptranthes_pallens","CALPAL",11297.1506714851,2133.13072058838,3415.85004915553,2830.41037521162,3238.1738519154,1105.04313132702,17356,3321,5303,4357,5004,1683,NA,0.351527127256468,0.703981244601093,0.771923148896948,NA,NA,NA,NA,NA,NA,0.351990622300547,0.385961574448474,NA,1.0545813864586,13.3019912163152,NA,NA,1,2,2,"Calyptranthes_pallens",NA,NA,NA,NA,NA,NA,NA,NA,NA,NA,NA,NA,NA,NA,NA,NA,NA,NA,NA,-0.703282266372651,0.18189479201052,0.576053834335168,-1.07133437148294,-0.847086377210228,-0.757566707886049,NA,NA,-1.51569049164251,-0.575075982508348
"Capparidastrum_frondosum","CAPFRO",5229.28411360671,583.629519659089,1284.48473721275,1669.4946594178,1807.52562466569,1223.8961050066,3412,241,465,311,476,235,NA,NA,NA,NA,NA,NA,NA,NA,NA,NA,NA,NA,NA,NA,NA,NA,NA,NA,NA,NA,"Capparidastrum_frondosum",NA,NA,NA,NA,NA,NA,NA,NA,NA,NA,NA,NA,NA,NA,NA,NA,NA,NA,NA,0.0781177215518836,0.525443975855052,1.20653452576827,-0.307064544808289,-1.86383556380038,-0.906371616322853,NA,NA,-2.30328982928386,-0.455471177002165
"Casearia_aculeata","CASACU",20672.4057351819,2420.13063747482,5240.90036716487,7062.99484048074,7328.4963327609,4908.36569528608,21999,1737,4082,5596,5957,4220,NA,1.40610850902587,1.40796248920219,1.15788472334542,NA,NA,NA,NA,NA,NA,NA,NA,NA,NA,NA,NA,NA,2,2,2,"Casearia_aculeata",23,NA,NA,23,NA,NA,NA,NA,NA,1.36172783601759,NA,NA,NA,NA,-0.380667683179001,NA,NA,NA,NA,-0.380667683179001,1.24990193415154,-2.3156613794117,-0.194460117229749,1.86269252283865,0.585882205655408,NA,NA,2.55120284819851,-1.69062464916926
"Casearia_arborea","CASARB",17842.8908391986,2795.35310184676,5834.6755247321,9256.94664281234,8808.07888418436,6012.7257823376,13856,2411,5183,8502,7841,5430,8.72786296395317,9.76452431702586,7.61269587013583,6.25627768459181,NA,NA,NA,NA,2.25748487655108,3.14631587278181,4.27081892428117,3.0549363242456,0.354629102093461,0.351527127256468,6.64896164754861,17.9247056596716,15,17,18,18,"Casearia_arborea",1.65,NA,0.625,0.625,0.664983974,181.6919192,19.02270949,177.3661477,28,-0.204119982655925,2.25933561236643,1.27927237552197,2.24887073347763,-0.166664485430006,-1.82746101979819,-0.834783637531552,-0.595773788384156,0.70113597718523,1.82102129177781,-1.82746101979819,-0.166664485430006,-0.834783637531552,-0.595773788384156,0.70113597718523,1.82102129177781,-0.442654575722177,0.695131264292477,0.880524728083317,-0.064660049925504
"Casearia_decandra","CASDEC",27179.5140800178,4269.36911299825,8678.88648042083,11535.6872358918,11587.8543055952,7318.48519259691,22008,3052,7125,7649,7614,4562,3.19166191884115,2.84045125129997,2.49872662513377,2.43200815892276,NA,NA,NA,NA,0.354629102093461,0.379761360504689,0.351990622300547,0.445375904301178,2.83703283093942,14.7641394291772,0.703981244601093,11.7493204328352,5,9,7,7,"Casearia_decandra",88.1,NA,NA,88.1,0.77967418,122.9,14.42690396,258.3533886,10,1.94497590841205,2.08955188288645,1.15917314070171,2.41221416218758,0.442677963039034,0.158234893861424,-1.9380444087612,-0.786743659799017,1.44672338352201,-0.381908967952871,0.158234893861424,0.442677963039034,-1.9380444087612,-0.786743659799017,1.44672338352201,-0.381908967952871,-0.415296198906204,2.22239810619114,1.90728550558431,-1.40929184100706
"Castilla_elastica","CASELA",26834.5731739346,4117.6309644524,8336.47481271066,11711.4301497396,11797.0680929925,7679.43712854013,28108,4214,8447,13219,13522,9308,NA,0.056468466496443,0.0848188817614354,0.0620042773261967,NA,NA,NA,NA,NA,0.056468466496443,0.0848188817614354,0.0620042773261967,NA,10.3025859817404,5.27985936268049,NA,NA,1,1,1,"Castilla_elastica",568.18,NA,NA,568.18,0.291154684,191,416.1735704,264.0514617,2,2.75448594244128,2.28103336724773,2.61927449636119,2.42168857593922,-2.15279793851703,0.906196291637636,-0.693790847129223,1.53496445566282,1.48996971201793,-1.36098908338873,0.906196291637636,-2.15279793851703,-0.693790847129223,1.53496445566282,1.48996971201793,-1.36098908338873,-2.45695859439975,0.937223459286713,1.81949943179579,1.97632301279549
"Casuarina_equisetifolia","CASEQU",6895.108232397,755.274824186228,1134.90422642906,942.611294671893,1090.17158991157,334.896765725338,10372,1139,1713,1427,1660,521,NA,0.169405399489329,NA,NA,NA,0.0847026997446644,NA,NA,NA,0.169405399489329,NA,NA,NA,0.351527127256468,NA,NA,NA,1,NA,NA,"Casuarina_equisetifolia",4,NA,NA,4,NA,NA,NA,NA,NA,0.602059991327962,NA,NA,NA,NA,-1.08257649106807,NA,NA,NA,NA,-1.08257649106807,-1.12397499795739,1.64937095194078,-0.0572538017364438,-1.51655035716972,-0.582141289887846,NA,NA,-2.33274603310585,1.33521358997224
"Casearia_guianensis","CASGUI",19547.1237609342,2934.57348589133,6235.7319237662,7448.14466194203,7479.25697059138,4544.68348470004,23935,3684,7957,8902,8930,5246,55.2340643960767,53.7377630153424,44.2600593909212,44.2154938226063,NA,NA,NA,NA,8.9312919089853,11.1554883581975,8.18712250311681,9.85310459448607,1.41851641310442,0.351527127256468,0.351990622300547,74.8031184001068,40,40,35,40,"Casearia_guianensis",NA,NA,6,6,0.807814077,148.0222222,44.17648438,191.0552082,15,0.778151250383644,2.17032691981632,1.64519115121134,2.28115888113299,0.592183612524454,-0.919873795952735,-1.41316531809513,-0.0139261051223643,0.848516477618632,0.230016104194541,-0.919873795952735,0.592183612524454,-1.41316531809513,-0.0139261051223643,0.848516477618632,0.230016104194541,-0.296784863722487,1.41903435083413,1.22775989947514,-0.765942727344671
"Casearia_sylvestris","CASSYL",25606.3706267616,4118.5944625074,8396.98687487561,12290.2092241962,12129.6892797472,8011.09481723979,30173,5099,10107,14486,14310,9211,44.9111091975578,53.3962150294636,44.3283531061044,35.3217745213078,NA,NA,NA,NA,5.1190358711213,10.4016062714334,13.0441158543878,12.3393471883146,0.354629102093461,25.6614804350873,1.79474538522806,22.3407561272584,27,39,37,36,"Casearia_sylvestris",3,NA,5.61,5.61,0.673697322,167.2222222,59.75374673,149.3326007,12,0.748962861256161,2.22329399043282,1.77636514197413,2.17415462861289,-0.120370970143419,-0.946842934583374,-1.06898339113942,0.194653742921079,0.360091422913026,-0.137138939093906,-0.946842934583374,-0.120370970143419,-1.06898339113942,0.194653742921079,0.360091422913026,-0.137138939093906,-0.311490306005797,1.09035987217106,0.731160695343773,-0.0202886673264469
"Cecropia_schreberiana","CECSCH",21513.518709911,3752.89418826252,7609.78763979673,10489.5047093686,10299.1846407577,6546.29045249522,14031,2462,5716,8308,7610,5148,15.0261354133462,10.4217197194498,12.154884410663,9.75683449248886,2.10336159323027,2.24911744889372,0.766147044977243,0.0930064159892951,9.20484199591303,8.95746717969844,11.0641202747314,8.59894976914344,0.354629102093461,21.3242038716066,0.351990622300547,125.172214709274,58,68,69,52,"Cecropia_schreberiana",0.6,NA,0.7,0.7,0.299201722,267.0864198,1748.526657,147.1927964,25,-0.154901959985743,2.42665180656926,3.24267225769174,2.16788655619521,-2.11004448982375,-1.7819851399639,0.252443000856077,2.52622964148832,0.331480563611624,1.45386624848936,-1.7819851399639,-2.11004448982375,0.252443000856077,2.52622964148832,0.331480563611624,1.45386624848936,-2.49422811022587,-1.02570497008158,0.72189577103529,3.33458825628561
"Ceiba_pentandra","CEIPEN",25636.9926519394,3886.16350492835,7684.65661206841,10253.8227230012,10481.0191766322,6594.85567170382,15030,1728,3024,3842,4262,2534,NA,0.437905391230215,0.41505585191764,0.445375904301178,NA,NA,NA,0.0310021386630984,NA,0.437905391230215,0.41505585191764,0.445375904301178,NA,9.31147446809544,7.42252744006448,NA,NA,2,2,2,"Ceiba_pentandra",59,NA,NA,59,0.303049231,NA,364.39,343.49,35,1.77085201164214,NA,2.56156645006712,2.53591409799517,-2.08960289645381,-0.00265002138294239,NA,1.44320285371028,2.01135653118644,2.67771639278419,-0.00265002138294239,-2.08960289645381,-4.05133776826961,1.44320285371028,2.01135653118644,2.67771639278419,NA,NA,5.13935119914763,1.39478577294024
"Celtis_trinervia","CELTRI",11972.3008269379,2286.94405095326,4499.87386524584,5671.14889170602,5902.74270972237,3615.79865876911,3787,737,1280,1047,1236,499,NA,NA,NA,NA,NA,NA,NA,NA,NA,NA,NA,NA,NA,NA,NA,NA,NA,NA,NA,NA,"Celtis_trinervia",NA,NA,NA,NA,NA,NA,NA,NA,NA,NA,NA,NA,NA,NA,NA,NA,NA,NA,NA,-0.575165871654594,-0.97618029105229,0.594205001740704,0.543948970696117,-0.246543747622778,-0.0874759142231667,NA,NA,-0.50011628860401,1.19327161445281
"Cestrum_citrifolium","CESCIT",26065.6160635948,4267.59257888794,8493.495236516,11706.6045775414,11726.391033709,7458.79845482111,32128,5991,12191,17502,17327,11336,NA,NA,NA,NA,NA,NA,NA,NA,NA,NA,NA,NA,NA,NA,NA,NA,NA,NA,NA,NA,"Cestrum_citrifolium",NA,NA,NA,NA,NA,NA,NA,NA,NA,NA,NA,NA,NA,NA,NA,NA,NA,NA,NA,-0.0343370867204684,0.0212437357899246,1.24692408922102,0.209196936767058,0.200799734370113,-1.07692089922658,NA,NA,-0.969470854597999,0.246781324635667
"Cestrum_macrophyllum","CESMAC",19256.4110000208,3541.17646103725,6740.02346711606,9824.73531070352,9537.34443076327,5996.16796972603,11342,2668,4711,8002,7312,4644,0.119850047325576,0.794085774057738,1.47754702726208,1.60067068017311,0.0854716528383138,NA,NA,NA,0.119850047325576,0.0328874888192764,NA,0.41437376563808,15.7509083432601,10.0726727837959,1.40796249859295,0.385961574448474,3,3,3,3,"Cestrum_macrophyllum",NA,NA,NA,NA,0.734914919,356.6666667,62.73823977,155.8040502,4.5,NA,2.55226252300614,1.79753232964863,2.19257874317382,0.204874591324759,NA,1.06866594704365,0.228311701812018,0.444189007358409,-1.05502654731502,0.126232403615719,0.204874591324759,1.06866594704365,0.228311701812018,0.444189007358409,-1.05502654731502,NA,NA,-0.675809769925692,0.0372496322136805
"NA.4","CHICOM",17679.7660608217,2943.586752987,5862.1828073333,6754.26301452192,6795.76774740824,3852.18099442124,9115,1587,2934,2908,2796,1209,NA,NA,NA,NA,NA,NA,NA,NA,NA,NA,NA,NA,NA,NA,NA,NA,NA,NA,NA,NA,"Chionanthus_compactus",NA,NA,NA,NA,0.951827984,203.6666667,18.41252885,162.8928828,13,NA,2.30891995559397,1.26511344033329,2.21190210930414,1.3573211928421,NA,-0.512582794625763,-0.618287920438361,0.532391260418635,-0.0147539246644238,NA,NA,NA,NA,NA,NA,NA,NA,NA,NA
"Chionanthus_domingensis","CHIDOM",20788.5803611875,3765.16087517142,7290.89022102952,9827.45123817027,9802.72402121127,6037.56314603984,19240,4378,8397,11041,10761,6383,0.383119653039566,0.436229827001132,0.760527165775383,1.57484843645699,NA,0.0282342332482215,NA,NA,0.383119653039566,0.0847026997446644,0.408536543474837,0.802925287560046,16.5472207896696,0.351527127256468,9.15175623146341,0.771923148896948,2,3,4,4,"Chionanthus_domingensis",NA,NA,540,540,0.86194604,213.0555556,81.7644631,139.418911,23,2.73239375982297,2.32849286327229,1.91256458933174,2.14432168614301,0.87978360929188,0.885783821011575,-0.385397337653365,0.41122457276512,0.223917801634314,1.2090962196304,0.885783821011575,0.87978360929188,-0.385397337653365,0.41122457276512,0.223917801634314,1.2090962196304,-0.415065699191963,-0.638474832178009,0.842995499203542,-0.810470509265071
"Chionanthus_holdridgei","CHIHOL",6859.26923179906,1772.06544935307,3025.28244073922,3406.60222094296,3548.0363054073,1775.97085605422,2266,665,1082,889,1011,346,NA,NA,NA,NA,NA,NA,NA,NA,NA,NA,NA,NA,NA,NA,NA,NA,NA,NA,NA,NA,"Chionanthus_holdridgei",NA,NA,NA,NA,NA,NA,NA,NA,NA,NA,NA,NA,NA,NA,NA,NA,NA,NA,NA,0.0759768468319986,0.441071551050179,0.163930072829765,-0.796089283405247,-0.210164322897279,0.152743041844756,NA,NA,-0.428570463842134,-0.843605772370704
"Chione_venosa","CHIVEN",24815.09669213,4101.73789699376,8232.02500858903,10845.9526539147,10811.1680415794,6709.43014458567,19262,3169,6515,7065,6890,3721,NA,NA,NA,NA,NA,NA,NA,NA,NA,NA,NA,NA,NA,NA,NA,NA,NA,NA,NA,NA,"Chione_venosa",NA,NA,NA,NA,0.727326146,250.3518518,25.30916543,152.6668617,17,NA,2.39855080813176,1.40327782452919,2.18374477809979,0.164555878141039,NA,0.0698417038800116,-0.398592643249526,0.403866031654811,0.474786133053506,-0.578652599843061,0.164555878141039,0.0698417038800116,-0.398592643249526,0.403866031654811,0.474786133053506,NA,NA,0.052745861736728,-0.299854635480275
"Chrysophyllum_argenteum","CHRARG",21603.8844464177,3819.94564728602,7403.37639345694,9875.18863920961,9802.78996461257,5982.84431732656,19727,3789,7084,8263,8094,4305,NA,1.11272541249493,1.05597186690164,0.771923148896948,NA,NA,NA,NA,NA,NA,NA,NA,NA,NA,NA,NA,NA,3,3,2,"Chrysophyllum_argenteum",236.5,NA,NA,236.5,0.789692307,203.3968254,49.6208973,181.7288127,24,2.37383114507383,2.30834417020904,1.69566461340082,2.25942378919354,0.495903693885257,0.554483425409101,-0.516324268733967,0.0663317799392234,0.74930580870094,1.33148123405988,0.554483425409101,0.495903693885257,-0.516324268733967,0.0663317799392234,0.74930580870094,1.33148123405988,-0.689496532982441,-0.166821296292023,1.17945964395603,-0.644157017474997
"Chrysobalanus_icaco","CHRICA",23690.9546529949,2858.90560450405,6177.31253801286,8692.74198079109,8860.1071363464,6001.20153184235,21480,1676,4017,6023,6281,4605,0.383119653039566,3.86679839982115,4.5758780899071,3.08769259558779,NA,NA,NA,NA,0.383119653039566,1.0545813817694,2.11194373380328,1.5438462977939,111.073139582105,0.351527127256468,13.0195851363058,1.24312129691424,1,1,1,1,"Chrysobalanus_icaco",2114.8,NA,NA,2114.8,NA,NA,NA,NA,NA,3.32526930173307,NA,NA,NA,NA,1.43358187217001,NA,NA,NA,NA,1.43358187217001,2.23257671620311,-2.56850073181552,-0.519802505205032,2.14123726807709,0.237824488551576,NA,NA,3.03935803871307,-3.062580697226
"Chrysophyllum_oliviforme","CHROLI",16762.4329680069,2311.54248154972,4418.40263156796,5419.82733740942,5803.17010367641,3491.62762212669,11822,1316,2183,2981,3257,1941,NA,NA,NA,NA,NA,NA,NA,NA,NA,NA,NA,NA,NA,NA,NA,NA,NA,NA,NA,NA,"Chrysophyllum_oliviforme",NA,NA,NA,NA,NA,NA,NA,NA,NA,NA,NA,NA,NA,NA,NA,NA,NA,NA,NA,0.629214441867425,0.485140112958271,-0.418341484702115,0.069154088075696,0.605578072102716,1.27507239716307,NA,NA,1.03069685214319,-0.626911536717115
"NA.5","CHRPAU",24537.8003286379,3497.41256686626,7224.12925476534,10150.8282126333,10232.2173687103,6734.80480184406,24543,2641,5982,9834,9792,7151,0.354629102093461,NA,0.0282729605871451,0.0310021386630984,NA,NA,NA,NA,0.354629102093461,NA,0.0282729605871451,0.0310021386630984,0.7092582089175,NA,44.0336202960627,1.92980787739091,1,NA,1,1,"Chrysophyllum_pauciflorum",NA,NA,NA,NA,0.921634964,235.5396825,19.91613246,125.3371306,12,NA,2.37206408530338,1.29920500605772,2.09807974797644,1.19690741929395,NA,-0.102269972218097,-0.564078899602647,0.0128446840079113,-0.137138939093906,NA,NA,NA,NA,NA,NA,NA,NA,NA,NA
"Cinnamomum_elongatum","CINELO",26503.989293078,3800.40292061307,7991.4324039612,11642.9655184057,11558.0746267494,7757.67170613632,33838,3943,9069,14700,14320,10377,4.46356633650083,3.48977992733152,3.75384532746545,3.10494047367285,0.176831149217785,0.395279265475101,0.254456645284306,0.812844200339323,2.4695791501269,2.43519854556212,1.64190159366218,2.3330173247759,11.1541703568377,0.351527127256468,12.9152083479975,4.63153891912438,10,29,31,33,"Cinnamomum_elongatum",NA,NA,NA,NA,0.583127077,NA,28.63933333,185.214,33,NA,NA,1.45696290419196,2.26767381114153,-0.60156545720137,NA,NA,-0.313227963154446,0.786963353390698,2.43294636392522,1.06833120887023,-0.60156545720137,-2.14495171248476,-0.313227963154446,0.786963353390698,2.43294636392522,NA,NA,2.73759036608326,-0.426139715800184
"Cinnamomum_montanum","CINMON",18709.3814582527,3593.62660580873,7165.92959941924,9904.45484365523,9908.98516471684,6315.3585589081,27958,5459,10882,15037,15037,9578,0.440100754931775,0.0940092108867744,0.473413792022098,0.581025866558751,NA,0.0328874888192764,NA,NA,0.0854716528383138,0.0940092108867744,0.473413792022098,0.581025866558751,0.709258204186922,1.75763564566074,1.54713157048147,0.385961574448474,4,2,4,5,"Cinnamomum_montanum",NA,NA,NA,NA,0.504555451,159.9814815,24.34180101,155.7895246,22,NA,2.20406971423205,1.38635270782044,2.19253825204409,-1.01901197366358,NA,-1.1939034282511,-0.425505282338267,0.444004184028585,1.08671120520092,0.214655831830872,-1.01901197366358,-1.1939034282511,-0.425505282338267,0.444004184028585,1.08671120520092,NA,NA,1.39634468747581,0.184221139024571
"Citharexylum_caudatum","CITCAU",7158.9213075015,1476.11803268432,2952.71184723428,4422.7292283749,4120.87371245777,2644.75567977346,7088,1808,3350,4666,4215,2407,NA,0.703054254512936,NA,NA,NA,NA,NA,NA,NA,NA,NA,NA,NA,NA,NA,NA,NA,1,NA,NA,"Citharexylum_caudatum",NA,NA,NA,NA,0.638421219,NA,40.714,190.7593333,NA,NA,NA,1.60974377230299,2.28048579591408,-0.307790870448297,NA,NA,-0.0702910053838276,0.845444154069564,NA,-0.174695820315988,-0.307790870448297,0.671749426735643,-0.0702910053838276,0.845444154069564,-0.252714319616482,NA,NA,-0.0422328054000246,0.288741172458129
"Citharexylum_spinosum","CITSPI",27738.6517069936,4275.41802144051,8789.46564394236,11789.5044472814,11852.5146642625,7577.09664282203,28778,4106,9285,11335,11460,7354,NA,NA,0.0931502091344064,0.13306001478408,NA,NA,NA,NA,NA,NA,0.0931502091344064,0.13306001478408,NA,NA,12.6716624732504,NA,NA,NA,1,1,"Citharexylum_spinosum",73.0957,NA,NA,73.0957,0.676332689,326.537037,41.24392728,167.8403222,19,1.86389182947223,2.51393244764014,1.61536001245111,2.22489630455746,-0.106369417295963,0.0833157965410876,0.819595740851927,-0.061360618270815,0.59170376789368,0.71955616191247,0.0833157965410876,-0.106369417295963,0.819595740851927,-0.061360618270815,0.59170376789368,0.71955616191247,-0.162960764202356,-0.539482345028041,-0.032234770944087,0.168582577026033
"Clidemia_eggersii","CLIEGG",15094.5287778638,2520.85016872268,5483.80446987366,8475.95629772358,8262.60154851759,5741.75137979491,10493,1946,4354,7146,6642,4696,NA,NA,NA,NA,NA,NA,NA,NA,NA,NA,NA,NA,NA,NA,NA,NA,NA,NA,NA,NA,"Clidemia_eggersii",NA,NA,NA,NA,0.545223463,NA,20.83933333,276.3146667,7,NA,NA,1.31888382135813,2.44140393774975,-0.802945171878885,NA,NA,-0.532787602591965,1.57996124454178,-0.749064011241318,-1.83311480569546,-0.802945171878885,-0.222976400606002,-0.532787602591965,1.57996124454178,-0.749064011241318,NA,NA,0.482882423779517,0.50969436973457
"Clibadium_erosum","CLIERO",4333.39193117846,1074.23819684537,1898.16311857098,2946.24011021378,2754.72064489775,1680.48244805238,1529,904,1120,1330,1268,364,NA,NA,NA,NA,NA,NA,NA,NA,NA,NA,NA,NA,NA,NA,NA,NA,NA,NA,NA,NA,"Clibadium_erosum",NA,NA,380,380,0.322264307,NA,191.962,272.8855,7,2.57978359661681,NA,2.28321526608034,2.43598045968129,-1.98751430610496,0.744776907955311,NA,1.0005964549794,1.55520556885697,-0.749064011241318,0.744776907955311,-1.98751430610496,0.592829377060314,1.0005964549794,1.55520556885697,-0.749064011241318,NA,NA,0.959647618543956,1.96031748752679
"Clidemia_hirta","CLIHIR",26956.4987639487,3758.69834795594,7924.68902161717,11699.7346155941,11609.3072713315,7850.60892337561,34416,3963,9131,14780,14453,10490,NA,NA,NA,NA,NA,NA,NA,NA,NA,NA,NA,NA,NA,NA,NA,NA,NA,NA,NA,NA,"Clidemia_hirta",NA,NA,NA,NA,NA,NA,NA,NA,NA,NA,NA,NA,NA,NA,NA,NA,NA,NA,NA,-2.03925803105186,-0.448415789746558,-0.174000314883523,0.0496047482827518,0.45529963719021,-0.476053067449841,NA,NA,-0.139424037382581,0.58541249599607
"Clusia_clusioides","CLUCLU",14903.7931927815,2169.30480733374,5001.4138942929,8569.32634875178,8194.66899924353,6025.36419190979,4965,1074,1954,3134,2966,1892,1.01079650372463,0.0847026997446644,NA,NA,0.0284905509461046,NA,NA,NA,0.656167401631173,0.0847026997446644,NA,NA,1.13750119824926,47.1046353337187,NA,NA,6,2,NA,NA,"Clusia_clusioides",NA,NA,NA,NA,0.586571429,NA,113.045,34.18,NA,NA,NA,2.05325135818575,1.53377205838472,-0.583265813715951,NA,NA,0.634930695439683,-2.56295961973105,NA,-0.938799823358751,-0.583265813715951,3.7204481374927,0.634930695439683,-2.56295961973105,0.207875150802551,NA,NA,-4.08142988601448,1.79624975836962
"Clusia_gundlachii","CLUGUN",15919.1276939753,2954.17713734787,6016.09636119567,9128.28854291514,8864.79185753502,5910.61472018715,10347,2239,4462,7227,6677,4438,NA,NA,NA,NA,NA,NA,NA,NA,NA,NA,NA,NA,NA,NA,NA,NA,NA,NA,NA,NA,"Clusia_gundlachii",NA,NA,NA,NA,NA,NA,NA,NA,NA,NA,NA,NA,NA,NA,NA,NA,NA,NA,NA,-0.695306933512138,0.295527388442649,3.51465486594307,0.614230622831397,-3.08957819235452,1.38744503443578,NA,NA,-4.03823366595906,1.04326074607733
"Clusia_minor","CLUMIN",27075.6195043921,4331.92212694883,8589.88614958525,11768.1882733703,11836.4572927356,7504.53516578674,42833,6853,13589,18617,18725,11872,NA,NA,NA,NA,NA,NA,NA,NA,NA,NA,NA,NA,NA,NA,NA,NA,NA,NA,NA,NA,"Clusia_minor",NA,NA,NA,NA,NA,NA,NA,NA,NA,NA,NA,NA,NA,NA,NA,NA,NA,NA,NA,-0.827454532992476,-0.202426203072275,3.55105710455583,0.593636357578424,-2.70410819671532,0.624754081041175,NA,NA,-3.98263115640657,1.42758126260403
"Clusia_rosea","CLUROS",26965.1457098424,4253.56342536211,8491.64675706625,11339.7279348373,11449.8222735226,7196.25884816051,13640,2106,4021,3486,3753,1647,3.02761448196668,4.26034341238963,4.24158087349987,4.67245994482406,0.0854716528383138,0.056468466496443,NA,0.0310021386630984,1.89011328371742,2.0930366181253,1.74285424836609,2.35669049813322,1.06388731101096,0.351527127256468,130.635947346414,3.47365419063042,15,15,15,14,"Clusia_rosea",11.3808,NA,10.7692,10.7692,0.75942992,849.1666667,110.2829417,25.7345768,25,1.03218344252825,2.92899293797585,2.04250834200971,1.41051703075848,0.335121377467605,-0.68515616982165,3.51667371220573,0.6178482184296,-3.12556196677122,1.45386624848936,-0.68515616982165,0.335121377467605,3.51667371220573,0.6178482184296,-3.12556196677122,1.45386624848936,2.21028724331086,-4.18648508423427,-4.04756027385586,1.0152962706521
"NA.6","COCCOS",11221.4401737894,2597.56050175428,4618.05141349835,4950.60038475925,5187.19244993757,2589.63194818329,9683,2481,4425,4491,4756,2275,NA,NA,NA,NA,NA,NA,NA,NA,NA,NA,NA,NA,NA,NA,NA,NA,NA,NA,NA,NA,"Coccoloba_costata",NA,NA,NA,NA,0.864340236,454.2654321,59.29547834,55.14700783,12,NA,2.65730968988658,1.7730215768911,1.74152195343672,0.892503834528504,NA,1.75126620976013,0.189337137907493,-1.61467717799537,-0.137138939093906,NA,NA,NA,NA,NA,NA,NA,NA,NA,NA
"NA.7","COCDIV",15253.7075442523,2936.52618810162,5049.15641563572,5166.1680247318,5590.45327947475,2653.92709137313,17817,3329,5325,4427,5102,1773,7.6425678383889,10.8487007478339,9.41305565517212,9.6776648401679,0.0284905509461046,0.0282342332482215,NA,NA,1.74766052898689,3.64372611052798,3.32483826897298,3.83141684106158,0.709258204186922,81.4721834058962,0.351990622300547,3.88802795111996,16,16,13,15,"Coccoloba_diversifolia",NA,182.6,NA,182.6,0.8267833,217.4962963,39.83395009,92.83507283,17,2.26150077319828,2.33745186584161,1.60025337488106,1.96771208245679,0.692966000066554,0.450693752114299,-0.327181417233022,-0.0853816924981336,-0.582223574156114,0.474786133053506,NA,NA,NA,NA,NA,NA,NA,NA,NA,NA
"Coccoloba_krugii","COCKRU",1899.35904748568,358.996082132689,544.994910614182,402.377188150333,482.914271043942,123.918188911253,2994,552,837,591,731,179,3.90092012302807,5.27290690884702,4.92786871220765,5.78942361672711,NA,NA,NA,NA,NA,NA,NA,NA,NA,NA,NA,NA,2,1,1,1,"Coccoloba_krugii",22.9532,NA,NA,22.9532,0.803922597,379.9259259,12.44092375,58.01309286,4.5,1.36084324087384,2.57969893054111,1.09485262831568,1.76352601968627,0.571508403768021,-0.381485020818286,1.24694870846914,-0.889019748385933,-1.51423876542233,-1.05502654731502,-0.381485020818286,0.571508403768021,1.24694870846914,-0.889019748385933,-1.51423876542233,-1.05502654731502,2.40284366184452,-0.480652780307902,-2.38411175699555,-0.699181544399256
"Coccoloba_microstachya","COCMIC",17894.6353577152,2942.31070001796,5460.85725571215,7029.35734308511,7345.95226144791,4403.64156142995,8263,1476,2562,2553,2851,1375,5.68750599124629,11.1239029964911,11.6138183307329,15.3097376675278,NA,0.0282342332482215,NA,NA,1.49213030034272,4.44755052152155,5.13881805320327,5.29133982085106,1.418516417835,5.62443406892788,5.63184998967642,2.37259384489467,5,8,9,10,"Coccoloba_microstachya",37,1.9,NA,1.9,0.816958416,329.9555556,8.745896136,68.83623612,9,0.278753600952829,2.51845544515794,0.941804315470545,1.83781711562119,0.640766958131933,-1.38130126221307,0.848986341147031,-1.13238197020223,-1.17513418087007,-0.504293982382353,-1.38130126221307,0.640766958131933,0.848986341147031,-1.13238197020223,-1.17513418087007,-0.504293982382353,2.30357275478561,0.0320346269033296,-2.0632906909742,-0.762624325338176
"Coccoloba_pubescens","COCPUB",13774.8298894335,2999.52364270343,5522.61567925662,7002.63537209015,7174.92319785012,4175.39955514669,4546,1590,2555,2278,2570,980,5.9954019168727,NA,NA,NA,NA,NA,NA,NA,0.428242994062336,NA,NA,NA,1.13750120297984,NA,NA,NA,1,NA,NA,NA,"Coccoloba_pubescens",27.144,NA,NA,27.144,0.867839849,500.0833333,955.8042985,73.1111409,20,1.43367384663706,2.69904238068952,2.98036897932417,1.8639835611265,0.911097076519142,-0.314191868914522,2.02244673325175,2.10914102792207,-1.05569642698285,0.841941176341953,-0.314191868914522,0.911097076519142,2.02244673325175,2.10914102792207,-1.05569642698285,0.841941176341953,0.372061049711981,-2.64396063465993,-1.58435976720654,0.85461808124821
"Coccoloba_pyrifolia","COCPYR",20623.8676535562,3612.69143489003,7084.67879730463,9943.6717723757,9796.7251381129,6184.03370322287,17342,3951,7358,10166,9667,5716,NA,NA,0.41505585191764,0.445375904301178,NA,NA,NA,NA,NA,NA,0.0282729605871451,0.0310021386630984,NA,NA,0.351990622300547,NA,NA,NA,2,2,"Coccoloba_pyrifolia",43.6,NA,NA,43.6,0.673755982,287.0833333,43.38516505,84.26827248,7,1.63948648926859,2.45800798014559,1.63734125397563,1.92566409087041,-0.120059312947274,-0.124027565333905,0.45619654278024,-0.0264082318233938,-0.774153260193431,-0.749064011241318,-0.124027565333905,-0.120059312947274,0.45619654278024,-0.0264082318233938,-0.774153260193431,-0.749064011241318,0.849607537456881,-0.20735922730239,-1.0017546194276,0.0628529267850864
"Coccoloba_rugosa","COCRUG",15708.4696389809,2039.65028765844,5082.49840965634,8837.31178096449,8443.65255736932,6404.00226971088,11005,1362,3900,5376,4881,3519,NA,4.91605389578393,4.64139469596593,5.80123271893312,NA,NA,NA,NA,NA,0.819342315963987,0.773565782660989,0.82874753127616,NA,0.351527127256468,1.75995311619811,NA,NA,1,1,1,"Coccoloba_rugosa",NA,NA,NA,NA,0.761756787,381.2555556,1372.782125,37.06288892,15,NA,2.5812161808764,3.13760161559175,1.56893926800813,0.347483887611164,NA,1.25680785563352,2.35915674513439,-2.40243752944371,0.230016104194541,-0.345863011511198,0.347483887611164,1.25680785563352,2.35915674513439,-2.40243752944371,0.230016104194541,NA,NA,-1.91683932545254,1.20287781481163
"Coccoloba_sintenisii","COCSIN",13532.5113136768,2372.70798623562,4411.22317838669,5665.19620168209,5762.32743358612,3389.6194473505,559,335,415,433,441,106,0.354629102093461,0.0282342332482215,1.78822607208988,1.92980787224237,NA,NA,NA,NA,0.354629102093461,0.0282342332482215,0.0282729605871451,0.385961574448474,0.354629102093461,17.6345004779545,55.6841031859917,13.0326630364742,1,1,2,1,"Coccoloba_sintenisii",NA,NA,NA,NA,0.702789775,389.437037,146.9088072,53.35981401,7,NA,2.59043725226832,2.16704783257519,1.72721430714216,0.0341955544209409,NA,1.31672670867424,0.815878543393416,-1.67998498361567,-0.749064011241318,-0.444473351124313,0.0341955544209409,1.31672670867424,0.815878543393416,-1.67998498361567,-0.749064011241318,NA,NA,-2.0550663190778,0.64847425996084
"Coccoloba_swartzii","COCSWA",16274.128225781,2905.29234882444,5831.37775452435,8480.33552909642,8267.6338153109,5362.34146648645,12038,2310,5011,8123,7664,5354,0.354629102093461,NA,NA,NA,NA,NA,NA,NA,NA,NA,NA,NA,NA,NA,NA,NA,1,NA,NA,NA,"Coccoloba_swartzii",NA,NA,NA,NA,0.679182085,388.3671498,82.43277682,77.3510137,18,NA,2.58924248780665,1.91609992967861,1.88846600958589,-0.0912307407179661,NA,1.30896308629732,0.416846119750492,-0.943945342829797,0.597171147482988,-0.167471634553841,-0.0912307407179661,1.30896308629732,0.416846119750492,-0.943945342829797,0.597171147482988,NA,NA,-1.2896473104626,0.559528014774737
"Coccoloba_uvifera","COCUVI",24412.3349382691,3882.69028693065,7711.07481147721,10251.6936563812,10389.9244821258,6507.23419519514,37211,5928,11765,15598,15815,9887,NA,NA,NA,NA,NA,NA,NA,NA,NA,NA,NA,NA,NA,NA,NA,NA,NA,NA,NA,NA,"Coccoloba_uvifera",632,NA,NA,632,0.73846227,461.8555556,221.1803612,66.32024873,7,2.80071707828239,2.66450617206175,2.34474656295314,1.82164614633992,0.223721462555587,0.948912383509133,1.79802920936578,1.09843741016429,-1.24894719642626,-0.749064011241318,0.948912383509133,0.223721462555587,1.79802920936578,1.09843741016429,-1.24894719642626,-0.749064011241318,0.84960451540231,-1.90186682707337,-1.76628279136381,0.505113521631546
"Coccoloba_venosa","COCVEN",15383.2812792056,2354.49801447097,4728.99509252724,5276.71520601993,5603.60391241126,3249.10589794029,20754,3378,6362,6146,6751,3373,NA,0.703054254512936,0.703981244601093,0.416963713111572,NA,NA,NA,NA,NA,0.703054254512936,0.703981244601093,0.416963713111572,NA,8.78817821892529,6.82699093785734,NA,NA,1,1,1,"Coccoloba_venosa",14.2288557,NA,NA,14.2288557,NA,NA,NA,NA,NA,1.15316997505559,NA,NA,NA,NA,-0.573368480753944,NA,NA,NA,NA,-0.573368480753944,-0.118427878263755,2.21309524271562,0.721139066383306,-2.00805140652558,-0.469999531022059,NA,NA,-2.83057450421398,0.986434965592306
"Coffea_arabica","COFARA",25863.7726786584,4202.9820901677,8466.26791410148,11951.6059085801,11879.5907076523,7676.60861748457,23398,3408,7903,13546,12965,9557,11.4486258744615,12.8294086734094,5.2798593345082,2.70173102113932,NA,NA,NA,NA,1.13750119824926,1.11272541249493,0.351990622300547,0.385961574448474,3.61990492709522,4.56718972236039,0.703981249296475,7.33326995570931,13,13,7,4,"Coffea_arabica",188.3,NA,NA,188.3,0.666733771,221.0888889,64.53527408,174.0544276,7,2.27485032001666,2.34456691711209,1.80979715883476,2.24068507535251,-0.157367914907639,0.463028306694505,-0.280947558570306,0.24781401467942,0.663772223657699,-0.749064011241318,0.463028306694505,-0.157367914907639,-0.280947558570306,0.24781401467942,0.663772223657699,-0.749064011241318,-0.340424865674022,0.623812631833699,0.572217961619688,-0.0572055791180311
"Cojoba_arborea","COJARB",19067.0596484728,3430.58250472695,6106.30877398513,6935.09840881638,7270.10649514571,3839.52399041876,17914,3656,5718,4790,5445,1789,0.600134966498647,0.379761360504689,0.380263582887692,0.416963713111572,NA,NA,NA,NA,0.600134966498647,0.0282342332482215,0.0282729605871451,0.0310021386630984,6.69121980035065,0.351527127256468,22.0321723057356,7.17460587988645,1,2,2,2,"Cojoba_arborea",850,NA,NA,850,0.570324627,143.5555556,163.7024129,76.44635155,4.5,2.92941892571429,2.1570200043542,2.21405508076461,1.88335676326681,-0.669584135530385,1.06782877695074,-1.4996341326299,0.890624799318659,-0.967266695524924,-1.05502654731502,1.06782877695074,-0.669584135530385,-1.4996341326299,0.890624799318659,-0.967266695524924,-1.05502654731502,-0.55655097200279,0.291104951609042,0.667358041315174,0.22918379337209
"Colubrina_arborescens","COLARB",19873.9327788986,3443.31377544068,6402.19730350934,7822.5574260205,8156.22162391618,4712.9078484755,12921,2864,4604,3864,4460,1596,1.77314551046731,1.63868463192797,0.773565782660989,0.82874753127616,NA,NA,NA,NA,0.709258204186922,NA,NA,NA,0.354629102093461,NA,NA,17.266431266373,1,2,1,1,"Colubrina_arborescens",15.075,1.4,NA,1.4,0.870159995,247.4444444,59.44033843,85.89715348,13,0.146128035678238,2.39347770751671,1.77408127346219,1.93397877211516,0.923423878377407,-1.50384304553093,0.0368765139043182,0.191022162114549,-0.736200575639498,-0.0147539246644238,-1.50384304553093,0.923423878377407,0.0368765139043182,0.191022162114549,-0.736200575639498,-0.0147539246644238,1.14631060839787,0.0742118957256235,-0.912521659168561,-0.464388023533446
"Colubrina_elliptica","COLELL",4356.25555905331,576.096211029216,1070.07570817135,865.978731828953,1073.70888394568,497.612672916465,3888,562,886,551,725,163,NA,NA,NA,NA,NA,NA,NA,NA,NA,NA,NA,NA,NA,NA,NA,NA,NA,NA,NA,NA,"Colubrina_elliptica",NA,NA,NA,NA,0.961254783,451.2666667,13.11389646,59.30892292,4,NA,2.65443325507366,1.11773175039743,1.77312003709778,1.40740523213562,NA,1.73257503305067,-0.852639641480365,-1.47044650138888,-1.11621905452976,-1.45773594217601,1.40740523213562,1.73257503305067,-0.852639641480365,-1.47044650138888,-1.11621905452976,NA,NA,-3.03853374362344,-1.01976369792561
"Colubrina_verrucosa","COLVER",14413.6187154513,2376.82969231531,4960.97870135703,7689.88987729256,7736.30764401867,5359.47795170336,5030,750,1663,1651,1965,1215,NA,NA,NA,NA,NA,NA,NA,NA,NA,NA,NA,NA,NA,NA,NA,NA,NA,NA,NA,NA,"Colubrina_verrucosa",NA,NA,NA,NA,NA,NA,NA,NA,NA,NA,NA,NA,NA,NA,NA,NA,NA,NA,NA,-1.152249612808,1.12318996580576,0.912118036468818,-0.361348424586561,-1.04173507251774,-0.402142783574476,NA,NA,-1.84484318831005,-0.770962024408862
"Comocladia_dodonaea","COMDOD",10741.8683592044,1555.97740817815,3147.81871177349,3754.79853094369,4021.90954103693,2465.93213285878,7766,1142,2233,2555,2780,1638,0.709258204186922,0.703054254512936,0.703981244601093,0.771923148896948,NA,NA,NA,NA,NA,NA,NA,NA,NA,NA,NA,NA,1,1,1,1,"Comocladia_dodonaea",NA,NA,NA,NA,0.837742465,206.2888889,37.86846615,70.45138402,6.5,NA,2.31447583670136,1.57827771451925,1.84788952926006,0.751191411522142,NA,-0.476480479673833,-0.120325204335105,-1.12915825872939,-0.810256518456059,-0.110433342466647,0.751191411522142,-0.476480479673833,-0.120325204335105,-1.12915825872939,-0.810256518456059,NA,NA,-0.717767367589414,-0.924299572178451
"Comocladia_glabra","COMGLA",24755.8009038568,4192.23645874858,8287.19112277031,10772.9414318427,10788.8186029494,6596.5821442008,15209,3243,5970,5954,5934,2691,0.354629102093461,0.351527127256468,1.05597186690164,1.5438462977939,NA,NA,NA,NA,NA,NA,NA,NA,NA,NA,NA,NA,1,1,2,3,"Comocladia_glabra",NA,NA,232,232,0.761581055,126.5111111,17.27466667,215.248,8,2.3654879848909,2.10212866999806,1.23740967603024,2.33293912485044,0.346550233632424,0.546774612065263,-1.85631999446755,-0.662339694078546,1.08486940542039,-0.626678996811836,0.546774612065263,0.346550233632424,-1.85631999446755,-0.662339694078546,1.08486940542039,-0.626678996811836,-0.330412055852981,1.95979422470118,1.69911351552173,-1.33587081321334
"Conocarpus_erectus","CONERE",18010.115175847,2598.04087791173,5139.20073684258,6549.18952972721,6838.4458371941,4240.40495928237,27098,3839,7713,8957,9770,5931,0.794729857025236,0.787756954257601,0.436809504061982,0.478967990437769,NA,NA,NA,NA,0.0854716528383138,0.0847026997446644,0.0848188817614354,0.478967990437769,11.7027604447735,1.40610851371507,0.703981244601093,11.9648088696851,1,1,1,1,"Conocarpus_erectus",3.194,NA,NA,3.194,NA,NA,NA,NA,NA,0.504334911802464,NA,NA,NA,NA,-1.17287134104771,NA,NA,NA,NA,-1.17287134104771,-0.684227314600774,1.63171946812676,-0.738141739950302,-1.52529972050775,1.04524837735694,NA,NA,-2.15817217526966,0.728326754552496
"Cordia_alliodora","CORALL",27075.6195043921,4331.92212694883,8589.88614958525,11768.1882733703,11836.4572927356,7504.53516578674,42833,6853,13589,18617,18725,11872,2.53141735501346,4.72480747263899,3.96169403770595,2.65730170433875,0.0854716528383138,0.404585776617211,0.344829745294389,0.562564226001614,1.3939161567642,1.50291929660525,2.55373154850377,1.8853785554418,11.3481313142965,2.1091627776064,2.95509405968366,3.0876926110334,11,20,26,24,"Cordia_alliodora",33,NA,NA,33,0.575902847,215.3777778,44.30237826,139.9719926,5,1.51851393987789,2.33320089173493,1.64642704083866,2.14604114513465,-0.639947374455085,-0.235802334430282,-0.354804399634051,-0.0119609162219863,0.231766338793149,-0.993834040100283,-0.235802334430282,-0.639947374455085,-0.354804399634051,-0.0119609162219863,0.231766338793149,-0.993834040100283,-0.0516873701773894,0.871937813629646,0.145410707417084,0.291459992290525
"Cordia_borinquensis","CORBOR",18554.5704939235,3102.3312519379,6567.81445568427,9888.87892432511,9550.89432456717,6448.56307262927,13893,2611,5672,9482,8821,6210,3.41958632640999,1.81410410277878,1.11251778807593,1.21988900067162,0.142452754730523,NA,NA,NA,1.29181171384922,0.759522721009379,0.0565459211742903,0.0620042773261967,6.02869477343346,4.21832554583441,0.351990622300547,10.0350010025913,8,6,4,4,"Cordia_borinquensis",61.56,NA,319,319,0.67017749,306.8888889,132.9286248,165.0167243,11,2.50379068305718,2.48698116481901,2.12361851182371,2.21752796180862,-0.139071634514704,0.674561884721771,0.644465337238216,0.746821552214775,0.558070682054245,-0.259523953523389,0.674561884721771,-0.139071634514704,0.644465337238216,0.746821552214775,0.558070682054245,-0.259523953523389,-0.459985305510677,-0.428872740420709,0.143315696237832,0.404960213496004
"Cordia_collococca","CORCOL",17612.3768781863,1874.67520957916,4646.28544458135,7381.68406850219,7548.16693446379,5673.49172488463,22735,1886,5355,9010,9196,7310,NA,0.351527127256468,0.351990622300547,0.385961574448474,NA,NA,NA,NA,NA,NA,0.351990622300547,NA,NA,0.409671157981994,NA,NA,NA,1,1,1,"Cordia_collococca",97.5,NA,NA,97.5,NA,NA,NA,NA,NA,1.98900461569854,NA,NA,NA,NA,0.198916012142773,NA,NA,NA,NA,0.198916012142773,-0.655387258436298,0.404800519385323,0.821004594829804,0.106087492655899,0.0569386988025371,NA,NA,0.0737380046726646,0.895087453951699
"Corchorus_hirsutus","CORHIR",17385.5388584531,2236.99401143292,4563.80933714035,5794.1873707581,6145.59628188011,3908.60227044718,24479,2681,5921,7939,8578,5897,NA,NA,NA,NA,NA,NA,NA,NA,NA,NA,NA,NA,NA,NA,NA,NA,NA,NA,NA,NA,"Corchorus_hirsutus",NA,NA,NA,NA,NA,NA,NA,NA,NA,NA,NA,NA,NA,NA,NA,NA,NA,NA,NA,-0.21520925137836,-1.17441444190506,-2.39559881154495,0.423085817030954,1.54026798436599,0.710468953463495,NA,NA,2.89234668835432,0.50641590405786
"Cordia_laevigata","CORLAE",27317.3544141948,4145.21670187265,8254.24965333194,11111.1292364076,11252.7807235122,7107.56402163953,31943,4371,9080,11436,12080,7709,2.30349294744462,NA,NA,0.155010693315492,NA,NA,NA,0.124008554652394,0.737748755133027,NA,NA,0.155010693315492,8.52453885253313,NA,NA,31.2628877156737,3,NA,NA,3,"Cordia_laevigata",47.6608,NA,NA,47.6608,0.480277102,188.3333333,48.5093526,135.3438543,4.5,1.67816132782726,2.27492719302291,1.68582547862269,2.13143854009031,-1.14800144138192,-0.088293250636,-0.733468986519665,0.0506865653279366,0.165112182536259,-1.05502654731502,-0.088293250636,-1.14800144138192,-0.733468986519665,0.0506865653279366,0.165112182536259,-1.05502654731502,-0.434519331008008,1.00954887271097,0.45493417661417,0.5993402034944
"Cornutia_obovata","COROBO",24273.3607904874,3861.82402814552,7668.59884076193,10189.6963040195,10327.9495543279,6466.12552618235,37211,5928,11765,15598,15815,9887,NA,NA,NA,0.0310021386630984,NA,NA,NA,0.0310021386630984,NA,NA,NA,0.0310021386630984,NA,NA,NA,NA,NA,NA,NA,1,"Cornutia_obovata",NA,NA,NA,NA,NA,NA,NA,NA,NA,NA,NA,NA,NA,NA,NA,NA,NA,NA,NA,-0.529102542801926,-0.286299653534633,1.25435892226569,0.238825288314075,-0.257790759395136,0.718862114007141,NA,NA,-0.901639293448736,0.687786282721244
"Cordia_rickseckeri","CORRIC",19017.5660617153,2553.06073817172,5185.2531288043,6664.31710002331,7043.96754403614,4490.90680586442,17799,1999,3938,4949,5519,3520,0.709258204186922,NA,NA,NA,NA,NA,NA,NA,NA,NA,NA,NA,NA,NA,NA,NA,1,NA,NA,NA,"Cordia_rickseckeri",NA,NA,NA,NA,NA,NA,NA,NA,NA,NA,NA,NA,NA,NA,NA,NA,NA,NA,NA,-0.165225263443,-0.257459191953223,0.191676633185677,-0.00276767822106462,-0.0056318576640492,-0.278615714104529,NA,NA,-0.23042798766756,0.152348260494824
"Cordia_sulcata","CORSUL",22261.9964008443,3375.93796863407,7037.98983977549,9959.65647253022,9812.20947881043,6436.27151017636,21285,2801,6524,9491,9061,6260,2.849816529091,6.5624338644174,6.76174310384543,6.54208552765846,0.284905509461046,0.141171166241107,0.169637763522871,0.188275697011512,2.14055832490408,4.0435999428966,5.63618669888389,4.16949169858841,2.56945798151167,0.703054259202135,1.40796248920219,113.766061633886,23,33,33,27,"Cordia_sulcata",81.4948,NA,62.4,62.4,0.559581852,392.1111111,521.5051323,100.6058064,25,1.79518458968242,2.59340914890834,2.71725858681548,2.00262304647249,-0.726659879398628,0.0198325030051976,1.33603819976423,1.69076902163496,-0.422871126869126,1.45386624848936,0.0198325030051976,-0.726659879398628,1.33603819976423,1.69076902163496,-0.422871126869126,1.45386624848936,-0.994937698462196,-2.25240269706337,-0.404558509670627,1.73667710233198
"Crescentia_cujete","CRECUJ",21465.4555234332,3019.69875865616,6040.52299358696,7806.40309120156,8141.19280068018,5121.49404202402,11757,1324,2287,2985,3299,1975,0.0343783944872623,0.0328874888192764,NA,0.03326500369602,NA,NA,NA,NA,0.0343783944872623,0.0328874888192764,NA,0.03326500369602,2.1277746267525,63.5669342447038,NA,3.28657795049766,1,1,NA,1,"Crescentia_cujete",26.5944,NA,NA,26.5944,NA,NA,NA,NA,NA,1.42479019658822,NA,NA,NA,NA,-0.322400077619254,NA,NA,NA,NA,-0.322400077619254,0.235022356928413,0.677512239813783,0.771768373637823,0.0705258371473989,0.40013599951528,NA,NA,-0.287212980847623,0.347111062608326
"Crescentia_linearifolia","CRELIN",7669.85509319267,921.561892574293,1705.20532580728,1685.34092796116,1915.06362841065,993.501735836352,7629,855,1570,1548,1811,956,NA,NA,NA,NA,NA,NA,NA,NA,NA,NA,NA,NA,NA,NA,NA,NA,NA,NA,NA,NA,"Crescentia_linearifolia",NA,NA,NA,NA,NA,NA,NA,NA,NA,NA,NA,NA,NA,NA,NA,NA,NA,NA,NA,-0.34863472713382,0.205855572954097,0.722679629283911,0.770750176169009,0.0266230161037801,0.38535951559072,NA,NA,-0.350928037081697,0.385287908423086
"NA.8","CREPOR",16193.1186418496,2089.4607447125,4421.45007737353,6712.95393283293,6629.80169323459,4540.34094852209,10487,1147,1723,1447,1677,530,NA,NA,NA,NA,NA,NA,NA,NA,NA,NA,NA,NA,NA,NA,NA,NA,NA,NA,NA,NA,"Crescentia_portoricensis",NA,NA,NA,NA,NA,NA,NA,NA,NA,NA,NA,NA,NA,NA,NA,NA,NA,NA,NA,NA,NA,NA,NA,NA,NA,NA,NA,NA,NA
"Critonia_portoricensis","CRIPOR",24238.7545570135,4044.32484397292,7900.10379298404,10477.5751671456,10608.9615887478,6564.63674477488,27628,5189,10585,14722,14734,9545,NA,NA,NA,NA,NA,NA,NA,NA,NA,NA,NA,NA,NA,NA,NA,NA,NA,NA,NA,NA,"Critonia_portoricensis",NA,NA,NA,NA,NA,NA,NA,NA,NA,NA,NA,NA,NA,NA,NA,NA,NA,NA,NA,0.634217743661129,-1.8476905171513,0.562831520420124,0.931701757571737,1.4267439818974,-0.663738159155923,NA,NA,0.865665352486297,1.83041410553384
"Croton_astroites","CROAST",6014.57687654826,626.103090847776,1784.92578386796,2462.81905365465,2626.55494266827,2000.45185182049,1991,143,482,370,536,393,1.63935808428047,2.39988291716644,0.738773513631041,NA,NA,NA,NA,NA,NA,NA,NA,NA,NA,NA,NA,NA,2,3,2,NA,"Croton_astroites",NA,NA,NA,NA,NA,NA,NA,NA,NA,NA,NA,NA,NA,NA,NA,NA,NA,NA,NA,-0.250400824767415,1.46978485048789,-0.0660486055879643,-1.02614867269283,-0.00157371495159814,-1.11250188262143,NA,NA,-0.686733536117231,-1.83778815225125
"Croton_betulinus","CROBET",17142.6013789418,2394.159919578,4679.74147669913,5755.46572840482,6159.98923830956,3765.82931873156,12616,1404,2576,3280,3696,2292,NA,NA,NA,NA,NA,NA,NA,NA,NA,NA,NA,NA,NA,NA,NA,NA,NA,NA,NA,NA,"Croton_betulinus",NA,NA,NA,NA,NA,NA,NA,NA,NA,NA,NA,NA,NA,NA,NA,NA,NA,NA,NA,-0.271380967090211,1.2702851671864,0.165736558289819,-0.996275003326683,-0.0453089809157345,-1.05204917551721,NA,NA,-0.831809640598127,-1.59788756631678
"Croton_discolor","CRODIS",10342.0076071867,1392.90889057564,2780.07709838008,3633.09911729791,3883.37359345565,2490.46470288001,5124,712,1237,909,1136,424,NA,NA,NA,NA,NA,NA,NA,NA,NA,NA,NA,NA,NA,NA,NA,NA,NA,NA,NA,NA,"Croton_discolor",NA,NA,NA,NA,0.81185092,434.8666667,3.054220095,71.48320358,3,NA,2.6383561195001,0.484900330231805,1.85420400754289,0.61363112651449,NA,1.62810522875094,-1.85890529435634,-1.1003355780593,-1.23860406895925,-0.838524629660078,0.61363112651449,1.62810522875094,-1.85890529435634,-1.1003355780593,-1.23860406895925,NA,NA,-2.74583929041892,-1.05391758314089
"Croton_flavens","CROFLA",12245.9487648598,1775.81673405732,3654.19606800156,4192.84079769324,4534.66979451818,2758.85306046086,10877,1418,3066,2518,3145,1727,1.49213030034272,0.819342315963987,NA,NA,NA,NA,NA,NA,0.428242994062336,NA,NA,NA,3.90092014195038,NA,NA,NA,3,1,NA,NA,"Croton_flavens",NA,NA,NA,NA,0.961319898,239.5185185,20.85813246,181.4611097,5,NA,2.37933909675455,1.3192754211267,2.25878356241646,1.4077511843744,NA,-0.0549966865569334,-0.532164919545211,0.746383468782132,-0.993834040100283,0.212970572742011,1.4077511843744,-0.0549966865569334,-0.532164919545211,0.746383468782132,-0.993834040100283,NA,NA,0.0058361543426606,-1.6088573202747
"Croton_glabellus","CROGLA",7821.06590808532,1439.494147558,2314.06833046419,1912.97194661479,2229.0774228177,789.583275259705,4817,740,1220,810,1051,311,NA,NA,NA,NA,NA,NA,NA,NA,NA,NA,NA,NA,NA,NA,NA,NA,NA,NA,NA,NA,"Croton_glabellus",NA,NA,NA,NA,1.013311549,218.4444444,9.737378722,127.4110407,3.5,NA,2.33934100396843,0.988442061623453,2.10520706306472,1.68397982695167,NA,-0.314905729844476,-1.05822325970563,0.0453775897561567,-1.17741156174451,-0.227878794364796,1.68397982695167,-0.314905729844476,-1.05822325970563,0.0453775897561567,-1.17741156174451,NA,NA,-0.530977240365563,-2.09535937642988
"Croton_impressus","CROIMP",8686.88708115387,1173.45713848251,2536.27500206575,5184.16536650146,5140.70678543168,3967.24964694917,6212,746,1590,3282,3419,2673,NA,NA,NA,NA,NA,NA,NA,NA,NA,NA,NA,NA,NA,NA,NA,NA,NA,NA,NA,NA,"Croton_impressus",NA,NA,NA,NA,NA,NA,NA,NA,NA,NA,NA,NA,NA,NA,NA,NA,NA,NA,NA,-0.137525129841418,1.14304798860445,0.506032311699021,-0.974411328146896,0.130814307552646,-1.0754215009313,NA,NA,-0.911382378660248,-1.42388161830646
"Croton_poecilanthus","CROPOE",13223.7405091561,2346.7075162977,4867.30576132424,7393.43874233495,7170.14334012009,4823.43582382239,925,592,792,855,809,217,1.26332116290312,1.13928408151407,0.732254205188238,0.0310021386630984,0.0854716528383138,NA,NA,NA,0.554062958716193,0.436229827001132,0.732254205188238,0.0310021386630984,117.154979713317,0.703054259202135,0.703981249296475,1.18629691453503,3,3,2,1,"Croton_poecilanthus",NA,NA,67.8571,67.8571,0.582214219,576.4666667,121.483871,142.2883871,13,1.83159529531927,2.76077419994505,2.08451862196169,2.15316945648489,-0.606415419096325,0.0534748312498541,2.42358231161293,0.68464879190985,0.264303792017704,-0.0147539246644238,0.0534748312498541,-0.606415419096325,2.42358231161293,0.68464879190985,0.264303792017704,-0.0147539246644238,0.0615055114332343,-1.51124979419438,-1.2879137844981,1.32726934669575
"Crossopetalum_rhacoma","CRORHA",14730.1378088596,2050.10082832903,4076.58395657748,5212.6076617147,5568.5893431232,3518.48851479417,11125,1126,2352,3162,3598,2472,3.90092012302807,4.56985265433408,4.5758780899071,6.56134676562406,NA,NA,NA,NA,NA,NA,NA,NA,NA,NA,NA,NA,2,3,3,3,"Crossopetalum_rhacoma",19.8744,NA,NA,19.8744,0.939303595,427.4333333,3.262155752,52.73491254,4,1.29829402635379,2.63086838751398,0.51350469263906,1.72209823007673,1.29077983656589,-0.439278495828535,1.57944967741476,-1.8134214790848,-1.70333751551705,-1.11621905452976,-0.439278495828535,1.29077983656589,1.57944967741476,-1.8134214790848,-1.70333751551705,-1.11621905452976,3.48637659173266,-0.389281679745943,-3.03172974687739,-1.65450763802141
"Cassipourea_guianensis","CSSGUI",18462.8986702356,3591.23432939686,7146.1152957119,10253.3016486242,10070.7681326699,6479.53380327299,18270,3741,7703,11730,11139,7398,NA,0.0328874888192764,0.703981244601093,0.771923148896948,NA,NA,NA,NA,NA,0.0328874888192764,0.351990622300547,0.771923148896948,NA,102.204295238439,0.351990622300547,NA,NA,1,1,1,"Cassipourea_guianensis",NA,NA,206.5,206.5,0.765860106,206.6041667,28.68842327,165.102972,10,2.31492005599242,2.31513907592789,1.45770667986135,2.2177548910192,0.369284584754471,0.500051462021901,-0.472170727362387,-0.31204528497871,0.559106509224486,-0.381908967952871,0.500051462021901,0.369284584754471,-0.472170727362387,-0.31204528497871,0.559106509224486,-0.381908967952871,0.0981092507646021,0.692872054806978,0.553877437075919,-0.802184388469964
"Cupania_americana","CUPAME",25378.3359496798,3801.64328029566,7931.79370510019,10453.8502215575,10531.2204770241,6729.57719672844,30856,4379,9700,12790,12914,8535,3.85371716401348,5.18008244771806,4.1588975322994,4.69598768565406,0.0569811018922092,0.056468466496443,NA,0.0620042773261967,0.588441353203456,2.3097213989408,2.75093504309721,3.15214138786017,13.4759059599713,0.409671157981994,0.738773513631041,10.5061991149478,15,19,20,24,"Cupania_americana",197.64,NA,NA,197.64,0.5025,NA,315.41,135.16,17,2.29587484521738,NA,2.49887545841575,2.13084818310286,-1.02993246625602,0.482454295991309,NA,1.34351786710358,0.162417475203592,0.474786133053506,0.482454295991309,-1.02993246625602,0.0903292809166431,1.34351786710358,0.162417475203592,0.474786133053506,NA,NA,0.638487588793542,1.34837743469359
"Cyathea_arborea","CYAARB",10804.4540770808,1585.81904961753,4039.47386901106,6010.95492135209,5570.54026446218,3984.72121484464,12695,1790,4986,6499,5988,4198,2.84187178284383,6.81547468848218,6.05731249040536,2.81210403568992,NA,NA,NA,NA,2.84187178284383,6.81547468848218,6.05731249040536,2.81210403568992,1.77314551992846,4.92137980972575,0.351990622300547,7.33326995570931,8,15,18,9,"Cyathea_arborea",NA,NA,NA,NA,NA,NA,NA,NA,NA,NA,NA,NA,NA,NA,NA,NA,NA,NA,NA,-0.00707381221300053,-1.00418984705881,-0.0823319741896481,0.482627052994819,0.181322713571965,0.0532906669372636,NA,NA,0.374097991406975,0.9130527893312
"NA.9","CYABOR",21069.5514786392,3880.99213252962,7886.6292854473,11290.4211881682,11191.3945661969,7310.40243366733,32128,5991,12191,17502,17327,11336,NA,NA,NA,NA,NA,NA,NA,NA,NA,NA,NA,NA,NA,NA,NA,NA,NA,NA,NA,NA,"Cyathea_borinquena",NA,NA,NA,NA,NA,NA,NA,NA,NA,NA,NA,NA,NA,NA,NA,NA,NA,NA,NA,NA,NA,NA,NA,NA,NA,NA,NA,NA,NA
"Cynophalla_flexuosa","CYNFLE",18595.7529574616,2658.12504857707,5182.67691690264,6335.41624431986,6723.14237913232,4065.01733055525,10480,1211,2011,1984,2315,1104,NA,1.75763563628234,0.703981244601093,0.771923148896948,NA,NA,NA,NA,NA,0.703054254512936,0.351990622300547,0.385961574448474,NA,0.703054259202135,0.703981244601093,NA,NA,2,1,1,"Cynophalla_flexuosa",67.0056,NA,NA,67.0056,NA,NA,NA,NA,NA,1.82611110042421,NA,NA,NA,NA,0.0484076104533767,NA,NA,NA,NA,0.0484076104533767,0.216311805531997,2.10424069930822,-0.198496787367465,-2.62116511919961,-1.08567283119605,NA,NA,-3.36577866592274,0.0677436214947705
"Cynophalla_hastata","CYNHAS",12249.1463597304,1480.82110117413,3224.50668269779,3980.19639744316,4360.25826799421,2879.43716682008,7390,851,1851,1389,1846,995,NA,2.46068989079528,2.46393435610383,1.92980787224237,NA,NA,NA,NA,NA,0.703054254512936,1.05597186690164,1.15788472334542,NA,22.6721683350637,2.70748024963245,NA,NA,1,1,1,"Cynophalla_hastata",NA,463.2,NA,463.2,0.828205188,483.7111111,43.91378768,39.17742011,6,2.66576855071938,2.68458606347693,1.64260089776437,1.59303583367809,0.70052040898765,0.824224257283607,1.92850906486647,-0.0180448688134074,-2.2924478222276,-0.8714490256708,0.824224257283607,0.70052040898765,1.92850906486647,-0.0180448688134074,-2.2924478222276,-0.8714490256708,2.29291332695509,-1.98971360384902,-2.83856034919078,-0.403552644337122
"Cynometra_portoricensis","CYNPOR",18692.5768713573,2815.01497726835,5362.48882475647,6183.75093745533,6568.12000275601,3753.10502548766,13634,2207,3481,2706,3252,1045,NA,NA,NA,NA,NA,NA,NA,NA,NA,NA,NA,NA,NA,NA,NA,NA,NA,NA,NA,NA,"Cynometra_portoricensis",NA,NA,NA,NA,NA,NA,NA,NA,NA,NA,NA,NA,NA,NA,NA,NA,NA,NA,NA,0.945343617506039,0.566940203185743,-1.4711379189234,-0.0172975981914688,0.912105222230861,-0.173980184720278,NA,NA,1.63739066387998,-1.13504182710013
"Cyrilla_racemiflora","CYRRAC",9303.40846351907,2021.26309179235,3806.09448628686,5687.65467746183,5452.5433988627,3431.28030707035,5615,2021,2975,4114,3788,1767,0.142452754730523,0.0282342332482215,0.0282729605871451,0.0310021386630984,NA,NA,NA,NA,0.142452754730523,0.0282342332482215,0.0282729605871451,0.0310021386630984,0.7092582089175,0.761198285238462,1.05597187159702,10.1202375349718,2,1,1,1,"Cyrilla_racemiflora",NA,NA,NA,NA,0.580838172,317.7333333,21.0238919,77.74172343,13,NA,2.50206277890919,1.32271311484343,1.8906541641296,-0.613726277428801,NA,0.742466207188984,-0.526698640529946,-0.933957426671844,-0.0147539246644238,-0.44942082798765,-0.613726277428801,0.742466207188984,-0.526698640529946,-0.933957426671844,-0.0147539246644238,NA,NA,-1.24131503704953,0.368039379013118
"Dacryodes_excelsa","DACEXC",14229.2474240236,2132.19998084917,5039.47748288576,7829.81132680055,7456.92425474914,5324.72427389998,18242,2683,6441,10576,9902,7219,0.696515713446717,1.18936503953284,1.19391799214969,1.14362173041356,0.227924407568837,0.338810798978658,0.226183684697161,0.18601283197859,0.341886611353255,0.837837912276371,1.19391799214969,1.14362173041356,2.83703282147827,44.3794139721795,69.7515242913469,17.9247056501325,5,6,6,4,"Dacryodes_excelsa",1988.07,NA,1255,1255,0.507989783,218.5299145,529.1321962,129.5060676,28,3.09864372581706,2.33951089582829,2.72356418792893,2.11229011639771,-1.00076556586015,1.22418708346025,-0.313801766438192,1.7007955620674,0.0777084610082054,1.82102129177781,1.22418708346025,-1.00076556586015,-0.313801766438192,1.7007955620674,0.0777084610082054,1.82102129177781,-2.22302591178313,-1.62651540090912,1.41843575859311,1.3310498793433
"Daphnopsis_americana","DAPAME",17424.3047083337,2390.31392658129,5309.62009833846,8756.43871540995,8409.39944793563,6019.08552135434,6036,1307,2483,4284,3893,2586,0.0343783944872623,1.69980635399547,1.63750466533206,1.78602934727056,0.0343783944872623,NA,NA,NA,0.0343783944872623,0.0611217220674979,0.0903731000100827,0.957281815994397,7.80184027917019,0.351527127256468,1.05597187159702,3.88802794082288,1,3,4,5,"Daphnopsis_americana",NA,NA,NA,NA,NA,NA,NA,NA,NA,NA,NA,NA,NA,NA,NA,NA,NA,NA,NA,-0.906354891998858,-1.76697388967084,0.854693516826075,-0.209585246796222,0.0354779411177405,-0.971727728225458,NA,NA,-0.852422080242791,1.52181522394425
"Daphnopsis_helleriana","DAPHEL",17858.9069262389,3153.61581751658,5805.22406413313,6345.3821200626,6597.8918976048,3444.27608008822,9985,2053,3159,2506,2869,816,NA,NA,NA,NA,NA,NA,NA,NA,NA,NA,NA,NA,NA,NA,NA,NA,NA,NA,NA,NA,"Daphnopsis_helleriana",NA,NA,NA,NA,NA,NA,NA,NA,NA,NA,NA,NA,NA,NA,NA,NA,NA,NA,NA,-0.906354891998858,-1.76697388967084,0.854693516826075,-0.209585246796222,0.0354779411177405,-0.971727728225458,NA,NA,-0.852422080242791,1.52181522394425
"Daphnopsis_philippiana","DAPPHI",9867.53173370927,2079.36041988316,3994.56151974981,6486.35915574944,6074.74996115256,3995.3895412694,8994,2091,3788,6393,5812,3721,0.354629102093461,0.351527127256468,0.351990622300547,NA,NA,NA,NA,NA,NA,NA,NA,NA,NA,NA,NA,NA,1,1,1,NA,"Daphnopsis_philippiana",NA,NA,NA,NA,0.356617351,335.4555556,32.65501234,125.916548,5,NA,2.52563498877842,1.51394985221231,2.10008280900243,-1.80499856501959,NA,0.895639273416041,-0.222612980036033,0.0219877336359083,-0.993834040100283,-0.92353366847523,-1.80499856501959,0.895639273416041,-0.222612980036033,0.0219877336359083,-0.993834040100283,NA,NA,-0.895838181201767,1.55789048304779
"Delonix_regia","DELREG",19842.7157647824,2323.16612812458,5076.39475774486,7835.64017002936,7792.01321872277,5468.8470905982,11378,929,1550,2561,2807,1878,0.119850047325576,0.881766165144375,1.70457764069526,1.76538699850143,NA,NA,NA,0.0310021386630984,0.119850047325576,0.178711910631439,0.648605773793616,0.607502275156006,0.428242994062336,0.351527127256468,9.64291591626171,1.92980787739091,2,4,5,4,"Delonix_regia",408,NA,NA,408,NA,NA,NA,NA,NA,2.61066016308988,NA,NA,NA,NA,0.773305868495525,NA,NA,NA,NA,0.773305868495525,0.287361773855346,-1.68596685890516,0.68876881653812,0.644234851607986,-0.288431032092869,NA,NA,1.73485418427172,-0.579399744703027
"Dendropanax_arboreus","DENARB",19110.6125627505,3660.67268600967,7068.06554367114,9923.01969012804,9684.8450086629,6024.17232265323,18034,4035,7545,9994,9602,5567,8.48151816966793,9.40418724283026,10.3214144318211,8.80362053944359,0.256414958514942,NA,NA,0.0620042773261967,3.4430968483906,5.18586171575264,5.39354571961345,6.10188951830427,4.96480744823077,0.409671157981994,66.2664103331401,0.385961574448474,25,22,24,26,"Dendropanax_arboreus",8,NA,5.6,5.6,0.46467937,217.5132275,70.2859667,214.652433,30,0.7481880270062,2.3374856725807,1.84686862241477,2.33173581539867,-1.23087129172854,-0.947558856664983,-0.326961739828409,0.306761373033801,1.07937685282584,2.06579132063678,-0.947558856664983,-1.23087129172854,-0.326961739828409,0.306761373033801,1.07937685282584,2.06579132063678,-1.73567389276815,-0.136034944777271,1.33807248702524,1.22311134165237
"Dendropanax_laurifolius","DENLAU",16285.4532386474,2221.65066588949,4926.56315662991,7920.45113006141,7685.51755375089,5463.8668878614,12811,1913,4706,7607,7231,5318,NA,NA,NA,NA,NA,NA,NA,NA,NA,NA,NA,NA,NA,NA,NA,NA,NA,NA,NA,NA,"Dendropanax_laurifolius",NA,NA,NA,NA,0.39725,NA,82.314,124.328,NA,NA,NA,1.91547370648399,2.09456894743554,-1.58911964481394,NA,NA,0.415850361841357,-0.00318050102785238,NA,-1.41665099952924,-1.58911964481394,0.593196175469061,0.415850361841357,-0.00318050102785238,1.88309266960621,NA,NA,-0.0328526826095844,1.87236847981651
"Diospyros_sintenisii","DIOSIN",12306.3580345847,2754.58788568433,4751.09734849818,5065.95185183268,5311.49339279439,2556.90550711006,4584,1824,2680,2329,2606,782,NA,NA,NA,NA,NA,NA,NA,NA,NA,NA,NA,NA,NA,NA,NA,NA,NA,NA,NA,NA,"Diospyros_sintenisii",NA,NA,NA,NA,0.738020991,242.5111111,40.8870516,103.924859,9,NA,2.38473164140786,1.61158579433968,2.01671944394983,0.221376972684167,NA,-0.0199557377491881,-0.0673620049450066,-0.358527574656272,-0.504293982382353,-0.150322159058288,0.221376972684167,-0.0199557377491881,-0.0673620049450066,-0.358527574656272,-0.504293982382353,NA,NA,-0.421620757260811,-0.331754020645534
"Ditta_myricoides","DITMYR",5479.87417901841,926.271537527799,1937.48587502328,2482.47786640145,2281.85525110714,1355.58371357934,2485,798,1406,1831,1558,760,0.709258204186922,0.703054254512936,0.732254205188238,NA,NA,NA,NA,NA,NA,NA,0.380263582887692,NA,NA,9.13970536024936,NA,NA,1,1,2,NA,"Ditta_myricoides",NA,NA,NA,NA,0.42522894,313.6888889,11.65797669,106.0222993,9,NA,2.49649913592797,1.06662318261711,2.02539721851401,-1.44046915058457,NA,0.70631345530215,-0.933907408355091,-0.318917536583866,-0.504293982382353,-1.03290466199138,-1.44046915058457,0.70631345530215,-0.933907408355091,-0.318917536583866,-0.504293982382353,NA,NA,-1.07648840257589,0.896681893895718
"Drypetes_alba","DRYALB",25804.8171283603,4287.17377799749,8331.85554856062,11073.4411068559,11178.859365046,6891.68558704853,18030,3664,5728,4810,5462,1798,2.83703281674769,NA,NA,NA,NA,NA,NA,NA,NA,NA,NA,NA,NA,NA,NA,NA,2,NA,NA,NA,"Drypetes_alba",NA,NA,NA,NA,0.726896355,199.7777778,39.34479947,131.0802932,14,NA,2.30054717800619,1.59488733616797,2.11753740414,0.162272423350925,NA,-0.566989404064244,-0.0939142341465472,0.101659909125655,0.107631089765059,0.440336739182093,0.162272423350925,-0.566989404064244,-0.0939142341465472,0.101659909125655,0.107631089765059,NA,NA,0.511098640473767,-0.517087949411438
"Drypetes_glauca","DRYGLA",14436.3691355232,2731.61234022304,5520.17188276909,8318.69302659109,8030.77535166591,5299.16301144287,13226,2503,5462,9078,8371,5868,0.440100754931775,0.351527127256468,0.0282729605871451,0.0310021386630984,0.0569811018922092,NA,NA,0.0310021386630984,0.0854716528383138,NA,0.0282729605871451,0.0310021386630984,1.418516417835,0.703054254512936,0.386782891330494,0.771923154045485,3,1,1,1,"Drypetes_glauca",NA,NA,364.8148,364.8148,0.694962363,217.3111111,56.79770966,139.6844093,17,2.5620724487023,2.33708193233089,1.75433082335048,2.14514793558569,-0.00739103400367053,0.728412373368357,-0.329585258470278,0.15961695854382,0.22768924921454,0.474786133053506,0.728412373368357,-0.00739103400367053,-0.329585258470278,0.15961695854382,0.22768924921454,0.474786133053506,-0.45420980768045,-0.200356731202737,0.651379651396046,-0.226776908987037
"Drypetes_ilicifolia","DRYILI",11878.971963339,2259.70734733623,3628.66614163341,3056.03517391253,3479.91493259976,1220.20758526353,12126,2560,4037,3315,3748,1188,NA,NA,NA,NA,NA,NA,NA,NA,NA,NA,NA,NA,NA,NA,NA,NA,NA,NA,NA,NA,"Drypetes_ilicifolia",NA,NA,NA,NA,NA,NA,NA,NA,NA,NA,NA,NA,NA,NA,NA,NA,NA,NA,NA,0.606597654272575,0.0514133929766241,-0.396962267141306,0.07088789875907,0.190363494824528,0.359078332674203,NA,NA,0.594032535642442,-0.319258218829603
"Elaeodendron_xylocarpum","ELAXYL",19528.3001832757,2971.91236123056,5702.39705853377,6942.36803883253,7299.91560864003,4328.00324740948,15692,2170,3777,3596,4029,1859,NA,NA,NA,NA,NA,NA,NA,NA,NA,NA,NA,NA,NA,NA,NA,NA,NA,NA,NA,NA,"Elaeodendron_xylocarpum",NA,NA,NA,NA,0.905063548,496.4305556,4.691587417,36.39572698,4.5,NA,2.69585850473658,0.671319812821424,1.56105039854083,1.10886444202317,NA,2.00175779297404,-1.56247955382065,-2.4384465796486,-1.05502654731502,-1.18229933530192,1.10886444202317,2.00175779297404,-1.56247955382065,-2.4384465796486,-1.05502654731502,NA,NA,-3.84808204612578,-1.13375068067479
"Erithalis_fruticosa","ERIFRU",14900.846348688,2240.61750469869,4152.20043899352,4652.29882218316,4993.45561940596,2752.83811470727,14489,2091,3415,2758,3211,1120,1.41851640837384,0.703054254512936,0.735031314312562,0.03326500369602,NA,NA,NA,NA,NA,NA,0.0310500697114688,0.03326500369602,NA,NA,5.345375961205,NA,2,1,2,1,"Erithalis_fruticosa",NA,NA,NA,NA,1.023628308,502.6777778,13.86739497,48.60143284,3.5,NA,2.7012896865168,1.14199488526858,1.68664907307572,1.73879217238704,NA,2.03704980721996,-0.814058814938056,-1.86514656552874,-1.17741156174451,-0.914747397625615,1.73879217238704,2.03704980721996,-0.814058814938056,-1.86514656552874,-1.17741156174451,NA,NA,-3.40864850478106,-1.29372801544519
"Erythroxylum_areolatum","ERYARE",5399.46239849506,706.330493669977,1341.87593751708,1222.51111055301,1470.02782774227,763.697334072294,5287,702,1188,755,1013,311,NA,0.819342315963987,2.31695514866449,2.52436041003091,NA,NA,NA,NA,NA,0.409671157981994,0.417832961041963,0.48090377303012,NA,0.819342321428799,19.7769915309438,NA,NA,1,3,3,"Erythroxylum_areolatum",NA,25,NA,25,0.930545126,213.4567901,14.26529182,116.1929091,8,1.39794000867204,2.32930997434755,1.15428066029169,2.06517962519108,1.24424659600914,-0.347208793064547,-0.380087720543225,-0.794523196081654,-0.137329200607018,-0.626678996811836,-0.347208793064547,1.24424659600914,-0.380087720543225,-0.794523196081654,-0.137329200607018,-0.626678996811836,1.3978070729706,0.873651593908219,-0.388392926584133,-1.57825646232001
"Erythrina_berteroana","ERYBER",19525.1339699463,2428.32835189207,5295.44422381883,8195.14551873738,8070.57979416242,5642.25144227035,30111,3738,8165,12648,12454,8716,4.32430601409606,3.86679839982115,3.9284427664803,NA,0.0343783944872623,NA,NA,NA,1.48727319734837,3.51527127256468,3.57645214417975,NA,1.06388731101096,60.0450062640046,0.351990622300547,NA,2,1,1,NA,"Erythrina_berteroana",NA,NA,NA,NA,NA,NA,NA,NA,NA,NA,NA,NA,NA,NA,NA,NA,NA,NA,NA,0.531952472828306,-1.7400010534623,-1.75288561104015,1.52210816628292,1.9846340625299,1.21168514106132,NA,NA,3.31051528613314,1.57155498065762
"Erythroxylum_brevipes","ERYBRE",22197.8351173755,2916.75220174901,6038.33635718189,7552.59783763997,7857.37531763129,4940.62311588228,17380,1953,3845,3059,3584,1631,NA,NA,NA,NA,NA,NA,NA,NA,NA,NA,NA,NA,NA,NA,NA,NA,NA,NA,NA,NA,"Erythroxylum_brevipes",NA,NA,NA,NA,0.849764475,137.1777778,3.84386116,253.7316667,6,NA,2.13728376326212,0.584767692593067,2.40437467224672,0.815063657151549,NA,-1.62788093599033,-1.7001061364998,1.41093972807794,-0.8714490256708,-0.15250200508705,0.815063657151549,-1.62788093599033,-1.7001061364998,1.41093972807794,-0.8714490256708,NA,NA,1.25352920088655,-2.06121439212474
"Erythrina_poeppigiana","ERYPOE",25132.1565770879,4046.21690805256,7966.01005659625,10640.8560984693,10764.1119173244,6717.8950092718,29668,3411,7760,12235,12030,8619,1.95983687634983,2.94067185601504,2.62737633281469,1.40590183265021,0.284905509461046,0.19763963273755,0.141364802935726,0.155010693315492,1.25057867216291,1.88609047424564,2.27538571051415,1.40590183265021,8.1564693718025,0.351527127256468,24.4961066853163,11.1479455035058,11,15,16,9,"Erythrina_poeppigiana",245,NA,NA,245,0.324989708,124.2222222,502.1049163,379.2501888,24,2.38916608436453,2.09419929403339,2.70079447373744,2.57892580566121,-1.9730344078092,0.568652419176351,-1.90784536423619,1.66458942471931,2.20768513659232,1.33148123405988,0.568652419176351,-1.9730344078092,-1.90784536423619,1.66458942471931,2.20768513659232,1.33148123405988,-3.92263233771614,0.728669192317423,3.64595818832089,1.79077806998637
"NA.10","ERYROT",18934.1460522701,2488.04870132741,5079.85316728463,6226.6436752294,6622.29471976159,4134.24601843418,15001,1595,2958,3171,3643,2048,NA,3.86679839982115,3.87189684530601,4.63153889338169,NA,NA,NA,NA,NA,0.351527127256468,0.351990622300547,0.385961574448474,NA,10.6039578953116,13.3675078289259,NA,NA,4,4,5,"Erythroxylum_rotundifolium",20.5465,NA,NA,20.5465,0.984493196,224.2222222,1.181258257,97.59893309,6,1.31273785248244,2.35067865241852,0.0723448572481165,1.98944507017019,1.53086957987561,-0.425932862141152,-0.241233283071792,-2.51491002032401,-0.483022510059705,-0.8714490256708,NA,NA,NA,NA,NA,NA,NA,NA,NA,NA
"Erythroxylum_rufum","ERYRUF",24226.2774057202,4018.52766933292,7800.01233307086,10241.0760581177,10391.9072988294,6373.37962949648,18030,3664,5728,4810,5462,1798,0.428242994062336,0.409671157981994,0.738773513631041,1.24312129691424,NA,NA,NA,NA,NA,NA,0.386782891330494,0.41437376563808,NA,NA,28.6852018928196,NA,1,1,2,2,"Erythroxylum_rufum",NA,NA,NA,NA,0.950822015,194.7111111,40.58090844,166.9023945,3,NA,2.28939073504203,1.6083217648773,2.22246256742027,1.35197653757534,NA,-0.639484371082121,-0.072552140316462,0.580594880476807,-1.23860406895925,-0.0274098224004669,1.35197653757534,-0.639484371082121,-0.072552140316462,0.580594880476807,-1.23860406895925,NA,NA,0.292908607636219,-1.44524219704262
"Erythroxylum_urbanii","ERYURB",19140.4553636536,3371.539548859,6192.77295250073,7523.86495696381,7760.70918231457,4389.16963345557,18030,3664,5728,4810,5462,1798,NA,NA,NA,NA,NA,NA,NA,NA,NA,NA,NA,NA,NA,NA,NA,NA,NA,NA,NA,NA,"Erythroxylum_urbanii",NA,NA,NA,NA,NA,NA,NA,NA,NA,NA,NA,NA,NA,NA,NA,NA,NA,NA,NA,-0.0997207768751285,1.12862124573028,-0.805788553995559,-0.630348988903712,0.605993614857425,-0.897217522405166,NA,NA,0.395369251697822,-1.56637569641392
"Eugenia_axillaris","EUGAXI",21945.3727857592,3161.1949181715,6283.78525994066,7994.55810461845,8316.60945416521,5155.41453599371,13563,1891,3252,2827,3304,1413,NA,NA,NA,NA,NA,NA,NA,NA,NA,NA,NA,NA,NA,NA,NA,NA,NA,NA,NA,NA,"Eugenia_axillaris",158.9,42,NA,42,0.888336743,289.6222222,15.56126218,81.26648576,6,1.6232492903979,2.46183188144975,1.1920448198759,1.90991147978434,1.01999589195915,-0.13903021811492,0.481044390773962,-0.734474381360386,-0.846056663565398,-0.8714490256708,-0.13903021811492,1.01999589195915,0.481044390773962,-0.734474381360386,-0.846056663565398,-0.8714490256708,1.8901833223983,0.0718705244086343,-1.37785466108975,-1.20477599233071
"Eugenia_biflora","EUGBIF",22513.7963992069,2926.35526259709,6380.54407591838,7976.91020077188,8177.08518366981,5250.72992107272,19629,2113,5005,5351,5613,3500,8.54339722673851,9.02237117986535,9.50090950673547,11.5254851769982,0.0628689454333669,NA,NA,NA,1.73183039499387,4.21994240262916,3.44748438956628,2.94909396556296,0.428242994062336,8.14326799513788,2.11194374319404,0.385961574448474,14,11,13,16,"Eugenia_biflora",97.92,NA,NA,97.92,0.805339482,250.6444444,7.268658704,100.5496554,18,1.99087140480149,2.3990580828044,0.8614542772697,2.00238058653759,0.57903623203872,0.200640865607337,0.0731379929194258,-1.26014661821485,-0.423977844632018,0.597171147482988,0.200640865607337,0.57903623203872,0.0731379929194258,-1.26014661821485,-0.423977844632018,0.597171147482988,1.10377530960898,-0.151181156246478,-0.4776266085081,-1.21812272658554
"Eugenia_borinquensis","EUGBOR",2917.48693208666,687.002860029466,1338.0738018419,1683.25512875979,1540.64426565578,853.641405626311,5906,1217,2791,3376,2940,1723,1.85861716330562,1.43434274227409,1.08424482748878,1.5438462977939,0.0284905509461046,0.0282342332482215,NA,NA,0.794729857025236,0.0282342332482215,0.0282729605871451,NA,4.25554923931327,6.38563235416634,15.4487272477848,1.21470911125218,4,4,3,3,"Eugenia_borinquensis",NA,NA,NA,NA,0.4665,NA,103.554,55.611,NA,NA,NA,2.01516687912881,1.7451607046539,-1.22119838956324,NA,NA,0.574372540516458,-1.59806795714239,NA,1.76471292475174,-1.22119838956324,2.65470469280585,0.574372540516458,-1.59806795714239,0.200216363052049,NA,NA,-2.09163096461774,1.49350703479523
"Eugenia_confusa","EUGCON",7185.96276060678,1589.26395184174,2925.8922868045,3788.1433823565,3838.92017352022,2249.65622167848,559,335,415,433,441,106,0.383119653039566,1.08281561501763,0.0282729605871451,0.0310021386630984,0.0284905509461046,NA,NA,NA,0.0284905509461046,0.731288487761158,0.0282729605871451,0.0310021386630984,20.4686095994276,3.51527129132148,1.75995311619811,41.4801708875061,2,2,1,1,"Eugenia_confusa",NA,NA,NA,NA,NA,NA,NA,NA,NA,NA,NA,NA,NA,NA,NA,NA,NA,NA,NA,0.805870885054183,0.746051384925748,0.487561864353175,-0.64055402166165,-0.689889267442151,-0.341862221346112,NA,NA,-0.89547453293628,-1.08882484122746
"NA.11","EUGCOR",16433.4894311298,2036.2453798824,5123.1999129341,8996.81556423707,8711.75622349791,6675.51084361551,13645,1387,3833,8101,8083,6696,0.0569811018922092,NA,NA,NA,0.0569811018922092,NA,NA,NA,0.0569811018922092,NA,NA,NA,12.9407562459421,NA,NA,NA,1,NA,NA,NA,"Eugenia_cordata",95.8015267,NA,NA,95.8015267,NA,NA,NA,NA,NA,1.9813724300817,NA,NA,NA,NA,0.191864116573743,NA,NA,NA,NA,NA,NA,NA,NA,NA,NA,NA,NA,NA,NA
"Eugenia_domingensis","EUGDOM",26396.2785375267,4136.95000372082,8431.26638324559,11509.9869604781,11451.5817748979,7314.63177117705,23019,3405,7711,8999,8846,5441,NA,NA,NA,1.15788472334542,NA,NA,NA,NA,NA,NA,NA,0.385961574448474,NA,NA,NA,NA,NA,NA,NA,1,"Eugenia_domingensis",25.87,NA,1060.6667,1060.6667,0.564446579,247.4166667,42.17733333,95.314,20,3.02557893423938,2.39342895160693,1.62507911791944,1.9791566957715,-0.700813865473834,1.156677551349,0.0365596962517177,-0.0459062623431335,-0.529984193452323,0.841941176341953,1.156677551349,-0.700813865473834,0.0365596962517177,-0.0459062623431335,-0.529984193452323,0.841941176341953,-0.41500862331799,-1.02993805617663,0.163068209557378,0.244725218502986
"Eugenia_eggersii","EUGEGG",19078.9241445633,2479.10533287097,5588.95123688504,9092.6991085168,8786.89952464215,6307.79419177119,9396,1993,3987,6507,5961,3968,NA,NA,NA,NA,NA,NA,NA,NA,NA,NA,NA,NA,NA,NA,NA,NA,NA,NA,NA,NA,"Eugenia_eggersii",NA,NA,NA,NA,0.672226716,NA,36.84157895,185.5536842,7,NA,NA,1.56633823484125,2.26846958176131,-0.128184214988173,NA,NA,-0.13931017873798,0.790595679203401,-0.749064011241318,0.993700562075982,-0.128184214988173,-0.101559465173938,-0.13931017873798,0.790595679203401,-0.749064011241318,NA,NA,0.563804676825102,-0.333267644241159
"Eugenia_foetida","EUGFOE",10548.1593574949,1960.55164527847,3130.81059396616,2582.01088133361,2974.13247779338,1013.58083251491,17515,3337,5322,4382,5029,1692,NA,NA,NA,NA,NA,NA,NA,NA,NA,NA,NA,NA,NA,NA,NA,NA,NA,NA,NA,NA,"Eugenia_foetida",NA,NA,NA,NA,0.940811223,272.948718,4.792203905,86.0395185,14,NA,2.43608105882944,0.680535288707702,1.93469797129494,1.29878977716099,NA,0.313714620654672,-1.54782601961902,-0.732917763130092,0.107631089765059,0.511320968624574,1.29878977716099,0.313714620654672,-1.54782601961902,-0.732917763130092,0.107631089765059,NA,NA,-1.01976421290344,-1.96153865697917
"Eugenia_ligustrina","EUGLIG",13518.4724997489,1878.49378302309,3708.45007578218,3903.73324810907,4265.73171886133,2387.23793583825,14019,2019,3526,2729,3265,1246,NA,3.01488334347654,1.86432991859258,3.22975355153582,NA,0.0282342332482215,NA,NA,NA,0.0282342332482215,NA,NA,NA,1.0545813864586,NA,NA,NA,2,3,4,"Eugenia_ligustrina",NA,46.4,NA,46.4,1.01784157,261.3111111,4.456037929,83.21975984,3,1.66651798055488,2.41715787657319,0.648948878818567,1.92022645814867,1.70804756720629,-0.0990513313694691,0.190751102807062,-1.59805159053138,-0.798973545341313,-1.23860406895925,-0.0990513313694691,1.70804756720629,0.190751102807062,-1.59805159053138,-0.798973545341313,-1.23860406895925,2.69906768764364,0.731846918852092,-1.49089218614639,-2.29541028563204
"Eugenia_monticola","EUGMON",27182.9223017991,4315.46271169186,8620.15639719367,11726.1590799987,11840.8008414209,7525.33812972903,35099,5180,10569,14666,14982,9802,12.3201620557813,23.4007937814484,23.3139440405266,20.1729321258913,NA,NA,NA,0.0665300073920401,1.52062085128882,4.12760875597147,6.20964055592068,4.97836976645282,3.54629103985692,0.351527127256468,15.4875874563502,12.2489307672726,12,22,22,22,"Eugenia_monticola",NA,NA,NA,NA,0.858228983,200.6720867,2.900834804,106.903796,19,NA,2.30248696673142,0.462522997415551,2.02899312665484,0.860035099872698,NA,-0.554384587268397,-1.8944875058244,-0.30250387461216,0.71955616191247,0.449012480387439,0.860035099872698,-0.554384587268397,-1.8944875058244,-0.30250387461216,0.71955616191247,NA,NA,-0.0570637459774744,-1.96838569380305
"Eugenia_padronii","EUGPAD",8080.99154931307,1967.39415678382,3479.50025691837,4216.48899782449,4300.49232614413,2333.09816936031,8218,2860,4430,3816,4243,1383,NA,NA,NA,NA,NA,NA,NA,NA,NA,NA,NA,NA,NA,NA,NA,NA,NA,NA,NA,NA,"Eugenia_padronii",NA,NA,NA,NA,NA,387.0555556,32.65742622,112.8289778,5.5,NA,2.58777330548113,1.5139819543597,2.05242065356943,NA,NA,1.29941628678662,-0.222561934390588,-0.195568020705537,-0.932641532885541,0.433271780067717,-0.226907275070532,1.29941628678662,-0.222561934390588,-0.195568020705537,-0.932641532885541,NA,NA,-1.16749239637615,0.151585197060265
"Eugenia_pseudopsidium","EUGPSE",17006.5047854949,2687.57245486247,5340.01212045629,5876.62089293223,6062.46718663466,3374.89473177219,19201,2934,6117,6204,6345,3411,0.0569811018922092,3.98042351836889,1.82953764956263,1.98663225462158,NA,NA,NA,NA,0.0569811018922092,1.22901347394598,0.351990622300547,0.385961574448474,22.4286877572971,4.56985266371248,1.09076413593159,58.8886631367069,1,3,3,3,"Eugenia_pseudopsidium",NA,NA,NA,NA,0.911617723,215.4848485,27.34892411,105.6434169,9,NA,2.33341673879292,1.43694024612536,2.02384243945667,1.14368639571462,NA,-0.353401817700042,-0.345066004771315,-0.326014385804832,-0.504293982382353,0.926443909361582,1.14368639571462,-0.353401817700042,-0.345066004771315,-0.326014385804832,-0.504293982382353,NA,NA,-0.0973831087774303,-1.49659554952195
"Eugenia_rhombea","EUGRHO",14751.4324275227,2303.5832955474,4534.26302713435,5659.19361018948,5973.42724464741,3669.8439491,9712,1061,2482,2274,2841,1780,5.11203521324621,2.22545082498986,5.48861294868788,5.78942361672711,NA,NA,NA,NA,0.354629102093461,NA,1.93391445665247,NA,8.15646939545539,8.60842025342294,NA,12.3507704595792,4,3,4,6,"Eugenia_rhombea",NA,126.5,NA,126.5,0.939445443,294.7888889,8.381956101,64.02254137,6,2.10209052551184,2.46951111018987,0.923345381963897,1.80633290943732,1.29153346680725,0.303403778343452,0.530944294894513,-1.16173353237909,-1.31884505932168,-0.8714490256708,0.303403778343452,1.29153346680725,0.530944294894513,-1.16173353237909,-1.31884505932168,-0.8714490256708,2.41530679231249,-0.168657187167677,-1.72106563130894,-1.71424722400364
"Eugenia_stahlii","EUGSTA",10363.8760285256,2163.15190240089,4206.86421490461,6546.0972419139,6179.28974700021,4016.13784459932,8154,1997,3537,5808,5236,3239,NA,0.0282342332482215,0.0282729605871451,0.0310021386630984,NA,NA,NA,NA,NA,0.0282342332482215,0.0282729605871451,0.0310021386630984,NA,22.4950732874674,2.11194374319404,NA,NA,1,1,1,"Eugenia_stahlii",NA,NA,35240,35240,0.728793857,384.9,49.72505251,85.74476574,23,4.54703589974001,2.58534791109459,1.6965752504147,1.93320761816534,0.172353742017794,2.56245515846278,1.28365598696504,0.0677797844473713,-0.739720537708813,1.2090962196304,2.56245515846278,0.172353742017794,1.28365598696504,0.0677797844473713,-0.739720537708813,1.2090962196304,0.0648925670979079,-2.47772432999136,-0.487316081437897,-0.321271081383501
"NA.12","EUGSTE",16698.9630999649,2182.52967712283,5361.04074225295,9374.6215374181,9017.14477821253,6834.6151010897,19603,2407,6173,11372,11045,8638,NA,NA,NA,NA,NA,NA,NA,NA,NA,NA,NA,NA,NA,NA,NA,NA,NA,NA,NA,NA,"Eugenia_stewardsonii",NA,NA,NA,NA,NA,NA,NA,NA,NA,NA,NA,NA,NA,NA,NA,NA,NA,NA,NA,NA,NA,NA,NA,NA,NA,NA,NA,NA,NA
"Eugenia_woodburyana","EUGWOO",5425.48867427378,954.234349488815,1889.23463644813,2399.41029180049,2529.89447883983,1575.66012935102,2773,563,896,680,833,270,NA,NA,NA,NA,NA,NA,NA,NA,NA,NA,NA,NA,NA,NA,NA,NA,NA,NA,NA,NA,"Eugenia_woodburyana",NA,NA,NA,NA,NA,NA,NA,NA,NA,NA,NA,NA,NA,NA,NA,NA,NA,NA,NA,0.434255389529537,0.124067587634314,0.931402069939134,-0.350985078939191,-0.315032443529066,-0.735388965366474,NA,NA,-1.01172140239481,-0.278750359014566
"Euphorbia_petiolaris","EUPPET",13966.9728645832,1731.78976673729,3627.07148437915,4631.85035221025,4966.25566796042,3234.46590122313,3473,471,721,406,573,102,NA,NA,NA,NA,NA,NA,NA,NA,NA,NA,NA,NA,NA,NA,NA,NA,NA,NA,NA,NA,"Euphorbia_petiolaris",NA,NA,NA,NA,NA,NA,NA,NA,NA,NA,NA,NA,NA,NA,NA,NA,NA,NA,NA,-0.127056683747464,-0.135764004601354,-0.0749799367846503,-0.0494984301143476,0.395764512636556,-0.020485517589517,NA,NA,0.241097252734628,-0.02861494177454
"Exostema_caribaeum","EXOCAR",15758.5671302434,2321.7945317477,4569.70861022826,5583.46623845492,5933.84608397074,3612.05155222304,11130,1285,2909,2656,3275,1990,11.0219927158434,7.26311866803146,9.09985736189759,12.1094597113242,NA,NA,NA,NA,1.44700695931995,0.703054254512936,2.16848965497757,3.50465630869936,5.67406565714827,85.7593047220917,11.6423470113223,1.15788472849396,10,8,12,11,"Exostema_caribaeum",NA,7.5,NA,7.5,0.933805399,230.6464647,6.214811063,86.3030788,11,0.8750612633917,2.36294680222177,0.79342793015485,1.93602628913352,1.26156823838633,-0.830332041383947,-0.161514405091298,-1.36831535701479,-0.726854604912594,-0.259523953523389,-0.830332041383947,1.26156823838633,-0.161514405091298,-1.36831535701479,-0.726854604912594,-0.259523953523389,2.04172411173782,0.630206617045279,-1.04217727991825,-1.72527924457014
"Exothea_paniculata","EXOPAN",21725.6499770284,3758.4508662764,7092.28845183551,8668.10925392993,8876.57777694985,5118.12691067345,8838,2305,3572,2966,3326,1021,NA,2.10916276353881,2.11194373380328,2.31576944669084,NA,NA,NA,NA,NA,0.351527127256468,0.351990622300547,0.385961574448474,NA,0.761198285238462,1.40796249389757,NA,NA,2,2,3,"Exothea_paniculata",NA,NA,NA,NA,0.737322109,131.8194445,57.96796526,162.4232733,14,NA,2.11997947714869,1.76318805641937,2.21064825853565,0.217663852933812,NA,-1.74032480856606,0.173700850608475,0.526668010026521,0.107631089765059,-0.0550158982439632,0.217663852933812,-1.74032480856606,0.173700850608475,0.526668010026521,0.107631089765059,NA,NA,1.50558503795925,-0.627156786991108
"Faramea_occidentalis","FAROCC",24970.6375501528,3905.80691335723,8021.45737943798,11153.7245070115,11046.103471294,7140.29655793682,22432,3507,7531,8233,8195,4688,2.12777461256077,1.40610850902587,3.87189684530601,5.01750046783016,NA,NA,NA,NA,NA,NA,0.703981244601093,0.771923148896948,NA,NA,11.08567068858,NA,3,4,8,7,"Faramea_occidentalis",300,NA,40,40,0.738158583,181.3407407,53.92664422,198.5756813,9,1.60205999132796,2.25849538530626,1.73180339558797,2.29792606125956,0.222107991043048,-0.158608453200363,-0.840243463141716,0.123796081004065,0.925050920668395,-0.504293982382353,-0.158608453200363,0.222107991043048,-0.840243463141716,0.123796081004065,0.925050920668395,-0.504293982382353,-0.335710689671489,1.19300116302683,0.957544932185219,-0.434288412067344
"Ficus_americana","FICAME",19192.2082115095,3485.26000614092,7187.89144441765,9773.76072242297,9535.07298325934,6049.81297711842,13597,2440,5762,7338,6918,4478,0.0284905509461046,0.0282342332482215,0.0282729605871451,0.0310021386630984,NA,NA,NA,NA,0.0284905509461046,0.0282342332482215,0.0282729605871451,0.0310021386630984,0.354629102093461,96.645993970385,49.9826686718774,2.31576946213646,1,1,1,1,"Ficus_americana",NA,NA,NA,NA,0.486519806,215.0555556,53.79085778,126.1857886,17,NA,2.3325506663054,1.73070846984701,2.1010104461907,-1.11483431514598,NA,-0.359029587825263,0.122055038871099,0.026221969507463,0.474786133053506,-2.02218767236306,-1.11483431514598,-0.359029587825263,0.122055038871099,0.026221969507463,0.474786133053506,NA,NA,0.0465025698779006,1.14610549253074
"Ficus_citrifolia","FICCIT",25369.2729905359,3989.27565256879,8023.23484949395,10748.923834879,10937.6939733662,6948.41832079738,9916,2678,4313,3521,4049,1371,2.03544831252341,1.40269869189017,1.46012464249464,2.01566697283914,0.0284905509461046,NA,NA,NA,0.971561006243022,1.40269869189017,1.1081340201941,1.24374382394219,9.92961491065327,24.6015731291866,0.351990622300547,5.78942365276687,10,11,11,12,"Ficus_citrifolia",0.6,NA,NA,0.6,0.490161223,260.3827161,41.90101412,126.6175776,28,-0.221848749616356,2.41561215289339,1.62222453421666,2.10249400050581,-1.09548767668344,-1.84384183382044,0.180706934827533,-0.05044533774589,0.0329937106340854,1.82102129177781,-1.84384183382044,-1.09548767668344,0.180706934827533,-0.05044533774589,0.0329937106340854,1.82102129177781,-0.573871077281219,-0.404872365341778,0.00222836568269008,1.21273809030681
"Ficus_crassinervia","FICCRA",24412.3460396603,3882.68951750547,7711.0754050687,10251.7056478187,10389.9349008128,6507.24538330734,37211,5928,11765,15598,15815,9887,NA,NA,NA,NA,NA,NA,NA,NA,NA,NA,NA,NA,NA,NA,NA,NA,NA,NA,NA,NA,"Ficus_crassinervia",NA,NA,NA,NA,0.42,NA,44.1,101.8,20,NA,NA,1.64443858946784,2.00774777800074,-1.4682502071684,NA,NA,-0.0151227540402607,-0.399479091337007,0.841941176341953,-2.24949476263159,-1.4682502071684,-0.099177953446156,-0.0151227540402607,-0.399479091337007,0.841941176341953,NA,NA,-0.342083241473868,1.48144921215944
"Ficus_trigonata","FICTRI",20267.1908804309,3371.86747141555,6788.64302506763,9711.12577997614,9485.17791323736,6113.31044182181,9812,1511,3415,4999,4733,3222,0.0284905509461046,0.056468466496443,0.0565459211742903,0.0620042773261967,0.0284905509461046,NA,NA,NA,0.0284905509461046,0.056468466496443,0.0565459211742903,0.0620042773261967,2.48240372884596,0.703054254512936,6.18852629740436,2.37259383936713,1,2,2,2,"Ficus_trigonata",0.7884,NA,NA,0.7884,NA,NA,NA,NA,NA,-0.103253384392594,NA,NA,NA,NA,-1.73426350691444,NA,NA,NA,NA,-1.73426350691444,-0.990816158078648,-0.084168650655925,-0.0239554618608348,0.20965820779175,1.71500610840793,NA,NA,0.283355092130464,1.05054284021601
"Forestiera_segregata","FORSEG",7344.6618260406,1116.64219929371,2042.72321295645,1987.68005110091,2255.78477902338,1139.14257972967,3180,502,752,462,626,124,NA,NA,NA,NA,NA,NA,NA,NA,NA,NA,NA,NA,NA,NA,NA,NA,NA,NA,NA,NA,"Forestiera_segregata",NA,12.1,NA,12.1,0.747903773,331.6888889,1.191740872,72.91821353,6,1.08278537031645,2.52073092352358,0.0761818341839652,1.8628360200547,0.27388362335289,-0.638401605890865,0.863772481281192,-2.50880884080228,-1.06093442264721,-0.8714490256708,-0.638401605890865,0.27388362335289,0.863772481281192,-2.50880884080228,-1.06093442264721,-0.8714490256708,2.78395641530055,0.47488370226827,-2.16527438888574,-1.33303783103931
"Garcinia_hessii","GARHES",4972.51169306552,1064.37075414862,1977.22187176214,2450.38301307212,2498.11013968341,1433.73938553479,3778,578,1274,1948,1925,1347,NA,NA,NA,NA,NA,NA,NA,NA,NA,NA,NA,NA,NA,NA,NA,NA,NA,NA,NA,NA,"Garcinia_hessii",NA,NA,NA,NA,NA,NA,NA,NA,NA,NA,NA,NA,NA,NA,NA,NA,NA,NA,NA,-0.604585461604631,0.333823512417323,2.4022969706641,0.168657798520485,-1.91472662529903,0.141481771980892,NA,NA,-2.93473000691374,0.42787179846237
"Garcinia_portoricensis","GARPOR",18852.259604861,2950.92290018033,6517.97529006936,10056.6906340281,9870.52799688745,6919.60509670712,8526,1010,3037,3942,3581,2571,NA,NA,NA,NA,NA,NA,NA,NA,NA,NA,NA,NA,NA,NA,NA,NA,NA,NA,NA,NA,"Garcinia_portoricensis",NA,NA,NA,NA,0.860291667,418.1555556,28.97146016,65.96088047,8,NA,2.62133787118035,1.46197038417339,1.81928644413304,0.870994020976893,NA,1.51752004003037,-0.3052655659785,-1.25971814853651,-0.626678996811836,-0.503624383294588,0.870994020976893,1.51752004003037,-0.3052655659785,-1.25971814853651,-0.626678996811836,NA,NA,-2.25352932908912,-0.522040490405149
"Gaussia_attenuata","GAUATT",21971.0323478081,2833.40994027862,5804.4338878002,7914.41799965361,8133.03345684661,5299.62351656798,12362,934,1595,2445,2694,1760,NA,NA,NA,NA,NA,NA,NA,NA,NA,NA,NA,NA,NA,NA,NA,NA,NA,NA,NA,NA,"Gaussia_attenuata",NA,NA,NA,NA,0.160961377,198.4444445,86.4147816,183.2369273,18,NA,2.29763894523479,1.93658803667144,2.26301300048102,-2.84450746828858,NA,-0.585887205049805,0.449424272007752,0.765688902626182,0.597171147482988,0.0727157535439563,-2.84450746828858,-0.585887205049805,0.449424272007752,0.765688902626182,0.597171147482988,NA,NA,1.43058151050113,2.2454216486791
"Genipa_americana","GENAME",17876.0916563553,2157.9932369946,5048.03437547002,6752.30908202077,6579.66948208446,4421.67624508985,20658,2269,6011,7625,7373,5104,2.48240371465423,NA,NA,NA,NA,NA,NA,NA,2.48240371465423,NA,NA,NA,0.7092582089175,NA,NA,NA,1,NA,NA,NA,"Genipa_americana",106,NA,NA,106,0.626962069,NA,114.79,160.09,20,2.02530586526477,NA,2.05990405588441,2.20436420462101,-0.368672673366796,0.232457206476631,NA,0.645509154378044,0.497984202563294,0.841941176341953,0.232457206476631,-0.368672673366796,-1.13714069512012,0.645509154378044,0.497984202563294,0.841941176341953,NA,NA,1.48381112564639,0.217420050036878
"Gesneria_pedunculosa","GESPED",20602.8842914892,3471.65386205816,6921.7330387567,10659.0637248618,10576.952916823,7105.29905476485,17204,3269,5990,9887,9853,6584,2.56945796437401,NA,NA,NA,NA,NA,NA,NA,0.856485988124671,NA,NA,NA,20.7157157952395,NA,NA,NA,1,NA,NA,NA,"Gesneria_pedunculosa",NA,NA,NA,NA,0.744258131,299.7111111,31.62403286,150.555304,5,NA,2.47670284371298,1.50001725260323,2.17769606013012,0.254514537709068,NA,0.577676437588524,-0.244767215737893,0.376256424226522,-0.993834040100283,-0.430999156850888,0.254514537709068,0.577676437588524,-0.244767215737893,0.376256424226522,-0.993834040100283,NA,NA,-0.600155573779886,-0.262961965005567
"Goetzea_elegans","GOEELE",4396.78931983115,776.418015467022,1807.2236084499,1854.69145558599,1829.58184889719,1053.16383343016,8841,1598,3806,3947,3897,2299,NA,NA,NA,NA,NA,NA,NA,NA,NA,NA,NA,NA,NA,NA,NA,NA,NA,NA,NA,NA,"Goetzea_elegans",NA,NA,NA,NA,NA,NA,NA,NA,NA,NA,NA,NA,NA,NA,NA,NA,NA,NA,NA,-0.634471370866786,-0.668967243460942,1.83848531192727,0.127958699713144,-0.689628409701499,-1.10660375597139,NA,NA,-1.99378956408554,1.01155630355172
"Gomidesia_lindeniana","GOMLIN",15670.9078768804,2131.24473743513,5121.80218428234,8881.09102430334,8535.04221241828,6403.79747498315,9279,1521,3658,6154,5723,4202,0.709258204186922,NA,NA,NA,NA,NA,NA,NA,NA,NA,NA,NA,NA,NA,NA,NA,1,NA,NA,NA,"Gomidesia_lindeniana",NA,NA,NA,NA,NA,NA,NA,NA,NA,NA,NA,NA,NA,NA,NA,NA,NA,NA,NA,-0.258503510907085,0.279602062161433,-0.0933467155206468,-0.717903286967157,0.169317601125868,-0.76989095556309,NA,NA,-0.279639980547338,-0.720689265403175
"Gonzalagunia_hirsuta","GONHIR",22707.70654542,4057.74125662819,7944.53555538878,11267.0615504757,11100.6435226388,7042.90226601064,25226,5052,9767,15173,14526,9474,NA,NA,NA,NA,NA,NA,NA,NA,NA,NA,NA,NA,NA,NA,NA,NA,NA,NA,NA,NA,"Gonzalagunia_hirsuta",NA,NA,NA,NA,NA,NA,NA,NA,NA,NA,NA,NA,NA,NA,NA,NA,NA,NA,NA,-0.878421826284424,0.509537255463563,-0.189979698813893,-0.897594559012943,0.104595174627635,0.0266600118075428,NA,NA,-0.271738210453456,-0.864340768007066
"Gonocalyx_portoricensis","GONPOR",17151.2408835988,2153.49542841292,4878.08337328839,7347.61720335996,7068.8441434782,4915.34871506528,807,559,690,751,710,151,NA,NA,NA,NA,NA,NA,NA,NA,NA,NA,NA,NA,NA,NA,NA,NA,NA,NA,NA,NA,"Gonocalyx_portoricensis",NA,NA,NA,NA,NA,NA,NA,NA,NA,NA,NA,NA,NA,NA,NA,NA,NA,NA,NA,-0.0312996407805039,-0.192211002662549,0.241613613314074,0.0269331126629125,-0.34223189548024,0.0377787321683175,NA,NA,-0.366366873254213,0.116698120258662
"NA.13","GOSHIR",10310.1100848649,1162.17118255596,2287.2860569472,2909.38656396349,3131.22264356189,1969.05146100593,14807,1402,2616,3476,3884,2482,NA,NA,NA,NA,NA,NA,NA,NA,NA,NA,NA,NA,NA,NA,NA,NA,NA,NA,NA,NA,"Gossypium_hirsutum",NA,NA,NA,NA,NA,NA,NA,NA,NA,NA,NA,NA,NA,NA,NA,NA,NA,NA,NA,NA,NA,NA,NA,NA,NA,NA,NA,NA,NA
"Guatteria_blainii","GUABLA",25152.328374058,4128.067444399,8244.90435568988,11699.7319859415,11643.238389276,7515.17094487697,7237,1780,3093,5222,4891,3111,NA,NA,NA,NA,NA,NA,NA,NA,NA,NA,NA,NA,NA,NA,NA,NA,NA,NA,NA,NA,"Guatteria_blainii",NA,NA,NA,NA,0.630529512,273.2777778,15.99557038,114.0439278,18,NA,2.43660431749134,1.20399973103907,2.05707216648108,-0.349719054498994,NA,0.317114774230351,-0.715464869342905,-0.174336009875778,0.597171147482988,0.262667721423511,-0.349719054498994,0.317114774230351,-0.715464869342905,-0.174336009875778,0.597171147482988,NA,NA,-0.253359447868069,-0.147566369590669
"Guatteria_caribaea","GUACAR",19055.4332496272,3469.99639379978,7255.15663709678,10074.9145976156,9926.86257624719,6456.86618244741,17346,3507,7515,8604,8424,4917,NA,NA,NA,NA,NA,NA,NA,NA,NA,NA,NA,NA,NA,NA,NA,NA,NA,NA,NA,NA,"Guatteria_caribaea",NA,NA,NA,NA,0.67859854,305.75,23.33428196,109.5496751,NA,NA,2.48536646570832,1.36799444136398,2.03961109387768,-0.0943310816406416,NA,0.633972964431833,-0.454696773773142,-0.254037752009178,NA,0.348808552194019,-0.0943310816406416,0.633972964431833,-0.454696773773142,-0.254037752009178,0.244869527251537,NA,NA,-0.556695796819067,-0.169629045465456
"Guapira_fragrans","GUAFRA",26473.3978810757,4065.91775748134,8385.39494949579,11009.9591988474,11077.345263809,7011.42750632763,18605,2508,5488,5778,5788,3280,3.52757861286612,10.470124137087,12.9110955392733,15.1103481763795,0.0284905509461046,0.112936932992886,0.0848188817614354,0.0620042773261967,1.68081921042994,3.85191569284299,6.78808588404426,8.37852826361778,0.354629102093461,1.4642525444406,7.10939700285235,8.96235280132933,13,29,33,35,"Guapira_fragrans",52,NA,NA,52,0.628042363,317.4285714,25.32756662,124.6362122,22.5,1.7160033436348,2.5016460145515,1.40359346636885,2.09564424195208,-0.362933133662539,-0.053328437541346,0.739758057426355,-0.398090740954956,0.00172772243707774,1.14790371241566,-0.053328437541346,-0.362933133662539,0.739758057426355,-0.398090740954956,0.00172772243707774,1.14790371241566,0.0394512613221352,-0.833616594795062,-0.308010733359132,0.222294922723854
"Guarea_glabra","GUAGLA",14419.1984659433,2803.04921022989,5598.82259041443,8384.87756710313,8116.55072658509,5313.5015163552,9565,2070,4082,6669,6113,4043,2.03433549818947,1.75763563628234,2.46393435610383,2.31576944669084,NA,NA,NA,NA,0.46859130587788,0.703054254512936,0.703981244601093,NA,14.1851641641583,11.2435422231028,1.54713157564097,5.01750049872139,4,4,5,5,"Guarea_glabra",595,NA,51.89,51.89,0.570363918,207.0296296,367.6059505,153.7631088,12,1.71508367069493,2.3160325051232,2.56538253276956,2.1868521510284,-0.669375384713922,-0.0541781859430795,-0.466365192367536,1.44927080929788,0.418049755730275,-0.137138939093906,-0.0541781859430795,-0.669375384713922,-0.466365192367536,1.44927080929788,0.418049755730275,-0.137138939093906,-1.27836651962569,0.0643695996728978,0.886646201674554,1.04676758891898
"Guarea_guidonia","GUAGUI",22178.8635840751,3729.270331949,7903.88030478358,11276.3159753866,11144.3230282515,7415.05269630253,27078,4644,10003,14692,14429,9785,68.9353872430989,74.1948086771722,81.8103031607381,79.7471769489127,2.17705755898627,1.15760356317708,0.622005132917193,1.96444906093981,25.8242766748487,35.8281966042016,39.8312460958865,43.7557048494298,1.41851641310442,3.16374415937581,3.30708469653446,10.1486497423651,74,87,96,93,"Guarea_guidonia",500,NA,250.8,250.8,0.603745926,188.5873016,632.6101539,221.7594176,20,2.39932753215868,2.27551244645691,2.80113615841016,2.34588207235885,-0.492018701881448,0.578041272156604,-0.729665988688624,1.82414280279186,1.14394799057906,0.841941176341953,0.578041272156604,-0.492018701881448,-0.729665988688624,1.82414280279186,1.14394799057906,0.841941176341953,-2.24237944173611,-0.233818651710573,1.94001565485368,0.96434250477633
"Guapira_obtusata","GUAOBT",9837.80785911344,2315.69626679877,3636.51947982237,3150.3383699744,3530.03937329631,1214.34310649754,8102,2852,4420,3796,4226,1374,NA,0.819342315963987,0.773565782660989,1.24312129691424,NA,NA,NA,NA,NA,0.409671157981994,0.386782891330494,0.41437376563808,NA,4.8024287873902,36.2550343129439,39.3514777023002,NA,1,1,1,"Guapira_obtusata",NA,NA,NA,NA,0.659363774,245.7037037,82.56342337,124.8797467,4.5,NA,2.39041170301793,1.91678769203359,2.09649200915347,-0.196524283823651,NA,0.0169535065685966,0.417939731118549,0.0055973886602433,-1.05502654731502,-0.638065594777346,-0.196524283823651,0.0169535065685966,0.417939731118549,0.0055973886602433,-1.05502654731502,NA,NA,-0.314153386077339,0.326844929157361
"Guaiacum_officinale","GUAOFF",5981.22509257145,734.818660761817,1541.60601523347,1411.05810836699,1666.09725337188,931.278592610063,8512,980,2169,1650,2118,1138,0.772127149620289,0.0893559553157194,0.0875959908857591,0.0952692810222168,NA,NA,NA,NA,0.0628689454333669,0.0893559553157194,0.0875959908857591,0.0952692810222168,2.1277746267525,1.40610851371507,0.703981249296475,25.4970822302996,3,2,2,2,"Guaiacum_officinale",NA,241.2,NA,241.2,1.021323866,254.9222222,36.70473203,64.75539077,7,2.38237730346811,2.40640769564257,1.56472205776813,1.81127592849401,1.72654880497487,0.562379802611974,0.120896041072298,-0.141880062953311,-1.29628245740335,-0.749064011241318,0.562379802611974,1.72654880497487,0.120896041072298,-0.141880062953311,-1.29628245740335,-0.749064011241318,1.86229795255766,-0.389369982875792,-1.1790112972448,-1.68330643035832
"Guaiacum_sanctum","GUASAN",2840.65535061021,483.88870612756,870.523045034104,658.325584441583,797.317237660434,313.428531532874,1412,388,561,390,452,64,NA,NA,NA,NA,NA,NA,NA,NA,NA,NA,NA,NA,NA,NA,NA,NA,NA,NA,NA,NA,"Guaiacum_sanctum",NA,94.5,NA,94.5,0.952193579,201.2083333,14.03463595,77.7912531,2,1.97543180850926,2.30364596361679,1.14720115177939,1.89093076737579,1.35926357798742,0.186375172115743,-0.546853383886716,-0.805780327172437,-0.932694860442291,-1.36098908338873,0.186375172115743,1.35926357798742,-0.546853383886716,-0.805780327172437,-0.932694860442291,-1.36098908338873,1.91886778546409,0.793458063758088,-0.827440808856324,-1.86026969922378
"Guazuma_ulmifolia","GUAULM",22685.8546974659,2999.4625069499,6568.20269577205,9651.61976327002,9771.19309422374,6771.73058727384,16243,1729,4341,7267,7530,5801,1.87817344906085,2.13647405652204,3.43924573560607,4.42557902070317,0.0284905509461046,0.0282342332482215,0.0565459211742903,0.0952692810222168,1.52354434696739,2.13647405652204,2.27889706161459,2.38212238370238,0.354629102093461,8.14326799982708,4.11544274353002,2.70173103143639,10,14,19,18,"Guazuma_ulmifolia",47,NA,NA,47,0.525926316,NA,42.69,322.09,17,1.67209785793572,NA,1.63032615480395,2.50797724139145,-0.90546980071639,-0.0938957030143551,NA,-0.0375629455797609,1.88383766727574,0.474786133053506,-0.0938957030143551,-0.90546980071639,-2.53938719287332,-0.0375629455797609,1.88383766727574,0.474786133053506,NA,NA,3.04376051865836,-0.0134812768122963
"Guettarda_elliptica","GUEELL",4405.97892581125,636.36145849611,1244.63994324354,1109.9986471503,1311.85791666986,675.496458173755,6834,867,1859,1327,1715,848,0.354629102093461,NA,NA,NA,NA,NA,NA,NA,NA,NA,NA,NA,NA,NA,NA,NA,1,NA,NA,NA,"Guettarda_elliptica",86.298,2.8,NA,2.8,0.908929778,221.1222222,6.119206652,131.2805784,7,0.447158031342219,2.34463239022173,0.786695120022571,2.1182004814772,1.12940549898617,-1.22570095109795,-0.280522111952659,-1.37902120278596,0.104686551311103,-0.749064011241318,-1.22570095109795,1.12940549898617,-0.280522111952659,-1.37902120278596,0.104686551311103,-0.749064011241318,1.77389689071535,1.45326442868037,-0.645619834078602,-1.60032162323682
"Guettarda_krugii","GUEKRU",13503.1812168919,2095.12608334143,4012.15921529289,4547.7954306053,4843.7410877496,2748.61500440817,4307,629,1014,652,845,216,NA,NA,NA,NA,NA,NA,NA,NA,NA,NA,NA,NA,NA,NA,NA,NA,NA,NA,NA,NA,"Guettarda_krugii",NA,8,NA,8,NA,NA,NA,NA,NA,0.903089986991944,NA,NA,NA,NA,-0.804434396635094,NA,NA,NA,NA,-0.804434396635094,1.39594701635011,-0.771556755031189,-1.25334423575464,0.627452262414979,-0.443169728836732,NA,NA,0.169847328471917,-1.93455498568329
"Guettarda_ovalifolia","GUEOVA",23655.6830030829,4037.32079417259,7984.6770838201,10919.3630094677,10944.5360717922,6907.21527761966,20701,4134,8436,11275,11306,7172,NA,0.351527127256468,0.0282729605871451,0.450228716807592,NA,NA,NA,NA,NA,0.351527127256468,0.0282729605871451,0.0642671423591184,NA,5.68257808558581,7.74379373287046,1.15788472334542,NA,1,1,3,"Guettarda_ovalifolia",NA,NA,NA,NA,0.713895038,174.7777778,47.2898828,202.675005,10,NA,2.24248621323918,1.67476823769112,2.30680019240338,0.0931971761227334,NA,-0.944271638135726,0.0331044393296779,0.965557235953075,-0.381908967952871,-0.46548249690185,0.0931971761227334,-0.944271638135726,0.0331044393296779,0.965557235953075,-0.381908967952871,NA,NA,1.00839149960573,-0.340679290146982
"Guettarda_pungens","GUEPUN",15679.9927218817,2972.68508462422,5955.55114043877,8474.80631729774,8408.07740380242,5435.39231917821,559,335,415,433,441,106,NA,4.56985265433408,6.05342511716919,5.84624799910632,NA,NA,NA,NA,NA,1.0545813817694,1.75995311150273,2.31576944669084,NA,1.52239658063093,2.8507172521297,1.54384630809097,NA,2,3,2,"Guettarda_pungens",NA,NA,NA,NA,NA,NA,NA,NA,NA,NA,NA,NA,NA,NA,NA,NA,NA,NA,NA,-0.327488850157101,0.659022097708088,1.13795972212241,-0.411388036650338,-0.306982473292257,0.118823005518619,NA,NA,-1.1956938685177,-0.495845249827912
"Guettarda_scabra","GUESCA",15596.3511568873,2661.18374431987,4891.51672929023,5575.86268363478,5865.3757337565,3204.19198943663,12706,2620,4256,3752,4153,1533,23.8364591434462,28.6424300770277,29.5162183592685,35.9904086953403,NA,0.0282342332482215,0.0565459211742903,0.0310021386630984,1.83601445590067,3.04441970383765,3.19057415678845,3.77331576677328,2.48240372884596,0.409671157981994,42.5090771084133,22.4710080052271,18,23,24,22,"Guettarda_scabra",NA,NA,NA,NA,0.829841831,399.1616162,26.1900392,102.583055,14,NA,2.60114877240991,1.41813614845696,2.01107562853638,0.709215798835408,NA,1.38633055121348,-0.374966412706319,-0.384288988685545,0.107631089765059,-0.283483513392527,0.709215798835408,1.38633055121348,-0.374966412706319,-0.384288988685545,0.107631089765059,NA,NA,-1.40284690919724,-0.462860997366011
"Guettarda_valenzuelana","GUEVAL",17376.5412723627,2808.97455464117,6183.01110283844,9406.53663332015,9234.71328473464,6425.73873009346,12787,1784,4813,7076,6716,4932,NA,NA,0.0282729605871451,0.0310021386630984,NA,NA,NA,NA,NA,NA,0.0282729605871451,0.0310021386630984,NA,NA,0.738773513631041,2.34418164817752,NA,NA,1,1,"Guettarda_valenzuelana",NA,NA,160,160,0.604209748,421.6111111,86.13864724,90.23123049,22,2.20411998265592,2.62491204771168,1.93519804712456,1.95535687991419,-0.489554442351443,0.397675735665581,1.54074516748251,0.447214048725036,-0.63861937465607,1.08671120520092,0.397675735665581,-0.489554442351443,1.54074516748251,0.447214048725036,-0.63861937465607,1.08671120520092,0.00363617734281507,-1.99135989521962,-0.963904811950672,0.870106065886652
"Gyminda_latifolia","GYMLAT",15940.8734336048,2867.16079492494,4859.40320536122,4923.88784621656,5366.99280750751,2499.83201258257,17622,3276,5273,4312,5006,1730,NA,2.04835578990997,1.54713156532198,3.56148069107858,NA,NA,NA,NA,NA,0.819342315963987,0.773565782660989,0.416963713111572,NA,0.761198285238462,34.8389359198017,1.18629691453503,NA,1,1,4,"Gyminda_latifolia",38.2155,NA,NA,38.2155,0.862964727,350.5777778,6.320925642,80.30804239,12,1.58223954613532,2.54478438384932,0.800780681411605,1.90475903955891,0.885195834558994,-0.176921911054676,1.02007273025674,-1.3566237424583,-0.869575176518916,-0.137138939093906,-0.176921911054676,0.885195834558994,1.02007273025674,-1.3566237424583,-0.869575176518916,-0.137138939093906,2.11189984241915,-0.393066821165097,-1.70894075826471,-1.23645800526689
"Gymnanthes_lucida","GYMLUC",18363.2265065189,2843.62176813798,5814.12973416244,6895.43073389119,7240.73068499755,4397.10891685958,7659,1734,3030,2252,2663,929,14.2942419459657,11.6914267190082,11.6467406056295,17.8678811893882,NA,NA,NA,NA,1.27987187919266,0.735941743332212,1.08702193661311,1.15788472334542,2.12777461729135,26.242920678245,40.5485063233057,0.771923154045485,3,9,10,10,"Gymnanthes_lucida",NA,26.6,NA,26.6,0.923566003,237.236715,14.39291113,94.44891167,14,1.42488163663107,2.37518190175798,1.15814864382043,1.97519695793348,1.20716691810721,-0.322315589942281,-0.0820102889328229,-0.788372712956396,-0.548058570167314,0.107631089765059,-0.322315589942281,1.20716691810721,-0.0820102889328229,-0.788372712956396,-0.548058570167314,0.107631089765059,1.42993171183079,0.138863992608154,-0.657690302142501,-1.44042483742399
"NA.14","HAESAL",4079.88127165689,1034.63112784468,1855.1894669722,2657.33412227506,2473.32432530599,1438.69319746131,10791,2138,4641,7335,6659,4521,NA,NA,NA,NA,NA,NA,NA,NA,NA,NA,NA,NA,NA,NA,NA,NA,NA,NA,NA,NA,"Haenianthus_salicifolius",NA,NA,NA,NA,0.581744373,402.6666667,9.587615762,106.0337309,NA,NA,2.6049456796014,0.981710620711332,2.02544404275003,-0.608911683790831,NA,1.41100299049375,-1.06892692827894,-0.318703805545122,NA,NA,NA,NA,NA,NA,NA,NA,NA,NA,NA
"Hamelia_axillaris","HAMAXI",26837.6363417953,4353.54639276862,8587.37787622213,11634.8677063882,11699.0243820995,7345.47798933089,21641,3861,6622,6842,7311,3450,NA,NA,NA,NA,NA,NA,NA,NA,NA,NA,NA,NA,NA,NA,NA,NA,NA,NA,NA,NA,"Hamelia_axillaris",NA,NA,NA,NA,0.617386931,NA,34.58133333,223.3773333,10,NA,NA,1.53884173407088,2.34903910198386,-0.419544829210242,NA,NA,-0.18303238250002,1.15835837456838,-0.381908967952871,-0.859967854756904,-0.419544829210242,-1.06465117720039,-0.18303238250002,1.15835837456838,-0.381908967952871,NA,NA,1.13383760277557,0.000838321873245298
"Hamelia_patens","HAMPAT",25610.3876496255,4290.86150065064,8600.98744687438,11928.8559293151,11955.9809358418,7665.11943519115,24995,4334,9082,13390,13525,9191,NA,NA,NA,NA,NA,NA,NA,NA,NA,NA,NA,NA,NA,NA,NA,NA,NA,NA,NA,NA,"Hamelia_patens",NA,NA,NA,NA,NA,NA,NA,NA,NA,NA,NA,NA,NA,NA,NA,NA,NA,NA,NA,-0.866225974905551,-0.358645136540579,-1.00543255012766,-0.21878308972454,1.08397947731429,-0.385294478219875,NA,NA,1.03125676879222,-0.0502542260036547
"Hedyosmum_arborescens","HEDARB",3249.89066491797,748.742951961858,1477.63209579543,1893.76715442137,1726.84823011928,978.105278157427,3434,995,1823,2284,1979,984,NA,NA,NA,NA,NA,NA,NA,NA,NA,NA,NA,NA,NA,NA,NA,NA,NA,NA,NA,NA,"Hedyosmum_arborescens",NA,NA,NA,NA,0.407625,NA,39.718,173.467,2.5,NA,NA,1.59898737147409,2.23921686770883,-1.53399786830526,NA,NA,-0.0873947653391258,0.657070533007109,-1.29979657617399,-0.106182018364792,-1.53399786830526,0.426775661755511,-0.0873947653391258,0.657070533007109,-1.29979657617399,NA,NA,-0.0793600748569625,1.1262255207785
"Helicteres_jamaicensis","HELJAM",17227.8295679137,2466.14091568044,4686.46701977099,5574.4992020193,5967.22518527578,3501.08426959533,16646,2382,4037,4006,4540,2158,NA,NA,0.703981244601093,1.15788472334542,NA,NA,NA,NA,NA,NA,0.351990622300547,0.385961574448474,NA,NA,1.05597187159702,6.58975898255635,NA,NA,2,1,"Helicteres_jamaicensis",1337.96,2.7,NA,2.7,0.807694796,276.3492064,98.06386984,119.1847257,5.5,0.431363764158987,2.44145822174357,1.99150902757012,2.07622060129975,0.591549879452287,-1.2402943491568,0.348655618368926,0.536754175363052,-0.0869322375623415,-0.932641532885541,-1.2402943491568,0.591549879452287,0.348655618368926,0.536754175363052,-0.0869322375623415,-0.932641532885541,0.812341153549734,0.444764116997984,-0.773095487806126,-0.0342119087230338
"Henriettea_fascicularis","HENFAS",17843.3717901362,2583.48891673144,6024.7331251977,9969.24185491819,9641.60610990878,7058.11719317734,23910,3131,7761,13686,13084,9953,0.0284905509461046,NA,NA,NA,NA,NA,NA,NA,0.0284905509461046,NA,NA,NA,1.63935808999302,NA,NA,NA,1,NA,NA,NA,"Henriettea_fascicularis",NA,NA,NA,NA,0.47443242,188.5555556,28.77933333,280.3733333,3,NA,2.27543933298072,1.45908072933458,2.44773670490305,-1.17905389969211,NA,-0.730141082682469,-0.309860408017477,1.60886740546943,-1.23860406895925,-1.69666202891179,-1.17905389969211,-0.730141082682469,-0.309860408017477,1.60886740546943,-1.23860406895925,NA,NA,0.852712104924711,0.743805358274558
"Henriettea_squamulosa","HENSQU",8474.52548057726,1615.6369381994,3267.40453475295,5295.62877432304,4986.42746932106,3370.79053112166,4865,1577,2392,3539,3214,1637,1.94408881614393,2.60186105703638,0.521628385823417,0.478967990437769,NA,NA,NA,NA,0.525572407770089,0.141171166241107,0.521628385823417,0.478967990437769,2.12777461729135,0.409671157981994,0.351990622300547,28.5161413956621,7,6,4,2,"Henriettea_squamulosa",NA,NA,NA,NA,0.727746374,280.0598291,22.86491239,126.3955792,16,NA,2.44725081945783,1.35916954166192,2.10173188436867,0.166788525263804,NA,0.386296126332961,-0.468729252530165,0.0295150020107603,0.352401118624023,-1.41004030638734,0.166788525263804,0.386296126332961,-0.468729252530165,0.0295150020107603,0.352401118624023,NA,NA,-0.623728708761554,-0.107750149554044
"Hibiscus_elatus","HIBELA",22256.0556992954,2783.07229252625,6151.38623083103,9777.42561891954,9546.97730978671,6763.90501726046,34397,4278,9484,15133,14761,10483,0.896834299940215,0.819342315963987,NA,NA,NA,NA,NA,NA,0.542205197846754,0.409671157981994,NA,NA,2.12777461729135,0.351527127256468,NA,NA,4,1,NA,NA,"Hibiscus_elatus",100,NA,NA,100,NA,NA,NA,NA,NA,2,NA,NA,NA,NA,0.209075395801397,NA,NA,NA,NA,0.209075395801397,-0.375819030966517,-2.21999958851882,0.668732577454408,2.47400414939249,-0.233516411802836,NA,NA,3.17343549546856,-0.0782631904498618
"Hibiscus_tiliaceus","HIBTIL",17856.1763633443,3326.41689550597,6793.84119904228,9476.61332047358,9473.73444368597,6147.31754818,27283,5116,10457,14584,14579,9463,NA,NA,NA,NA,NA,NA,NA,NA,NA,NA,NA,NA,NA,NA,NA,NA,NA,NA,NA,NA,"Hibiscus_tiliaceus",NA,NA,NA,NA,0.435488973,NA,113.4033333,203.5993333,7,NA,NA,2.0546258200994,2.30877635153994,-1.38595818711491,NA,NA,0.637116228222701,0.974577490864935,-0.749064011241318,-0.6917073742139,-1.38595818711491,-0.669548556276933,0.637116228222701,0.974577490864935,-0.749064011241318,NA,NA,0.99069499144801,1.24072500398127
"NA.15","HIECLU",26685.0783749223,4309.20859001577,8579.30903580785,11741.1043885797,11795.2566630617,7486.04807304591,26388,4885,9922,13853,13965,9080,NA,NA,NA,NA,NA,NA,NA,NA,NA,NA,NA,NA,NA,NA,NA,NA,NA,NA,NA,NA,"Hieronyma_clusioides",NA,NA,NA,NA,0.766104499,300.9111111,64.4671664,115.0225629,18,NA,2.47843822429816,1.80933858158246,2.06078304019552,0.370583030665438,NA,0.588953002949943,0.247084830692228,-0.157397583090904,0.597171147482988,NA,NA,NA,NA,NA,NA,NA,NA,NA,NA
"Hippomane_mancinella","HIPMAN",17525.3817952294,3074.22695520055,6321.77337188646,8916.231810987,8914.03587125894,5839.80891605839,10697,1660,3186,4172,4490,2830,NA,NA,0.351990622300547,0.771923148896948,NA,NA,NA,NA,NA,NA,NA,NA,NA,NA,NA,NA,NA,NA,1,1,"Hippomane_mancinella",NA,NA,NA,NA,NA,NA,NA,NA,NA,NA,NA,NA,NA,NA,NA,NA,NA,NA,NA,-0.0790767273151051,-0.348897430169539,-0.331026437874044,0.124943154196507,1.59775881613468,1.20578549333361,NA,NA,1.50963896715142,0.223882220756345
"Hirtella_rugosa","HIRRUG",13673.6472985226,2281.83741968661,5089.78087756771,7957.70928818354,7544.71367463487,5262.87625494826,10273,1896,4471,6169,5600,3704,0.709258204186922,0.703054254512936,0.703981244601093,NA,NA,NA,NA,NA,NA,NA,NA,NA,NA,NA,NA,NA,1,1,1,NA,"Hirtella_rugosa",96.892,NA,90,90,0.856089422,212.6222222,19.07064454,124.9520373,9,1.95424250943932,2.3276086528236,1.28036537135933,2.09674334154238,0.848667735702223,0.1667969370303,-0.39114296890164,-0.594035814992154,0.00674460508308259,-0.504293982382353,0.1667969370303,0.848667735702223,-0.39114296890164,-0.594035814992154,0.00674460508308259,-0.504293982382353,0.882276879687793,0.65320035282165,-0.0585201718708802,-1.25390868322136
"Homalium_racemosum","HOMRAC",18925.6427748865,3028.80244466662,6486.07812665869,9468.92808906827,9211.6199127296,6182.81746806297,8115,1293,3458,4220,3819,2526,5.5344543006563,3.41785224454221,4.67625483700088,4.67960726021659,0.170943305676628,0.0847026997446644,NA,0.0930064159892951,3.40667968809553,1.66021660825987,2.91630172549815,2.74979938797422,0.428242994062336,8.08512397379075,37.8206864046327,4.83042425858863,12,9,13,11,"Homalium_racemosum",NA,NA,11,11,0.790200521,187.9555556,35.3446682,226.0411287,30,1.04139268515823,2.27405516713823,1.54832390905332,2.35418746721088,0.49860380555047,-0.676647123978586,-0.739135442033441,-0.167954769892071,1.18185828703381,2.06579132063678,-0.676647123978586,0.49860380555047,-0.739135442033441,-0.167954769892071,1.18185828703381,2.06579132063678,-0.831909319212332,0.266439134731982,1.43845281588588,-0.551814392787461
"Hura_crepitans","HURCRE",19844.8410290927,2302.66157381237,5216.89420195296,8200.55685449019,8067.93336811662,5765.27179430425,29668,3411,7760,12235,12030,8619,0.0569811018922092,NA,NA,0.0310021386630984,NA,NA,NA,NA,0.0569811018922092,NA,NA,0.0310021386630984,64.1347225792012,NA,NA,13.0776783250495,2,NA,NA,1,"Hura_crepitans",868,NA,NA,868,NA,NA,NA,NA,NA,2.93851972517649,NA,NA,NA,NA,1.07623762477286,NA,NA,NA,NA,1.07623762477286,1.27827330692119,-2.36603703620516,0.00698182048204838,3.15077951827191,1.63787110518628,NA,NA,3.98867831778994,-1.83838297339989
"Hymenaea_courbaril","HYMCOU",25839.5480449945,3362.50461253524,7232.72365534306,10748.3022749275,10755.3584087938,7392.85379625857,18762,1461,3765,6007,6365,4904,2.68675861116023,3.13501909758873,2.84194971167065,0.988252316804302,0.182718992758943,0.159784188525327,0.0310500697114688,0.126271419685315,1.97750040697331,2.43196484307579,2.48995908937011,0.988252316804302,1.06388731101096,0.409671157981994,0.351990622300547,7.50374309883542,5,5,5,6,"Hymenaea_courbaril",3678,NA,NA,3678,NA,NA,NA,NA,NA,3.56561172490206,NA,NA,NA,NA,1.65565058932182,NA,NA,NA,NA,1.65565058932182,1.36108370469174,-2.63481784750134,-0.0734152551163106,2.09080730171173,0.214588344204961,NA,NA,3.29536702592891,-2.2007371362378
"Hypelate_trifoliata","HYPTRI",2956.35122811221,637.029050536654,1123.78488173981,1226.40050475551,1323.01626752087,685.98721698422,1452,430,649,467,539,109,NA,NA,NA,NA,NA,NA,NA,NA,NA,NA,NA,NA,NA,NA,NA,NA,NA,NA,NA,NA,"Hypelate_trifoliata",NA,25.1,NA,25.1,1.028529859,310.4444444,8.701129903,54.73865275,6,1.39967372148104,2.49198389227666,0.93957565247787,1.7382941041731,1.7648338300996,-0.345606897842189,0.676973239909959,-1.13592576867668,-1.62941082096782,-0.8714490256708,-0.345606897842189,1.7648338300996,0.676973239909959,-1.13592576867668,-1.62941082096782,-0.8714490256708,2.95630391306952,-0.19588192030186,-2.20818371327666,-1.9189300168636
"Ilex_nitida","ILENIT",22553.8800942935,3814.44949800521,7389.20571933314,10863.1825798601,10813.3215158172,6998.87201781198,15013,3093,5112,9733,9391,6298,0.709258204186922,0.703054254512936,1.40796248920219,1.5438462977939,NA,NA,NA,NA,0.354629102093461,0.351527127256468,0.703981244601093,0.771923148896948,4.61017835559846,6.67901543194049,1.05597187159702,37.0523113581435,2,2,3,3,"Ilex_nitida",NA,NA,NA,NA,0.655514127,259.2698413,48.32122012,126.0084656,17,NA,2.41375200184942,1.68413789176981,2.10039972321171,-0.216977236264259,NA,0.168619606544316,0.048003132375359,0.0234343008176626,0.474786133053506,-0.290509485915996,-0.216977236264259,0.168619606544316,0.048003132375359,0.0234343008176626,0.474786133053506,NA,NA,-0.0424444864258739,0.201441119647062
"Ilex_sideroxyloides","ILESID",13415.1646375991,1989.0243322663,4478.92283548042,7552.06820185948,7256.85506581888,5267.83073355258,466,327,388,432,399,72,NA,NA,0.351990622300547,NA,NA,NA,NA,NA,NA,NA,0.351990622300547,NA,NA,NA,1.09076414062697,NA,NA,NA,1,NA,"Ilex_sideroxyloides",NA,NA,NA,NA,0.772795015,NA,18.70666667,180.1566667,3,NA,NA,1.27199640771405,2.2556503378294,0.406129356224931,NA,NA,-0.607343309528705,0.732081743810482,-1.23860406895925,0.0136786340295743,0.406129356224931,0.704612420719163,-0.607343309528705,0.732081743810482,-1.23860406895925,NA,NA,-0.519713780980388,-0.63151310703699
"NA.16","ILEURB",12908.9382443074,2597.53552277386,5070.87160448451,6947.73399969283,6952.75100580696,4355.2154830331,559,335,415,433,441,106,NA,NA,NA,NA,NA,NA,NA,NA,NA,NA,NA,NA,NA,NA,NA,NA,NA,NA,NA,NA,"Ilex_urbaniana",NA,NA,NA,NA,NA,NA,NA,NA,NA,NA,NA,NA,NA,NA,NA,NA,NA,NA,NA,NA,NA,NA,NA,NA,NA,NA,NA,NA,NA
"Indigofera_suffruticosa","INDSUF",25102.8975310028,3576.04119499028,7071.64527760446,9375.93221788108,9622.93230393529,6046.89110894501,15628,1571,2678,3133,3509,1938,NA,NA,NA,NA,NA,NA,NA,NA,NA,NA,NA,NA,NA,NA,NA,NA,NA,NA,NA,NA,"Indigofera_suffruticosa",NA,NA,NA,NA,NA,NA,NA,NA,NA,NA,NA,NA,NA,NA,NA,NA,NA,NA,NA,0.242159512715757,0.0999197114374715,-0.529342104552021,0.397138376176505,0.223451172511457,0.265834023743844,NA,NA,0.661925818686289,-0.159310394595331
"Inga_laurina","INGLAU",21935.4832327068,3443.69881519675,7216.83571118116,10424.3069509417,10220.9603980631,6777.26158286631,7523,1300,3342,4187,3750,2450,7.15442519456247,6.36951197427691,7.40125782024458,6.2849853203688,0.969627398927241,0.451747731971544,0.25723375440863,0.436292806316299,5.30766579212629,4.20220518001258,4.16375768147976,2.72609457676371,20.9231171512398,9.84275962414069,0.386782891330494,11.3633588477107,34,38,40,36,"Inga_laurina",892.86,NA,523.3333,523.3333,0.679611516,220.5111111,206.1755368,141.7319236,28,2.7187783700275,2.34343047755825,2.31423713396864,2.15146768145296,-0.0889491985870842,0.873203636017454,-0.288332183601611,1.04992434728899,0.256535973977817,1.82102129177781,0.873203636017454,-0.0889491985870842,-0.288332183601611,1.04992434728899,0.256535973977817,1.82102129177781,-1.42277183636888,-1.20952638091427,1.1862504165861,0.345606824441873
"Inga_vera","INGVER",24882.3418682069,3794.86621427536,7987.50927332044,11722.2836987972,11615.2549017519,7820.38868747652,19740,2599,6452,11221,10794,8195,13.3472267255271,13.5809417521548,9.86662942063838,9.40900996162673,0.57569886246325,0.319883076872546,0.228960793821485,0.343286390327004,6.25464468365788,9.6559993216081,8.45866693143619,7.47920208938436,23.6999764404641,1.40610851371507,11.2636999746575,5.98830898155505,36,47,51,45,"Inga_vera",NA,NA,320,320,0.605008315,173.4920635,523.3424,242.7776,9,2.50514997831991,2.23927961251599,2.71878592170714,2.38520861384816,-0.485311701946508,0.675817830098553,-0.965108244786611,1.69319763783976,1.32345551225154,-0.504293982382353,0.675817830098553,-0.485311701946508,-0.965108244786611,1.69319763783976,1.32345551225154,-0.504293982382353,-1.92581839055243,0.656782166253193,1.88710871495939,0.747660183583522
"Ixora_ferrea","IXOFER",24077.635430757,4135.15762909502,8037.98828236386,11156.8515075296,11023.7082048655,6888.55057577044,14622,3241,5886,6603,6518,3277,1.12086840817259,0.056468466496443,0.436809504061982,0.92693384221244,0.0569811018922092,0.056468466496443,0.0565459211742903,0.155010693315492,0.0569811018922092,0.056468466496443,0.0848188817614354,0.155010693315492,2.8504731859237,3.27736928025039,9.9253220141244,32.0182076836714,3,1,2,2,"Ixora_ferrea",NA,NA,26.976,26.976,0.697065875,230.0740741,68.4412724,137.0760111,9,1.43097755294465,2.36186768294647,1.83531807496553,2.13696145801006,0.00378480390932404,-0.316683158107016,-0.168526560894204,0.288394840020871,0.190321755273387,-0.504293982382353,-0.316683158107016,0.00378480390932404,-0.168526560894204,0.288394840020871,0.190321755273387,-0.504293982382353,0.051185485675982,0.447364512608934,0.0765769047804829,0.0210470662282166
"Jacquinia_arborea","JACARB",11066.3515131134,1376.00987117318,2730.02632139716,3332.4555846001,3555.28859068593,2179.27871951275,5097,564,995,566,836,272,NA,NA,NA,NA,NA,NA,NA,NA,NA,NA,NA,NA,NA,NA,NA,NA,NA,NA,NA,NA,"Jacquinia_arborea",NA,NA,NA,NA,NA,NA,NA,NA,NA,NA,NA,NA,NA,NA,NA,NA,NA,NA,NA,-0.164206277342345,-0.239153130197326,0.78119347441695,-0.0076020019885246,-0.690497762977457,-0.106048913366204,NA,NA,-1.01172516994292,0.29014472190601
"NA.17","JACBER",7670.5386570351,1421.75784927246,2458.16834387521,2772.33430671541,3009.71488501818,1587.95703574573,5238,779,1397,1132,1366,587,NA,NA,NA,NA,NA,NA,NA,NA,NA,NA,NA,NA,NA,NA,NA,NA,NA,NA,NA,NA,"Jacquinia_berteroi",NA,NA,NA,NA,NA,NA,NA,NA,NA,NA,NA,NA,NA,NA,NA,NA,NA,NA,NA,NA,NA,NA,NA,NA,NA,NA,NA,NA,NA
"Jatropha_gossypiifolia","JATGOS",15862.4692217052,1835.78864402178,3657.67879775743,4611.2455272568,4973.85366869281,3138.06502467103,14469,1398,2449,2970,3379,1981,NA,NA,NA,NA,NA,NA,NA,NA,NA,NA,NA,NA,NA,NA,NA,NA,NA,NA,NA,NA,"Jatropha_gossypiifolia",NA,NA,NA,NA,NA,NA,NA,NA,NA,NA,NA,NA,NA,NA,NA,NA,NA,NA,NA,-0.171437385196786,-1.15789009712647,-1.03890902377097,0.875289887506863,1.81536618773468,-1.05878248373993,NA,NA,1.8230921419484,0.978899160852604
"Jatropha_hernandiifolia","JATHER",26082.5225303359,3978.03248525225,7923.71822292916,10490.9806496594,10656.5343108252,6678.50182557292,25652,3799,6854,7636,8310,4511,NA,NA,NA,NA,NA,NA,NA,NA,NA,NA,NA,NA,NA,NA,NA,NA,NA,NA,NA,NA,"Jatropha_hernandiifolia",NA,NA,NA,NA,0.467624435,165.4444444,173.11618,324.1464446,4,NA,2.21865218819618,2.23833766034408,2.51074126240639,-1.2152243312723,NA,-1.09914598876392,0.92923654490431,1.8964541482439,-1.11621905452976,-0.172100626746168,-1.2152243312723,-1.09914598876392,0.92923654490431,1.8964541482439,-1.11621905452976,NA,NA,1.91795537798957,1.03460538782304
"Koanophyllon_polyodon","KOAPOL",22350.3440907374,2798.35499424487,6180.88411322981,9815.4806580469,9586.46474676579,6788.10975252092,34397,4278,9484,15133,14761,10483,NA,NA,NA,NA,NA,NA,NA,NA,NA,NA,NA,NA,NA,NA,NA,NA,NA,NA,NA,NA,"Koanophyllon_polyodon",NA,NA,NA,NA,NA,NA,NA,NA,NA,NA,NA,NA,NA,NA,NA,NA,NA,NA,NA,0.634217743661129,-1.8476905171513,0.562831520420124,0.931701757571737,1.4267439818974,-0.663738159155923,NA,NA,0.865665352486297,1.83041410553384
"Krugiodendron_ferreum","KRUFER",15985.0798788925,2119.09517455869,4338.07262361143,5460.71620783769,5803.05510969739,3683.9599351387,19865,2545,4865,5599,6304,3759,1.41851640837385,4.92137978159055,5.2798593345082,7.75023362763258,NA,NA,NA,NA,NA,0.703054254512936,1.40796248920219,1.57484843645699,NA,0.761198285238462,5.27985936268049,69.2007709930002,2,5,5,7,"Krugiodendron_ferreum",90.09,46.4,NA,46.4,0.957352001,170.1014493,13.66621734,117.8833885,17,1.66651798055488,2.23070801390834,1.13564832322204,2.0714526109385,1.38666997650515,-0.0990513313694691,-1.02080680035201,-0.824150487376846,-0.108695914221729,0.474786133053506,-0.0990513313694691,1.38666997650515,-1.02080680035201,-0.824150487376846,-0.108695914221729,0.474786133053506,0.88729674189333,0.655788798712909,0.357603550225434,-1.86301451777057
"Laguncularia_racemosa","LAGRAC",17467.749996555,1878.914409363,4022.95656129386,5171.27959123539,5388.56375045248,3509.64934108948,12644,887,1809,1977,2132,1245,2.98249114094391,2.86868548454819,2.36046245295317,0.92693384221244,NA,0.0282342332482215,NA,NA,1.56397473257006,1.11104984826585,1.23490604799164,0.92693384221244,4.61017835559846,16.9154685792071,44.3652712540181,1.18629691453503,2,1,2,1,"Laguncularia_racemosa",280,NA,NA,280,NA,NA,NA,NA,NA,2.44715803134222,NA,NA,NA,NA,0.622235124637453,NA,NA,NA,NA,0.622235124637453,1.30926663194458,-1.46303433260167,-0.598752978497098,1.47007128553723,1.83348084945152,NA,NA,2.16148689511624,-1.85840390585293
"Lantana_camara","LANCAM",27855.9066362381,4312.55913993716,8657.67760387063,11824.3924363852,11935.7386867404,7623.17954680324,29133,3769,7770,11172,11408,7639,NA,NA,NA,NA,NA,NA,NA,NA,NA,NA,NA,NA,NA,NA,NA,NA,NA,NA,NA,NA,"Lantana_camara",NA,NA,NA,NA,0.915896948,434.0222222,3.350265015,88.75113465,3.5,NA,2.63751196622164,0.525079162260683,1.94817391405484,1.16642167128863,NA,1.62261989043334,-1.79501690741001,-0.671406300504112,-1.17741156174451,-0.613813852277558,1.16642167128863,1.62261989043334,-1.79501690741001,-0.671406300504112,-1.17741156174451,NA,NA,-2.46717026052198,-1.49874244609958
"Lantana_involucrata","LANINV",21307.5191411525,2896.15237784013,5972.5755777061,7864.91370268166,8207.27679998428,5311.12442214414,18552,1908,4074,5202,5817,3909,NA,NA,NA,NA,NA,NA,NA,NA,NA,NA,NA,NA,NA,NA,NA,NA,NA,NA,NA,NA,"Lantana_involucrata",NA,NA,NA,NA,NA,NA,NA,NA,NA,NA,NA,NA,NA,NA,NA,NA,NA,NA,NA,-0.604211029875787,1.12405770160795,1.58923443043204,-1.7296623875428,-0.638562316756528,-1.13479022912422,NA,NA,-2.39352544151383,-1.43950937359349
"Leucaena_leucocephala","LEULEU",23104.537860468,3742.44939026237,7121.1131792441,8916.78407754377,9227.80190543458,5485.35251517221,23369,3966,6483,6814,7573,3607,61.5991096925403,76.9856170315707,68.4852449039315,49.1863202669683,0.0687567889745246,NA,NA,NA,15.0415865595039,20.2051063926369,21.6723112569385,15.9748006467651,14.3323919632697,1.0545813817694,13.4452282563755,0.41437376563808,29,29,32,26,"Leucaena_leucocephala",43.27,48.2,NA,48.2,0.687443655,147.5111111,59.03898181,109.7780581,9,1.68304703823885,2.16882473426453,1.77113885900957,2.04051554413631,-0.0473374958841536,-0.0837790103734104,-1.42292657375532,0.186343426979331,-0.249909353775968,-0.504293982382353,-0.0837790103734104,-0.0473374958841536,-1.42292657375532,0.186343426979331,-0.249909353775968,-0.504293982382353,-0.135431088057202,0.922705179833976,0.699455528560143,-0.358388523625294
"NA.18","LICBRI",13927.4394619912,2823.83532707393,5454.77465861291,7436.80326711386,7426.48909654096,4602.65376946703,559,335,415,433,441,106,NA,NA,NA,0.385961574448474,NA,NA,NA,NA,NA,NA,NA,NA,NA,NA,NA,NA,NA,NA,NA,1,"Licaria_brittoniana",NA,NA,NA,NA,0.562043713,148.6666667,34.84209848,146.8035856,25,NA,2.17221360408985,1.54210430393721,2.16673666312281,-0.713580153920321,NA,-1.40090557593334,-0.177844568033198,0.326231832149405,1.45386624848936,NA,NA,NA,NA,NA,NA,NA,NA,NA,NA
"Licaria_parvifolia","LICPAR",24396.6493302733,3502.8406265974,7022.21323865652,9381.77937996387,9641.80260260403,6138.96197600663,21833,3077,5800,6991,7506,4429,1.91559826519783,2.60353662126547,4.48266769451773,4.09727306389556,0.0854716528383138,NA,NA,NA,1.20634006101091,1.19742811223959,1.17558301769302,0.924343894738948,6.73795298235096,0.351527127256468,2.46393436549459,2.70173103658493,5,4,6,5,"Licaria_parvifolia",NA,NA,NA,NA,0.780449774,252.0888889,16.2295638,80.26022878,19,NA,2.40155370408279,1.21030684750345,1.90450039334636,0.446798649220188,NA,0.0893546296061767,-0.705435919349976,-0.870755777172976,0.71955616191247,0.689993972177086,0.446798649220188,0.0893546296061767,-0.705435919349976,-0.870755777172976,0.71955616191247,NA,NA,-0.489513935078019,-0.912970330406559
"Lonchocarpus_glaucifolius","LONGLA",15771.0876819608,3132.46120666573,5600.55096015008,6553.68434355687,6789.76714386605,3657.30593720032,12937,2715,4353,3793,4266,1551,1.80163606141341,0.0282342332482215,0.732254205188238,0.802925287560046,0.0284905509461046,NA,NA,NA,0.383119653039566,0.0282342332482215,0.0282729605871451,0.0310021386630984,1.77314551992846,175.617984172385,26.425953184116,1.54384630294243,3,1,2,2,"Lonchocarpus_glaucifolius",NA,NA,NA,NA,0.80414719,234.7948718,84.5287233,94.15122388,18,NA,2.37068860716977,1.92700430955353,1.97382596982136,0.57270165342117,NA,-0.111207878524814,0.434185181283137,-0.554316498500948,0.597171147482988,0.123800141660923,0.57270165342117,-0.111207878524814,0.434185181283137,-0.554316498500948,0.597171147482988,NA,NA,-0.0943247825382523,-0.375213423601541
"Lonchocarpus_heptaphyllus","LONHEP",18709.484485358,3593.63138619065,7165.9396866709,9904.46927668154,9909.00078033656,6315.36939414591,27958,5459,10882,15037,15037,9578,NA,NA,0.311002566458597,0.279019247967885,NA,NA,NA,NA,NA,NA,0.311002566458597,0.279019247967885,NA,NA,72.4630724852101,0.385961574448474,NA,NA,1,1,"Lonchocarpus_heptaphyllus",91,NA,NA,91,0.685125371,NA,192.71,144.06,10,1.95904139232109,NA,2.28490425140759,2.15854341044067,-0.0596544050438302,0.171230951430525,NA,1.00328211164698,0.288833412972186,-0.381908967952871,0.171230951430525,-0.0596544050438302,-0.139209262395693,1.00328211164698,0.288833412972186,-0.381908967952871,NA,NA,0.413365706473755,0.360878027697161
"Lonchocarpus_sericeus","LONSER",11856.9449942335,2394.62960149348,3765.8737279959,3216.33513871208,3635.51697751135,1240.88737601787,17914,3656,5718,4790,5445,1789,0.0628689454333669,0.0282342332482215,0.0282729605871451,0.802925287560046,NA,NA,NA,NA,0.0628689454333669,0.0282342332482215,0.0282729605871451,0.416963713111572,1.06388731101096,3.68704044369719,7.07460472912702,27.5855541717003,2,1,1,2,"Lonchocarpus_sericeus",NA,NA,NA,NA,NA,NA,NA,NA,NA,NA,NA,NA,NA,NA,NA,NA,NA,NA,NA,0.151086716610535,0.250612443945933,-0.140456691603235,0.706602338138139,-0.119298855957004,0.113596116062609,NA,NA,0.17847842370166,-0.0129050306646121
"Lyonia_stahlii","LYOSTA",9530.74784211101,1296.11460193546,2907.62132763004,4665.49497973159,4481.35035824138,3185.23575630592,14802,1892,4863,7751,7547,5655,NA,NA,NA,NA,NA,NA,NA,NA,NA,NA,NA,NA,NA,NA,NA,NA,NA,NA,NA,NA,"Lyonia_stahlii",NA,NA,NA,NA,NA,NA,NA,NA,NA,NA,NA,NA,NA,NA,NA,NA,NA,NA,NA,-0.0312996407805039,-0.192211002662549,0.241613613314074,0.0269331126629125,-0.34223189548024,0.0377787321683175,NA,NA,-0.366366873254213,0.116698120258662
"Machaerium_lunatum","MACLUN",17210.6854067676,1595.95198646153,3586.95122981211,5688.19287439284,5687.40922006773,4091.4572336062,15979,1123,2314,3534,3628,2505,NA,NA,NA,NA,NA,NA,NA,NA,NA,NA,NA,NA,NA,NA,NA,NA,NA,NA,NA,NA,"Machaerium_lunatum",NA,NA,NA,NA,NA,NA,NA,NA,NA,NA,NA,NA,NA,NA,NA,NA,NA,NA,NA,-0.603764621020227,1.26418420123029,-0.0236998162620808,-0.37008097884868,-0.302241775913549,-0.250150799038485,NA,NA,-0.614956397322305,-1.21858917977797
"Machaonia_portoricensis","MACPOR",7700.04782565695,1212.7681518317,2645.55741462775,3433.91952224867,3613.31351882266,2400.54536699096,4748,817,1670,1447,1695,878,NA,NA,NA,NA,NA,NA,NA,NA,NA,NA,NA,NA,NA,NA,NA,NA,NA,NA,NA,NA,"Machaonia_portoricensis",1.606,NA,NA,1.606,0.909860211,148.2666667,0.752757741,144.8458491,5,0.205745540942662,2.17104352395198,-0.123344769715836,2.16090605398372,1.1343488358423,-1.44875837616919,-1.40850879868778,-2.82607622345975,0.299617790925272,-0.993834040100283,-1.44875837616919,1.1343488358423,-1.40850879868778,-2.82607622345975,0.299617790925272,-0.993834040100283,2.23808724374107,2.86441560325992,-0.170332320795128,-2.60547082184413
"Magnolia_portoricensis","MAGPOR",8910.77241140301,2020.03431340354,3757.96770781209,5787.41873904807,5490.23939627362,3470.20508287009,10341,2326,4467,7263,6765,4439,0.0569811018922092,0.117590188563941,0.115868951472904,0.126271419685315,NA,0.0282342332482215,NA,NA,0.0569811018922092,0.117590188563941,0.115868951472904,0.126271419685315,18.7351689618859,56.244340693968,3.94148139275667,1.62908287689026,1,3,3,3,"Magnolia_portoricensis",135.53,NA,NA,135.53,0.625100991,258.8444444,79.69494271,100.5107411,15,2.1320354383275,2.41303884811905,1.90143076276591,2.00221247520127,-0.378560473422817,0.331071920681858,0.163985507994445,0.393520667900001,-0.424745195337285,0.230016104194541,0.331071920681858,-0.378560473422817,0.163985507994445,0.393520667900001,-0.424745195337285,0.230016104194541,-0.154139441494609,-0.637836824636567,-0.137539208320411,0.373864678698433
"Magnolia_splendens","MAGSPL",16044.6574048856,2102.049281477,5169.74178616237,9061.13118629623,8673.40870813001,6571.35942665301,23910,3131,7761,13686,13084,9953,NA,0.0282342332482215,0.0282729605871451,NA,NA,0.0282342332482215,NA,NA,NA,0.0282342332482215,0.0282729605871451,NA,NA,2.4580269642864,14.4316155988393,NA,NA,1,1,NA,"Magnolia_splendens",NA,NA,NA,NA,0.469333333,NA,109.2609091,106.7272727,25,NA,NA,2.03846480971939,2.02827541164239,-1.20614505477764,NA,NA,0.611418595104362,-0.305779912582239,1.45386624848936,0.0346114623465881,-1.20614505477764,-0.614225793845688,0.611418595104362,-0.305779912582239,1.45386624848936,NA,NA,0.828804348127419,1.06198030763128
"Malpighia_coccigera","MALCOC",26287.8119447604,3938.81010280177,7809.5399668552,10412.114346493,10576.8424328938,6638.03233009204,26166,3717,6967,7908,8574,4857,NA,NA,NA,NA,NA,NA,NA,NA,NA,NA,NA,NA,NA,NA,NA,NA,NA,NA,NA,NA,"Malpighia_coccigera",NA,NA,NA,NA,NA,NA,NA,NA,NA,NA,NA,NA,NA,NA,NA,NA,NA,NA,NA,-0.16678820829633,-0.611687275753482,1.11640751225383,0.305886397165233,0.0322632084803096,-0.988114890778893,NA,NA,-0.897427960528924,0.794652429807383
"Malpighia_fucata","MALFUC",20901.0619407669,3712.51897525042,7711.33694054186,11144.5594677031,11037.410573829,7324.89159857854,31569,5656,11776,17069,16886,11230,NA,NA,NA,NA,NA,NA,NA,NA,NA,NA,NA,NA,NA,NA,NA,NA,NA,NA,NA,NA,"Malpighia_fucata",NA,NA,NA,NA,0.581113762,NA,70.40733333,126.6053333,5,NA,NA,1.84761789577405,2.1024520008944,-0.612262083656461,NA,NA,0.307952793089801,0.0328020017812387,-0.993834040100283,-0.166908030399716,-0.612262083656461,1.11967358905084,0.307952793089801,0.0328020017812387,-0.993834040100283,NA,NA,-0.900194847556658,0.796751062406909
"Mammea_americana","MAMAME",25706.9073976465,3944.70149887167,8335.14318202622,11672.6822951529,11636.4663398471,7691.7648409754,22415,3396,7747,11293,11260,7864,0.474479149419037,0.759522721009379,0.436809504061982,0.478967990437769,NA,NA,NA,0.0310021386630984,0.474479149419037,0.407995593752911,0.436809504061982,0.478967990437769,8.86572759491173,2.87036104877727,1.05597187159702,0.800335340086554,3,1,2,2,"Mammea_americana",73300,NA,NA,73300,0.789289012,378.5555556,100.8260137,76.09275534,17,4.86510397464113,2.57812962417954,2.0035725970779,1.8813433103102,0.493761010814696,2.85633989353752,1.23675129937662,0.555936465084985,-0.976457179522702,0.474786133053506,2.85633989353752,0.493761010814696,1.23675129937662,0.555936465084985,-0.976457179522702,0.474786133053506,0.235667989104504,-2.44949228359351,-0.641810628825286,-0.431046775849587
"Manilkara_bidentata","MANBID",15807.6658310113,2498.34612662997,4926.45883001527,6201.25227939663,6193.74322366831,3695.39709703834,8879,1088,2193,2144,2089,1001,0.0284905509461046,0.819342315963987,0.773565782660989,1.21470910572463,0.0284905509461046,NA,NA,NA,0.0284905509461046,0.819342315963987,0.773565782660989,0.82874753127616,208.335596653794,16.0512969064892,0.351990622300547,59.7790290955112,1,1,1,2,"Manilkara_bidentata",1500,NA,594,594,0.839466604,268.0808081,150.4347989,93.17410025,12,2.77378644498119,2.42826572396196,2.17734830980701,1.9692952076148,0.760351662570614,0.924029339099296,0.262930294030895,0.832257338940426,-0.574997338060848,-0.137138939093906,0.924029339099296,0.760351662570614,0.262930294030895,0.832257338940426,-0.574997338060848,-0.137138939093906,0.288568881770383,-0.88775342364066,-0.291408589610035,-0.411827436581507
"Mangifera_indica","MANIND",22494.018810261,3299.29783461243,6969.56849991344,10289.495309649,10202.7531717159,6903.45533710346,19740,2599,6452,11221,10794,8195,2.28894472316647,3.48053790321542,4.36166840558978,3.37138758568158,0.113962203784418,0.0847026997446644,0.0565459211742903,0.0620042773261967,1.93431562107301,2.77748364870249,2.95370591638759,2.21350286233616,1.06388731101096,1.40610851371507,0.351990622300547,8.71845220970859,20,26,27,28,"Mangifera_indica",16466,NA,NA,16466,0.576040704,181.1555556,283.4946667,125.7686667,18,4.2165881110755,2.25805165732958,2.45254489305416,2.09957245689427,-0.639214948166492,2.25713196355271,-0.843126823468859,1.26984760498307,0.0196582116732159,0.597171147482988,2.25713196355271,-0.639214948166492,-0.843126823468859,1.26984760498307,0.0196582116732159,0.597171147482988,-1.75642872457598,-0.919355409680578,1.55731999413421,0.430424282726168
"Manilkara_pleeana","MANPLE",12231.6296277195,2400.66683131456,3793.87487680465,3267.0656343177,3714.00496520102,1313.33813388646,18608,3684,5790,4890,5595,1911,NA,NA,NA,NA,NA,NA,NA,NA,NA,NA,NA,NA,NA,NA,NA,NA,NA,NA,NA,NA,"Manilkara_pleeana",NA,NA,NA,NA,NA,NA,NA,NA,NA,NA,NA,NA,NA,NA,NA,NA,NA,NA,NA,0.833019879501584,0.705727684525254,0.160577946058745,0.475535311911697,-0.486882032837138,0.110657901579491,NA,NA,-0.198472277587325,-0.548021636044468
"NA.19","MARMIC",26525.9230601806,4140.6827151645,8376.06650798209,11569.7371362578,11599.8393368851,7459.15662172064,41381,6460,13074,18063,18105,11645,NA,NA,NA,NA,NA,NA,NA,NA,NA,NA,NA,NA,NA,NA,NA,NA,NA,NA,NA,NA,"Margaritopsis_microdon",NA,NA,NA,NA,NA,NA,NA,NA,NA,NA,NA,NA,NA,NA,NA,NA,NA,NA,NA,NA,NA,NA,NA,NA,NA,NA,NA,NA,NA
"Margaritaria_nobilis","MARNOB",26920.2762020826,4286.75701624155,8544.93118649721,11692.6464000344,11737.2350721359,7450.47805589437,9484,1267,2791,3109,2825,1558,0.137513577949049,0.131549955277106,0.209019160607311,0.226066430773375,NA,NA,NA,NA,0.137513577949049,0.131549955277106,0.209019160607311,0.226066430773375,5.54027823667398,9.31413743444475,6.64896164331734,1.15788472849396,1,1,3,3,"Margaritaria_nobilis",11,NA,14.5,14.5,0.533196408,NA,76.37333333,156.216,13,1.16136800223497,NA,1.88294174588914,2.19372551325349,-0.866844221302266,-0.565793765666626,NA,0.364121270136748,0.449423483799342,-0.0147539246644238,-0.565793765666626,-0.866844221302266,-1.61274234694762,0.364121270136748,0.449423483799342,-0.0147539246644238,NA,NA,1.39506967425336,0.455636853354015
"Matayba_domingensis","MATDOM",11325.3988200529,2000.27597240778,4261.57556277816,7061.23775570351,6639.04817165085,4638.77219924307,8276,1967,3554,5803,5261,3294,0.46859130587788,0.492698293497575,0.169637763522871,0.155010693315492,NA,0.0282342332482215,NA,NA,0.46859130587788,0.492698293497575,0.169637763522871,0.155010693315492,6.18936291333747,1.40610850902587,5.31465161292891,16.4945081384492,3,3,3,3,"Matayba_domingensis",NA,NA,160.9677,160.9677,0.735805517,260.8888889,33.7343887,71.79409939,28,2.20673873864625,2.41645558315475,1.52807284472335,1.85608875193495,0.209606287123802,0.400095382499618,0.186187574954097,-0.200156000456917,-1.09173258928906,1.82102129177781,0.400095382499618,0.209606287123802,0.186187574954097,-0.200156000456917,-1.09173258928906,1.82102129177781,0.280987970299694,-1.55172960120699,-0.363288836094526,-0.331990418893331
"NA.20","MAYELO",26681.5939442515,4316.93087422848,8570.85130763054,11752.3668166399,11787.6382958293,7470.70742160082,41940,6795,13489,18496,18546,11751,NA,NA,NA,0.385961574448474,NA,NA,NA,NA,NA,NA,NA,NA,NA,NA,NA,NA,NA,NA,NA,1,"Maytenus_elongata",NA,NA,NA,NA,0.748879561,NA,27.24625,103.944375,3,NA,NA,1.43530673720432,2.01680099224797,0.27906792870767,NA,NA,-0.347663448369303,-0.358155344291217,-1.23860406895925,NA,NA,NA,NA,NA,NA,NA,NA,NA,NA
"Maytenus_laevigata","MAYLAE",15804.8648363427,2361.83716923464,4797.04068248963,5320.81067205709,5493.80675929459,3131.96959005995,13498,1990,4077,3728,3910,1920,NA,NA,NA,0.802925287560046,NA,NA,NA,NA,NA,NA,NA,0.416963713111572,NA,NA,NA,7.74764371619885,NA,NA,NA,3,"Maytenus_laevigata",NA,NA,NA,NA,NA,NA,NA,NA,NA,NA,NA,NA,NA,NA,NA,NA,NA,NA,NA,-0.915379806948991,1.06887872553773,1.47042588928448,-1.41862874672126,-1.77224841103527,-0.846255833093885,NA,NA,-2.93550969691764,-1.19997100373381
"NA.21","MAYPON",8656.70044338331,2242.130065565,3802.25492186844,4143.81397155952,4351.37895041332,2109.24888484832,8796,2880,4492,3896,4376,1496,NA,0.0282342332482215,0.0282729605871451,0.416963713111572,NA,NA,NA,0.0310021386630984,NA,0.0282342332482215,0.0282729605871451,0.416963713111572,NA,6.85344753349546,3.87189686408754,5.87466022671469,NA,1,1,1,"Maytenus_ponceana",NA,NA,NA,NA,NA,NA,NA,NA,NA,NA,NA,NA,NA,NA,NA,NA,NA,NA,NA,NA,NA,NA,NA,NA,NA,NA,NA,NA,NA
"Mecranium_latifolium","MECLAT",8342.79438811028,1710.90332487121,3346.03494422039,5557.96807367046,5162.05966391915,3451.15633904794,8012,1913,3415,5740,5173,3260,NA,NA,NA,NA,NA,NA,NA,NA,NA,NA,NA,NA,NA,NA,NA,NA,NA,NA,NA,NA,"Mecranium_latifolium",NA,NA,NA,NA,0.687666667,NA,41.47,172.274,5,NA,NA,1.61773403536402,2.23621973764206,-0.046152645992804,NA,NA,-0.0575856828926392,0.643390016744024,-0.993834040100283,-1.98908610426666,-0.046152645992804,0.193131767219312,-0.0575856828926392,0.643390016744024,-0.993834040100283,NA,NA,-0.455048076802857,0.27054292929044
"Melia_azedarach","MELAZE",24524.8351771049,3855.01932809874,7664.52976189181,10187.6673816629,10353.2596809752,6498.24035287648,37905,5956,11837,15698,15965,10009,NA,NA,NA,NA,NA,NA,NA,NA,NA,NA,NA,NA,NA,NA,NA,NA,NA,NA,NA,NA,"Melia_azedarach",NA,NA,NA,NA,NA,NA,NA,NA,NA,NA,NA,NA,NA,NA,NA,NA,NA,NA,NA,-0.0262308925018149,0.0626648561390077,-0.168450892807668,0.144114232653847,-0.0119346838167749,0.0127995121216047,NA,NA,0.103723047483767,-0.130655480377781
"Melicoccus_bijugatus","MELBIJ",21760.5241417456,3019.30215696618,6056.64179150201,7838.52112596668,8194.40501242317,5175.10285545699,18903,2431,4271,5045,5601,3170,1.61795026499658,1.81069428564308,2.30269358090714,2.36836354359159,0.0284905509461046,0.0611217220674979,0.0565459211742903,0.0620042773261967,0.554062958716193,0.404585776617211,0.542740469404405,0.438555671349221,41.6657136905439,0.351527127256468,8.83455787819281,3.88802795111996,4,7,10,8,"Melicoccus_bijugatus",2638.52,NA,NA,2638.52,NA,NA,NA,NA,NA,3.42136039048082,NA,NA,NA,NA,1.52236696689683,NA,NA,NA,NA,1.52236696689683,1.20371291305987,-2.10170129357312,0.51937485928041,1.70385703439128,1.58341432774947,NA,NA,3.13076994435823,-1.54412296322406
"Meliosma_herbertii","MELHER",22350.3483397188,2798.36831863876,6180.89770919736,9815.46946777496,9586.46260597091,6788.09428733215,34397,4278,9484,15133,14761,10483,0.199433856622732,0.19763963273755,0.197910724110016,0.602976545090163,0.0569811018922092,0.056468466496443,NA,NA,0.199433856622732,0.19763963273755,0.197910724110016,0.602976545090163,0.354629102093461,9.84275961476229,8.51735950614068,17.3966831391931,1,1,1,1,"Meliosma_herbertii",NA,NA,102,102,0.485808211,246.6944445,210.465627,158.1109369,20,2.00860017176192,2.3921593693918,2.32318117749628,2.19896191212726,-1.11861497833197,0.217021679629581,0.0283099054260895,1.06414627672059,0.473325229254732,0.841941176341953,0.217021679629581,-1.11861497833197,0.0283099054260895,1.06414627672059,0.473325229254732,0.841941176341953,-1.52910776146256,-0.639164033275713,0.84848688035538,1.32963081912554
"NA.22","MELOBT",16126.0326598855,2278.52377640363,5345.81875112932,9184.4852705868,8808.03167790268,6529.50790149905,24469,3466,8176,14119,13525,10059,NA,NA,NA,NA,NA,NA,NA,NA,NA,NA,NA,NA,NA,NA,NA,NA,NA,NA,NA,NA,"Meliosma_obtusifolia",NA,NA,NA,NA,NA,NA,NA,NA,NA,NA,NA,NA,NA,NA,NA,NA,NA,NA,NA,NA,NA,NA,NA,NA,NA,NA,NA,NA,NA
"Melochia_tomentosa","MELTOM",5364.78247781308,558.389513121201,1251.93789022312,988.916472100841,1273.54587211491,715.15635899371,7490,863,1819,1231,1692,829,NA,NA,NA,NA,NA,NA,NA,NA,NA,NA,NA,NA,NA,NA,NA,NA,NA,NA,NA,NA,"Melochia_tomentosa",NA,NA,NA,NA,NA,NA,NA,NA,NA,NA,NA,NA,NA,NA,NA,NA,NA,NA,NA,-0.329060868774192,-0.468630257922165,-1.07649748747471,0.389349548863251,0.94450098605351,-0.0966723086050754,NA,NA,1.32471598817716,0.243413389881247
"NA.23","MICCAL",18058.9609047559,3149.17090429767,6752.05319900328,10457.6954870641,10208.5530003629,7059.38209606521,14095,2454,5493,9396,8952,6498,NA,NA,NA,NA,NA,NA,NA,NA,NA,NA,NA,NA,NA,NA,NA,NA,NA,NA,NA,NA,"Miconia_calycina",NA,NA,NA,NA,NA,NA,NA,NA,NA,NA,NA,NA,NA,NA,NA,NA,NA,NA,NA,NA,NA,NA,NA,NA,NA,NA,NA,NA,NA
"Miconia_foveolata","MICFOV",8641.95137820439,1364.41381136421,3000.64881361695,4986.2581418003,4769.724055117,3405.31024375279,917,592,788,848,804,212,NA,NA,NA,NA,NA,NA,NA,NA,NA,NA,NA,NA,NA,NA,NA,NA,NA,NA,NA,NA,"Miconia_foveolata",NA,NA,NA,NA,NA,NA,NA,NA,NA,NA,NA,NA,NA,NA,NA,NA,NA,NA,NA,-2.6721071918786,-1.10681023026193,0.893619336974225,0.244111997728537,-0.276463751573162,-0.924547997231977,NA,NA,-1.44307029607257,1.57494877028738
"Micropholis_garciniifolia","MICGAR",7767.92231144733,1211.29848362249,2782.01997130178,4352.94295818708,4069.28857239871,2857.99008877622,6733,974,2568,3470,2969,1995,2.81154783526728,1.50632911374095,0.141364802935726,0.0310021386630984,0.0569811018922092,0.056468466496443,NA,NA,2.10228963108036,1.15480198648448,0.141364802935726,0.0310021386630984,5.67406566660942,0.351527127256468,0.386782891330494,0.385961574448474,5,4,2,1,"Micropholis_garciniifolia",NA,NA,NA,NA,NA,498.6444444,41.12332517,65.94702985,17,NA,2.69779098475229,1.61408822380329,1.81919524038575,NA,NA,2.014315117513,-0.0633828902270327,-1.26013445157315,0.474786133053506,0.628101937352216,-0.652843638711657,2.014315117513,-0.0633828902270327,-1.26013445157315,0.474786133053506,NA,NA,-1.84420000514299,0.780792035123261
"Micropholis_guyanensis","MICGUY",8777.34735773492,1724.06470032281,3326.9051691473,5339.44240414596,4994.67829250568,3270.61359218287,12988,2559,5351,8901,8284,5725,3.79296905817504,3.12559516047478,2.25615130681654,2.34990190303445,0.313396060407151,0.508216198467987,0.0848188817614354,0.0310021386630984,2.72908175189466,2.42254090596184,1.90416068451599,2.34990190303445,13.4759059599713,1.75763564097154,2.11194374788942,17.8678812828199,8,7,7,6,"Micropholis_guyanensis",1142.86,NA,NA,1142.86,0.764370669,331.5755556,32.87008458,69.45061381,25,3.05799303271253,2.52058250601773,1.51680082159243,1.84167608841946,0.361371291893,1.1866271423145,0.862808058998407,-0.2180796517701,-1.15751975008142,1.45386624848936,1.1866271423145,0.361371291893,0.862808058998407,-0.2180796517701,-1.15751975008142,1.45386624848936,0.570300582330375,-2.0271616155734,-0.793161374660627,-0.456219596626519
"Miconia_impetiolaris","MICIMP",18517.5817451843,2405.65742121101,5244.7895394566,8076.55951519031,7857.8648603505,5452.20743913949,23544,2574,6014,10418,9894,7320,1.77314551046731,2.57697795224633,4.3282642746964,1.15788472334542,NA,NA,NA,NA,0.354629102093461,NA,1.09076413593159,0.385961574448474,2.1277746267525,NA,1.82953765425801,3.08769260588487,2,4,3,1,"Miconia_impetiolaris",NA,NA,NA,NA,0.758613667,213.5833333,210.3095,195.8715,4.5,NA,2.32956736006884,2.32285889087173,2.2919712491996,0.330784672364903,NA,-0.378415218883345,1.06363380854924,0.897869950401764,-1.05502654731502,-1.14437372497059,0.330784672364903,-0.378415218883345,1.06363380854924,0.897869950401764,-1.05502654731502,NA,NA,0.456451906014296,0.239980992393158
"Miconia_laevigata","MICLAE",27416.6102793664,4339.82083621621,8771.17090021074,12562.9831271917,12478.8601467907,8139.03931057453,34390,5329,10992,16561,16197,10868,1.91559826519783,2.71479799002927,0.386782891330494,0.82874753127616,NA,0.0847026997446644,NA,NA,0.851710958917446,1.3086894810034,NA,NA,18.701876180391,51.9940598198242,NA,NA,1,4,1,1,"Miconia_laevigata",NA,NA,NA,NA,0.483406458,NA,26.38,188.8626667,3,NA,NA,1.42127479121035,2.27614611753758,-1.13137535347367,NA,NA,-0.369975654822403,0.825635524052264,-1.23860406895925,-2.31343158799223,-1.13137535347367,0.191198952309332,-0.369975654822403,0.825635524052264,-1.23860406895925,NA,NA,-0.410526949617229,1.02250293371935
"Miconia_mirabilis","MICMIR",15094.7965720892,2688.97919009812,5465.5915067438,7690.2716043368,7411.50993160345,4722.53074150532,8078,1729,3784,5015,4504,2775,NA,NA,NA,NA,NA,NA,NA,NA,NA,NA,NA,NA,NA,NA,NA,NA,NA,NA,NA,NA,"Miconia_mirabilis",NA,NA,NA,NA,0.595931942,248.1666667,34.34466667,123.8166667,12,NA,2.39474344742687,1.53585930571516,2.09277910808197,-0.533533948116667,NA,0.0451013372942526,-0.187774743768587,-0.0113502920744158,-0.137138939093906,-2.38429009475174,-0.533533948116667,0.0451013372942526,-0.187774743768587,-0.0113502920744158,-0.137138939093906,NA,NA,-0.611416034366443,0.666176182872323
"Miconia_pachyphylla","MICPAC",5838.96859637462,1035.38050910132,2146.18904903671,3393.08154356573,3231.13525980478,2195.75475070346,1446,664,1011,1195,1102,438,0.354629102093461,NA,NA,NA,NA,NA,NA,NA,NA,NA,NA,NA,NA,NA,NA,NA,1,NA,NA,NA,"Miconia_pachyphylla",NA,NA,NA,NA,0.687583333,NA,44.74133333,118.1053333,NA,NA,NA,1.65070892230047,2.07226950955647,-0.0465953947276066,NA,NA,-0.00515229372410699,-0.104967148843061,NA,-2.16477184489452,-0.0465953947276066,0.0310412106147667,-0.00515229372410699,-0.104967148843061,0.178456149219444,NA,NA,-0.55435447200409,0.342858199727294
"Miconia_prasina","MICPRA",23786.3432407677,3079.91995886713,6849.75532334298,10008.2508063987,9806.35425339639,6726.43429452926,24171,2730,6917,9810,9530,6800,7.1661959338381,23.625819555019,21.4843712005217,20.2032295807056,NA,NA,NA,0.0310021386630984,1.77314551046731,3.07302737420207,8.43066838632644,7.21078790319946,0.354629102093461,5.50548306143554,0.351990622300547,6.64658335501749,14,19,22,19,"Miconia_prasina",5.7168,NA,0.32,0.32,0.661806593,168.6666667,58.25319992,156.3868944,9,-0.494850021680094,2.22702926220597,1.76531978668396,2.19420035532073,-0.183545727392889,-2.09608628350456,-1.04471146102096,0.177090516288936,0.45159091880504,-0.504293982382353,-2.09608628350456,-0.183545727392889,-1.04471146102096,0.177090516288936,0.45159091880504,-0.504293982382353,-0.0386319308615309,1.65832539373382,0.426563569053844,0.227102040410571
"Miconia_racemosa","MICRAC",18562.6621683277,2775.89827233832,5767.86563419551,9140.12769531086,8707.18377006147,5931.28549772315,18497,2909,5902,9431,8673,5764,NA,1.08281561501763,1.40796248920219,0.802925287560046,NA,NA,NA,NA,NA,0.0282342332482215,0.351990622300547,0.416963713111572,NA,1.75763564566074,37.090048717495,46.1235189324627,NA,3,3,1,"Miconia_racemosa",2,NA,2,2,0.437214564,169.030303,100.444,226.4932,10,0.301029995663981,2.22796456997429,2.00192399937479,2.35505516773159,-1.3767902216742,-1.36071858550104,-1.03863379755478,0.553315028804813,1.18581893966506,-0.381908967952871,-1.36071858550104,-1.3767902216742,-1.03863379755478,0.553315028804813,1.18581893966506,-0.381908967952871,-1.37074077858943,1.56057231855308,1.28637624959749,1.24201781978522
"Miconia_serrulata","MICSER",22966.6191975176,3236.67539650202,6839.63807654381,10306.9657493234,10142.184610039,6905.50921353698,4170,532,1309,2465,2290,1758,0.709258204186922,0.819342315963987,1.16034867399148,1.24312129691424,NA,NA,NA,NA,NA,0.409671157981994,0.386782891330494,0.82874753127616,NA,10.9528220523051,8.86935013313661,89.8342227541153,1,1,1,1,"Miconia_serrulata",NA,NA,NA,NA,NA,NA,NA,NA,NA,NA,NA,NA,NA,NA,NA,NA,NA,NA,NA,-2.03926421801521,-0.448415820372538,-0.173997402113309,0.0496014647701566,0.455295871239748,-0.476051964090401,NA,NA,-0.139430146640562,0.585412778982211
"Miconia_sintenisii","MICSIN",10602.3739598081,2036.96207213681,4104.90195883438,6490.45394334011,6184.22320596781,4147.26113383099,7576,1808,3216,5325,4799,2991,NA,NA,NA,0.385961574448474,NA,NA,NA,NA,NA,NA,NA,NA,NA,NA,NA,NA,NA,NA,NA,1,"Miconia_sintenisii",0.048,NA,NA,0.048,0.436916667,NA,73.47866667,96.80666667,NA,-1.31875876262441,NA,1.86616126707967,1.98590526638172,-1.37837293125074,-2.85735162625693,NA,0.337438619865738,-0.499180081542279,NA,-2.85735162625693,-1.37837293125074,1.20093906667791,0.337438619865738,-0.499180081542279,-1.12556233109291,NA,NA,-1.82578478993598,1.94116559398126
"Miconia_tetrandra","MICTET",9399.87773157955,1503.53789446276,3625.81289935103,5311.54429192349,4913.61304707313,3410.07515261037,10714,1567,4391,5580,5052,3485,0.782872096155797,2.42941927752755,2.66494571096897,5.60223358593175,NA,NA,0.0282729605871451,0.0310021386630984,0.428242994062336,0.907022707050624,1.60897384406733,2.28724346082712,0.354629102093461,2.5188339215208,23.5833718349981,80.0147101265914,2,5,8,11,"Miconia_tetrandra",NA,NA,0.14,0.14,0.660691633,211.9494949,108.4375829,132.2611611,21,-0.853871964321762,2.32623238593182,2.03517982848709,2.12143233098787,-0.189469445555407,-2.42781108339863,-0.40008600058727,0.606195144309933,0.119438453566135,0.964326190771435,-2.42781108339863,-0.189469445555407,-0.40008600058727,0.606195144309933,0.119438453566135,0.964326190771435,-0.31168066814649,0.373410661556305,0.145692959967546,0.750499778571584
"Miconia_thomasiana","MICTHO",10558.6785867594,875.67658877603,2209.85755353864,2841.53204551761,2777.18292273888,1901.50633396285,12690,937,2631,3095,2994,2057,NA,NA,NA,NA,NA,NA,NA,NA,NA,NA,NA,NA,NA,NA,NA,NA,NA,NA,NA,NA,"Miconia_thomasiana",NA,NA,NA,NA,NA,NA,NA,NA,NA,NA,NA,NA,NA,NA,NA,NA,NA,NA,NA,-2.18210080501654,-0.170261993749145,0.0506232813377528,0.000133156221086525,0.00384189215083918,0.0209079311073996,NA,NA,-0.526550795983839,0.445068627919839
"Morinda_citrifolia","MORCIT",26908.0779651981,4127.12756742351,8313.1133423578,11400.965885805,11455.0553118456,7327.92774442211,9812,804,1298,994,1219,415,NA,NA,NA,NA,NA,NA,NA,NA,NA,NA,NA,NA,NA,NA,NA,NA,NA,NA,NA,NA,"Morinda_citrifolia",NA,NA,NA,NA,NA,NA,NA,NA,NA,NA,NA,NA,NA,NA,NA,NA,NA,NA,NA,-0.17970560386617,-1.03409596578084,-0.875080998944884,0.37506399595352,1.10919448325661,-0.417373025980556,NA,NA,1.31066640212735,0.69399187913442
"Mosiera_xerophytica","MOSXER",2945.80560083436,502.398889821008,809.57979878589,581.579834421943,709.951438508873,207.552548687865,3112,585,910,622,773,188,NA,1.40610850902587,1.40796248920219,1.15788472334542,NA,NA,NA,NA,NA,NA,NA,NA,NA,NA,NA,NA,NA,1,1,1,"Mosiera_xerophytica",NA,45.2,NA,45.2,0.804036265,270.6805556,13.74171065,70.3993454,5,1.65513843481138,2.43245705924695,1.13804079965305,1.84756862092493,0.572112315294979,-0.109565667921915,0.290165741226965,-0.820346209047527,-1.13062305725329,-0.993834040100283,-0.109565667921915,0.572112315294979,0.290165741226965,-0.820346209047527,-1.13062305725329,-0.993834040100283,1.82062862717967,0.115378970787035,-1.40845817092541,-0.955099827100633
"Mouriri_helleri","MOUHEL",14589.0916132107,2612.89198805392,4785.15696844831,5883.08040194586,6046.56420976669,3433.67222171277,559,335,415,433,441,106,0.354629102093461,NA,NA,NA,NA,NA,NA,NA,NA,NA,NA,NA,NA,NA,NA,NA,1,NA,NA,NA,"Mouriri_helleri",NA,NA,NA,NA,1.036882172,344.9444445,6.110736764,84.03922928,11,NA,2.53774915481262,0.786093575749844,1.92448206085698,1.80920918725782,NA,0.974357559335609,-1.37997771872534,-0.779548681967594,-0.259523953523389,-0.493950958689039,1.80920918725782,0.974357559335609,-1.37997771872534,-0.779548681967594,-0.259523953523389,NA,NA,-1.83822898007932,-1.94012588090121
"Muntingia_calabura","MUNCAL",19830.8170934277,2319.87209978508,4888.61690986817,6689.54495775388,6976.5854615354,4656.71336175033,17218,1278,2829,4173,4456,3178,NA,NA,NA,NA,NA,NA,NA,NA,NA,NA,NA,NA,NA,NA,NA,NA,NA,NA,NA,NA,"Muntingia_calabura",NA,NA,NA,NA,NA,NA,NA,NA,NA,NA,NA,NA,NA,NA,NA,NA,NA,NA,NA,-0.330304866060138,-0.494083901920039,-0.457228180699502,0.209573834913251,0.437587841930138,-0.244918876585997,NA,NA,0.524356871729401,0.319347254034315
"Myrcia_amazonica","MYRAMA",19203.3239352033,3492.10073952563,7298.68061134964,10158.8706825515,10012.5061529269,6520.40541340131,12023,2311,5058,5834,5534,3223,NA,0.351527127256468,0.351990622300547,0.385961574448474,NA,NA,NA,NA,NA,NA,NA,NA,NA,NA,NA,NA,NA,1,1,1,"Myrcia_amazonica",NA,NA,NA,NA,0.808737351,199.9333333,32.88439467,179.0231057,8,NA,2.30088520663144,1.51698985185444,2.25290908701575,0.597088914026553,NA,-0.564792881918522,-0.217779074627501,0.719569198307974,-0.626678996811836,0.697409728669213,0.597088914026553,-0.564792881918522,-0.217779074627501,0.719569198307974,-0.626678996811836,NA,NA,0.694774503103454,-1.00691687483722
"Myrciaria_borinquena","MYRBOR",6810.4559307186,964.194441353206,2202.08497717616,3215.97156761919,3385.41855880159,2421.22411744839,7408,977,2495,2928,3350,2373,NA,NA,NA,NA,NA,NA,NA,NA,NA,NA,NA,NA,NA,NA,NA,NA,NA,NA,NA,NA,"Myrciaria_borinquena",NA,NA,NA,NA,NA,NA,NA,NA,NA,NA,NA,NA,NA,NA,NA,NA,NA,NA,NA,-0.240649545395671,0.278138183072238,-0.168351335653311,-0.698677221028071,0.291511411699598,-0.790464472947701,NA,NA,-0.15065003172172,-0.732457522459816
"Myrica_cerifera","MYRCER",24532.608850047,4074.11500816047,7925.3218835555,10505.9597892798,10627.5769518018,6553.4619436413,27097,5076,9307,13161,12790,7714,NA,NA,NA,NA,NA,NA,NA,NA,NA,NA,NA,NA,NA,NA,NA,NA,NA,NA,NA,NA,"Myrica_cerifera",NA,NA,NA,NA,NA,NA,NA,NA,NA,NA,NA,NA,NA,NA,NA,NA,NA,NA,NA,-0.0813323531309208,0.167819643999825,-0.0446873497680002,0.0319405783315366,-0.0797703551266114,-0.0310502993502198,NA,NA,-0.0806370751366621,-0.23242961957051
"Myrcia_guianensis","MYRCIT",13675.6344764978,2017.04685407132,3901.62389536947,5942.01793055981,6002.6641266346,3985.61727256328,10807,1190,2396,4485,4656,3466,NA,NA,NA,NA,NA,NA,NA,NA,NA,NA,NA,NA,NA,NA,NA,NA,NA,NA,NA,NA,"Myrcia_guianensis",NA,NA,NA,NA,NA,NA,NA,NA,NA,NA,NA,NA,NA,NA,NA,NA,NA,NA,NA,-0.258499899871804,0.279607198997109,-0.0933133317793838,-0.717904481257015,0.169260211575502,-0.769874862793898,NA,NA,-0.279693957200393,-0.720685670763699
"Myrsine_coriacea","MYRCOR",13832.7990666293,2197.53096256591,4735.36473518424,7481.46303098463,7132.27189950645,4934.74093694054,16856,2618,6330,10554,9887,7269,2.96277070761442,5.48320418118484,3.87189684530601,2.40359596773315,0.0284905509461046,NA,NA,0.0310021386630984,0.834996095053656,1.50011771991265,1.75995311150273,0.831337478749652,2.49584408383024,0.351527127256468,5.98384061197696,3.72936391285289,5,5,6,6,"Myrsine_coriacea",9.34,NA,NA,9.34,0.652871088,264.5555555,17.20402082,110.0151224,17,0.970346876230093,2.42251688587436,1.23562995945783,2.04145238628069,-0.231019550005147,-0.742291180652635,0.225574137692303,-0.665169622558081,-0.245633101525761,0.474786133053506,-0.742291180652635,-0.231019550005147,0.225574137692303,-0.665169622558081,-0.245633101525761,0.474786133053506,0.551404416351392,-0.0209907254951033,-0.495426492259184,-0.0557144890570079
"Myrcia_deflexa","MYRDEF",19692.0069766566,2849.85158302635,6203.82691115886,9449.77318818867,9142.56612548977,6292.71454246342,9011,1695,3983,5381,4866,3171,1.06388730628038,1.40610850902587,2.14673600283323,4.30240170131242,NA,NA,NA,NA,0.354629102093461,0.351527127256468,0.703981244601093,0.771923148896948,4.61017834613731,3.16374415937581,0.351990622300547,14.2805783421187,2,3,5,7,"Myrcia_deflexa",NA,NA,52,52,0.807127193,248.6611111,65.49730504,112.9646487,18,1.7160033436348,2.3956078698888,1.81622343082636,2.0529425560804,0.588534237455983,-0.053328437541346,0.0507183854939855,0.258032433953694,-0.193185776481891,0.597171147482988,-0.053328437541346,0.588534237455983,0.0507183854939855,0.258032433953694,-0.193185776481891,0.597171147482988,0.220776458425143,-0.454483419655873,-0.0632182763969936,-0.401208233299113
"Myrcia_fallax","MYRFAL",6187.76605290528,1214.2758492141,2460.96287701986,3598.31140529299,3370.70012986205,2156.42428064795,4860,1329,2339,3142,2895,1566,0.709258204186922,0.703054254512936,NA,NA,NA,NA,NA,NA,0.354629102093461,0.703054254512936,NA,NA,10.431471802397,2.81221703680854,NA,NA,2,2,NA,NA,"Myrcia_fallax",NA,NA,NA,NA,0.880047628,200.8888889,37.08876711,140.7603147,19,NA,2.30295591672404,1.56924239692464,2.14848022912309,0.975956302129295,NA,-0.551337333375951,-0.134692268719953,0.242899632119612,0.71955616191247,0.667732254233539,0.975956302129295,-0.551337333375951,-0.134692268719953,0.242899632119612,0.71955616191247,NA,NA,0.677273515137991,-1.19283651997125
"Myrciaria_floribunda","MYRFLO",17514.083312802,1921.96933748573,4272.20702238381,6520.18397951126,6502.80371526629,4580.83437778056,10506,832,1370,1094,1369,537,NA,NA,NA,NA,NA,NA,NA,NA,NA,NA,NA,NA,NA,NA,NA,NA,NA,NA,NA,NA,"Myrciaria_floribunda",NA,NA,NA,NA,NA,NA,NA,NA,NA,NA,NA,NA,NA,NA,NA,NA,NA,NA,NA,0.248184219461893,0.616513914773306,-0.014078203345263,-0.29235496913904,-0.321385698651942,-0.0911373141103749,NA,NA,-0.309013415480977,-0.814867377924278
"Myrsine_guianensis","MYRGUI",26377.7036761343,4219.72259014845,8297.25968578458,11460.9361786842,11466.5713998079,7246.84880965948,12433,1515,2706,3813,3762,2247,NA,NA,NA,NA,NA,NA,NA,NA,NA,NA,NA,NA,NA,NA,NA,NA,NA,NA,NA,NA,"Myrsine_guianensis",NA,NA,NA,NA,NA,227.2222222,3.897098716,144.113539,15,NA,2.35645080286156,0.590741406888684,2.15870478328993,NA,NA,-0.203725642210423,-1.69060732951231,0.289570005592283,0.230016104194541,-0.18013765232958,0.0076336686808709,-0.203725642210423,-1.69060732951231,0.289570005592283,0.230016104194541,NA,NA,-0.0491397481025038,-0.997686707474559
"Myrcia_splendens","MYRSPL",22140.3084246926,3203.16274145991,6825.35942109302,10689.2100635394,10363.5103637725,7160.34762231261,11892,2074,4366,7056,6477,4403,25.8031506669951,16.8971978344263,15.290905082684,11.7118250914174,0.0284905509461046,NA,NA,NA,6.15132226791694,4.82898744625532,4.90921569081843,3.13543387998212,0.428242994062336,21.8528260190997,5.27985934389896,34.1302978763575,32,22,24,21,"Myrcia_splendens",173,NA,65.95,65.95,0.744340679,151.0555556,25.46828961,382.8177427,4,1.81921479988238,2.17913670261197,1.40599977975431,2.5829920580968,0.254953110471211,0.0420356491732032,-1.35591903312263,-0.394264460475382,2.226245703313,-1.11621905452976,0.0420356491732032,0.254953110471211,-1.35591903312263,-0.394264460475382,2.226245703313,-1.11621905452976,-0.666783188644907,2.51464733922068,1.89168502654719,-0.918781156660285
"Nectandra_coriacea","NECCOR",19554.5437152218,3408.47598500829,6381.39948660787,7278.61669804342,7544.91823290195,4136.44224789366,14218,2803,4545,3890,4401,1598,1.18373735360596,5.47389767004274,5.7601159566039,5.25286328435486,NA,0.0282342332482215,NA,0.0620042773261967,0.474479149419037,3.7162620337604,3.61337995377067,2.90868164647442,2.12777462202192,0.351527127256468,5.0281776130939,18.8955141171416,3,7,14,18,"Nectandra_coriacea",NA,NA,NA,NA,0.717952139,209.6919192,30.52515694,94.92088448,34,NA,2.32158169458328,1.48465790547526,1.97736177635307,0.114752319698168,NA,-0.430306359980135,-0.269190123597673,-0.538177172651665,2.55533137835471,1.06526015179628,0.114752319698168,-0.430306359980135,-0.269190123597673,-0.538177172651665,2.55533137835471,NA,NA,0.714748486757024,-0.536003424768277
"Nectandra_krugii","NECKRU",19698.2477726527,2452.19319028407,5343.87687307782,8266.41339362599,8141.43094191328,5689.2377516292,30111,3738,8165,12648,12454,8716,0.354629102093461,NA,NA,NA,NA,NA,NA,NA,0.354629102093461,NA,NA,NA,0.354629102093461,NA,NA,NA,1,NA,NA,NA,"Nectandra_krugii",NA,NA,NA,NA,NA,NA,NA,NA,NA,NA,NA,NA,NA,NA,NA,NA,NA,NA,NA,0.800320458390743,-0.319481941951757,-0.435301728639274,-0.00935287833812412,-0.283541739438767,1.36629582952072,NA,NA,0.639272581294846,-0.0654184127808336
"Nectandra_membranacea","NECMEM",16203.8644622765,2129.06270405883,5229.0960092512,9183.51032752031,8790.91748753935,6661.85478348052,9331,1622,3599,6411,5937,4315,NA,NA,NA,NA,NA,NA,NA,NA,NA,NA,NA,NA,NA,NA,NA,NA,NA,NA,NA,NA,"Nectandra_membranacea",NA,NA,NA,NA,NA,NA,NA,NA,NA,NA,NA,NA,NA,NA,NA,NA,NA,NA,NA,0.800320458390743,-0.319481941951757,-0.435301728639274,-0.00935287833812412,-0.283541739438767,1.36629582952072,NA,NA,0.639272581294846,-0.0654184127808336
"Nectandra_patens","NECPAT",20068.3227437288,3791.97620651126,6923.05740203708,8467.54636264779,8696.5982983876,4904.62209187634,13649,3015,4763,4182,4665,1650,NA,NA,NA,NA,NA,NA,NA,NA,NA,NA,NA,NA,NA,NA,NA,NA,NA,NA,NA,NA,"Nectandra_patens",NA,NA,NA,NA,NA,NA,NA,NA,NA,NA,NA,NA,NA,NA,NA,NA,NA,NA,NA,1.02907464871477,0.0554431327260805,-0.430991148836748,-0.233700323067932,-0.503394392106689,2.39292627757945,NA,NA,0.7044434176349,-0.471730057000765
"Nectandra_turbacensis","NECTUR",22483.5294732922,3810.69564784784,7659.15350116184,9809.74482618272,9798.48768287152,5987.79203502368,14385,3156,5923,6102,5990,2834,2.31535070831406,1.11272541249493,0.773565782660989,NA,0.0569811018922092,NA,NA,NA,0.46859130587788,0.409671157981994,0.386782891330494,NA,1.06388731101096,8.08512396910155,2.6726879806025,NA,7,2,1,NA,"Nectandra_turbacensis",410,NA,NA,410,0.589532282,188,153.3279143,138.220474,8,2.61278385671974,2.27415784926368,2.18562122806281,2.14057237796323,-0.567534972526453,0.775268093531735,-0.738468209894884,0.84541211164068,0.20680393924392,-0.626678996811836,0.775268093531735,-0.567534972526453,-0.738468209894884,0.84541211164068,0.20680393924392,-0.626678996811836,-0.887927598749227,0.306634107498487,0.878163423406733,0.403243634643448
"Neea_buxifolia","NEEBUX",12346.7898350873,2272.75188876945,4022.34618478292,4016.14427681384,4332.54589899606,2059.79401022661,11714,2442,3930,3389,3800,1358,0.354629102093461,0.351527127256468,0.351990622300547,NA,NA,NA,NA,NA,NA,NA,NA,NA,NA,NA,NA,NA,1,1,1,NA,"Neea_buxifolia",23.1772,NA,NA,23.1772,0.728870713,267.4722222,1.333166523,172.6094762,6,1.36506096838343,2.42727868590242,0.124884399603771,2.23706463464917,0.172762073512285,-0.377587975406986,0.256516485274704,-2.43136685984617,0.647246581854288,-0.8714490256708,-0.377587975406986,0.172762073512285,0.256516485274704,-2.43136685984617,0.647246581854288,-0.8714490256708,1.63988842198793,1.52362128197141,-0.62259702587076,-1.40691771305938
"Neolaugeria_resinosa","NEORES",18913.8485418372,3451.43173056468,6264.74288571998,7538.791064661,7721.13980219141,4269.70807162672,6221,1989,2964,2582,2881,892,6.72113328683904,7.55762777702592,5.8456420678819,7.1926217072297,0.341886611353255,0.19763963273755,0.0565459211742903,0.0620042773261967,3.7368726861536,3.63268534647925,3.69890606504867,4.0481047292627,1.77314551992846,0.703054254512936,1.40796249859295,1.15788472849396,13,12,12,14,"Neolaugeria_resinosa",NA,NA,NA,NA,0.724916164,178.5019157,18.36578831,114.5565616,21,NA,2.25164288136404,1.26400957419155,2.05901996986814,0.151751782797045,NA,-0.884771279837179,-0.620043178708442,-0.165445185880699,0.964326190771435,-0.85930188381151,0.151751782797045,-0.884771279837179,-0.620043178708442,-0.165445185880699,0.964326190771435,NA,NA,0.361758328255359,-0.573923615400567
"Ochroma_pyramidale","OCHPYR",21963.7010858199,2573.45400193799,5902.36196177173,9539.55345402937,9299.61558868084,6726.16158674285,33722,3935,9059,14680,14303,10368,0.0284905509461046,NA,0.0848188817614354,0.0310021386630984,NA,NA,0.0282729605871451,0.0310021386630984,0.0284905509461046,NA,0.0848188817614354,0.0310021386630984,30.9263459396702,NA,0.351990622300547,2.70173103658493,1,NA,2,1,"Ochroma_pyramidale",10.2,NA,NA,10.2,0.165925641,NA,169.6,225.56,27,1.00860017176192,NA,2.22942584792069,2.35326208591632,-2.81813262002467,-0.706946358238122,NA,0.915065866172561,1.17763434827646,1.69863627734833,-0.706946358238122,-2.81813262002467,-2.76514454916559,0.915065866172561,1.17763434827646,1.69863627734833,NA,NA,3.34099438288701,2.11108111216459
"Ocotea_cuneata","OCOCUN",20834.8143073395,3466.49319727719,6784.14631018043,9248.93539385498,9279.70987869054,5813.21668141335,559,335,415,433,441,106,NA,NA,NA,NA,NA,NA,NA,NA,NA,NA,NA,NA,NA,NA,NA,NA,NA,NA,NA,NA,"Ocotea_cuneata",NA,NA,NA,NA,0.510758563,216.7037037,97.16508962,90.42509734,6,NA,2.33586633394431,1.98751025557719,1.95628898493935,-0.986055197439747,NA,-0.337484260439389,0.5303957254158,-0.634364745170014,-0.8714490256708,-0.0558181993303105,-0.986055197439747,-0.337484260439389,0.5303957254158,-0.634364745170014,-0.8714490256708,NA,NA,-0.170590322309016,0.8165121235661
"Ocotea_floribunda","OCOFLO",21069.4838642478,3880.99047313631,7886.62837926298,11290.4272282198,11191.3973855488,7310.40691241249,32128,5991,12191,17502,17327,11336,0.88020150986355,1.28380637621334,0.144141912060049,0.48090377303012,0.0569811018922092,NA,NA,NA,0.525572407770089,0.464464060249354,0.144141912060049,0.48090377303012,50.2504260431989,1.40610851371507,1.05597187159702,8.19042968370261,4,4,3,1,"Ocotea_floribunda",1643.32,NA,NA,1643.32,0.424580988,NA,113.1373333,157.0726667,20,3.21572214085579,NA,2.05360593800043,2.19610061703136,-1.44391168218287,1.33236379688025,NA,0.635494513033679,0.460264736976813,0.841941176341953,1.33236379688025,-1.44391168218287,-0.435573415087723,0.635494513033679,0.460264736976813,0.841941176341953,NA,NA,1.35884056218587,1.03795043210861
"Ocotea_leucoxylon","OCOLEU",17866.7505159602,3376.89337790012,6735.99604547024,9204.90310809016,8998.98772864789,5622.09435074776,20797,4517,9041,12168,11734,7217,22.6958067344743,17.7972247925561,20.2491954564881,16.5488559220424,0.547208311517145,0.423513498723322,0.169637763522871,0.376551394023024,8.85183139507837,7.48665004066752,7.54274078463845,7.61491532734832,9.92961491065327,0.703054254512936,0.386782891330494,5.43187424376532,43,41,51,45,"Ocotea_leucoxylon",100,NA,177.2727,177.2727,0.499727496,218.7154472,166.1296835,123.1518399,30,2.24864185938975,2.33987945700568,2.22044723768011,2.09044090462375,-1.0446626200736,0.438812526753524,-0.311406842672179,0.900788972188233,-0.0220231123137889,2.06579132063678,0.438812526753524,-1.0446626200736,-0.311406842672179,0.900788972188233,-0.0220231123137889,2.06579132063678,-1.69287987994094,-1.28705380855156,1.07299234297381,1.11529031541756
"Ocotea_spathulata","OCOSPA",1687.23621811302,585.170740209287,899.18409106601,1159.91946137662,1087.3723102246,502.201570015313,3026,1237,1888,2184,1971,734,NA,0.409671157981994,NA,NA,NA,NA,NA,NA,NA,NA,NA,NA,NA,NA,NA,NA,NA,1,NA,NA,"Ocotea_spathulata",NA,NA,NA,NA,0.61396144,376.9444444,44.0659329,73.55309611,10,NA,2.57627734684124,1.64410296880815,1.86660095843932,-0.437744265290675,NA,1.22471513471561,-0.0156564246695526,-1.04374921558148,-0.381908967952871,0.391045064728998,-0.437744265290675,1.22471513471561,-0.0156564246695526,-1.04374921558148,-0.381908967952871,NA,NA,-1.44581396780954,0.436383057389966
"Ocotea_wrightii","OCOWRI",19736.6196864212,2442.2539289284,5273.32278690604,9045.56469772407,8957.69660591986,6515.44267699146,14935,1956,3556,7755,7741,5785,0.0284905509461046,0.0282342332482215,0.0282729605871451,0.0310021386630984,NA,0.0282342332482215,NA,NA,0.0284905509461046,0.0282342332482215,0.0282729605871451,0.0310021386630984,1.77314551992846,1.0545813864586,95.037468579898,29.3448888750739,1,1,1,1,"Ocotea_wrightii",NA,NA,NA,NA,NA,NA,NA,NA,NA,NA,NA,NA,NA,NA,NA,NA,NA,NA,NA,0.683371389093426,-0.511159519789188,-0.437497819286079,0.105342783922215,-0.171157976890327,0.841451414815199,NA,NA,0.605943445184013,0.142307713597394
"Ormosia_krugii","ORMKRU",12562.1377358833,1871.02125040004,4263.30822449413,6177.18634947954,5791.2596324035,3920.23838200346,12519,1787,4904,6443,5904,4117,1.40958214318297,0.869049836866565,1.54216641513175,0.562564226001614,0.296681196543362,0.235180377127882,NA,NA,0.981339149120639,0.517522709610096,1.54216641513175,0.562564226001614,0.354629102093461,4.56985267309088,1.93391446697146,5.90307240283769,5,4,5,4,"Ormosia_krugii",720,NA,740.5,740.5,0.516591536,180.1333333,1402.33764,167.3877816,28,2.86952506285723,2.25559408554997,3.14685259104492,2.223723753673,-0.955064948371106,1.01248876200638,-0.859096213146125,2.37386672722044,0.586351613970814,1.82102129177781,1.01248876200638,-0.955064948371106,-0.859096213146125,2.37386672722044,0.586351613970814,1.82102129177781,-2.93221941500374,-1.22869564025727,2.1868908581527,1.54461269550103
"Ossaea_krugiana","OSSKRU",12238.2264960858,1725.71329899918,4167.28326169966,7305.15288261016,6978.9354690917,5253.22217009251,12635,1856,4833,8072,7728,5872,NA,NA,NA,NA,NA,NA,NA,NA,NA,NA,NA,NA,NA,NA,NA,NA,NA,NA,NA,NA,"Ossaea_krugiana",NA,NA,NA,NA,NA,NA,NA,NA,NA,NA,NA,NA,NA,NA,NA,NA,NA,NA,NA,-1.93834788635174,-0.327361918701054,0.225812117119896,-0.557947498759501,0.681201225339588,-0.36719365120123,NA,NA,-0.36648915270391,0.266674017209093
"Ottoschulzia_rhodoxylon","OTTRHO",11984.4614830324,2314.90185638343,3677.62423937765,3072.25342496976,3512.72434074958,1197.82248436616,15569,3156,5018,4134,4736,1580,NA,NA,NA,NA,NA,NA,NA,NA,NA,NA,NA,NA,NA,NA,NA,NA,NA,NA,NA,NA,"Ottoschulzia_rhodoxylon",NA,NA,NA,NA,NA,330.3333333,46.53366373,71.33140803,8,NA,2.51895239972179,1.66776724714068,1.8532807967618,NA,NA,0.852215569748943,0.0219721597011302,-1.10454960942384,-0.626678996811836,-1.09245320644055,-0.905959398951891,0.852215569748943,0.0219721597011302,-1.10454960942384,-0.626678996811836,NA,NA,-1.56094000887809,1.00102362609989
"Ouratea_litoralis","OURLIT",22455.2498554951,2750.37582057342,6109.48500484601,9711.6348116165,9505.0535074072,6754.67768683378,23285,1932,4840,7403,7715,5783,NA,5.56096411957134,4.98686600982368,8.73544116453627,NA,NA,NA,0.0310021386630984,NA,1.17086944322046,1.15382936554868,4.17732974251739,NA,34.4443327330192,6.08821739135863,7.33326993511515,NA,4,4,5,"Ouratea_litoralis",NA,NA,NA,NA,NA,NA,NA,NA,NA,NA,NA,NA,NA,NA,NA,NA,NA,NA,NA,-0.150206650390838,0.145164901938161,-0.157110189701623,-0.162671535277801,0.181931964738908,0.225346783293153,NA,NA,0.162176333135931,-0.315940571990321
"Oxandra_lanceolata","OXALAN",14229.4572709985,2639.02134840935,5263.01562675182,7027.59573465167,7187.24489957839,4548.22355116904,8868,2535,4128,3515,4011,1476,1.41851640837384,NA,NA,NA,NA,NA,NA,NA,0.354629102093461,NA,NA,NA,4.25554924877442,NA,NA,NA,1,NA,NA,NA,"Oxandra_lanceolata",NA,NA,NA,NA,NA,NA,NA,NA,NA,NA,NA,NA,NA,NA,NA,NA,NA,NA,NA,0.19541981670634,-0.712387494716637,0.0373478015387486,-0.0551099956552087,0.113529315611167,0.220988452350803,NA,NA,0.189827951771497,0.404705280016816
"NA.24","PALALP",2357.6943334638,543.358631514515,931.429639060234,1720.62128273936,1621.85743148846,1078.49879997394,5019,948,1719,3544,3277,2329,NA,NA,NA,NA,NA,NA,NA,NA,NA,NA,NA,NA,NA,NA,NA,NA,NA,NA,NA,NA,"Palicourea_alpina",NA,NA,NA,NA,NA,NA,NA,NA,NA,NA,NA,NA,NA,NA,NA,NA,NA,NA,NA,NA,NA,NA,NA,NA,NA,NA,NA,NA,NA
"NA.25","PALCRO",23150.5520077012,2813.98099976126,6268.94245429244,9963.28920592647,9737.87827477884,6923.89727501757,33835,3940,9066,14697,14317,10377,0.354629102093461,0.351527127256468,NA,1.95822006343198,NA,NA,NA,NA,NA,NA,NA,0.41437376563808,NA,NA,NA,2.70173103143639,1,1,NA,3,"Palicourea_crocea",43.4896,NA,NA,43.4896,NA,NA,NA,NA,NA,1.63838541321623,NA,NA,NA,NA,-0.125044924413544,NA,NA,NA,NA,NA,NA,NA,NA,NA,NA,NA,NA,NA,NA
"Palicourea_croceoides","PALRIP",19821.8463198692,3017.99187989905,6393.50670477748,10048.3914954215,9723.44103558362,6705.44915568456,16002,2557,5488,10116,9349,6792,1.06388730628038,NA,NA,NA,NA,NA,NA,NA,NA,NA,NA,NA,NA,NA,NA,NA,2,NA,NA,NA,"Palicourea_croceoides",200,NA,10,10,0.475268182,127.6944444,76.14909091,253.1822727,5,1,2.10617200283186,1.88166472296914,2.40343329400688,-1.1746135443978,-0.714892642066307,-1.83004627251419,0.362090675160923,1.40664277064433,-0.993834040100283,-0.714892642066307,-1.1746135443978,-1.83004627251419,0.362090675160923,1.40664277064433,-0.993834040100283,-1.44417751217949,2.28831361397553,1.89864942800984,0.629520873684785
"Parathesis_crenulata","PARCRE",25234.9412341863,4146.63094618917,8204.54273682833,11256.5170337856,11284.7432686239,7138.11232243478,559,335,415,433,441,106,0.0343783944872623,0.0328874888192764,0.0310500697114688,0.03326500369602,NA,NA,NA,NA,0.0343783944872623,0.0328874888192764,0.0310500697114688,0.03326500369602,1.28472898789956,1.40610851371507,11.720067381035,11.8913813895413,1,1,1,1,"Parathesis_crenulata",36.5548,NA,NA,36.5548,NA,NA,NA,NA,NA,1.56294441211856,NA,NA,NA,NA,-0.194749998172531,NA,NA,NA,NA,-0.194749998172531,-0.828242242167241,2.68430046661466,0.414944310745257,-2.21261874814829,-0.682933102060634,NA,NA,-3.21986741713911,1.4302716523152
"NA.26","PERAME",26687.4139333367,4293.8212299943,8488.50739437342,11559.2815931439,11637.8730521202,7344.05182212591,22778,4216,7099,7355,7885,3669,0.937182611755759,1.41989216108967,1.14641062786493,0.684309915621086,NA,0.056468466496443,0.0565459211742903,0.18601283197859,0.937182611755759,1.01022100310767,1.14641062786493,0.684309915621086,0.709258204186922,4.68614074000674,7.03981248826937,1.62908287136271,5,11,14,11,"Persea_americana",15308,NA,NA,15308,0.530551645,162,90.44101596,170.6231186,21,4.18491845355246,2.20951501454263,1.95636543230384,2.23203787560158,-0.880895694555705,2.2278702122312,-1.15851967128788,0.480872321668453,0.624301745504416,0.964326190771435,NA,NA,NA,NA,NA,NA,NA,NA,NA,NA
"Petitia_domingensis","PETDOM",20933.867409274,3103.05121241137,6312.38221800327,9765.17104389518,9949.12071463093,6846.06950221956,11293,1610,3301,6560,6815,5205,3.25453086427452,2.6772572942557,0.975100544631341,0.995399632196831,NA,0.0282342332482215,NA,NA,2.19064355799413,1.03857266232773,0.623109922330795,0.995399632196831,0.7092582089175,4.21832555052361,1.75995311150273,4.97248521529467,4,9,8,6,"Petitia_domingensis",12.47,NA,NA,12.47,0.604667297,462.3333333,69.35331918,87.40845815,25,1.09586645347854,2.66495520632231,1.84106725080315,1.94155345952388,-0.487123510908574,-0.626315103148402,1.80094705011606,0.297536608260244,-0.70162562160869,1.45386624848936,-0.626315103148402,-0.487123510908574,1.80094705011606,0.297536608260244,-0.70162562160869,1.45386624848936,0.274597895417556,-1.98381244924188,-1.35746422281865,1.06930021128714
"Phialanthus_myrtilloides","PHIMYR",10701.999522869,1954.26670688018,3283.46765240282,3564.30003209738,3769.9686156949,1815.70190881472,3835,561,851,955,1085,524,NA,NA,NA,NA,NA,NA,NA,NA,NA,NA,NA,NA,NA,NA,NA,NA,NA,NA,NA,NA,"Phialanthus_myrtilloides",NA,NA,NA,NA,NA,NA,NA,NA,NA,NA,NA,NA,NA,NA,NA,NA,NA,NA,NA,-0.902124197363222,1.54759677823178,1.43411166653578,-0.915149580767892,-1.49260033966454,-0.939214848642679,NA,NA,-2.71062043473832,-1.33624991258227
"Phlebotaenia_cowellii","PHLCOW",23223.0685525984,3432.95993070677,6900.19830229133,9616.55736190453,9833.54864387214,6400.58871316537,8538,964,1752,2109,2389,1425,NA,NA,NA,NA,NA,NA,NA,NA,NA,NA,NA,NA,NA,NA,NA,NA,NA,NA,NA,NA,"Phlebotaenia_cowellii",NA,NA,NA,NA,NA,NA,NA,NA,NA,NA,NA,NA,NA,NA,NA,NA,NA,NA,NA,-0.165459935727864,0.920418012456358,1.13858897111377,-1.15770676204129,-1.22750782672993,-0.331147211354094,NA,NA,-2.01356605396272,-1.14581548063624
"Phyllanthus_cuneifolius","PHYCUN",6030.98907547261,624.239635080935,1421.99174837171,1601.32686969798,1843.74138183483,1219.5017467539,7145,598,1556,1412,1815,1217,NA,NA,NA,NA,NA,NA,NA,NA,NA,NA,NA,NA,NA,NA,NA,NA,NA,NA,NA,NA,"Phyllanthus_cuneifolius",NA,NA,NA,NA,NA,NA,NA,NA,NA,NA,NA,NA,NA,NA,NA,NA,NA,NA,NA,-0.474456243171774,-0.50584588032797,-1.45682741409914,0.189475748862114,0.380531941979759,-0.180099239596819,NA,NA,1.14951440765567,0.0928697249717013
"Phyllanthus_epiphyllanthus","PHYEPI",14945.1355571686,2710.24856779235,4830.50289177429,4997.88965643384,5308.82116463082,2598.57259683846,23646,3825,7145,7555,7838,4013,NA,NA,NA,NA,NA,NA,NA,NA,NA,NA,NA,NA,NA,NA,NA,NA,NA,NA,NA,NA,"Phyllanthus_epiphyllanthus",NA,NA,NA,NA,NA,NA,NA,NA,NA,NA,NA,NA,NA,NA,NA,NA,NA,NA,NA,-0.496941517823902,-0.594715569927845,-1.49521006422243,0.232469529222339,0.397491431080935,-0.139395019050788,NA,NA,1.20996446054526,0.18217486408323
"Phyllanthus_juglandifolius","PHYJUG",15113.3131968558,1700.06669062387,3910.43628690611,5379.50543383345,5579.95701975354,3879.89032912967,4963,353,938,896,1086,733,NA,NA,NA,NA,NA,NA,NA,NA,NA,NA,NA,NA,NA,NA,NA,NA,NA,NA,NA,NA,"Phyllanthus_juglandifolius",NA,NA,NA,NA,NA,NA,NA,NA,NA,NA,NA,NA,NA,NA,NA,NA,NA,NA,NA,-0.496941517823902,-0.594715569927845,-1.49521006422243,0.232469529222339,0.397491431080935,-0.139395019050788,NA,NA,1.20996446054526,0.18217486408323
"Pictetia_aculeata","PICACU",10731.6510906631,1302.38566989704,2978.37095856746,3327.28158303265,3685.45138529968,2383.06571540264,11838,1102,3285,2920,3588,2486,12.1111781407441,9.40051566481849,10.4034430440099,12.5574255630989,NA,NA,NA,NA,3.66025322471903,2.4889241240435,3.22446152187921,3.18069901157709,4.25554923931327,29.1132818090655,6.79219866413201,2.07186883924548,7,7,7,8,"Pictetia_aculeata",NA,7.7,NA,7.7,0.990253994,253.5277778,19.86112488,99.91767447,10,0.886490725172482,2.40402554980092,1.29800384211213,1.9996423175138,1.56147636733273,-0.819771584008474,0.105416771848552,-0.565988871173904,-0.436476779639196,-0.381908967952871,-0.819771584008474,1.56147636733273,0.105416771848552,-0.565988871173904,-0.436476779639196,-0.381908967952871,1.73912685708896,0.411090595092303,-0.94100815133793,-1.4890728174896
"Picramnia_pentandra","PICPEN",20831.1847746596,3515.00923421606,6595.35602917336,7635.99651454575,7932.10441638157,4417.0951821655,14002,2751,4451,3777,4287,1536,0.354629102093461,0.703054254512936,1.05597186690164,0.385961574448474,NA,NA,NA,NA,0.354629102093461,NA,0.351990622300547,NA,132.392439346122,NA,4.32826427939178,NA,1,2,3,1,"Picramnia_pentandra",105.9,NA,NA,105.9,0.9807088,186.5,161.9744972,124.4783968,8,2.02489596010748,2.27067883614471,2.20944664048584,2.09509398625393,1.51076330223393,0.232078467212743,-0.761074962076103,0.883296915433482,-0.000783941007549323,-0.626678996811836,0.232078467212743,1.51076330223393,-0.761074962076103,0.883296915433482,-0.000783941007549323,-0.626678996811836,0.336673018844558,0.428114116260734,0.404926553412101,-1.13356146108191
"Pilocarpus_racemosus","PILRAC",7409.39096706484,1407.15898403931,2177.63347336718,1848.00735571812,2107.7890295627,700.630045523387,2392,406,546,535,615,209,NA,NA,NA,NA,NA,NA,NA,NA,NA,NA,NA,NA,NA,NA,NA,NA,NA,NA,NA,NA,"Pilocarpus_racemosus",82.5641026,NA,NA,82.5641026,NA,NA,NA,NA,NA,1.91679126485816,NA,NA,NA,NA,0.132193184058933,NA,NA,NA,NA,0.132193184058933,1.03982309063462,-1.28595316571754,0.583572479622626,1.30371122671967,0.685688576439397,NA,NA,1.83705675149372,-0.955839791299526
"Pimenta_racemosa","PIMRAC",25027.8102026582,3972.30065647513,7901.23256571591,10722.8985832781,10834.250108175,6861.94945169985,24715,3927,7300,9786,10069,6142,5.59837212353468,1.96160408882003,2.64286853719382,4.07371368521236,0.0343783944872623,NA,NA,NA,2.40671020469353,1.61007696156356,1.58689667029218,2.11549362178039,2.48240372884596,4.74162183015579,0.386782891330494,1.54384630809097,7,7,7,7,"Pimenta_racemosa",28.01,NA,NA,28.01,0.958278813,354.1851852,22.26959603,55.18908896,8,1.44731310882357,2.5492303916354,1.34771233901279,1.74185322496016,1.39159407519716,-0.301589626594092,1.04896304851035,-0.486947357915706,-1.61316507629707,-0.626678996811836,-0.301589626594092,1.39159407519716,1.04896304851035,-0.486947357915706,-1.61316507629707,-0.626678996811836,2.43894566325345,-0.760254930313105,-2.20397795478422,-1.1895464312306
"Pinus_caribaea","PINCAR",13589.8013067562,1946.23843473755,4524.3398611322,7806.81716135517,7463.27625261899,5517.03781788144,4729,867,1724,2898,2731,1864,0.565756572011385,0.197324932915659,0.186300418268813,0.19959002217612,0.137513577949049,0.197324932915659,0.186300418268813,0.13306001478408,0.565756572011385,0.197324932915659,0.186300418268813,0.19959002217612,2.83703283567,4.21832553645601,0.703981249296475,0.800335340086554,1,1,1,2,"Pinus_caribaea",17,NA,NA,17,NA,NA,NA,NA,NA,1.23044892137827,NA,NA,NA,NA,-0.501965204351694,NA,NA,NA,NA,-0.501965204351694,-1.55439333891575,0.769706924242817,0.463419962955831,-0.64686088324951,-0.225454275846308,NA,NA,-0.827824511464924,1.63322235569073
"NA.27","PINCOR",21113.7823504992,3914.74438098446,7927.99745223671,11409.8270385843,11280.4819450229,7365.73756403849,26095,5109,10098,15677,15098,9989,NA,NA,NA,NA,NA,NA,NA,NA,NA,NA,NA,NA,NA,NA,NA,NA,NA,NA,NA,NA,"Pinochia_corymbosa",NA,NA,NA,NA,NA,NA,NA,NA,NA,NA,NA,NA,NA,NA,NA,NA,NA,NA,NA,NA,NA,NA,NA,NA,NA,NA,NA,NA,NA
"Piper_aduncum","PIPADU",20441.6959856469,3500.51818817109,7414.2062522117,11168.248072559,10966.8728036471,7466.35461547598,18688,2532,6243,11090,10609,8077,2.29595280663716,1.40610850902587,5.73622676389859,1.60067068017311,NA,NA,NA,NA,NA,0.351527127256468,0.738773513631041,0.82874753127616,NA,6.32748832813002,15.800717855071,91.7238093730133,3,2,2,2,"Piper_aduncum",NA,NA,NA,NA,0.548162288,NA,38.55133333,185.006,7,NA,NA,1.58603940308342,2.26718581340105,-0.787331364182681,NA,NA,-0.107983338300069,0.784735868805017,-0.749064011241318,0.689969769535425,-0.787331364182681,-0.114029648761531,-0.107983338300069,0.784735868805017,-0.749064011241318,NA,NA,0.584343775410963,0.261067053566077
"Piper_amalago","PIPAMA",27701.1918531228,4224.48473139293,8722.78426394053,11864.9090587627,11907.6349445228,7683.15021312982,34459,5133,10919,15083,15069,9936,5.67406563349538,2.9285050795028,1.05597186690164,NA,NA,NA,NA,NA,1.06388730628038,NA,NA,NA,2.83703283567,NA,NA,NA,5,4,1,NA,"Piper_amalago",1.36,NA,NA,1.36,NA,150.6111111,56.12189581,271.6523181,5,0.133538908370218,2.17785701244514,1.74913233316736,2.43401341536548,NA,-1.51547499678819,-1.36423450578141,0.151350835921901,1.54622691889744,-0.993834040100283,-1.51547499678819,-2.82188243322058,-1.36423450578141,0.151350835921901,1.54622691889744,-0.993834040100283,NA,NA,1.63598301625314,2.10209611459518
"Piper_blattarum","PIPBLA",21070.578084603,3712.5480790399,7664.39514597133,11256.3747319616,11121.7499167472,7409.20183770731,22244,3245,7402,13564,12742,9497,NA,NA,NA,0.385961574448474,NA,NA,NA,NA,NA,NA,NA,NA,NA,NA,NA,NA,NA,NA,NA,1,"Piper_blattarum",NA,NA,0.1,0.1,0.45785977,183.1759259,47.03291667,270.9554167,2,-1,2.26286839544644,1.67240191164869,2.43289783746469,-1.26710343313371,-2.56282871780171,-0.811827486212553,0.0293417427502595,1.541134820365,-1.36098908338873,-2.56282871780171,-1.26710343313371,-0.811827486212553,0.0293417427502595,1.541134820365,-1.36098908338873,-0.601616618644636,2.62378657278758,0.722558511953814,1.1248368845153
"Piper_glabrescens","PIPGLA",22859.6922958642,3715.15524870902,7659.20904343575,11186.5106390566,11044.3631954417,7329.20794673264,14773,2319,4995,9257,8486,6167,NA,NA,NA,NA,NA,NA,NA,NA,NA,NA,NA,NA,NA,NA,NA,NA,NA,NA,NA,NA,"Piper_glabrescens",NA,NA,470,470,0.351054502,191.9777778,131.3421053,296.9836842,5,2.67209785793572,2.28325096027967,2.11840397337113,2.47273259054096,-1.83455366085858,0.830072334853349,-0.679380847972101,0.73852991122916,1.72296209350826,-0.993834040100283,0.830072334853349,-1.83455366085858,-0.679380847972101,0.73852991122916,1.72296209350826,-0.993834040100283,-2.07351814359201,1.15583003292352,1.8167108736948,1.35144801845785
"Piper_hispidum","PIPHIS",26895.4276532456,4149.13306281716,8459.88879322261,12144.4758108705,12059.5511701852,7910.41810736805,30530,3739,8637,14412,13884,10145,NA,NA,NA,NA,NA,NA,NA,NA,NA,NA,NA,NA,NA,NA,NA,NA,NA,NA,NA,NA,"Piper_hispidum",NA,NA,500,500,0.384120229,NA,116.004,342.15,7,2.69897000433602,NA,2.06447296464051,2.53421654433233,-1.65887736073414,0.854901339236129,NA,0.652774179163306,2.00360798174927,-0.749064011241318,0.854901339236129,-1.65887736073414,-0.0405152709727521,0.652774179163306,2.00360798174927,-0.749064011241318,NA,NA,1.57758280213645,1.3401908740605
"Piper_jacquemontianum","PIPJAC",24095.6216967758,3873.5445384495,7519.66514288448,9810.2588605471,10004.4147773441,6130.8702388946,21675,3456,6257,8179,8428,4972,NA,NA,NA,NA,NA,NA,NA,NA,NA,NA,NA,NA,NA,NA,NA,NA,NA,NA,NA,NA,"Piper_jacquemontianum",NA,NA,NA,NA,NA,NA,NA,NA,NA,NA,NA,NA,NA,NA,NA,NA,NA,NA,NA,-0.897148975984778,-1.84138395144884,-0.69897284574705,0.262435396105337,1.46935065662461,-0.866671509687966,NA,NA,1.21382389282716,1.43869687576735
"Piper_marginatum","PIPMAR",18136.3366796412,3380.50231148861,6914.1447148174,9554.10883975588,9541.54083901457,6161.03852752596,15624,3318,7085,7900,7902,4584,NA,NA,NA,NA,NA,NA,NA,NA,NA,NA,NA,NA,NA,NA,NA,NA,NA,NA,NA,NA,"Piper_marginatum",NA,NA,NA,NA,NA,NA,NA,NA,NA,NA,NA,NA,NA,NA,NA,NA,NA,NA,NA,0.686777081239364,-0.896075250195975,-0.171692250743159,-0.0182474767734655,0.868226682952371,-0.757397928019627,NA,NA,0.703471017319813,0.379617014677175
"Piper_umbellatum","PIPUMB",20358.5184953734,3306.13814087957,7191.56776257977,11204.061005529,10940.3533452544,7634.21520437486,24026,3139,7771,13706,13101,9962,NA,NA,NA,NA,NA,NA,NA,NA,NA,NA,NA,NA,NA,NA,NA,NA,NA,NA,NA,NA,"Piper_umbellatum",NA,NA,NA,NA,NA,NA,NA,NA,NA,NA,NA,NA,NA,NA,NA,NA,NA,NA,NA,-0.161447336369951,-1.65637182427077,-0.348169604780615,0.44633427913827,1.7777514257461,-0.872728291585584,NA,NA,1.34555576949249,1.33825449404845
"Pisonia_albida","PISALB",8209.03021572204,1145.06634724623,2445.45000876646,2851.08047318508,3124.81040582061,1979.74405857438,7491,910,2050,1639,2125,1215,0.840783727909483,2.16563123003525,1.81649903267702,1.99181214956857,NA,NA,NA,NA,0.840783727909483,2.16563123003525,1.81649903267702,1.99181214956857,0.354629102093461,18.3877099555311,5.345375961205,1.24312130244178,1,3,3,3,"Pisonia_albida",10.2,4.1,NA,4.1,0.595706282,270.6666667,26.19749321,109.5637403,3,0.612783856719735,2.432434774575,1.4182597364667,2.03966684983168,-0.534732866679264,-1.07266798220367,0.290020934628348,-0.374769895331633,-0.253783251797805,-1.23860406895925,-1.07266798220367,-0.534732866679264,0.290020934628348,-0.374769895331633,-0.253783251797805,-1.23860406895925,0.860268919879542,0.771973384842615,-0.925775578266085,0.329486999057216
"Piscidia_carthagenensis","PISCAR",10180.7269124938,1149.20895277848,2095.64441776369,2710.13133036392,2779.80920658074,1630.60025380226,15235,1699,3094,3992,4100,2401,0.354629102093461,NA,0.0310500697114688,0.03326500369602,NA,NA,NA,NA,NA,NA,0.0310500697114688,0.03326500369602,NA,NA,4.15023501302408,74.1046227420297,1,NA,1,1,"Piscidia_carthagenensis",64.52,NA,NA,64.52,NA,NA,NA,NA,NA,1.80969435871692,NA,NA,NA,NA,0.0332390658299181,NA,NA,NA,NA,0.0332390658299181,-0.463631909374309,-0.227790366263731,0.410765710243448,-0.548597866509086,-0.605401782176316,NA,NA,-0.197026844969138,0.364568555093672
"Pisonia_subcordata","PISSUB",20806.4153772742,3850.77743078768,7829.38937405497,11220.8675939217,11117.0886576734,7266.31122688577,32128,5991,12191,17502,17327,11336,NA,1.28274485077583,0.719037240589525,0.873622304724166,NA,NA,NA,NA,NA,0.521546565537368,0.367046618288978,0.487660730275692,NA,39.955141700605,0.351990622300547,5.15956142377819,NA,3,4,7,"Pisonia_subcordata",14,NA,NA,14,0.521259838,NA,145.34,138.42,17,1.14612803567824,NA,2.16238515585724,2.14119884490474,-0.930262529140357,-0.579875007663223,NA,0.808464418111035,0.209663471860335,0.474786133053506,-0.579875007663223,-0.930262529140357,-1.01061919386417,0.808464418111035,0.209663471860335,0.474786133053506,NA,NA,1.0513786598081,0.913851189840929
"Pithecellobium_dulce","PITDUL",15600.925054701,2238.40298203193,4198.28407835122,5460.59054454323,5669.10571135301,3430.70272932108,4316,419,648,788,881,462,3.00789404863719,2.53738825512749,2.56354368742607,0.632035070224381,NA,NA,NA,NA,0.45187644201409,0.253793399412102,0.629629230773597,0.632035070224381,5.31943655978538,0.351527127256468,0.703981249296475,17.039133714746,6,4,5,1,"Pithecellobium_dulce",100.8,NA,NA,100.8,NA,NA,NA,NA,NA,2.00346053210951,NA,NA,NA,NA,0.212272816864596,NA,NA,NA,NA,0.212272816864596,-1.428231014784,-0.132252429727122,0.84163773453165,-2.07139287340688,-1.38087986957641,NA,NA,-1.12821027833281,1.29575642070953
"NA.28","PITUNG",5003.11606083526,748.744375400127,1658.60815099092,1898.07450754621,2098.18877692732,1349.44440152719,4221,666,1388,995,1280,614,NA,3.68231301950361,13.5867574890436,13.8260420212887,NA,NA,NA,NA,NA,0.870096001451864,2.25754096936728,0.833600343782574,NA,0.703054259202135,18.6902953213896,7.80446808828098,NA,5,8,8,"Pithecellobium_unguis-cati",88.77,85.4,NA,85.4,0.937801719,191.7777778,10.42350886,101.114154,8,1.93145787068901,2.28279828199019,1.01801393988633,2.00481195256278,1.28280045601497,0.145744659070643,-0.682322367753213,-1.01120099684268,-0.412879780247692,-0.626678996811836,NA,NA,NA,NA,NA,NA,NA,NA,NA,NA
"Plumeria_alba","PLUALB",18481.0515224484,2366.30711372988,4841.06218900857,6271.1611694654,6642.0109291824,4275.70381545252,21022,2529,4847,5825,6414,3885,NA,NA,NA,0.385961574448474,NA,NA,NA,NA,NA,NA,NA,NA,NA,NA,NA,NA,NA,NA,NA,1,"Plumeria_alba",26,4.1,NA,4.1,0.495394562,470.8,70.72504087,50.55852892,9,0.612783856719735,2.6728364541714,1.84957320709559,1.70379442897645,-1.06768324846636,-1.07266798220367,1.8521596816613,0.311061934894163,-1.78688592451182,-0.504293982382353,-1.07266798220367,-1.06768324846636,1.8521596816613,0.311061934894163,-1.78688592451182,-0.504293982382353,1.20199956717969,-1.45213194802943,-2.54479043360646,1.53201554456141
"Pluchea_carolinensis","PLUCAR",24646.2692312337,3888.77436357178,7626.28453364782,10098.226500975,10283.958571557,6395.18420798518,34260,5049,10321,13915,14334,9285,NA,NA,NA,NA,NA,NA,NA,NA,NA,NA,NA,NA,NA,NA,NA,NA,NA,NA,NA,NA,"Pluchea_carolinensis",NA,NA,NA,NA,NA,NA,NA,NA,NA,NA,NA,NA,NA,NA,NA,NA,NA,NA,NA,0.0170686566129873,-1.0672192860436,0.395438817702661,0.547140433540307,0.709606903927473,-0.187434713209128,NA,NA,0.340985820803343,1.10533394129366
"Plumeria_obtusa","PLUOBT",12428.2543345802,2567.55588337034,4921.46467416734,6634.3237893898,6644.24898191914,4076.6930985488,8222,2862,4432,3818,4245,1383,0.766239306079132,0.57740099324224,0.634720228171998,1.08194453552793,NA,0.0282342332482215,NA,NA,0.41161020398567,0.57740099324224,0.282729605871451,0.310021386630984,1.41851641310442,2.10916277291721,0.351990622300547,1.57225849413204,2,4,4,4,"Plumeria_obtusa",NA,NA,NA,NA,0.532799342,238.7777778,49.96721869,227.0050419,3.5,NA,2.37799390609254,1.69868517611454,2.35603550320648,-0.868953810055152,NA,-0.063737783785575,0.0711347786752426,1.19029371890674,-1.17741156174451,-0.0717267741988877,-0.868953810055152,-0.063737783785575,0.0711347786752426,1.19029371890674,-1.17741156174451,NA,NA,0.570619359600651,0.556481743703489
"Podocarpus_coriaceus","PODCOR",21001.9017820582,3610.29962751269,6672.11946383491,8140.63678003103,8424.21758420393,4813.91795669124,18724,3692,5800,4910,5612,1920,0.0284905509461046,1.78586986953056,0.788800126362528,0.478967990437769,NA,0.0282342332482215,NA,NA,0.0284905509461046,0.0282342332482215,0.0848188817614354,0.0930064159892951,29.6684976313918,0.409671157981994,0.351990622300547,2.90061637604919,1,2,3,2,"Podocarpus_coriaceus",160.4,NA,NA,160.4,NA,NA,NA,NA,NA,2.20520436394814,NA,NA,NA,NA,0.398677669320454,NA,NA,NA,NA,0.398677669320454,-0.553089467109973,-0.780902220585208,0.498374967548886,0.860335272928782,0.281826560407931,NA,NA,1.35953123388159,0.322600534604337
"Poitea_florida","POIFLO",26073.0581015646,3772.13253812864,7574.29609433189,10053.9804493599,10271.4632387757,6499.33070064709,20345,2530,4545,5118,5671,3141,0.0569811018922092,2.99185771591341,3.29368936451289,3.67056425698143,NA,NA,0.0310500697114688,0.0665300073920401,0.0569811018922092,2.23065943067495,2.16813295955135,2.4558551512568,10.5050856754436,22.1462091296983,4.92786873568456,0.41437376563808,1,3,3,4,"Poitea_florida",17,NA,NA,17,0.875470216,202.3888889,7.41175887,126.1967688,14,1.23044892137827,2.30618666616245,0.869921281783952,2.10104823517519,0.951636776225474,-0.501965204351694,-0.530343807506367,-1.24668322882876,0.0263944587906534,0.107631089765059,-0.501965204351694,0.951636776225474,-0.530343807506367,-1.24668322882876,0.0263944587906534,0.107631089765059,1.17067144588546,0.870256494712475,-0.108506604230138,-1.55006832302509
"Poitea_punicea","POIPUN",17949.6772706136,2410.03137455136,5188.6343501322,8087.41058798879,8075.61755124107,5665.58617668971,12309,1513,3255,6752,6802,5289,NA,NA,NA,NA,NA,NA,NA,NA,NA,NA,NA,NA,NA,NA,NA,NA,NA,NA,NA,NA,"Poitea_punicea",NA,NA,NA,NA,NA,NA,NA,NA,NA,NA,NA,NA,NA,NA,NA,NA,NA,NA,NA,-0.37526466700042,0.860122019418531,-0.554249444103838,-1.0387417639038,0.0664642791943138,0.198224065482783,NA,NA,0.0366308936643776,-1.39577291658023
"Pouteria_dictyoneura","POUDIC",23047.6705466229,3813.87535495404,7341.76942123845,9030.53065231908,9285.23823692556,5471.36288197152,15163,2892,4952,4237,4651,1759,NA,NA,NA,NA,NA,NA,NA,NA,NA,NA,NA,NA,NA,NA,NA,NA,NA,NA,NA,NA,"Pouteria_dictyoneura",NA,NA,NA,NA,0.885627236,234.5185185,38.90802461,124.7328892,25,NA,2.37017714199704,1.59003918190232,2.09598098206539,1.00560043756853,NA,-0.114531397584347,-0.101623287398191,0.00326478572559591,1.45386624848936,1.58893391560491,1.00560043756853,-0.114531397584347,-0.101623287398191,0.00326478572559591,1.45386624848936,NA,NA,0.619454346843638,-1.22732980126241
"Pouteria_multiflora","POUMUL",24519.03389889,4048.53800016642,7888.84809037298,10420.3235923275,10561.419231534,6512.88123136759,37770,6263,12180,16031,16256,9993,2.59636591843865,0.872459654002265,0.169637763522871,0.155010693315492,NA,0.0847026997446644,0.0565459211742903,0.0930064159892951,0.823220407971341,0.520932526745797,0.169637763522871,0.155010693315492,0.354629102093461,2.46068990486287,1.7599531208935,7.74764370590177,4,3,3,2,"Pouteria_multiflora",16000,NA,NA,16000,0.820799137,191.962963,171.3426458,105.6834608,14,4.20411998265593,2.28321744476434,2.23386546880662,2.02400702661379,0.661172487249445,2.24561181140099,-0.67959863299434,0.92212531023134,-0.325263121351992,0.107631089765059,2.24561181140099,0.661172487249445,-0.67959863299434,0.92212531023134,-0.325263121351992,0.107631089765059,-0.542842278894292,-0.786819400859607,0.891018470631622,-0.764350170758355
"Prestoea_montana","PREMON",8018.70697553772,1398.75839786762,3019.5017968332,4203.15954801554,3859.74239891138,2460.98400104375,6729,1365,3075,3962,3552,2187,6.9358230752534,7.45288767971633,8.78998231157139,7.06988302757176,0.0284905509461046,0.367045032226879,NA,NA,6.9358230752534,7.45288767971633,8.78998231157139,7.06988302757176,2.48240372884596,31.6321156883835,19.8465760652365,23.7543506191632,21,19,20,17,"Prestoea_montana",NA,NA,732.5,732.5,0.308658766,NA,55241.01067,174.4793333,23,2.86480762902615,NA,4.74226161567757,2.24174399309859,-2.05979976058994,1.00813000392571,NA,4.91072765513709,0.668605694719587,1.2090962196304,1.00813000392571,-2.05979976058994,-1.14344352033217,4.91072765513709,0.668605694719587,1.2090962196304,NA,NA,2.94673510879722,3.62573304466372
"Prosopis_juliflora","PROJUL",5715.54354217149,729.872361727701,1491.0649730418,1403.13957854607,1671.61658261911,941.744220891411,6808,848,1685,1165,1567,719,NA,NA,NA,NA,NA,NA,NA,NA,NA,NA,NA,NA,NA,NA,NA,NA,NA,NA,NA,NA,"Prosopis_juliflora",NA,NA,NA,NA,NA,NA,NA,NA,NA,NA,NA,NA,NA,NA,NA,NA,NA,NA,NA,0.383753014671037,-0.147900696759333,-1.0970391222172,0.70668736614698,-0.0291902599332099,-0.525088515728413,NA,NA,0.834378654956236,-0.0156954373681333
"Prunus_myrtifolia","PRUMYR",11173.1486922137,2823.44318808976,5003.17967455194,6107.42339989194,6202.94862078736,3379.5054326976,7913,2546,3927,3973,4274,1728,0.354629102093461,NA,NA,0.385961574448474,NA,NA,NA,NA,NA,NA,NA,NA,NA,NA,NA,NA,1,NA,NA,1,"Prunus_myrtifolia",NA,NA,NA,NA,0.915410877,161.1944444,22.23997487,143.0545095,8.5,NA,2.2073500696775,1.34713429218041,2.15550155259985,1.16383920410508,NA,-1.17258756076639,-0.487866510559911,0.27494873505219,-0.565486489597094,-0.0455737468867587,1.16383920410508,-1.17258756076639,-0.487866510559911,0.27494873505219,-0.565486489597094,NA,NA,0.559030882687936,-1.6108365969548
"Pseudolmedia_spuria","PSESPU",17588.7390849246,3453.95713085728,6381.2866267995,7229.3351111738,7450.93271880317,3996.9755879459,4013,1494,2273,1909,2177,683,0.0284905509461046,1.51904544201876,3.33755336422779,2.85674171445481,0.0284905509461046,0.0282342332482215,NA,0.0620042773261967,0.0284905509461046,0.815991187505822,0.873619008123964,0.92693384221244,2.5560176066231,1.75763564097154,37.3417304661534,27.1143559769672,1,2,5,4,"Pseudolmedia_spuria",1700.84,NA,NA,1700.84,0.690606911,148.962963,41.23085309,170.6363223,19,3.23066346094627,2.17307830220972,1.61522232069626,2.23207148225602,-0.0305312992314561,1.3461690990874,-1.39528673649849,-0.0615795620197702,0.624455144380163,0.71955616191247,1.3461690990874,-0.0305312992314561,-1.39528673649849,-0.0615795620197702,0.624455144380163,0.71955616191247,-1.05412270189485,0.363852387305579,1.77325125102899,-0.697061323966121
"Psidium_amplexicaule","PSIAMP",7691.87800469843,2192.64972988621,3715.65039472748,4020.01723263925,4225.10295199766,2032.45322211145,3481,1492,2296,2053,2279,787,NA,NA,NA,NA,NA,NA,NA,NA,NA,NA,NA,NA,NA,NA,NA,NA,NA,NA,NA,NA,"Psidium_amplexicaule",NA,NA,NA,NA,0.868829502,294.3703704,44.94817458,70.12547143,6,NA,2.4688940943225,1.65271205900738,1.84587579389002,0.916355045819107,NA,0.52693490363082,-0.00196710474335835,-1.13835003181422,-0.8714490256708,0.0366049237859384,0.916355045819107,0.52693490363082,-0.00196710474335835,-1.13835003181422,-0.8714490256708,NA,NA,-1.38207419337402,-0.769034706367354
"Psychotria_berteroana","PSYBER",8603.00138518593,1831.52479476668,3461.91801244259,5428.09647641567,5023.39976988919,3191.87497512251,12877,2505,5109,8746,8012,5507,7.09258204186923,3.51527127256468,2.11194373380328,3.20134136034622,NA,NA,NA,NA,2.12777461256077,1.0545813817694,0.351990622300547,0.385961574448474,8.51109849754885,63.5629404865241,0.703981244601093,3.2013413710223,11,8,4,5,"Psychotria_berteroana",NA,NA,7,7,0.468008213,189.8395062,161.1968341,346.6437271,9,0.845098040014257,2.27838659554802,2.20735650802489,2.53988334556896,-1.21318534089688,-0.858017102096195,-0.7109896646816,0.879973394447657,2.02947431545865,-0.504293982382353,-0.858017102096195,-1.21318534089688,-0.7109896646816,0.879973394447657,2.02947431545865,-0.504293982382353,-1.8248892524399,1.57048120366458,1.71237255164375,1.26776174355155
"Psychotria_brachiata","PSYBRA",18803.6477779914,2758.58681389689,6096.72467988729,9591.91258155741,9325.30123358406,6566.71441968717,15553,2359,5221,9782,9020,6661,1.06388730628038,0.703054254512936,0.351990622300547,NA,NA,NA,NA,NA,NA,NA,NA,NA,NA,NA,NA,NA,2,1,1,NA,"Psychotria_brachiata",NA,NA,5,5,0.418549807,262.9111111,75.7,325.123,5,0.698970004336019,2.41980894056604,1.87909587950007,2.51204769364181,-1.4759549989217,-0.993034736499279,0.207977811834409,0.358005955489666,1.90241740421361,-0.993834040100283,-0.993034736499279,-1.4759549989217,0.207977811834409,0.358005955489666,1.90241740421361,-0.993834040100283,-1.15757912449743,1.42819631306873,0.785662007011042,1.44385164786811
"Psychotria_grandis","PSYGRA",18061.68440862,3217.6666636169,6671.52684856951,9768.8684540838,9665.79662950337,6448.12996588647,20415,2942,6877,11674,11252,8310,NA,NA,0.351990622300547,0.385961574448474,NA,NA,NA,NA,NA,NA,NA,0.385961574448474,NA,NA,NA,0.771923148896948,NA,NA,1,1,"Psychotria_grandis",NA,NA,800,800,0.325769462,126.8222222,195.9793802,196.1266613,17,2.90308998699194,2.10319535869752,2.29221037984402,2.29253663532217,-1.96889161978802,1.04350167910031,-1.84938861299285,1.01489959122655,0.900450677254604,0.474786133053506,1.04350167910031,-1.96889161978802,-1.84938861299285,1.01489959122655,0.900450677254604,0.474786133053506,-2.75073846333656,0.56377956393232,2.57899649291742,1.32810379250694
"Psychotria_maleolens","PSYMAL",5651.54519276073,865.028815961861,1816.22724461874,2161.71419159591,2002.71476571746,1137.6859497556,1640,694,952,1103,1027,333,NA,NA,NA,NA,NA,NA,NA,NA,NA,NA,NA,NA,NA,NA,NA,NA,NA,NA,NA,NA,"Psychotria_maleolens",NA,NA,NA,NA,0.38,NA,28.61866667,236.9306667,NA,NA,NA,1.45664939632277,2.37462127649579,-1.68076789973198,NA,NA,-0.313726472221194,1.2751292008786,NA,-0.731350512031292,-1.68076789973198,0.166202231529327,-0.313726472221194,1.2751292008786,-2.08353302420584,NA,NA,0.118532688779641,1.1433759190039
"NA.29","PSYMAR",16840.7890239218,2046.92020499613,4185.73545090202,6318.55491460487,6332.3056284301,4285.38542343397,11072,1173,1828,1538,1792,619,NA,NA,NA,NA,NA,NA,NA,NA,NA,NA,NA,NA,NA,NA,NA,NA,NA,NA,NA,NA,"Psychotria_maricaensis",NA,NA,NA,NA,NA,NA,NA,NA,NA,NA,NA,NA,NA,NA,NA,NA,NA,NA,NA,NA,NA,NA,NA,NA,NA,NA,NA,NA,NA
"Psychotria_pubescens","PSYPUB",25613.4301876426,4275.45154088736,8457.21513473988,11216.8201261759,11234.295234412,6958.8436935246,30923,5549,10941,14172,13945,8396,NA,NA,NA,NA,NA,NA,NA,NA,NA,NA,NA,NA,NA,NA,NA,NA,NA,NA,NA,NA,"Psychotria_pubescens",NA,NA,NA,NA,NA,NA,NA,NA,NA,NA,NA,NA,NA,NA,NA,NA,NA,NA,NA,-0.719878115140724,-1.26028879123008,-0.810525263296102,0.517072966882299,1.66189901671999,-0.745409230306723,NA,NA,1.46034559681746,1.05281734021324
"Pterocarpus_indicus","PTEIND",24457.4521021992,4024.91589210182,7835.57665008307,10317.5791405626,10473.760093417,6448.84420131519,24896,3672,6768,7540,8242,4570,NA,NA,NA,NA,NA,NA,NA,NA,NA,NA,NA,NA,NA,NA,NA,NA,NA,NA,NA,NA,"Pterocarpus_indicus",NA,NA,NA,NA,NA,NA,NA,NA,NA,NA,NA,NA,NA,NA,NA,NA,NA,NA,NA,-0.107513099356632,0.581185084126062,-0.320329116318404,0.0799973272853438,0.00614856290913992,0.0525463186319816,NA,NA,0.13411034363845,-0.597179104751927
"Quadrella_cynophallophora","QUACYN",11041.2157353513,1388.5114908791,2946.31865391492,3583.56148875481,3880.1996549354,2491.6881640563,7884,879,1916,1441,1885,1006,NA,3.19197837855643,4.2521604281937,2.73273315980242,NA,NA,NA,NA,NA,0.731288487761158,1.78822607208988,0.802925287560046,NA,19.8492995281576,0.703981249296475,NA,NA,3,4,3,"Quadrella_cynophallophora",54,21.1,NA,21.1,0.914228459,302.6666667,17.5153121,48.21396184,6,1.32428245529769,2.48096459384925,1.24341788028347,1.68317281981645,1.15755708547994,-0.415266018129976,0.605369443016874,-0.652786044587022,-1.88101405815955,-0.8714490256708,-0.415266018129976,1.15755708547994,0.605369443016874,-0.652786044587022,-1.88101405815955,-0.8714490256708,2.50068003070269,-0.427434597210647,-2.15580036227403,-1.19444251676371
"Quadrella_indica","QUAIND",8262.67037340566,1081.29678924564,2226.02280089092,2191.78600387181,2496.61318542255,1415.31639617691,6979,873,1755,1169,1525,652,NA,NA,NA,0.385961574448474,NA,NA,NA,NA,NA,NA,NA,NA,NA,NA,NA,NA,NA,NA,NA,1,"Quadrella_indica",NA,NA,NA,NA,0.744333565,266.3888889,19.34684572,76.35501008,5,NA,2.42551610642149,1.28661016842137,1.88283753882154,0.254915314199589,NA,0.245063180511986,-0.584105959121421,-0.969636715614003,-0.993834040100283,-0.240649584198691,0.254915314199589,0.245063180511986,-0.584105959121421,-0.969636715614003,-0.993834040100283,NA,NA,-1.22240232869505,-0.567201519528206
"Quararibea_turbinata","QUATUR",22765.7311229426,3463.37688077614,7153.64636053331,9040.24554875307,9097.40654716082,5634.02966638468,20115,3071,6366,6862,6779,3708,3.22015246978726,3.16374414530821,3.51990622300546,4.63153889338169,0.0284905509461046,NA,NA,NA,2.15626516350687,1.75763563628234,1.75995311150273,1.92980787224237,10.7124870068091,0.819342321428799,64.9117606825214,0.41437376563808,3,3,4,4,"Quararibea_turbinata",NA,NA,NA,NA,0.591129426,152.5555555,101.3003715,182.3588953,10,NA,2.18342802763928,2.00561103805627,2.26092695265382,-0.559049438587159,NA,-1.32803384899034,0.559177791410744,0.756167056530116,-0.381908967952871,-0.234761149264529,-0.559049438587159,-1.32803384899034,0.559177791410744,0.756167056530116,-0.381908967952871,NA,NA,1.38157688206171,0.305207418690475
"Randia_aculeata","RANACU",24674.7344050314,3493.36805124767,7319.88595159911,9315.18720629998,9590.40266942047,6097.03461817279,21741,3000,6099,5335,6058,3058,3.69351880487236,4.6253337421563,3.30708467682471,5.1879736149678,NA,NA,NA,NA,NA,NA,NA,0.771923148896948,NA,NA,NA,23.271343319192,6,8,8,8,"Randia_aculeata",NA,63.5,NA,63.5,0.981954371,198.9920635,4.859957305,134.3271019,6.5,1.80277372529198,2.29883575557107,0.686632453977447,2.12816364497071,1.51738094910504,0.0268446217434671,-0.578110288506244,-1.53813091315726,0.15016379693219,-0.810256518456059,0.0268446217434671,1.51738094910504,-0.578110288506244,-1.53813091315726,0.15016379693219,-0.810256518456059,1.725252074126,1.35122609341723,-0.224170077959978,-2.30647785361829
"Rauvolfia_nitida","RAUNIT",20098.364319097,2593.2038561081,6122.55911782882,8173.54180446608,8387.24301741065,5794.03916130255,15406,1463,4796,5681,6054,4591,0.354629102093461,NA,NA,NA,NA,NA,NA,NA,0.354629102093461,NA,NA,NA,2.83703283093942,NA,NA,NA,1,NA,NA,NA,"Rauvolfia_nitida",NA,NA,NA,NA,0.465,NA,22.81,457.95,7,NA,NA,1.35812528527665,2.66081806335434,-1.22916780303438,NA,NA,-0.470389725287704,2.58148551836892,-0.749064011241318,0.00371076183835167,-1.22916780303438,-1.41939084548217,-0.470389725287704,2.58148551836892,-0.749064011241318,NA,NA,2.38927048895108,0.233136718093462
"Ravenia_urbanii","RAVURB",4696.72616410486,782.121846163673,1734.59221320518,2199.18455849697,1946.70499099639,1164.58314483272,1933,586,1042,1385,1160,574,NA,NA,NA,NA,NA,NA,NA,NA,NA,NA,NA,NA,NA,NA,NA,NA,NA,NA,NA,NA,"Ravenia_urbanii",NA,NA,NA,NA,NA,NA,NA,NA,NA,NA,NA,NA,NA,NA,NA,NA,NA,NA,NA,-0.49137455268542,0.705680849120755,-0.313674249531441,0.0859882685706185,-0.425096895020745,-0.23729212145414,NA,NA,-0.302443108829408,-0.635664150147628
"Reynosia_krugii","REYKRU",16904.5044430122,3289.6592868492,6506.81895580515,9098.43963640556,9047.51218985952,5757.85290301032,12388,3392,5739,6281,6533,3141,NA,NA,NA,NA,NA,NA,NA,NA,NA,NA,NA,NA,NA,NA,NA,NA,NA,NA,NA,NA,"Reynosia_krugii",NA,NA,NA,NA,1.016846855,211.5555556,40.81507101,108.5667656,5,NA,2.32542443470037,1.61082055642099,2.03569689960371,1.70276270379233,NA,-0.405336096703415,-0.0685788102573138,-0.27190424336224,-0.993834040100283,0.905132716656711,1.70276270379233,-0.405336096703415,-0.0685788102573138,-0.27190424336224,-0.993834040100283,NA,NA,-0.157551805873795,-1.83188846236459
"Reynosia_uncinata","REYUNC",4169.15086476865,591.896833836997,974.964103347123,720.754124067645,899.737162018605,307.840328181608,5075,700,1184,784,1026,326,NA,NA,NA,NA,NA,NA,NA,NA,NA,NA,NA,NA,NA,NA,NA,NA,NA,NA,NA,NA,"Reynosia_uncinata",NA,289.7,NA,289.7,1.022220268,305.2222222,1.786479783,52.36390189,NA,2.46194849520376,2.48461614994962,0.25199810579946,1.7190320004868,1.73131133709111,0.635901040510755,0.629097385687329,-2.22924327293417,-1.71733343922973,NA,0.635901040510755,1.73131133709111,0.629097385687329,-2.22924327293417,-1.71733343922973,0.0829789989280034,NA,NA,-2.00600131509126,-2.60599800248318
"Reynosia_vivesiana","REYVIV",3758.68697089684,1185.23882810067,1907.1821026539,1606.93174112646,1803.19510637486,617.956278274185,1182,356,511,365,413,57,NA,NA,NA,NA,NA,NA,NA,NA,NA,NA,NA,NA,NA,NA,NA,NA,NA,NA,NA,NA,"Reynosia_vivesiana",NA,NA,NA,NA,1.014792494,393.8765432,12.82328236,45.83918662,8,NA,2.59536011774202,1.1079992052434,1.66123690281667,1.69184800230701,NA,1.34871566530635,-0.868115367861027,-1.98114140084273,-0.626678996811836,0.435466431900916,1.69184800230701,1.34871566530635,-0.868115367861027,-1.98114140084273,-0.626678996811836,NA,NA,-2.58007653387547,-1.68936981030845
"Rhizophora_mangle","RHIMAN",22990.7823266489,2674.84850388952,5880.7358226385,8386.96752891224,8584.140174645,5909.29167075548,21102,1551,3832,5736,6038,4487,0.497081856823984,1.49081120877054,2.46393435610383,5.46999204967068,NA,0.0282342332482215,NA,NA,0.142452754730523,0.0847026997446644,NA,0.0665300073920401,64.3018028105358,NA,1.40796249389757,32.1886808782829,2,1,1,2,"Rhizophora_mangle",10100,NA,NA,10100,NA,NA,NA,NA,NA,4.00432137378264,NA,NA,NA,NA,2.06100428279165,NA,NA,NA,NA,2.06100428279165,2.35304283308461,-3.4249593332092,-0.190440701237142,3.36663177442205,0.713120443015014,NA,NA,4.67870926090164,-3.29572258105202
"NA.30","ROCACA",8681.46578456741,1045.08532173093,2554.20223151892,2734.51270195749,3111.16357102618,2066.07824929524,4967,621,1395,914,1243,622,NA,1.40610850902587,1.40796248920219,1.5438462977939,NA,NA,NA,NA,NA,0.703054254512936,1.05597186690164,1.5438462977939,NA,46.2164971989504,0.351990622300547,2.37259383421859,NA,1,1,1,"Rochefortia_acanthophora",NA,16.1,NA,16.1,0.927591145,202.7222222,1.385829067,102.0599372,4,1.20682587603185,2.30690135821374,0.141709666180041,2.00885529676417,1.22855226535923,-0.523792143208889,-0.525699712891971,-2.40461299251804,-0.39442377904915,-1.11621905452976,NA,NA,NA,NA,NA,NA,NA,NA,NA,NA
"Rondeletia_inermis","RONINE",22596.5921895243,3530.00876012817,6929.50187307224,9040.55950750783,9305.61270252243,5775.60394239426,18154,3508,5810,6606,6993,3485,0.709258204186922,1.75763563628234,3.87189684530601,3.85961574448474,NA,NA,NA,NA,NA,NA,NA,NA,NA,NA,NA,NA,2,1,4,3,"Rondeletia_inermis",0.0788,NA,NA,0.0788,0.778105128,290.3,14.82239832,111.2521323,5,-1.10347378251044,2.46284703583167,1.17091847981549,2.0463083435833,0.434341680275227,-2.65843518559864,0.487640900402725,-0.768067388433589,-0.223467896355726,-0.993834040100283,-2.65843518559864,0.434341680275227,0.487640900402725,-0.768067388433589,-0.223467896355726,-0.993834040100283,1.83157824689503,1.19781900242727,-1.54187234038945,-0.280105281909855
"Rondeletia_portoricensis","RONPOR",7737.52873699879,1590.04671817773,3056.78376288328,5029.03210206761,4751.06791917444,3161.02120099671,11529,2438,4853,7987,7512,5074,NA,NA,NA,NA,NA,NA,NA,NA,NA,NA,NA,NA,NA,NA,NA,NA,NA,NA,NA,NA,"Rondeletia_portoricensis",NA,NA,NA,NA,0.780191659,NA,36.14,185.9493333,19,NA,NA,1.55798814822491,2.26939462558475,0.445427299114787,NA,NA,-0.152587656898529,0.794818077560726,0.71955616191247,-2.10470260900425,0.445427299114787,-1.42753909186495,-0.152587656898529,0.794818077560726,0.71955616191247,NA,NA,1.0389523297161,-0.476170559538655
"Samyda_dodecandra","SAMDOD",24353.1651507169,3573.32455182076,7174.39847636223,9443.49685764313,9736.65376670659,6163.32921488583,13616,2002,3360,3924,4386,2384,NA,NA,NA,1.5722584889835,NA,NA,NA,NA,NA,NA,NA,NA,NA,NA,NA,NA,NA,NA,NA,2,"Samyda_dodecandra",NA,NA,NA,NA,0.8004896,216.8148148,29.9330665,123.39608,6.5,NA,2.33608895390911,1.47615121051911,2.09130136341351,0.553269088742579,NA,-0.336037667913642,-0.282716624781237,-0.0180955148439256,-0.810256518456059,-1.45982899918941,0.553269088742579,-0.336037667913642,-0.282716624781237,-0.0180955148439256,-0.810256518456059,NA,NA,-0.452964221983359,-0.552253532033652
"Samanea_saman","SAMSAM",18796.5417729374,3405.98643291555,6952.59144373611,9745.67519888282,9777.76526388712,6371.77883097157,21055,3768,7450,11368,11625,7857,0.0687567889745246,0.0986624664578293,0.15247323943302,0.0997950110880602,NA,NA,NA,NA,0.0687567889745246,0.0986624664578293,0.15247323943302,0.0997950110880602,21.1573991736515,4.56985268246928,3.16791561948645,6.98752967730948,1,1,3,1,"Samanea_saman",176,NA,NA,176,NA,NA,NA,NA,NA,2.24551266781415,NA,NA,NA,NA,0.435921253753302,NA,NA,NA,NA,0.435921253753302,-0.233588126985793,-1.03617242274978,0.772777823245051,-0.0873617656092018,-0.488235695730688,NA,NA,0.801975181203798,0.0935512482303082
"NA.31","SAMSPI",24742.2794773579,4143.89688697457,8097.41664123535,11104.5988171101,11078.0982379615,6934.20135098696,17250,3687,6627,7476,7342,3655,NA,NA,NA,NA,NA,NA,NA,NA,NA,NA,NA,NA,NA,NA,NA,NA,NA,NA,NA,NA,"Samyda_spinulosa",NA,NA,0.3,0.3,0.77927475,NA,64.33,231.4566667,8,-0.522878745280338,NA,1.80841355140037,2.36446969438357,0.440555814490518,-2.12198392825341,NA,0.245613939597934,1.22879191117529,-0.626678996811836,NA,NA,NA,NA,NA,NA,NA,NA,NA,NA
"Sapium_laurocerasus","SAPLAU",17295.7331905216,3158.35071084276,6181.28794862702,8628.37016591802,8420.20818061009,5261.85746976733,9505,2148,4122,6475,5851,3703,1.91559826519783,0.141171166241107,0.113091842348581,0.155010693315492,0.0854716528383138,0.056468466496443,NA,NA,1.20634006101091,0.141171166241107,0.113091842348581,0.155010693315492,6.24953643514835,1.52239657594174,2.11194374319404,35.1343125329893,3,5,4,5,"Sapium_laurocerasus",NA,NA,21.4286,21.4286,0.469707152,271.8730159,74.19376109,277.3738731,24,1.33099379810035,2.43436610487591,1.87036738724528,2.44306555081484,-1.20415897599473,-0.40906495188915,0.302570788279255,0.344126774277245,1.58754574172859,1.33148123405988,-0.40906495188915,-1.20415897599473,0.302570788279255,0.344126774277245,1.58754574172859,1.33148123405988,-1.66703508930975,-0.0786280188447687,1.17393734440432,1.24707007782076
"Sapindus_saponaria","SAPSAP",18773.809424825,3410.70418304205,6968.50561157614,9719.59346798807,9746.96859845333,6336.26441541128,28093,5152,10539,14704,14746,9594,0.113962203784418,NA,NA,NA,NA,NA,NA,NA,0.113962203784418,NA,NA,NA,1.28472898789956,NA,NA,NA,2,NA,NA,NA,"Sapindus_saponaria",767,NA,NA,767,NA,NA,NA,NA,NA,2.88479536394898,NA,NA,NA,NA,1.02659803214378,NA,NA,NA,NA,1.02659803214378,1.62392782980195,-2.15056027790833,0.251833603553451,1.69356186536271,0.853395787432172,NA,NA,2.7675372721512,-1.97045490419853
"Savia_sessiliflora","SAVSES",9591.90109843776,1249.66657136292,3083.82219672679,4389.51650426259,4560.27312416746,3310.60655280454,7400,795,2393,2441,2945,2150,0.737748755133027,0.703054254512936,NA,NA,NA,NA,NA,NA,0.383119653039566,0.351527127256468,NA,NA,2.1277746267525,10.1942867373296,NA,NA,1,1,NA,NA,"Savia_sessiliflora",NA,NA,NA,NA,NA,NA,NA,NA,NA,NA,NA,NA,NA,NA,NA,NA,NA,NA,NA,-0.432418474596693,-0.339698062547045,-1.3850686718353,0.109096054112511,0.348825154112306,-0.256198348255654,NA,NA,1.03649924599994,-0.0740922180538422
"Schaefferia_frutescens","SCHFRU",23701.2544968668,3800.74243319593,7438.82503628731,9577.22393861786,9818.11335765384,6017.37092445791,28952,4374,8461,10772,11480,7106,NA,0.703054254512936,1.05597186690164,2.34418163788045,NA,NA,NA,NA,NA,NA,0.703981244601093,0.385961574448474,NA,NA,15.2011134377336,51.5387901148821,NA,1,2,5,"Schaefferia_frutescens",38.2968,5.3,NA,5.3,0.942216616,238.4343434,8.222583301,114.0863914,7,0.724275869600789,2.37736881010717,0.915008281909193,2.05723384343344,1.30625654909862,-0.969652925824044,-0.0677996799461873,-1.17499036059954,-0.173598029165275,-0.749064011241318,-0.969652925824044,1.30625654909862,-0.0677996799461873,-1.17499036059954,-0.173598029165275,-0.749064011241318,1.90265210912052,1.05654898985873,-0.880240081250305,-1.63177412330249
"Schefflera_gleasonii","SCHGLE",13950.4560815077,2005.38065079413,4655.73577371612,7843.10429413617,7572.60670917854,5567.2260583844,20415,2942,6877,11674,11252,8310,0.0284905509461046,NA,NA,NA,0.0284905509461046,NA,NA,NA,0.0284905509461046,NA,NA,NA,2.83703282620885,NA,NA,NA,1,NA,NA,NA,"Schefflera_gleasonii",NA,NA,NA,NA,NA,NA,NA,NA,NA,NA,NA,NA,NA,NA,NA,NA,NA,NA,NA,-1.15939644904725,-1.38644626216891,0.14028618390888,0.416108868956851,0.544028242235747,1.90441918823843,NA,NA,0.648698890040105,1.55131927200004
"Schefflera_morototoni","SCHMOR",16787.0670011234,2768.320357305,6067.78768046945,8290.85391020402,7973.68204614148,5205.36168883648,9200,1452,3903,4820,4349,2897,6.30089897591278,5.32971703271451,4.77594298972462,3.83502425324273,1.2250936906825,1.27054049616997,0.681328163215807,0.372025663957181,4.09951047138314,3.92360852368864,4.03716947609358,3.83502425324273,10.3111247274459,1.6386846428576,56.8444518365063,8.57639125300255,27,30,36,35,"Schefflera_morototoni",140,NA,1.4,1.4,0.401807862,261,2572.314077,221.0996571,28,0.146128035678238,2.41664050733828,3.41032399441563,2.34458806903872,-1.56490398693236,-1.50384304553093,0.187389218939464,2.79281277711409,1.13804146230996,1.82102129177781,-1.50384304553093,-1.56490398693236,0.187389218939464,2.79281277711409,1.13804146230996,1.82102129177781,-2.93491833023968,-0.947027731162774,1.39883806916543,2.99216015884847
"Schoepfia_obovata","SCHOBO",5882.94975070516,1940.25176323531,3035.4809061666,2682.74892111355,2965.64470300218,1025.39293976687,8102,2852,4420,3796,4226,1374,0.0284905509461046,0.351527127256468,0.351990622300547,0.385961574448474,NA,NA,NA,NA,0.0284905509461046,NA,NA,NA,10.1504565828113,NA,NA,NA,1,1,1,1,"Schoepfia_obovata",NA,NA,NA,NA,0.579912997,328.4444444,4.360751307,67.13341067,5,NA,2.5164619202247,0.639561319629787,1.82693871179885,-0.618641678834239,NA,0.83603234454173,-1.61297875450427,-1.22478907641766,-0.993834040100283,-1.19585974275611,-0.618641678834239,0.83603234454173,-1.61297875450427,-1.22478907641766,-0.993834040100283,NA,NA,-2.10887703189355,-0.0715281684386938
"Senna_polyphylla","SENPOL",4168.73857770889,641.867909256267,1026.2604743894,796.505181021596,975.934050067693,334.066140811426,5419,856,1390,1010,1260,404,NA,NA,NA,NA,NA,NA,NA,NA,NA,NA,NA,NA,NA,NA,NA,NA,NA,NA,NA,NA,"Senna_polyphylla",NA,NA,NA,NA,NA,NA,NA,NA,NA,NA,NA,NA,NA,NA,NA,NA,NA,NA,NA,-0.0659754492075432,-0.573935205997633,-0.0569757861299779,0.406915078733212,-0.714630086463106,-0.661283667913729,NA,NA,-0.43798521574281,0.508946212628922
"Senna_siamea","SENSIA",26610.8757258486,4153.84840223007,8401.40614625625,11603.8953522164,11635.12146491,7481.27306267992,41381,6460,13074,18063,18105,11645,2.60614406131626,1.56745083580845,2.71201686686302,3.74903894750256,0.142452754730523,0.141171166241107,0.197910724110016,0.376551394023024,2.17790106725393,0.86439658129551,2.00803562226193,2.20519264970866,1.21111509593068,1.75763563628234,0.738773513631041,2.4010060257872,5,3,5,5,"Senna_siamea",25,NA,NA,25,NA,NA,NA,NA,NA,1.39794000867204,NA,NA,NA,NA,-0.347208793064547,NA,NA,NA,NA,-0.347208793064547,-0.886600796732032,0.427215015176375,0.396000083392182,-1.18526481525757,-0.819686393603305,NA,NA,-1.12100552072904,0.918198945406634
"Sideroxylon_cubense","SIDCUB",15104.6202082727,2767.55160297267,5125.12688577734,6383.67154157348,6540.75932535529,3773.20772238262,7987,2818,4350,3735,4143,1325,1.06388730628038,0.499027113297713,0.47160177309193,0.476378042964277,NA,NA,NA,NA,0.354629102093461,0.499027113297713,0.47160177309193,0.476378042964277,2.98426060541602,1.22901347941079,1.93391446697146,25.0258841024975,1,2,2,2,"Sideroxylon_cubense",NA,NA,NA,NA,NA,NA,NA,NA,NA,NA,NA,NA,NA,NA,NA,NA,NA,NA,NA,0.0924798677086286,0.387300209947599,-0.43285386423754,-0.850776846033925,0.00510323584663115,0.928196546166218,NA,NA,0.290014622662425,-0.945135970306344
"Sideroxylon_foetidissimum","SIDFOE",18881.4935178235,3198.537374001,5771.42520630918,6454.60608789884,6840.67413662374,3642.13676262274,18049,3349,5375,4457,5154,1805,0.913467090016881,0.056468466496443,0.0565459211742903,1.01928609332059,0.0569811018922092,NA,NA,0.0310021386630984,0.0569811018922092,0.056468466496443,0.0565459211742903,0.190538562044434,0.354629102093461,0.409671157981994,27.0296255893349,8.10519310975479,3,2,2,5,"Sideroxylon_foetidissimum",NA,NA,NA,NA,NA,NA,NA,NA,NA,NA,NA,NA,NA,NA,NA,NA,NA,NA,NA,0.384400361478263,0.377510182351145,-0.604199675089534,-0.375323005899241,0.126036928107517,1.09529076647656,NA,NA,0.686599486243823,-0.782945159204325
"Sideroxylon_obovatum","SIDOBO",8949.98855082598,1607.13866041787,2587.09156196332,2187.35379170813,2531.0376743977,923.899013979826,5364,838,1363,935,1198,360,0.0284905509461046,0.0282342332482215,NA,2.0718688281904,NA,NA,NA,NA,0.0284905509461046,0.0282342332482215,NA,NA,137.409159683729,0.703054259202135,NA,NA,1,1,NA,1,"Sideroxylon_obovatum",NA,NA,NA,NA,0.96354011,292.5666667,6.228935831,74.01574953,9,NA,2.46622484368641,0.794413856899802,1.86932414143636,1.41954704265545,NA,0.509590017142563,-1.36674763425627,-1.03131914132765,-0.504293982382353,0.186531791767736,1.41954704265545,0.509590017142563,-1.36674763425627,-1.03131914132765,-0.504293982382353,NA,NA,-1.5293740950301,-1.88487593179075
"Sideroxylon_portoricense","SIDPOR",25690.2880213037,4396.84830453992,8505.91101063788,11418.1047445983,11453.7261879295,7056.87788338959,15486,3319,5451,5652,5887,2568,NA,NA,NA,NA,NA,NA,NA,NA,NA,NA,NA,NA,NA,NA,NA,NA,NA,NA,NA,NA,"Sideroxylon_portoricense",NA,NA,NA,NA,0.692060778,145,82.77375505,191.5590579,30,NA,2.16136800223497,1.91789265751252,2.2823026924871,-0.0228069877280981,NA,-1.47138068626054,0.419696737445412,0.853737448842181,2.06579132063678,0.701316382106051,-0.0228069877280981,-1.47138068626054,0.419696737445412,0.853737448842181,2.06579132063678,NA,NA,2.23461899111289,-0.285278929705836
"Sideroxylon_salicifolium","SIDSAL",22786.6797965541,3742.16525058635,7217.02297482453,8732.53287968785,9010.32353755645,5268.15828697011,14362,3058,4882,3964,4509,1451,0.142452754730523,1.60374814176342,1.42907457278317,1.56543825603154,0.0284905509461046,NA,0.0282729605871451,0.0620042773261967,0.142452754730523,0.900693887250486,1.07708395048263,1.56543825603154,1.71297198767444,15.7579138294906,0.738773513631041,1.24312130244178,2,6,9,8,"Sideroxylon_salicifolium",69.6,NA,NA,69.6,0.842611793,205.662037,21.79261586,101.5564497,25,1.84260923961056,2.31315413300248,1.33830936358164,2.00670751001726,0.777061870294523,0.0636513637458621,-0.485068957772621,-0.501899035265624,-0.404227434835252,1.45386624848936,0.0636513637458621,0.777061870294523,-0.485068957772621,-0.501899035265624,-0.404227434835252,1.45386624848936,0.374892147872133,-0.442559102752927,0.219682625618169,-1.06005325423213
"Simarouba_tulae","SIMTUL",17527.2664850801,2997.29900300689,6014.2612256296,9087.19353961945,8940.72065749578,5943.42165448889,13723,2260,4059,8194,7969,5709,NA,NA,NA,NA,NA,NA,NA,NA,NA,NA,NA,NA,NA,NA,NA,NA,NA,NA,NA,NA,"Simarouba_tulae",NA,NA,NA,NA,0.556786059,353,97.97417806,96.29736925,13,NA,2.54777470538782,1.99111162871555,1.98361442278586,-0.741513766329763,NA,1.03950394699875,0.53612227118588,-0.50963672585573,-0.0147539246644238,-0.28864953624184,-0.741513766329763,1.03950394699875,0.53612227118588,-0.50963672585573,-0.0147539246644238,NA,NA,-0.910844266665055,1.0643076208432
"NA.32","SIPDEN",14063.250214871,2126.4865237074,4805.65511547867,8179.69178327173,7805.53967309557,5679.05314938817,8370,1756,3245,5364,4951,3195,NA,NA,NA,NA,NA,NA,NA,NA,NA,NA,NA,NA,NA,NA,NA,NA,NA,NA,NA,NA,"Siphoneugena_densiflora",NA,NA,NA,NA,NA,NA,NA,NA,NA,NA,NA,NA,NA,NA,NA,NA,NA,NA,NA,NA,NA,NA,NA,NA,NA,NA,NA,NA,NA
"Sloanea_amygdalina","SLOAMY",16733.4828736819,3474.15441926941,6675.20330276154,8892.25461029075,8925.49883686099,5451.34441759158,8102,2852,4420,3796,4226,1374,NA,0.0282342332482215,0.0282729605871451,0.0310021386630984,NA,NA,NA,NA,NA,0.0282342332482215,0.0282729605871451,0.0310021386630984,NA,44.524994391677,6.33583123897289,85.8561642582521,NA,1,1,1,"Sloanea_amygdalina",NA,NA,NA,NA,0.784991099,133.2222222,114.2998069,134.3430704,12,NA,2.12457667358708,2.05804549669156,2.12821526984133,0.470926446974721,NA,-1.71045206102043,0.642553858196469,0.150399440653478,-0.137138939093906,0.465803780586621,0.470926446974721,-1.71045206102043,0.642553858196469,0.150399440653478,-0.137138939093906,NA,NA,1.38454583833294,-0.692728846166576
"Sloanea_berteriana","SLOBER",7126.6910784967,1225.50173265107,2881.6476776216,4115.72890616847,3788.54405069902,2563.04231804794,11183,1876,4616,6253,5756,3880,2.3556990201296,3.00985665078929,1.63414617389935,1.05094239686483,0.142452754730523,0.141171166241107,0.0565459211742903,NA,0.582553509662298,0.900693887250486,0.930164929298254,1.05094239686483,0.354629102093461,33.7732326852598,1.05597187159702,7.40190343227148,7,6,5,4,"Sloanea_berteriana",460,NA,641.5,641.5,0.800125551,190.2751323,225.3026563,114.0951604,23,2.80719666071095,2.27938203258237,2.35276631205065,2.05726722324249,0.551334917406077,0.954899310571853,-0.704521279085457,1.11118961842125,-0.173445665734137,1.2090962196304,0.954899310571853,0.551334917406077,-0.704521279085457,1.11118961842125,-0.173445665734137,1.2090962196304,-0.878748913026334,-0.904335540898116,1.01873501476634,-0.286594158692313
"Solanum_ensifolium","SOLENS",18296.2945392709,3389.29070087709,6918.08295118436,9650.24954026937,9648.23162584379,6258.94092496671,27399,5124,10467,14604,14596,9472,NA,NA,NA,NA,NA,NA,NA,NA,NA,NA,NA,NA,NA,NA,NA,NA,NA,NA,NA,NA,"Solanum_ensifolium",NA,NA,NA,NA,NA,NA,NA,NA,NA,NA,NA,NA,NA,NA,NA,NA,NA,NA,NA,-1.12226370738101,-1.20816300104392,2.73812675247227,0.116875536679294,-1.52135616168426,-1.42311519627756,NA,NA,-3.23714846548729,1.73609781985229
"Solanum_rugosum","SOLRUG",14320.1299030755,1855.2871983555,4524.87864849666,8032.37795642649,7672.88077034768,5817.59357199218,14928,1752,4762,9109,8641,6889,2.48240371465423,1.40610850902587,NA,NA,NA,NA,NA,NA,0.709258204186922,NA,NA,NA,0.7092582089175,NA,NA,NA,1,1,NA,NA,"Solanum_rugosum",NA,NA,NA,NA,NA,NA,NA,NA,NA,NA,NA,NA,NA,NA,NA,NA,NA,NA,NA,-1.07856888601133,-1.15958459747847,2.66289873691104,0.118571379769343,-1.44823434592603,-1.39850437936527,NA,NA,-3.13102860465124,1.67251281250785
"Solanum_torvum","SOLTOR",26230.2197742835,3265.98049146682,7316.7844555974,11145.7933124527,11062.3318664804,7796.35137501359,23009,1889,5412,8981,8992,7103,NA,NA,NA,NA,NA,NA,NA,NA,NA,NA,NA,NA,NA,NA,NA,NA,NA,NA,NA,NA,"Solanum_torvum",1,NA,NA,1,NA,NA,NA,NA,NA,0,NA,NA,NA,NA,-1.63886067993401,NA,NA,NA,NA,-1.63886067993401,-1.7824978055502,3.62753587705139,0.096825803231981,-2.38586416378573,-1.71408484907081,NA,NA,-4.49178711191905,2.48785335440127
"Spathodea_campanulata","SPACAM",26924.2835885175,4149.11333888397,8272.89768077806,11436.5093212463,11456.0884156823,7306.97507679835,20067,3039,5573,7069,7414,4375,100.895434989826,86.5492496002436,77.3942834515369,56.0871443929184,7.73411290042012,4.67072005373836,1.16146662385337,2.84902697053482,53.8326080202253,52.7524901816071,44.9844897948587,33.5308999277693,1.41851641310442,26.4808227463621,0.773565782660989,8.87711625865174,71,79,86,80,"Spathodea_campanulata",5,NA,NA,5,0.335362879,195.5555556,610.5010117,236.6200677,5,0.698970004336019,2.29127015847353,2.78568638797847,2.37405157428089,-1.91792234867202,-0.993034736499279,-0.627271810132653,1.799576112778,1.27252877305517,-0.993834040100283,-0.993034736499279,-1.91792234867202,-0.627271810132653,1.799576112778,1.27252877305517,-0.993834040100283,-2.1115236744766,1.12214937861457,1.32354503237863,2.31897707750149
"Spondias_mombin","SPOMOM",27099.6617278252,3999.14989314415,8246.78245455958,11688.6220659222,11692.34993059,7693.20003744587,34532,3971,9141,14800,14470,10499,1.89569096900829,1.92996003843611,0.694043258470612,0.729247964775478,NA,0.056468466496443,0.0282729605871451,0.0310021386630984,0.182718992758943,1.16876175319764,0.342052636170065,0.343286390327004,16.5337804630688,1.40610851840427,272.59254570881,10.9205729067076,4,15,8,7,"Spondias_mombin",2047,NA,NA,2047,NA,NA,NA,NA,NA,3.31111784266251,NA,NA,NA,NA,1.42050637629961,NA,NA,NA,NA,1.42050637629961,0.754982896203183,-2.13708139056649,0.700172580226713,1.61341903882728,0.831445386974041,NA,NA,2.99060004087885,-1.12187573292657
"Stahlia_monosperma","STAMON",10912.2480253424,1498.49973285105,2660.88072046731,3371.25677134166,3613.33622291731,2114.83649006626,6774,679,1101,1198,1410,731,NA,NA,NA,NA,NA,NA,NA,NA,NA,NA,NA,NA,NA,NA,NA,NA,NA,NA,NA,NA,"Stahlia_monosperma",NA,NA,NA,NA,NA,NA,NA,NA,NA,NA,NA,NA,NA,NA,NA,NA,NA,NA,NA,0.502070922543165,0.0494601654695519,-1.0363900355532,0.429492377475251,0.225598901938389,-0.359849775679994,NA,NA,0.932967451834932,-0.31227842321246
"Stenostomum_acutatum","STEACU",7931.99867067253,1246.01037097443,2209.98653196753,2424.09410481923,2633.98075699829,1387.97038602387,6754,926,1683,1763,1981,1055,NA,NA,NA,NA,NA,NA,NA,NA,NA,NA,NA,NA,NA,NA,NA,NA,NA,NA,NA,NA,"Stenostomum_acutatum",NA,NA,NA,NA,0.912692111,292.6349206,3.819244983,87.62080057,NA,NA,2.46632614994708,0.581977516805545,1.94260721690362,1.14939455718157,NA,0.510248308862366,-1.70454279683461,-0.696815705238795,NA,-0.654032201695167,1.14939455718157,0.510248308862366,-1.70454279683461,-0.696815705238795,0.368604559696282,NA,NA,-1.35013699694155,-1.63942464568879
"Stenostomum_sintenisii","STESIN",8031.99901328702,2043.03846188914,3565.20721553732,3927.93581918348,4092.4956966443,2049.45723475516,11713,3049,5314,5828,6075,3026,NA,NA,NA,NA,NA,NA,NA,NA,NA,NA,NA,NA,NA,NA,NA,NA,NA,NA,NA,NA,"Stenostomum_sintenisii",NA,NA,NA,NA,NA,NA,NA,NA,NA,NA,NA,NA,NA,NA,NA,NA,NA,NA,NA,-0.598858068214268,0.503618472535644,0.0568420634159659,-0.714714635482228,-0.0712599313944671,0.246223559543485,NA,NA,-0.392837883802971,-0.745651837975455
"Suriana_maritima","SURMAR",1660.96248195916,200.505922860832,299.320919729475,197.670772769682,259.187654059672,58.6817311988404,1045,144,205,128,155,11,NA,NA,NA,NA,NA,NA,NA,NA,NA,NA,NA,NA,NA,NA,NA,NA,NA,NA,NA,NA,"Suriana_maritima",NA,NA,NA,NA,NA,NA,NA,NA,NA,NA,NA,NA,NA,NA,NA,NA,NA,NA,NA,0.0485333529039773,0.269067797071413,-0.0495584322746765,-0.0227805872691911,-0.153338684962088,0.0412754658404784,NA,NA,-0.0990884838890416,-0.363767114889506
"Swietenia_macrophylla","SWIMAC",26499.4753264384,4118.33723799605,8349.07265425939,11564.4663919983,11587.8170120297,7469.47977403365,33722,3935,9059,14680,14303,10368,0.0854716528383138,0.611964046290599,0.561974873102013,0.511905911693218,0.0569811018922092,0.056468466496443,0.0565459211742903,0.0310021386630984,0.0854716528383138,0.611964046290599,0.561974873102013,0.511905911693218,0.354629102093461,2.81221703680854,1.54713157048147,1.54384630809097,2,3,3,2,"Swietenia_macrophylla",566,NA,231,231,0.519537267,130.3636364,763.3712,242.5484,18,2.36361197989214,2.1151564662947,2.88273577112655,2.3847984140952,-0.939414449495281,0.545041243407533,-1.77166490629347,1.95389440005451,1.32158313959287,0.597171147482988,0.545041243407533,-0.939414449495281,-1.77166490629347,1.95389440005451,1.32158313959287,0.597171147482988,-2.85846190460905,0.526120185312654,2.77258583708554,1.11550646391782
"NA.33","SWIMAH",25749.2220184729,3860.33164061606,7775.16596160829,10430.5018121749,10634.6388427541,6774.30720213801,29814,4243,8396,10111,10828,6585,NA,NA,NA,NA,NA,NA,NA,NA,NA,NA,NA,NA,NA,NA,NA,NA,NA,NA,NA,NA,"Swietenia_mahogani",NA,NA,NA,NA,0.634753756,207.5555555,51.86028336,112.6847687,20,NA,2.3171343623385,1.71483488538644,2.05186521758489,-0.327275889806355,NA,-0.459205284613908,0.0968144418942302,-0.198103329767974,0.841941176341953,NA,NA,NA,NA,NA,NA,NA,NA,NA,NA
"Symplocos_martinicensis","SYMMAR",26287.7378653511,4338.17402907461,8502.58238772303,11533.3804134876,11563.8039519861,7225.62992291152,22368,4498,7921,9276,9307,4809,0.0854716528383138,0.0847026997446644,0.113091842348581,0.124008554652393,NA,NA,NA,NA,0.0854716528383138,0.0847026997446644,0.113091842348581,0.124008554652393,0.7092582089175,2.1091627776064,5.03224553854313,0.800335340086554,1,1,1,1,"Symplocos_martinicensis",NA,NA,NA,NA,0.663532699,168.3611111,172.51425,148.15624,15,NA,2.22624178321406,2.2368249744282,2.17071994768578,-0.174375025786886,NA,-1.04982852778936,0.926831222045434,0.344413688802326,0.230016104194541,0.4111956630708,-0.174375025786886,-1.04982852778936,0.926831222045434,0.344413688802326,0.230016104194541,NA,NA,1.26315616560853,0.164994331583858
"Symplocos_micrantha","SYMMIC",8733.28238357599,1114.51493751432,2601.87622667108,3116.49809621059,2875.91641964817,1761.40148213386,11057,1393,3235,3773,3404,2011,NA,NA,NA,NA,NA,NA,NA,NA,NA,NA,NA,NA,NA,NA,NA,NA,NA,NA,NA,NA,"Symplocos_micrantha",NA,NA,NA,NA,NA,NA,NA,NA,NA,NA,NA,NA,NA,NA,NA,NA,NA,NA,NA,0.41111058302779,-0.169295585645334,-1.03081044373157,0.912594344210992,0.333607235854271,0.231689607022098,NA,NA,1.24041864421305,0.158530797995385
"Syzygium_jambos","SYZJAM",23293.1024386249,3565.8397131525,7437.40552746132,10718.9790798724,10519.4602607414,6953.62054758891,17092,2578,5989,9137,8484,5906,35.0335778550738,24.0856411580741,25.2709270820449,19.1146098984836,0.341886611353255,0.0282342332482215,NA,0.0310021386630984,19.2826695790238,12.7204850244161,12.7772939563761,8.99437238925447,0.354629102093461,1.4642525444406,56.9754850678153,12.3507704492822,42,42,44,34,"Syzygium_jambos",1340,NA,1900,1900,0.637763796,266.2619048,40.11330919,88.58468594,18,3.27875360095283,2.42530903456272,1.6032884910436,1.94735864980354,-0.311283720923253,1.39060285139004,0.243717620137562,-0.0805555523136821,-0.675127605752856,0.597171147482988,1.39060285139004,-0.311283720923253,0.243717620137562,-0.0805555523136821,-0.675127605752856,0.597171147482988,-0.035168050942547,-1.14977301739485,-0.124260523079737,-0.0870082228535639
"Syzygium_malaccense","SYZMAL",15858.1416268311,2077.14829491638,5117.94847997092,8983.84266555496,8596.7013974674,6519.55310255103,23910,3131,7761,13686,13084,9953,1.21111509021813,NA,NA,NA,NA,NA,NA,NA,0.428242994062336,NA,NA,NA,0.709258204186922,NA,NA,NA,2,NA,NA,NA,"Syzygium_malaccense",3027.8,NA,NA,3027.8,NA,NA,NA,NA,NA,3.48112718464408,NA,NA,NA,NA,1.5775895744295,NA,NA,NA,NA,1.5775895744295,2.09794179707981,-1.96367756509099,-0.365578478308377,1.75009600397333,0.337176751393258,NA,NA,2.49346552078813,-2.74636403585491
"Tabernaemontana_citrifolia","TABCIT",20594.3654229343,3485.97834537178,7420.46850666031,11310.7639530413,11079.6654643435,7593.68711897172,23910,3131,7761,13686,13084,9953,0.0284905509461046,0.0282342332482215,NA,NA,NA,NA,NA,NA,0.0284905509461046,0.0282342332482215,NA,NA,23.0508917732617,0.351527127256468,NA,NA,1,1,NA,NA,"Tabernaemontana_citrifolia",23.0989011,NA,NA,23.0989011,0.553789665,239.2888889,66.46687063,246.1738461,5,1.36359131939179,2.37892253312472,1.82260523195428,2.3912419109113,-0.757433434802047,-0.378945884102144,-0.0577035319826849,0.268180140078711,1.35099473035472,-0.993834040100283,-0.378945884102144,-0.757433434802047,-0.0577035319826849,0.268180140078711,1.35099473035472,-0.993834040100283,-0.679668085448606,1.17825174754613,0.665815461574925,0.638908943656965
"Tabebuia_haemantha","TABHAE",19293.1363137942,2266.23981967382,5062.23323567398,8418.49178358726,8434.15595916659,6167.91613949277,23027,2785,6229,11170,11236,8451,12.2164750159849,12.8294086734094,12.0024734272485,22.8971907594244,NA,NA,NA,NA,2.56787536749254,2.81221701805174,2.81592497840437,4.6883632757609,3.4125036051909,3.51527129132148,72.9583001719761,4.55811144965659,8,7,7,9,"Tabebuia_haemantha",14.065,NA,NA,14.065,NA,NA,NA,NA,NA,1.14813973650122,NA,NA,NA,NA,-0.578016260401036,NA,NA,NA,NA,-0.578016260401036,-0.0710169323756907,0.753981798595879,0.791519866777882,0.0239373754509864,0.0347829840945385,NA,NA,-0.47133903206403,0.650169027149505
"Tabebuia_heterophylla","TABHET",27664.841664046,4380.92160189152,8753.86150416732,11946.1518597901,12026.8283734024,7645.90677151084,36439,5412,11119,14900,15132,9720,36.7185517782104,42.2243186791619,43.5290807833232,46.7055698409587,1.02072065727829,NA,0.169637763522871,1.17649637596262,15.989395715101,17.7998406920956,21.1489858962102,21.7649224445335,0.354629102093461,1.11272541249493,5.98384061197696,0.771923148896948,40,48,53,51,"Tabebuia_heterophylla",10,4.1,10.6,10.6,0.786032932,337.3744856,145.135622,117.5806975,12,1.02530586526477,2.52811223538969,2.16177401849805,2.07033603213732,0.476461645604636,-0.691510831391072,0.911736510855937,0.807492648198626,-0.113792581402784,-0.137138939093906,-0.691510831391072,0.476461645604636,0.911736510855937,0.807492648198626,-0.113792581402784,-0.137138939093906,0.441409979150409,-0.542846352140668,-0.790535415358332,0.275683282386961
"Tabebuia_karsoana","TABKAR",5012.36472759733,1685.10104105389,2685.26274031564,2281.8301472012,2560.59357173683,875.492530682939,5023,1911,3004,2602,2907,996,NA,NA,NA,NA,NA,NA,NA,NA,NA,NA,NA,NA,NA,NA,NA,NA,NA,NA,NA,NA,"Tabebuia_karsoana",NA,NA,NA,NA,NA,NA,NA,NA,NA,NA,NA,NA,NA,NA,NA,NA,NA,NA,NA,-0.576922159434359,-0.0698005484280634,0.752098118600304,0.791562330117607,0.02576831734777,0.0353992288565265,NA,NA,-0.4686818322955,0.648576883755807
"Tabebuia_rigida","TABRIG",4780.49393507222,792.612922003096,1915.56120603932,2542.1134951485,2286.03320150642,1493.42027950333,8327,1147,3194,4258,3726,2579,NA,0.0282342332482215,0.0282729605871451,NA,NA,NA,NA,NA,NA,0.0282342332482215,0.0282729605871451,NA,NA,0.703054259202135,1.12555641012103,NA,NA,1,1,NA,"Tabebuia_rigida",NA,NA,NA,NA,0.693625,NA,147.368,121.817,NA,NA,NA,2.16840318954624,2.08570789988147,-0.0144963664756681,NA,NA,0.818033697394775,-0.0436270957604738,NA,-0.347608614653945,-0.0144963664756681,1.05536524899368,0.818033697394775,-0.0436270957604738,0.275492770729266,NA,NA,-0.609800685174901,0.663787898070131
"Tabebuia_schumanniana","TABSCH",11493.3754883922,1795.94008078729,3915.37883404992,6481.50070090184,6183.87891725916,4387.93883647188,15597,2405,5732,9613,9100,6695,NA,0.351527127256468,0.703981244601093,0.771923148896948,NA,NA,NA,NA,NA,NA,NA,NA,NA,NA,NA,NA,NA,1,1,1,"Tabebuia_schumanniana",14.73,NA,NA,14.73,0.741305248,417.7555556,116.0440083,73.14735248,20,1.16820274684263,2.62092223414982,2.06462272144489,1.86419861174452,0.238826040669812,-0.559478680102163,1.51481921568017,0.653012307555365,-1.05471482010836,0.841941176341953,-0.559478680102163,0.238826040669812,1.51481921568017,0.653012307555365,-1.05471482010836,0.841941176341953,0.708922157972903,-1.80820100432992,-1.51864798151697,0.556844539418667
"Tamarindus_indica","TAMIND",17574.1956616619,1951.76180351875,4411.8044524584,6136.12524970365,6454.13488758937,4502.37308407063,16134,1461,3629,4990,5538,4077,0.913467090016881,0.0282342332482215,0.0848188817614354,0.0642671423591184,NA,NA,NA,NA,0.913467090016881,0.0282342332482215,0.0848188817614354,0.0642671423591184,0.354629102093461,7.79174087257061,28.57675713118,3.11610480222301,3,1,2,2,"Tamarindus_indica",646,NA,NA,646,0.812380723,170.3777778,16.60643373,191.4504112,11,2.81023251799508,2.23141294953754,1.22027637672138,2.28205630346876,0.616445939291321,0.957704345669924,-1.01622610331872,-0.689583364455144,0.852612796625789,-0.259523953523389,0.957704345669924,0.616445939291321,-1.01622610331872,-0.689583364455144,0.852612796625789,-0.259523953523389,-0.00425706585862504,1.07542275892126,1.12783343934553,-1.41069942790193
"Tectona_grandis","TECGRA",24307.5834662355,4020.23105097562,7827.72268530168,10325.2113959212,10467.0121817775,6446.78113080189,37770,6263,12180,16031,16256,9993,NA,NA,NA,NA,NA,NA,NA,NA,NA,NA,NA,NA,NA,NA,NA,NA,NA,NA,NA,NA,"Tectona_grandis",NA,NA,NA,NA,NA,NA,NA,NA,NA,NA,NA,NA,NA,NA,NA,NA,NA,NA,NA,-0.449839838690247,-0.122544419289863,0.808665529422234,0.190951665130139,0.104107619990648,0.119515896003277,NA,NA,-0.529965845306063,0.37669510406278
"Tecoma_stans","TECSTA",16706.8397121422,1578.48551440676,4266.46263686614,5735.7073230547,5959.21369725838,4380.72818285162,15192,888,3366,4120,4443,3555,NA,NA,NA,0.41437376563808,NA,NA,NA,NA,NA,NA,NA,0.41437376563808,NA,NA,NA,61.1760204286269,NA,NA,NA,1,"Tecoma_stans",9,NA,NA,9,NA,NA,NA,NA,NA,0.954242509439325,NA,NA,NA,NA,-0.757171100837404,NA,NA,NA,NA,-0.757171100837404,-0.675090202274407,0.566520477190626,0.922104481870229,0.209186074180193,-0.281968694473438,NA,NA,-0.247115275579958,1.16899387023041
"Terminalia_catappa","TERCAT",27103.8708239496,4362.3959416151,8681.47793382406,11914.8025556803,11952.1827754676,7589.78683385253,41381,6460,13074,18063,18105,11645,0.290793353002204,0.291648843624325,0.753829509619473,0.99763085937656,0.199433856622732,0.174058655060384,0.0282729605871451,0.0952692810222168,0.290793353002204,0.291648843624325,0.367046618288978,0.611669284928086,0.354629102093461,0.351527127256468,2.81592498309975,10.0350009819972,4,5,6,7,"Terminalia_catappa",2473,NA,NA,2473,NA,NA,NA,NA,NA,3.3932241163613,NA,NA,NA,NA,1.49636994890571,NA,NA,NA,NA,1.49636994890571,2.21140729911155,-2.90289809738474,-0.640765608206448,2.90778808635211,2.58013544898571,NA,NA,4.27705213563609,-3.08506366291108
"Ternstroemia_stahlii","TERSTA",13630.9456075132,2592.36486680806,4662.27068820596,5570.90585532784,5748.81597442925,3156.45110762119,10359,2797,4782,4940,5261,2464,NA,NA,0.351990622300547,0.385961574448474,NA,NA,NA,NA,NA,NA,NA,NA,NA,NA,NA,NA,NA,NA,1,1,"Ternstroemia_stahlii",NA,NA,NA,NA,NA,NA,NA,NA,NA,NA,NA,NA,NA,NA,NA,NA,NA,NA,NA,-0.0547231163385523,-0.198080119717923,0.260178997231498,0.0265221466905481,-0.335909925315433,0.0151272376505452,NA,NA,-0.385191080194596,0.129255431587449
"Tetragastris_balsamifera","TETBAL",25933.3440279067,3954.28110483289,7971.39385220408,11172.6777219474,11198.5953426063,7244.31423777342,30921,3774,8247,12768,12621,8847,0.0687567889745246,4.48795153128202,4.47214832607886,0.864929564886243,0.0687567889745246,0.169405399489329,0.169637763522871,0.0310021386630984,0.0687567889745246,2.02726164048674,2.32541232324564,0.864929564886243,5.67406566187885,11.9519223876795,2.11194373849866,241.79735372424,1,7,6,3,"Tetragastris_balsamifera",NA,NA,1140,1140,0.551419671,169.7222222,604.2189239,127.196777,13,3.05690485133647,2.2297387094184,2.78119432308331,2.10447610699755,-0.770025076208785,1.18562169750361,-1.02710537573614,1.79243327746603,0.0420411124789576,-0.0147539246644238,1.18562169750361,-0.770025076208785,-1.02710537573614,1.79243327746603,0.0420411124789576,-0.0147539246644238,-1.77801012052535,-0.349726353856531,1.43328000116305,0.928868004492032
"Tetrazygia_crotonifolia","TETCRO",12211.0568765295,1710.98066005012,3821.66505520936,7375.73846398771,7149.39905745146,5438.41839740134,8583,1269,2272,5753,5536,4267,NA,NA,NA,NA,NA,NA,NA,NA,NA,NA,NA,NA,NA,NA,NA,NA,NA,NA,NA,NA,"Tetrazygia_crotonifolia",NA,NA,NA,NA,NA,NA,NA,NA,NA,NA,NA,NA,NA,NA,NA,NA,NA,NA,NA,-2.22181456639509,-0.453729584517951,0.0955037354756672,0.0122417514028701,0.253263717449139,-0.340229005882027,NA,NA,-0.4628104069687,0.679348074430947
"Tetrazygia_elaeagnoides","TETELA",26733.5715866382,3941.26809228817,8335.29026987357,11161.2765768166,11236.4708837117,7295.20279142354,21188,2906,7032,7158,7342,4436,10.5180562118204,9.66994434655608,12.2453197666916,11.8210302829309,0.0569811018922092,0.056468466496443,NA,NA,3.78010327204461,3.34245605593965,3.76275256244857,3.63060064594411,11.8634285695038,1.11272541718413,9.57333138712847,0.385961574448474,8,8,12,7,"Tetrazygia_elaeagnoides",NA,NA,NA,NA,0.754444614,329.3518519,13.66108362,109.7905793,14,NA,2.51766010976232,1.13548514967649,2.04056507660267,0.308634734271521,NA,0.843818223185155,-0.82440994973776,-0.249683260914974,0.107631089765059,-1.96138409735646,0.308634734271521,0.843818223185155,-0.82440994973776,-0.249683260914974,0.107631089765059,NA,NA,-1.37950355220148,-0.195843780901366
"Tetrazygia_urbanii","TETURB",22192.0849016886,2613.69121825881,5990.93166047521,9683.24918938987,9439.534565093,6825.84334683418,24026,3139,7771,13706,13101,9962,NA,NA,NA,NA,NA,NA,NA,NA,NA,NA,NA,NA,NA,NA,NA,NA,NA,NA,NA,NA,"Tetrazygia_urbanii",NA,NA,NA,NA,NA,NA,NA,NA,NA,NA,NA,NA,NA,NA,NA,NA,NA,NA,NA,-1.96138039489699,0.308621588449781,0.843793955055945,-0.82440202163187,-0.249653272030113,0.107622117096659,NA,NA,-1.37946679778817,-0.195836418165188
"Thespesia_grandiflora","THEGRA",26890.5499982983,4223.55081551522,8427.82015947998,11464.2034198418,11572.5392722711,7348.98845675588,26671,3808,7187,8349,9029,5221,0.937182611755759,2.45728007365958,1.45734753337032,0.855519384460793,NA,NA,NA,0.0310021386630984,0.227924407568837,0.699644437377236,1.10535691106977,0.855519384460793,0.354629102093461,30.2868141647273,0.773565787820483,3.11610480222301,6,10,10,9,"Thespesia_grandiflora",253.81,NA,NA,253.81,NA,NA,NA,NA,NA,2.4045087291033,NA,NA,NA,NA,0.582828532531331,NA,NA,NA,NA,0.582828532531331,0.545158174219469,-2.84024550697944,0.488501182823959,2.63339013625544,0.45381080570152,NA,NA,3.79260828531367,-1.09749836294711
"Thespesia_populnea","THEPOP",16233.7979469824,1664.6005815469,3488.42083528393,4721.95221626956,4990.611125789,3326.0105442421,18859,1531,3199,4422,4825,3294,0.354629102093461,NA,NA,0.03326500369602,NA,NA,NA,NA,NA,NA,NA,0.03326500369602,NA,NA,NA,4.2455773446759,1,NA,NA,1,"Thespesia_populnea",125.6,NA,NA,125.6,NA,NA,NA,NA,NA,2.09898963940118,NA,NA,NA,NA,0.300538658688134,NA,NA,NA,NA,0.300538658688134,0.231317969723885,-2.35423571034506,0.477545182254577,2.16098733907371,0.294812997074647,NA,NA,3.10702202748155,-0.686708160364219
"Thouinia_portoricensis","THOPOR",5125.77937952534,717.285102702097,1301.33825067761,1156.58490149877,1357.53019538393,640.245092681835,5178,711,1274,876,1127,416,NA,NA,NA,NA,NA,NA,NA,NA,NA,NA,NA,NA,NA,NA,NA,NA,NA,NA,NA,NA,"Thouinia_portoricensis",NA,4,NA,4,1.038513863,397.6,27.10284074,73.53192808,7,0.602059991327962,2.59944637572528,1.43301481312714,1.8664759537526,1.81787826741524,-1.08257649106807,1.37526831642231,-0.351307838335364,-1.04431980431523,-0.749064011241318,-1.08257649106807,1.81787826741524,1.37526831642231,-0.351307838335364,-1.04431980431523,-0.749064011241318,2.59441944752383,-0.412702383718106,-2.30765944207503,-1.22988612624992
"Thouinia_striata","THOSTR",21407.5421774611,3536.47264042497,6795.5830534175,8454.76952733845,8785.74047619849,5249.26783577353,15377,3130,5022,4948,5577,2447,15.0300203954568,8.81300259752422,10.5153119354868,10.5193621088115,0.0569811018922092,0.0282342332482215,0.0282729605871451,0.0310021386630984,7.93743835358762,5.29773132495954,5.55265095424917,6.65974636432678,10.3683331003238,20.868371335473,3.48104603745293,68.4406569331377,18,16,15,15,"Thouinia_striata",9.3324,NA,NA,9.3324,0.926572126,192.1712963,114.1399747,137.1655334,22,0.969993345002749,2.28368851970372,2.05743777194825,2.13724499668651,1.22313827619527,-0.74261783220709,-0.676537571121544,0.641587514686793,0.191615978542997,1.08671120520092,-0.74261783220709,1.22313827619527,-0.676537571121544,0.641587514686793,0.191615978542997,1.08671120520092,-0.0928995991848069,0.00918002896471021,0.629780351903756,-0.737389393343378
"Thrinax_morrisii","THRMOR",21577.8593006991,3666.64538068324,6781.86241056398,8400.95839416608,8702.95914589986,5036.31376521662,5970,1007,1631,1431,1667,660,NA,NA,NA,NA,NA,NA,NA,NA,NA,NA,NA,NA,NA,NA,NA,NA,NA,NA,NA,NA,"Thrinax_morrisii",NA,NA,NA,NA,NA,NA,NA,NA,NA,NA,NA,NA,NA,NA,NA,NA,NA,NA,NA,0.255608148915952,-2.23483764685479,-0.691839506826147,1.76877025987191,0.600474932854723,0.391602005475344,NA,NA,1.59856645671872,2.36636429056112
"Tournefortia_filiflora","TOUFIL",24112.328500731,3371.90365635615,7178.1745034802,9990.03289636888,10141.7854446342,6769.881788278,18332,1448,4573,7917,7933,6485,NA,NA,NA,NA,NA,NA,NA,NA,NA,NA,NA,NA,NA,NA,NA,NA,NA,NA,NA,NA,"Tournefortia_filiflora",NA,NA,NA,NA,NA,NA,NA,NA,NA,NA,NA,NA,NA,NA,NA,NA,NA,NA,NA,-0.165225655932462,-0.25745818875464,0.191677015695415,-0.00276874739357126,-0.00563228935812975,-0.278615261191352,NA,NA,-0.230428836370377,0.152347105031598
"Trema_lamarckianum","TRELAM",12086.200450127,2134.5996766882,4314.26787309162,6753.50695544435,6677.0425711493,4542.4428944611,7504,1101,2136,4443,4424,3323,NA,NA,NA,NA,NA,NA,NA,NA,NA,NA,NA,NA,NA,NA,NA,NA,NA,NA,NA,NA,"Trema_lamarckianum",3.76,NA,NA,3.76,NA,NA,NA,NA,NA,0.575187844927661,NA,NA,NA,NA,-1.10740549545085,NA,NA,NA,NA,-1.10740549545085,-1.56790620041524,1.51054546551937,0.523292182387464,-1.13722873474469,-0.387256469817643,NA,NA,-1.79274528277541,1.96779054014819
"Trema_micranthum","TREMIC",19690.2110153297,2451.93489352893,5344.18076188397,8268.80180224497,8143.3328132024,5691.39791967347,30111,3738,8165,12648,12454,8716,0.737748755133027,3.33048660189423,1.7223235470935,0.0310021386630984,NA,0.056468466496443,NA,NA,0.383119653039566,1.74994600069178,1.335540655763,0.0310021386630984,61.8795726385787,0.761198285238462,0.703981244601093,75.3027287558963,3,7,3,1,"Trema_micranthum",NA,NA,NA,NA,NA,NA,NA,NA,NA,NA,NA,NA,NA,NA,NA,NA,NA,NA,NA,-1.06135481082157,-1.51670862791839,1.43126141764742,0.525079463383945,-1.06016443224304,-0.361318741899392,NA,NA,-1.68090380537573,1.90077726117223
"Trichilia_hirta","TRIHIR",20879.5402289632,2624.03922497008,5879.01971896067,7170.87409420793,7485.26274683109,4861.22352186101,26289,2952,7233,8097,8625,5673,0.0687567889745246,3.46041968161979,2.19953972468904,1.99407501460149,0.0687567889745246,NA,NA,NA,0.0687567889745246,0.825297698647932,0.791577235486852,1.22215186570454,17.3768261066523,77.6950281723164,65.6708738647288,0.385961574448474,1,7,7,6,"Trichilia_hirta",51.4516,NA,NA,51.4516,NA,NA,NA,NA,NA,1.71139888464494,NA,NA,NA,NA,-0.0575828104796515,NA,NA,NA,NA,-0.0575828104796515,-0.607922510792504,-0.219608118989,1.23064155959385,0.390282472835141,-0.033651734528446,NA,NA,0.672373280468642,0.954172370929648
"Trichilia_pallida","TRIPAL",21145.844485498,3512.5964778671,7344.23713052087,9977.89507379476,9827.77344780602,6315.17696993891,12917,1931,4729,5805,5562,3631,11.5799459738961,7.79006526613874,6.36410416199698,3.14969687291399,0.256414958514942,NA,NA,NA,2.64060452959065,2.16563123003525,1.43623544978933,1.21988900067162,2.1277746267525,1.0545813864586,3.09426315128193,1.15788472334542,14,9,9,8,"Trichilia_pallida",43.0228,NA,50,50,0.697209801,207.9333333,99.1512521,180.7746615,9,1.69897000433602,2.31792411563184,1.99629820292546,2.25713755699159,0.00454947444482177,-0.0690666986315751,-0.454073439353131,0.544369446211034,0.738870213273568,-0.504293982382353,-0.0690666986315751,0.00454947444482177,-0.454073439353131,0.544369446211034,0.738870213273568,-0.504293982382353,-0.482639707793759,0.709738512552518,0.715209968853465,0.0355721230002141
"Trichilia_triacantha","TRITRI",16927.4264793238,3205.57815472595,6408.08872162178,8923.77842216007,8960.39957346581,5754.82141873986,1789,483,800,575,675,192,NA,NA,NA,NA,NA,NA,NA,NA,NA,NA,NA,NA,NA,NA,NA,NA,NA,NA,NA,NA,"Trichilia_triacantha",NA,NA,NA,NA,NA,NA,NA,NA,NA,NA,NA,NA,NA,NA,NA,NA,NA,NA,NA,-0.0358656188362843,-0.583778081615388,-0.256997940134075,1.23148442923267,0.426625477065457,-0.021419677339093,NA,NA,0.725116965343678,0.922569361465462
"Trophis_racemosa","TRORAC",15154.8681361079,2944.458648787,5585.99798748887,6338.46730564104,6448.14453138702,3503.68588260002,17472,3029,6111,6314,6293,3264,NA,NA,NA,NA,NA,NA,NA,NA,NA,NA,NA,NA,NA,NA,NA,NA,NA,NA,NA,NA,"Trophis_racemosa",NA,NA,NA,NA,0.699880156,174.3194445,56.23637341,158.8361218,22.5,NA,2.24134583328358,1.75001730598743,2.20094927463069,0.0187369165179623,NA,-0.951681868039165,0.15275803177879,0.482396622368561,1.14790371241566,0.637589188931241,0.0187369165179623,-0.951681868039165,0.15275803177879,0.482396622368561,1.14790371241566,NA,NA,1.36328974761652,-0.358185288212023
"Turpinia_occidentalis","TUROCC",17097.2913049348,3365.99009640235,6763.69309855765,10045.7425254881,9743.16362555325,6377.1735291509,14187,3030,5942,9634,9044,6014,0.211209543705048,0.413892287759321,0.384211142378829,0.354600715491612,0.0854716528383138,0.0282342332482215,NA,NA,0.211209543705048,0.413892287759321,0.384211142378829,0.354600715491612,3.33888971795261,4.97952383576207,10.242520367395,1.92980787739091,4,6,5,4,"Turpinia_occidentalis",40,NA,NA,40,0.508747642,216.9722222,205.5155703,125.7073321,27,1.60205999132796,2.3364041369939,2.31284473053914,2.09936060940994,-0.996739104710939,-0.158608453200363,-0.333989596910221,1.04771028568995,0.0186912256265165,1.69863627734833,-0.158608453200363,-0.996739104710939,-0.333989596910221,1.04771028568995,0.0186912256265165,1.69863627734833,-1.54701598713454,-0.938593901964219,0.915989446249723,1.24219986610091
"Urera_baccifera","UREBAC",21516.1567981304,3929.15838059224,7262.83922296204,10767.2906510618,10571.9944415579,6642.83606096567,13496,3695,5414,9022,8832,5137,4.96480742930846,1.40610850902587,1.86432991859258,3.6441273171739,NA,NA,NA,NA,NA,NA,NA,NA,NA,NA,NA,NA,5,3,2,3,"Urera_baccifera",NA,NA,120,120,0.371734872,164,149.4788,629.5152,4,2.07918124604762,2.2148438480477,2.17457960272142,2.799006220856,-1.72468004801455,0.282236336347941,-1.1238927198093,0.827854816002514,3.21225071505808,-1.11621905452976,0.282236336347941,-1.72468004801455,-1.1238927198093,0.827854816002514,3.21225071505808,-1.11621905452976,-2.77205887723178,2.31826479092918,2.87990683281249,1.30325475796889
"Vachellia_farnesiana","VACFAR",17701.1109506614,2192.35731473766,4831.26405365887,6716.22557238722,7017.57050639305,4825.21319165539,17076,1594,4264,6501,6964,5370,NA,NA,NA,NA,NA,NA,NA,NA,NA,NA,NA,NA,NA,NA,NA,NA,NA,NA,NA,NA,"Vachellia_farnesiana",66.6,NA,NA,66.6,0.862116102,128.7555555,31.64597825,150.4304933,5,1.8234742291703,2.10976597690501,1.50031852525975,2.17733587967054,0.880687138887699,0.0459712256947961,-1.80669249992443,-0.244288161890785,0.374612366569639,-0.993834040100283,0.0459712256947961,0.880687138887699,-1.80669249992443,-0.244288161890785,0.374612366569639,-0.993834040100283,0.277681232073989,1.80366166686,1.05588974201868,-1.46050197788999
"Varronia_bellonis","VARBEL",17157.0858349279,3345.96923178434,6624.41960933432,9129.39974607155,9134.4318263568,5788.46259457245,559,335,415,433,441,106,NA,NA,NA,NA,NA,NA,NA,NA,NA,NA,NA,NA,NA,NA,NA,NA,NA,NA,NA,NA,"Varronia_bellonis",NA,NA,NA,NA,NA,NA,NA,NA,NA,NA,NA,NA,NA,NA,NA,NA,NA,NA,NA,-0.0103521774666355,-0.492647940543441,0.215736652067573,0.366633956655863,0.0751615733096942,-0.230404185036124,NA,NA,-0.0458846142137195,0.508972759508712
"Varronia_polycephala","VARPOL",26890.6290207803,4288.70123115182,8535.439065516,11826.4238185287,11857.3274059296,7568.62617477775,25028,3331,7074,11897,11359,8028,NA,NA,NA,NA,NA,NA,NA,NA,NA,NA,NA,NA,NA,NA,NA,NA,NA,NA,NA,NA,"Varronia_polycephala",NA,NA,NA,NA,NA,NA,NA,NA,NA,NA,NA,NA,NA,NA,NA,NA,NA,NA,NA,-0.0103521774666355,-0.492647940543441,0.215736652067573,0.366633956655863,0.0751615733096942,-0.230404185036124,NA,NA,-0.0458846142137195,0.508972759508712
"NA.34","VARRUP",2215.87347473705,663.618545193312,1063.35773222466,862.925898341826,972.903271968797,309.284726775484,1430,426,645,470,540,114,NA,NA,NA,NA,NA,NA,NA,NA,NA,NA,NA,NA,NA,NA,NA,NA,NA,NA,NA,NA,"Varronia_rupicola",NA,NA,NA,NA,NA,NA,NA,NA,NA,NA,NA,NA,NA,NA,NA,NA,NA,NA,NA,NA,NA,NA,NA,NA,NA,NA,NA,NA,NA
"Vitex_divaricata","VITDIV",20477.1026858971,2905.85035921494,6352.67164135585,9681.11073120078,9570.15881602233,6664.3084568074,20434,2627,6524,11321,10944,8317,0.113962203784418,0.436229827001132,0.436809504061982,0.478967990437769,NA,NA,NA,NA,0.113962203784418,0.0847026997446644,0.0848188817614354,0.0930064159892951,0.354629102093461,9.07623543352767,0.351990622300547,11.3065344760075,2,2,2,2,"Vitex_divaricata",NA,NA,NA,NA,0.651594803,179.6666667,114.0644933,133.3439053,29,NA,2.25446751054765,2.05715047558645,2.12497317034409,-0.237800378586486,NA,-0.866416737967372,0.641130684554997,0.135600751937783,1.94340630620729,-0.135767968803224,-0.237800378586486,-0.866416737967372,0.641130684554997,0.135600751937783,1.94340630620729,NA,NA,1.2374875791753,0.302162366655569
"NA.35","WALLAM",26509.0110667944,4352.01594310999,8589.38080132008,11666.8638284802,11725.6363372803,7373.62039417028,7543,2517,4005,3363,3785,1268,NA,NA,NA,NA,NA,NA,NA,NA,NA,NA,NA,NA,NA,NA,NA,NA,NA,NA,NA,NA,"Wallenia_lamarckiana",NA,NA,NA,NA,NA,NA,NA,NA,NA,NA,NA,NA,NA,NA,NA,NA,NA,NA,NA,NA,NA,NA,NA,NA,NA,NA,NA,NA,NA
"Xylosma_buxifolia","XYLBUX",20580.5097449254,3421.7615334224,6326.60558396392,7423.25219682045,7771.73834678717,4349.97681336477,18049,3349,5375,4457,5154,1805,NA,NA,NA,NA,NA,NA,NA,NA,NA,NA,NA,NA,NA,NA,NA,NA,NA,NA,NA,NA,"Xylosma_buxifolia",NA,NA,NA,NA,0.726887178,350.7777778,8.214176182,73.55598214,17,NA,2.54503207248041,0.91456401359553,1.86661799867801,0.162223666479308,NA,1.02168221987623,-1.17569679193411,-1.04367143475202,0.474786133053506,-1.41100435643326,0.162223666479308,1.02168221987623,-1.17569679193411,-1.04367143475202,0.474786133053506,NA,NA,-1.8293722357631,-0.305606513545822
"Xylosma_schaefferioides","XYLSCH",14737.1222461388,2855.33958549798,5684.68028720841,7964.63255346939,7939.21354646236,5083.87396096438,559,335,415,433,441,106,NA,NA,NA,NA,NA,NA,NA,NA,NA,NA,NA,NA,NA,NA,NA,NA,NA,NA,NA,NA,"Xylosma_schaefferioides",NA,NA,NA,NA,0.883987791,NA,44.61266667,81.49133333,8,NA,NA,1.64945818346248,1.91111142362223,0.996890160856405,NA,NA,-0.00714109436402574,-0.840579473445762,-0.626678996811836,-0.950371246119263,0.996890160856405,1.6142946191572,-0.00714109436402574,-0.840579473445762,-0.626678996811836,NA,NA,-2.11794954979309,-0.35690217968403
"Zanthoxylum_flavum","ZANFLA",17862.5967793092,3408.45331002772,6047.06532875821,6771.6583048068,7138.11094044894,3729.65763042122,7543,2517,4005,3363,3785,1268,NA,0.703054254512936,1.05597186690164,NA,NA,NA,NA,NA,NA,NA,0.703981244601093,NA,NA,NA,184.216672379744,NA,NA,1,1,NA,"Zanthoxylum_flavum",25.15,23.5,NA,23.5,0.86361287,331.1367521,145.9757947,71.42103239,9,1.37106786227174,2.52000738476429,2.16428084825205,1.85382612362265,0.888639380929274,-0.372037797447327,0.859070900440442,0.811478759821206,-1.102060443848,-0.504293982382353,-0.372037797447327,0.888639380929274,0.859070900440442,0.811478759821206,-1.102060443848,-0.504293982382353,1.15771612511809,-0.890615955281419,-1.41925687603543,-0.148079738938277
"Zanthoxylum_martinicense","ZANMAR",25215.6362443566,4078.05036771297,8410.37878832221,11185.4645552784,11224.9039954171,7146.85362770408,19377,3123,7484,8982,9005,5882,4.63282225622305,4.89403675747894,5.5607298956428,4.46266014481404,0.484339366083778,0.367045032226879,0.20068783323434,0.593566364664712,2.78606285378687,3.42978421772755,4.43517349068126,3.2195388478998,5.31943655978538,2.46068990017367,1.40796249389757,3.47365419063042,27,31,34,34,"Zanthoxylum_martinicense",15.3504,NA,12.28,12.28,0.566025108,212.1111111,370.8468058,242.3988413,33,1.08919836680515,2.32656341893159,2.56919454267259,2.3845305395115,-0.692427231955716,-0.63247620210835,-0.397934936267097,1.45533228872447,1.32036041568129,2.43294636392522,-0.63247620210835,-0.692427231955716,-0.397934936267097,1.45533228872447,1.32036041568129,2.43294636392522,-2.39369759600598,-0.625801102168183,1.86756848098896,1.32754340596513
"Zanthoxylum_monophyllum","ZANMON",13612.9530302704,1416.35059584396,4188.83720282709,5683.82259722321,5941.69806980751,4525.34747396355,13523,1032,4088,5761,5993,4961,2.8940139186399,2.51715835729172,2.9572897813401,2.11582070422096,0.0569811018922092,NA,NA,NA,1.12086840817259,1.11104984826585,2.253308536739,1.34389755532401,2.48240372884596,6.32748831875162,6.68782186596882,0.828747536803702,3,4,6,5,"Zanthoxylum_monophyllum",NA,NA,NA,NA,0.793975622,207.9333333,22.0499657,141.8967295,6,NA,2.31792411563184,1.34340791823414,2.15197238575718,0.518660699393331,NA,-0.454073439353131,-0.493791820195967,0.258839716320714,-0.8714490256708,-0.966674521794949,0.518660699393331,-0.454073439353131,-0.493791820195967,0.258839716320714,-0.8714490256708,NA,NA,-0.145973663908162,-0.758123627526602
"Zanthoxylum_punctatum","ZANPUN",9143.84751841513,1494.40794698213,3170.23378418054,4742.776596863,4753.52607247111,3259.11812548898,4333,565,1210,1517,1746,1181,NA,NA,NA,NA,NA,NA,NA,NA,NA,NA,NA,NA,NA,NA,NA,NA,NA,NA,NA,NA,"Zanthoxylum_punctatum",NA,NA,NA,NA,NA,NA,NA,NA,NA,NA,NA,NA,NA,NA,NA,NA,NA,NA,NA,-0.55734017608049,0.325250885167872,-0.147144116760126,0.582900010248074,0.270507512082879,0.373569062027951,NA,NA,0.286162136183351,0.0117806364645907
"Zapoteca_portoricensis","ZAPPOR",23886.1422244105,3640.62225824594,7314.81669261865,9701.55230773427,9920.05180731416,6279.42954906821,7897,874,1949,1449,1931,1057,NA,NA,NA,NA,NA,NA,NA,NA,NA,NA,NA,NA,NA,NA,NA,NA,NA,NA,NA,NA,"Zapoteca_portoricensis",NA,NA,NA,NA,NA,NA,NA,NA,NA,NA,NA,NA,NA,NA,NA,NA,NA,NA,NA,0.156592522522582,-0.544134235183236,-0.55526535170375,0.761934024599375,-0.554810630854156,-0.645570109922458,NA,NA,0.123580943181452,0.500027976300293
"Ziziphus_reticulata","ZIZRET",8244.87385043362,1041.60409109457,2125.8525598729,2297.55629935954,2574.58677762933,1532.98268653476,4552,563,941,547,762,199,NA,NA,NA,NA,NA,NA,NA,NA,NA,NA,NA,NA,NA,NA,NA,NA,NA,NA,NA,NA,"Ziziphus_reticulata",211.9696,NA,NA,211.9696,0.953860843,414.5,14.27027782,70.88891112,NA,2.32627358027338,2.61752453488629,1.15443242823157,1.85057830547874,1.36812165544178,0.510541755574664,1.49274084385167,-0.79428186978172,-1.11688523554787,NA,0.510541755574664,1.36812165544178,1.49274084385167,-0.79428186978172,-1.11688523554787,0.465774082379087,NA,NA,-1.82304910299136,-1.31221068253787
