"sp","year","metric","value"
"ACNARB",1951,"ai",54.7142857142857
"ACNARB",1951,"enn_mn",1368.85830392598
"ADEPAV",1951,"ai",69.3873179091688
"ADEPAV",1951,"enn_mn",1496.98024962868
"ADERIC",1951,"ai",56.3092417061611
"ADERIC",1951,"enn_mn",1610.49464882662
"AIPMIN",1951,"ai",63.3217993079585
"AIPMIN",1951,"enn_mn",1351.20609769252
"ALBLEB",1951,"ai",25.8064516129032
"ALBLEB",1951,"enn_mn",1779.68184558036
"ALBPRO",1951,"ai",34.0560072267389
"ALBPRO",1951,"enn_mn",1543.54818349436
"ALCLAT",1951,"ai",65.6043956043956
"ALCLAT",1951,"enn_mn",1293.17565681266
"ALLCRA",1951,"ai",62.6168224299065
"ALLCRA",1951,"enn_mn",1361.80105889057
"ALLRAC",1951,"ai",72.3400078523753
"ALLRAC",1951,"enn_mn",1455.18249942087
"ALSBRY",1951,"ai",73.6737729300942
"ALSBRY",1951,"enn_mn",1141.29603549393
"ALSPOR",1951,"ai",54.7257590597454
"ALSPOR",1951,"enn_mn",1360.9742415736
"AMYELE",1951,"ai",71.8543637337141
"AMYELE",1951,"enn_mn",1469.21051641682
"ANAPER",1951,"ai",57.4199690586695
"ANAPER",1951,"enn_mn",1365.02540587157
"ANDINE",1951,"ai",52.2622192866579
"ANDINE",1951,"enn_mn",1383.68541750156
"ANNGLA",1951,"ai",61.2179487179487
"ANNGLA",1951,"enn_mn",1452.11778637811
"ANNMON",1951,"ai",47.5868725868726
"ANNMON",1951,"enn_mn",1487.18957020579
"ARDELL",1951,"ai",64.6729522687095
"ARDELL",1951,"enn_mn",1329.64688194395
"ARDGLA",1951,"ai",71.1630377057886
"ARDGLA",1951,"enn_mn",1491.45363940269
"ARDOBO",1951,"ai",68.9562740827609
"ARDOBO",1951,"enn_mn",1714.59844326743
"ARTALT",1951,"ai",35.1145038167939
"ARTALT",1951,"enn_mn",1517.24023623736
"AVIGER",1951,"ai",34.8360655737705
"AVIGER",1951,"enn_mn",1524.76999787385
"BADPEN",1951,"ai",68.9839572192513
"BADPEN",1951,"enn_mn",2765.1930666155
"BIXORE",1951,"ai",63.9717303510407
"BIXORE",1951,"enn_mn",1326.32265686703
"BOCFRU",1951,"ai",54.7142857142857
"BOCFRU",1951,"enn_mn",1368.85830392598
"BONUMB",1951,"ai",74.7663551401869
"BONUMB",1951,"enn_mn",2133.6937514158
"BOUSUC",1951,"ai",58.0560596894535
"BOUSUC",1951,"enn_mn",1467.65067274492
"BOUVIR",1951,"ai",69.1286589516678
"BOUVIR",1951,"enn_mn",1797.93547181663
"BRUAME",1951,"ai",65.1959340011785
"BRUAME",1951,"enn_mn",1323.02369171865
"BRUDEN",1951,"ai",60
"BRUDEN",1951,"enn_mn",1391.29931244844
"BRULAC",1951,"ai",95.5928646379853
"BRULAC",1951,"enn_mn",1052.29016417441
"BUCBUC",1951,"ai",60.7020743104627
"BUCBUC",1951,"enn_mn",1454.28822645794
"BUCTET",1951,"ai",66.5494645996484
"BUCTET",1951,"enn_mn",1266.01583347348
"BUNGLA",1951,"ai",57.2702331961591
"BUNGLA",1951,"enn_mn",1690.77403725874
"BURSIM",1951,"ai",60.0816326530612
"BURSIM",1951,"enn_mn",1578.94949393838
"BUXPOR",1951,"ai",70.4925241864556
"BUXPOR",1951,"enn_mn",1675.72327976687
"BUXVAH",1951,"ai",63.3243606998654
"BUXVAH",1951,"enn_mn",1352.87212427891
"BYRCRA",1951,"ai",43.9617723718506
"BYRCRA",1951,"enn_mn",1721.20298170563
"BYRLUC",1951,"ai",61.4226209548222
"BYRLUC",1951,"enn_mn",1694.72404381288
"BYRSPI",1951,"ai",54.2528735632184
"BYRSPI",1951,"enn_mn",1777.1981956849
"BYRWAD",1951,"ai",71.5447154471545
"BYRWAD",1951,"enn_mn",1288.68765925723
"CALANT",1951,"ai",66.5811320754717
"CALANT",1951,"enn_mn",1496.52140929486
"CALKRU",1951,"ai",77.3965334276618
"CALKRU",1951,"enn_mn",1204.63590943212
"CALPAL",1951,"ai",47.5225225225225
"CALPAL",1951,"enn_mn",1875.62818958156
"CANWIN",1951,"ai",57.1557155715572
"CANWIN",1951,"enn_mn",1798.28735808063
"CAPFRO",1951,"ai",52.5914634146341
"CAPFRO",1951,"enn_mn",2366.83949970271
"CASACU",1951,"ai",60.0587598577393
"CASACU",1951,"enn_mn",1465.65936171015
"CASARB",1951,"ai",62.0522961986377
"CASARB",1951,"enn_mn",1315.39285519734
"CASDEC",1951,"ai",63.4169577643696
"CASDEC",1951,"enn_mn",1372.88908418217
"CASELA",1951,"ai",63.977079138919
"CASELA",1951,"enn_mn",1323.87688401806
"CASEQU",1951,"ai",50.9409190371991
"CASEQU",1951,"enn_mn",1946.06991227869
"CASGUI",1951,"ai",61.4389154213526
"CASGUI",1951,"enn_mn",1462.23192860074
"CASSYL",1951,"ai",62.6849667595968
"CASSYL",1951,"enn_mn",1335.87273062942
"CECSCH",1951,"ai",60.6490541422048
"CECSCH",1951,"enn_mn",1293.9967675173
"CEDODO",1951,"ai",65.1959340011785
"CEDODO",1951,"enn_mn",1323.02369171865
"CEIPEN",1951,"ai",59.0825967692777
"CEIPEN",1951,"enn_mn",1494.68278357185
"CELTRI",1951,"ai",64.826357969724
"CELTRI",1951,"enn_mn",2051.73396907615
"CESCIT",1951,"ai",66.5212283940258
"CESCIT",1951,"enn_mn",1336.568962479
"CESLAU",1951,"ai",60.4313916646356
"CESLAU",1951,"enn_mn",1398.74396397741
"CESMAC",1951,"ai",69.9802761341223
"CESMAC",1951,"enn_mn",1271.15057060793
"CHICOM",1951,"ai",66.2846580406654
"CHICOM",1951,"enn_mn",1395.32269699101
"CHIDOM",1951,"ai",69.1276745826475
"CHIDOM",1951,"enn_mn",1346.10671955617
"CHIHOL",1951,"ai",73.3383121732636
"CHIHOL",1951,"enn_mn",2179.74071984477
"CHIVEN",1951,"ai",67.3667953667954
"CHIVEN",1951,"enn_mn",1362.70710257091
"CHRARG",1951,"ai",65.8073070123748
"CHRARG",1951,"enn_mn",1416.03145509683
"CHRCAI",1951,"ai",63.3217993079585
"CHRCAI",1951,"enn_mn",1351.20609769252
"CHRICA",1951,"ai",38.5915492957746
"CHRICA",1951,"enn_mn",1704.3464040786
"CHROLI",1951,"ai",43.484965304549
"CHROLI",1951,"enn_mn",1682.72766398623
"CHRPAU",1951,"ai",44.4759206798867
"CHRPAU",1951,"enn_mn",1584.02069348454
"CINELO",1951,"ai",59.1879811273901
"CINELO",1951,"enn_mn",1345.25430282919
"CINMON",1951,"ai",63.8341664216407
"CINMON",1951,"enn_mn",1356.57934482699
"CITCAU",1951,"ai",74.4996772111039
"CITCAU",1951,"enn_mn",1342.88846103414
"CITSIN",1951,"ai",58.0521739130435
"CITSIN",1951,"enn_mn",1326.98021045273
"CITSPI",1951,"ai",54.6966731898239
"CITSPI",1951,"enn_mn",1448.91027199313
"CLIEGG",1951,"ai",64.6823278163374
"CLIEGG",1951,"enn_mn",1329.51389977608
"CLIERO",1951,"ai",79.860302677532
"CLIERO",1951,"enn_mn",1688.81525129945
"CLIHIR",1951,"ai",54.6991995868836
"CLIHIR",1951,"enn_mn",1366.99394970634
"CLUCLU",1951,"ai",72.4473257698541
"CLUCLU",1951,"enn_mn",2308.31471262137
"CLUGUN",1951,"ai",71.1383928571429
"CLUGUN",1951,"enn_mn",1350.11245877044
"CLUMIN",1951,"ai",67.0250058424866
"CLUMIN",1951,"enn_mn",1631.80085427268
"CLUROS",1951,"ai",68.6778141699707
"CLUROS",1951,"enn_mn",1734.14095912443
"COCCOS",1951,"ai",71.3300023792529
"COCCOS",1951,"enn_mn",1332.60903133545
"COCDIV",1951,"ai",67.5418011146964
"COCDIV",1951,"enn_mn",1820.45001096524
"COCKRU",1951,"ai",70.6011730205279
"COCKRU",1951,"enn_mn",2562.37168449085
"COCMIC",1951,"ai",69.7626418988648
"COCMIC",1951,"enn_mn",2071.36694001824
"COCPUB",1951,"ai",69.4938440492476
"COCPUB",1951,"enn_mn",1720.95895114534
"COCPYR",1951,"ai",77.4246128769356
"COCPYR",1951,"enn_mn",1323.17393940825
"COCRUG",1951,"ai",67.6029364826045
"COCRUG",1951,"enn_mn",1509.18330507378
"COCSIN",1951,"ai",83.7349397590361
"COCSIN",1951,"enn_mn",2648.80174085272
"COCSWA",1951,"ai",64.6325167037862
"COCSWA",1951,"enn_mn",1346.48818389651
"COCUVI",1951,"ai",63.3217993079585
"COCUVI",1951,"enn_mn",1351.20609769252
"COCVEN",1951,"ai",61.5783239561741
"COCVEN",1951,"enn_mn",1568.22866934679
"COFARA",1951,"ai",51.7441860465116
"COFARA",1951,"enn_mn",1343.75531971682
"COJARB",1951,"ai",69.088471849866
"COJARB",1951,"enn_mn",1777.89405504785
"COLARB",1951,"ai",70.630591315732
"COLARB",1951,"enn_mn",1919.20082165469
"COLELL",1951,"ai",66.3949275362319
"COLELL",1951,"enn_mn",1949.22016430823
"COLVER",1951,"ai",63.7137989778535
"COLVER",1951,"enn_mn",1719.01736028973
"COMDOD",1951,"ai",68.4120660216278
"COMDOD",1951,"enn_mn",2075.20706094924
"COMGLA",1951,"ai",73.3134651855866
"COMGLA",1951,"enn_mn",1078.4272298012
"CONERE",1951,"ai",54.8066595059076
"CONERE",1951,"enn_mn",1590.43918056132
"CORALL",1951,"ai",49.9333333333333
"CORALL",1951,"enn_mn",1393.35504845569
"CORBOR",1951,"ai",67.2988881621975
"CORBOR",1951,"enn_mn",1333.58903343284
"CORCOL",1951,"ai",33.5382895472331
"CORCOL",1951,"enn_mn",1589.67209362433
"CORHIR",1951,"ai",61.384335154827
"CORHIR",1951,"enn_mn",2466.10840609007
"CORLAE",1951,"ai",60.6484641638225
"CORLAE",1951,"enn_mn",1435.36665004011
"COROBO",1951,"ai",63.3217993079585
"COROBO",1951,"enn_mn",1351.20609769252
"CORRIC",1951,"ai",56.871945259042
"CORRIC",1951,"enn_mn",1502.23846468647
"CORSUL",1951,"ai",52.4141630901288
"CORSUL",1951,"enn_mn",1285.7747557762
"CRECUJ",1951,"ai",63.192474242198
"CRECUJ",1951,"enn_mn",1535.66573360922
"CRELIN",1951,"ai",61.1435239206534
"CRELIN",1951,"enn_mn",2184.76522720427
"CREPOR",1951,"ai",50.7605388961321
"CREPOR",1951,"enn_mn",1939.48393024942
"CRIPOR",1951,"ai",65.8370832950684
"CRIPOR",1951,"enn_mn",1323.78734087035
"CROAST",1951,"ai",61.2704918032787
"CROAST",1951,"enn_mn",2396.91994914409
"CROBET",1951,"ai",57.2098842664998
"CROBET",1951,"enn_mn",1796.6777588587
"CRODIS",1951,"ai",67.5261324041812
"CRODIS",1951,"enn_mn",2076.07501490591
"CROFLA",1951,"ai",63.1924497332786
"CROFLA",1951,"enn_mn",1727.23737268837
"CROGLA",1951,"ai",68.4350132625995
"CROGLA",1951,"enn_mn",2215.26254317627
"CROIMP",1951,"ai",56.4248704663212
"CROIMP",1951,"enn_mn",1440.53315471842
"CROPOE",1951,"ai",95.0503355704698
"CROPOE",1951,"enn_mn",1208.95724235823
"CRORHA",1951,"ai",71.5378729915838
"CRORHA",1951,"enn_mn",2139.41657773902
"CSSGUI",1951,"ai",67.6061776061776
"CSSGUI",1951,"enn_mn",1357.94076778606
"CUPAME",1951,"ai",60.2234346583528
"CUPAME",1951,"enn_mn",1368.22004958303
"CYAARB",1951,"ai",65.089463220676
"CYAARB",1951,"enn_mn",1295.22701927056
"CYABOR",1951,"ai",66.5212283940258
"CYABOR",1951,"enn_mn",1336.568962479
"CYNFLE",1951,"ai",61.9272060748887
"CYNFLE",1951,"enn_mn",1743.90260710149
"CYNHAS",1951,"ai",61.9922092376183
"CYNHAS",1951,"enn_mn",1603.53376905015
"CYNPOR",1951,"ai",61.7051342439944
"CYNPOR",1951,"enn_mn",1672.2912453579
"CYRRAC",1951,"ai",90.7446068197634
"CYRRAC",1951,"enn_mn",6829.32736160333
"DACEXC",1951,"ai",66.8068266139006
"DACEXC",1951,"enn_mn",1352.78034760514
"DAPAME",1951,"ai",61.6651418115279
"DAPAME",1951,"enn_mn",1326.54255646451
"DAPHEL",1951,"ai",65.4998801246703
"DAPHEL",1951,"enn_mn",1604.55916813106
"DAPPHI",1951,"ai",68.9025684568032
"DAPPHI",1951,"enn_mn",1298.3492473078
"DELREG",1951,"ai",55.0995530272247
"DELREG",1951,"enn_mn",1394.04068242306
"DENARB",1951,"ai",62.7191983602824
"DENARB",1951,"enn_mn",1252.47564534561
"DENLAU",1951,"ai",60.1752944398795
"DENLAU",1951,"enn_mn",1251.83213988993
"DIOSIN",1951,"ai",73.1463960089455
"DIOSIN",1951,"enn_mn",1528.26215772963
"DITMYR",1951,"ai",89.8757763975155
"DITMYR",1951,"enn_mn",2385.52181030208
"DRYALB",1951,"ai",70.0852099817407
"DRYALB",1951,"enn_mn",1741.34806186451
"DRYGLA",1951,"ai",79.8073729657921
"DRYGLA",1951,"enn_mn",1380.84463755384
"DRYILI",1951,"ai",67.3525127458121
"DRYILI",1951,"enn_mn",1771.88593336319
"ELAXYL",1951,"ai",58.4855822143958
"ELAXYL",1951,"enn_mn",1732.3434349886
"ERIFRU",1951,"ai",60.5605889014723
"ERIFRU",1951,"enn_mn",1904.19768319405
"ERYARE",1951,"ai",68.2403433476395
"ERYARE",1951,"enn_mn",1966.47331538867
"ERYBER",1951,"ai",57.4199690586695
"ERYBER",1951,"enn_mn",1365.02540587157
"ERYBRE",1951,"ai",54.0038261820169
"ERYBRE",1951,"enn_mn",1646.21499130861
"ERYPOE",1951,"ai",56.5414152495886
"ERYPOE",1951,"enn_mn",1371.38784116335
"ERYROT",1951,"ai",57.1428571428571
"ERYROT",1951,"enn_mn",1741.08482191347
"ERYRUF",1951,"ai",50.9409190371991
"ERYRUF",1951,"enn_mn",1946.06991227869
"ERYURB",1951,"ai",69.025956649719
"ERYURB",1951,"enn_mn",1776.64357134775
"EUGAXI",1951,"ai",62.5
"EUGAXI",1951,"enn_mn",2306.76580141688
"EUGBIF",1951,"ai",60.6005331836677
"EUGBIF",1951,"enn_mn",1460.7276125845
"EUGBOR",1951,"ai",75.5173623290074
"EUGBOR",1951,"enn_mn",1340.85090528482
"EUGCON",1951,"ai",83.7349397590361
"EUGCON",1951,"enn_mn",2648.80174085272
"EUGCOR",1951,"ai",36.8446839784419
"EUGCOR",1951,"enn_mn",1463.06170620075
"EUGDOM",1951,"ai",67.2722111836503
"EUGDOM",1951,"enn_mn",1361.88015238334
"EUGEGG",1951,"ai",69.9852143913258
"EUGEGG",1951,"enn_mn",1355.03535777568
"EUGFOE",1951,"ai",62.9728526924789
"EUGFOE",1951,"enn_mn",1840.56235247388
"EUGLIG",1951,"ai",58.4925141972122
"EUGLIG",1951,"enn_mn",1643.00849898061
"EUGMON",1951,"ai",63.1134069030289
"EUGMON",1951,"enn_mn",1447.55039789436
"EUGPAD",1951,"ai",73.1463960089455
"EUGPAD",1951,"enn_mn",1528.26215772963
"EUGPSE",1951,"ai",63.9136394790953
"EUGPSE",1951,"enn_mn",1610.14196007944
"EUGRHO",1951,"ai",51.5852613538989
"EUGRHO",1951,"enn_mn",1433.12549174287
"EUGSTA",1951,"ai",72.1332644628099
"EUGSTA",1951,"enn_mn",1262.16682749308
"EUGSTE",1951,"ai",62.0658949243099
"EUGSTE",1951,"enn_mn",1396.60911600336
"EUGWOO",1951,"ai",71.3503649635037
"EUGWOO",1951,"enn_mn",2123.47048800729
"EUPPET",1951,"ai",63.7032495401594
"EUPPET",1951,"enn_mn",1731.07073536144
"EXOCAR",1951,"ai",64.3873085339169
"EXOCAR",1951,"enn_mn",1680.07395647031
"EXOPAN",1951,"ai",67.8057553956834
"EXOPAN",1951,"enn_mn",1523.39927725351
"FAROCC",1951,"ai",64.4008203926165
"FAROCC",1951,"enn_mn",1377.82270119337
"FICAME",1951,"ai",67.2118005451339
"FICAME",1951,"enn_mn",1394.5895560609
"FICCIT",1951,"ai",60.3585875150322
"FICCIT",1951,"enn_mn",1403.04783123635
"FICCRA",1951,"ai",63.3217993079585
"FICCRA",1951,"enn_mn",1351.20609769252
"FICTRI",1951,"ai",54.7142857142857
"FICTRI",1951,"enn_mn",1368.85830392598
"FORSEG",1951,"ai",67.2310756972112
"FORSEG",1951,"enn_mn",2054.52870185628
"GARHES",1951,"ai",60.9962406015038
"GARHES",1951,"enn_mn",2691.64902044197
"GARPOR",1951,"ai",69.2269326683292
"GARPOR",1951,"enn_mn",1810.56540112079
"GAUATT",1951,"ai",35.3683148335015
"GAUATT",1951,"enn_mn",1743.75226051466
"GENAME",1951,"ai",57.2757337742869
"GENAME",1951,"enn_mn",1481.38107084545
"GESPED",1951,"ai",62.6346313173157
"GESPED",1951,"enn_mn",1432.2590129476
"GOEELE",1951,"ai",63.397913561848
"GOEELE",1951,"enn_mn",1518.96854169056
"GOMLIN",1951,"ai",61.8430034129693
"GOMLIN",1951,"enn_mn",1320.97013617504
"GONHIR",1951,"ai",66.9281954513854
"GONHIR",1951,"enn_mn",1273.6887831373
"GONPOR",1951,"ai",96.2157048249763
"GONPOR",1951,"enn_mn",1120.27100675633
"GOSHIR",1951,"ai",51.0989010989011
"GOSHIR",1951,"enn_mn",1938.73031763575
"GUABLA",1951,"ai",62.2107969151671
"GUABLA",1951,"enn_mn",1243.97669338864
"GUACAR",1951,"ai",90.9671532846715
"GUACAR",1951,"enn_mn",3946.4492426136
"GUAFRA",1951,"ai",62.1253780588397
"GUAFRA",1951,"enn_mn",1436.1987997125
"GUAGLA",1951,"ai",72.8023441662227
"GUAGLA",1951,"enn_mn",1247.34761121509
"GUAGUI",1951,"ai",60.0955063058651
"GUAGUI",1951,"enn_mn",1329.41299081832
"GUAOBT",1951,"ai",73.1463960089455
"GUAOBT",1951,"enn_mn",1528.26215772963
"GUAOFF",1951,"ai",65.3409090909091
"GUAOFF",1951,"enn_mn",2310.61508485081
"GUASAN",1951,"ai",71.5529753265602
"GUASAN",1951,"enn_mn",1614.69641733715
"GUAULM",1951,"ai",36.3912054586808
"GUAULM",1951,"enn_mn",1471.66957567974
"GUEELL",1951,"ai",65.58516801854
"GUEELL",1951,"enn_mn",1861.10011652977
"GUEKRU",1951,"ai",68.4973302822273
"GUEKRU",1951,"enn_mn",1960.46203286014
"GUEOVA",1951,"ai",66.6434903528594
"GUEOVA",1951,"enn_mn",1364.80785934869
"GUEPUN",1951,"ai",71.9562243502052
"GUEPUN",1951,"enn_mn",1856.13526406141
"GUESCA",1951,"ai",68.2610639248994
"GUESCA",1951,"enn_mn",1710.91172460737
"GUEVAL",1951,"ai",63.4452463131472
"GUEVAL",1951,"enn_mn",1362.68790260963
"GYMLAT",1951,"ai",66.6616609100465
"GYMLAT",1951,"enn_mn",1628.09311469379
"GYMLUC",1951,"ai",68.4795553791187
"GYMLUC",1951,"enn_mn",1572.36749802609
"HAESAL",1951,"ai",80.0912484446288
"HAESAL",1951,"enn_mn",1567.06633649342
"HAMAXI",1951,"ai",65.6193895870736
"HAMAXI",1951,"enn_mn",1644.49738269406
"HEDARB",1951,"ai",82.3442864149093
"HEDARB",1951,"enn_mn",1367.72823332865
"HELJAM",1951,"ai",60.9660033167496
"HELJAM",1951,"enn_mn",1608.90595706874
"HENFAS",1951,"ai",59.2015901938049
"HENFAS",1951,"enn_mn",1409.22290595915
"HENMAC",1951,"ai",70.2965362571642
"HENMAC",1951,"enn_mn",1282.79678116232
"HENSQU",1951,"ai",76.5335011009752
"HENSQU",1951,"enn_mn",1216.7910331742
"HIBELA",1951,"ai",52.2457563467027
"HIBELA",1951,"enn_mn",1401.61992881356
"HIBTIL",1951,"ai",64.7452291953571
"HIBTIL",1951,"enn_mn",1319.57329709392
"HIECLU",1951,"ai",64.4393118827652
"HIECLU",1951,"enn_mn",1345.61412705697
"HIPMAN",1951,"ai",58.56489623637
"HIPMAN",1951,"enn_mn",1784.49200978633
"HIRRUG",1951,"ai",69.9390815370197
"HIRRUG",1951,"enn_mn",1293.36035870799
"HIRTRI",1951,"ai",54.7142857142857
"HIRTRI",1951,"enn_mn",1368.85830392598
"HOMRAC",1951,"ai",65.4013329469719
"HOMRAC",1951,"enn_mn",1567.12771215731
"HURCRE",1951,"ai",46.3395434269221
"HURCRE",1951,"enn_mn",1400.70351151231
"HYMCOU",1951,"ai",40.4423380726698
"HYMCOU",1951,"enn_mn",1485.29978702275
"HYPTRI",1951,"ai",73.0455075845974
"HYPTRI",1951,"enn_mn",2352.45574284697
"ILENIT",1951,"ai",67.0967741935484
"ILENIT",1951,"enn_mn",1180.84064123568
"ILESID",1951,"ai",61.9510757441792
"ILESID",1951,"enn_mn",1394.04017033787
"ILEURB",1951,"ai",73.2965326893221
"ILEURB",1951,"enn_mn",1471.1652998386
"INDSUF",1951,"ai",51.8622848200313
"INDSUF",1951,"enn_mn",1737.96133637812
"INGLAU",1951,"ai",56.2446717817562
"INGLAU",1951,"enn_mn",1383.6622054688
"INGVER",1951,"ai",53.2827815794341
"INGVER",1951,"enn_mn",1342.5229352421
"IXOFER",1951,"ai",67.7046400493294
"IXOFER",1951,"enn_mn",1342.39008393367
"JACARB",1951,"ai",60.9177215189873
"JACARB",1951,"enn_mn",1777.63672847432
"JACBER",1951,"ai",69.4926568758344
"JACBER",1951,"enn_mn",2496.18050043573
"JATGOS",1951,"ai",46.4996788696211
"JATGOS",1951,"enn_mn",1954.53225142753
"JATHER",1951,"ai",61.9383587077609
"JATHER",1951,"enn_mn",1517.28431075923
"KOAPOL",1951,"ai",57.4199690586695
"KOAPOL",1951,"enn_mn",1365.02540587157
"KRUFER",1951,"ai",60.2516000882807
"KRUFER",1951,"enn_mn",1678.35174578291
"LAEPRO",1951,"ai",59.3059936908517
"LAEPRO",1951,"enn_mn",1359.41891117609
"LAGRAC",1951,"ai",39.5727365208545
"LAGRAC",1951,"enn_mn",1918.12616118819
"LANCAM",1951,"ai",50.688
"LANCAM",1951,"enn_mn",1743.63348252906
"LANINV",1951,"ai",51.0992275698158
"LANINV",1951,"enn_mn",1551.75731478412
"LEULEU",1951,"ai",51.6338028169014
"LEULEU",1951,"enn_mn",1610.53515573383
"LICBRI",1951,"ai",83.7349397590361
"LICBRI",1951,"enn_mn",2648.80174085272
"LICPAR",1951,"ai",63.3037521407442
"LICPAR",1951,"enn_mn",1618.00289822856
"LONGLA",1951,"ai",67.9690249912003
"LONGLA",1951,"enn_mn",1109.58149175376
"LONHEP",1951,"ai",65.8370832950684
"LONHEP",1951,"enn_mn",1323.78734087035
"LONSER",1951,"ai",69.088471849866
"LONSER",1951,"enn_mn",1777.89405504785
"LYOSTA",1951,"ai",51.9799219185722
"LYOSTA",1951,"enn_mn",1490.03496160335
"MACLUN",1951,"ai",33.7387387387387
"MACLUN",1951,"enn_mn",1618.22607145137
"MACPOR",1951,"ai",64.3585614600107
"MACPOR",1951,"enn_mn",1852.40444142552
"MAGPOR",1951,"ai",74.9772520473157
"MAGPOR",1951,"enn_mn",1119.19337892488
"MAGSPL",1951,"ai",59.2015901938049
"MAGSPL",1951,"enn_mn",1409.22290595915
"MALCOC",1951,"ai",62.5590551181102
"MALCOC",1951,"enn_mn",1399.66384002529
"MALFUC",1951,"ai",76.0576923076923
"MALFUC",1951,"enn_mn",1562.65951439294
"MAMAME",1951,"ai",65.1179162266807
"MAMAME",1951,"enn_mn",1449.98218520027
"MANBID",1951,"ai",62.4405166553365
"MANBID",1951,"enn_mn",1557.12787102415
"MANIND",1951,"ai",37.9625598606879
"MANIND",1951,"enn_mn",1504.06075384327
"MANPLE",1951,"ai",68.8116173727685
"MANPLE",1951,"enn_mn",1783.72348488897
"MARMIC",1951,"ai",63.9717303510407
"MARMIC",1951,"enn_mn",1326.32265686703
"MARNOB",1951,"ai",67.1776232616941
"MARNOB",1951,"enn_mn",1372.99916961141
"MATDOM",1951,"ai",72.3052714398112
"MATDOM",1951,"enn_mn",1283.090719881
"MAYELO",1951,"ai",57.4199690586695
"MAYELO",1951,"enn_mn",1365.02540587157
"MAYLAE",1951,"ai",60.2361215774931
"MAYLAE",1951,"enn_mn",1544.71436501677
"MAYPON",1951,"ai",72.9887024991441
"MAYPON",1951,"enn_mn",1460.5393074438
"MECLAT",1951,"ai",71.7565403096636
"MECLAT",1951,"enn_mn",1268.35226932154
"MELAZE",1951,"ai",63.3243606998654
"MELAZE",1951,"enn_mn",1352.87212427891
"MELBIJ",1951,"ai",57.287784679089
"MELBIJ",1951,"enn_mn",1602.0783464877
"MELHER",1951,"ai",66.5727699530516
"MELHER",1951,"enn_mn",1310.87324672472
"MELOBT",1951,"ai",62.1561338289963
"MELOBT",1951,"enn_mn",1345.71133858331
"MELTOM",1951,"ai",62.6772546795235
"MELTOM",1951,"enn_mn",1676.35361218964
"MICCAL",1951,"ai",61.2652068126521
"MICCAL",1951,"enn_mn",1317.36895003064
"MICFOV",1951,"ai",85.1181102362205
"MICFOV",1951,"enn_mn",2247.80431785556
"MICGAR",1951,"ai",80.0398208063713
"MICGAR",1951,"enn_mn",1774.83873855796
"MICGUY",1951,"ai",71.9650205761317
"MICGUY",1951,"enn_mn",1255.43042312009
"MICIMP",1951,"ai",48.2030178326475
"MICIMP",1951,"enn_mn",1423.52962267536
"MICLAE",1951,"ai",61.628118739756
"MICLAE",1951,"enn_mn",1331.11597437099
"MICMIR",1951,"ai",79.4713975380159
"MICMIR",1951,"enn_mn",1416.41751471833
"MICPAC",1951,"ai",94.2006269592476
"MICPAC",1951,"enn_mn",3951.4720715586
"MICPRA",1951,"ai",53.9476128552852
"MICPRA",1951,"enn_mn",1397.1019917893
"MICRAC",1951,"ai",65.9501289767842
"MICRAC",1951,"enn_mn",1298.32303153893
"MICSER",1951,"ai",53.6376953125
"MICSER",1951,"enn_mn",1400.28649885502
"MICSIN",1951,"ai",73.9046391752577
"MICSIN",1951,"enn_mn",1422.12676465248
"MICTET",1951,"ai",64.0294745006787
"MICTET",1951,"enn_mn",1386.10322711253
"MICTHO",1951,"ai",36.6456059735784
"MICTHO",1951,"enn_mn",1723.24919416767
"MORCIT",1951,"ai",36.2426822778073
"MORCIT",1951,"enn_mn",1753.28345147828
"MOSXER",1951,"ai",71.4514835605453
"MOSXER",1951,"enn_mn",1839.89089445482
"MOUHEL",1951,"ai",83.7349397590361
"MOUHEL",1951,"enn_mn",2648.80174085272
"MUNCAL",1951,"ai",34.390243902439
"MUNCAL",1951,"enn_mn",1699.75489231661
"MYRAMA",1951,"ai",70.2502720348205
"MYRAMA",1951,"enn_mn",1353.85529884813
"MYRBOR",1951,"ai",60.9756097560976
"MYRBOR",1951,"enn_mn",1504.00062290374
"MYRCER",1951,"ai",65.2712264150943
"MYRCER",1951,"enn_mn",1304.07840558525
"MYRCIT",1951,"ai",67.579046720151
"MYRCIT",1951,"enn_mn",1937.60512693223
"MYRCOR",1951,"ai",64.6495991724851
"MYRCOR",1951,"enn_mn",1351.50600276807
"MYRDEF",1951,"ai",68.4669811320755
"MYRDEF",1951,"enn_mn",1355.24227909452
"MYRFAL",1951,"ai",72.1266968325792
"MYRFAL",1951,"enn_mn",1256.46686028574
"MYRFLO",1951,"ai",14.8148148148148
"MYRFLO",1951,"enn_mn",4792.16556556178
"MYRGUI",1951,"ai",52.8758829465187
"MYRGUI",1951,"enn_mn",1732.02116937716
"MYRSPL",1951,"ai",59.6074154852781
"MYRSPL",1951,"enn_mn",1310.15843359577
"NECCOR",1951,"ai",62.5841016695739
"NECCOR",1951,"enn_mn",1441.64685378792
"NECKRU",1951,"ai",48.4161329409728
"NECKRU",1951,"enn_mn",1400.36540515535
"NECMEM",1951,"ai",56.9881692400241
"NECMEM",1951,"enn_mn",1353.29880045818
"NECPAT",1951,"ai",69.1576313594662
"NECPAT",1951,"enn_mn",1850.20857292812
"NECTUR",1951,"ai",71.5312150726489
"NECTUR",1951,"enn_mn",1449.71021329322
"NEEBUX",1951,"ai",67.6327562730986
"NEEBUX",1951,"enn_mn",1688.09643102282
"NEORES",1951,"ai",68.9363143631436
"NEORES",1951,"enn_mn",1537.21226491626
"OCHPYR",1951,"ai",59.3059936908517
"OCHPYR",1951,"enn_mn",1359.41891117609
"OCOCUN",1951,"ai",83.7349397590361
"OCOCUN",1951,"enn_mn",2648.80174085272
"OCOFLO",1951,"ai",66.5212283940258
"OCOFLO",1951,"enn_mn",1336.568962479
"OCOLEU",1951,"ai",64.8488441019561
"OCOLEU",1951,"enn_mn",1289.52302377456
"OCOSPA",1951,"ai",85.9108159392789
"OCOSPA",1951,"enn_mn",1854.24038562603
"OCOWRI",1951,"ai",63.9561270801815
"OCOWRI",1951,"enn_mn",1734.62751819603
"ORMKRU",1951,"ai",66.1731900223078
"ORMKRU",1951,"enn_mn",1418.2745219265
"OSSKRU",1951,"ai",57.4053137365743
"OSSKRU",1951,"enn_mn",1367.15746499335
"OURLIT",1951,"ai",51.6707920792079
"OURLIT",1951,"enn_mn",2153.70908329547
"OXALAN",1951,"ai",72.8405599180608
"OXALAN",1951,"enn_mn",1514.84700704228
"PALALP",1951,"ai",59.837019790454
"PALALP",1951,"enn_mn",1410.74403548843
"PALCRO",1951,"ai",36.5197666882696
"PALCRO",1951,"enn_mn",1396.51464705586
"PALRIP",1951,"ai",59.5562279374685
"PALRIP",1951,"enn_mn",1403.55689937122
"PARCRE",1951,"ai",66.3880597014925
"PARCRE",1951,"enn_mn",2213.70063973511
"PERAME",1951,"ai",62.3366834170854
"PERAME",1951,"enn_mn",1350.74029837796
"PETDOM",1951,"ai",61.1351611351611
"PETDOM",1951,"enn_mn",1423.83793008242
"PHIMYR",1951,"ai",65.3133274492498
"PHIMYR",1951,"enn_mn",2118.80115719511
"PHLCOW",1951,"ai",58.5949177877429
"PHLCOW",1951,"enn_mn",1548.42284738472
"PHYCUN",1951,"ai",48.74022589053
"PHYCUN",1951,"enn_mn",1704.10010507352
"PHYEPI",1951,"ai",68.5156730178242
"PHYEPI",1951,"enn_mn",1771.27951483711
"PHYJUG",1951,"ai",39.5541401273885
"PHYJUG",1951,"enn_mn",1840.58016889471
"PICACU",1951,"ai",56.361686919228
"PICACU",1951,"enn_mn",1527.48480060885
"PICEXC",1951,"ai",63.3217993079585
"PICEXC",1951,"enn_mn",1351.20609769252
"PICPEN",1951,"ai",60.7910694597574
"PICPEN",1951,"enn_mn",1465.39189169125
"PILRAC",1951,"ai",63.1241997439181
"PILRAC",1951,"enn_mn",2117.03949523601
"PIMRAC",1951,"ai",68.1675004632203
"PIMRAC",1951,"enn_mn",1673.21896732815
"PINCAR",1951,"ai",62.0658949243099
"PINCAR",1951,"enn_mn",1396.60911600336
"PINCOR",1951,"ai",66.7223095051061
"PINCOR",1951,"enn_mn",1290.71915005769
"PIPADU",1951,"ai",66.1434741388391
"PIPADU",1951,"enn_mn",1286.39708615697
"PIPAMA",1951,"ai",59.7302141307424
"PIPAMA",1951,"enn_mn",1327.93980393853
"PIPBLA",1951,"ai",64.2383059418458
"PIPBLA",1951,"enn_mn",1396.8630846141
"PIPGLA",1951,"ai",59.8726114649682
"PIPGLA",1951,"enn_mn",1276.8004464228
"PIPHIS",1951,"ai",59.384977314737
"PIPHIS",1951,"enn_mn",1390.29019892779
"PIPJAC",1951,"ai",62.86701208981
"PIPJAC",1951,"enn_mn",1427.92271412347
"PIPMAR",1951,"ai",68.9806412583182
"PIPMAR",1951,"enn_mn",1307.59220424987
"PIPUMB",1951,"ai",56.9881692400241
"PIPUMB",1951,"enn_mn",1353.29880045818
"PISALB",1951,"ai",61.897191308956
"PISALB",1951,"enn_mn",1691.42654607933
"PISCAR",1951,"ai",39.349593495935
"PISCAR",1951,"enn_mn",1889.00491194252
"PISSUB",1951,"ai",66.5212283940258
"PISSUB",1951,"enn_mn",1336.568962479
"PITDUL",1951,"ai",58.5563665855637
"PITDUL",1951,"enn_mn",1996.54242667239
"PITUNG",1951,"ai",67.688679245283
"PITUNG",1951,"enn_mn",1942.57589303315
"PLUALB",1951,"ai",51.6528925619835
"PLUALB",1951,"enn_mn",1494.86611283152
"PLUCAR",1951,"ai",60.6935332708529
"PLUCAR",1951,"enn_mn",1362.02992869506
"PLUOBT",1951,"ai",74.3776563448695
"PLUOBT",1951,"enn_mn",1994.80864055193
"PODCOR",1951,"ai",50.0849617672048
"PODCOR",1951,"enn_mn",1930.92190159888
"POIFLO",1951,"ai",61.3648947951274
"POIFLO",1951,"enn_mn",1487.48527271032
"POIPUN",1951,"ai",52.8038799636253
"POIPUN",1951,"enn_mn",1388.72453643319
"POUDIC",1951,"ai",67.7066523220369
"POUDIC",1951,"enn_mn",1776.16359793827
"POUMUL",1951,"ai",64.4393118827652
"POUMUL",1951,"enn_mn",1345.61412705697
"PREMON",1951,"ai",72.4254215304799
"PREMON",1951,"enn_mn",1248.20012205446
"PROJUL",1951,"ai",64.87747957993
"PROJUL",1951,"enn_mn",1599.39143407469
"PROPAL",1951,"ai",54.2847270214236
"PROPAL",1951,"enn_mn",1856.74176849228
"PRUMYR",1951,"ai",73.1538992408558
"PRUMYR",1951,"enn_mn",1221.31117652199
"PSESPU",1951,"ai",69.5525291828794
"PSESPU",1951,"enn_mn",1116.73960621108
"PSIAMP",1951,"ai",69.3251533742331
"PSIAMP",1951,"enn_mn",1436.26380402693
"PSIGUA",1951,"ai",51.9224449556359
"PSIGUA",1951,"enn_mn",1314.38723433877
"PSYBER",1951,"ai",68.9712128362435
"PSYBER",1951,"enn_mn",1292.03136231321
"PSYBRA",1951,"ai",56.1854431900072
"PSYBRA",1951,"enn_mn",1280.06055016693
"PSYDOM",1951,"ai",65.3683468452591
"PSYDOM",1951,"enn_mn",1544.28574331958
"PSYGRA",1951,"ai",60.1123595505618
"PSYGRA",1951,"enn_mn",1333.37348404306
"PSYMAL",1951,"ai",85.7231149567367
"PSYMAL",1951,"enn_mn",2047.23633411382
"PSYMAR",1951,"ai",49.9578414839798
"PSYMAR",1951,"enn_mn",1903.76062887725
"PSYPUB",1951,"ai",70.3805910083937
"PSYPUB",1951,"enn_mn",1389.7542661097
"PTEIND",1951,"ai",64.4393118827652
"PTEIND",1951,"enn_mn",1345.61412705697
"QUACYN",1951,"ai",58.6726998491704
"QUACYN",1951,"enn_mn",1643.58694885536
"QUAIND",1951,"ai",64.6250715512307
"QUAIND",1951,"enn_mn",1935.24381960413
"QUATUR",1951,"ai",65.6940632673696
"QUATUR",1951,"enn_mn",1532.089989036
"RANACU",1951,"ai",62.9417539267016
"RANACU",1951,"enn_mn",1554.34846659834
"RAUNIT",1951,"ai",55.0642240471678
"RAUNIT",1951,"enn_mn",1497.66832703321
"RAVURB",1951,"ai",85.7949959644875
"RAVURB",1951,"enn_mn",4970.70255623425
"REYKRU",1951,"ai",70.3714536414156
"REYKRU",1951,"enn_mn",1697.85385014702
"REYUNC",1951,"ai",68.2165163081194
"REYUNC",1951,"enn_mn",2419.96403079789
"REYVIV",1951,"ai",73.0654761904762
"REYVIV",1951,"enn_mn",2696.53687511527
"RHIMAN",1951,"ai",33.9831059129305
"RHIMAN",1951,"enn_mn",1884.03097573258
"ROCACA",1951,"ai",64.0088593576966
"ROCACA",1951,"enn_mn",1837.10847628897
"RONINE",1951,"ai",67.6937695126917
"RONINE",1951,"enn_mn",1561.47574797444
"ROYBOR",1951,"ai",54.0243292784536
"ROYBOR",1951,"enn_mn",1402.49579531586
"SAMDOD",1951,"ai",63.7569727121966
"SAMDOD",1951,"enn_mn",1571.73722408033
"SAMSAM",1951,"ai",58.1486952240276
"SAMSAM",1951,"enn_mn",1618.72837802599
"SAMSPI",1951,"ai",68.7539800466992
"SAMSPI",1951,"enn_mn",1488.15230036448
"SAPLAU",1951,"ai",66.29021667761
"SAPLAU",1951,"enn_mn",1286.91891164075
"SAPSAP",1951,"ai",58.0856123662307
"SAPSAP",1951,"enn_mn",2017.35772700032
"SAVSES",1951,"ai",58.2580115036976
"SAVSES",1951,"enn_mn",2057.26519168833
"SCHFRU",1951,"ai",61.1370436864153
"SCHFRU",1951,"enn_mn",1457.82212360013
"SCHGLE",1951,"ai",60
"SCHGLE",1951,"enn_mn",1391.29931244844
"SCHMOR",1951,"ai",63.0698529411765
"SCHMOR",1951,"enn_mn",1393.71099534551
"SCHOBO",1951,"ai",73.1463960089455
"SCHOBO",1951,"enn_mn",1528.26215772963
"SENPOL",1951,"ai",68.5132843414358
"SENPOL",1951,"enn_mn",2010.35277614176
"SENSIA",1951,"ai",63.977079138919
"SENSIA",1951,"enn_mn",1323.87688401806
"SIDCUB",1951,"ai",72.9445757814552
"SIDCUB",1951,"enn_mn",2115.55911717699
"SIDFOE",1951,"ai",67.6072898295121
"SIDFOE",1951,"enn_mn",1821.84554910116
"SIDOBO",1951,"ai",71.1111111111111
"SIDOBO",1951,"enn_mn",2373.32723228252
"SIDPOR",1951,"ai",67.9620563035496
"SIDPOR",1951,"enn_mn",1618.11905407784
"SIDSAL",1951,"ai",67.8286558345643
"SIDSAL",1951,"enn_mn",1797.02072250028
"SIMTUL",1951,"ai",63.2991803278689
"SIMTUL",1951,"enn_mn",1352.89779642402
"SIPDEN",1951,"ai",66.3880597014925
"SIPDEN",1951,"enn_mn",2213.70063973511
"SLOAMY",1951,"ai",73.1463960089455
"SLOAMY",1951,"enn_mn",1528.26215772963
"SLOBER",1951,"ai",71.2747875354108
"SLOBER",1951,"enn_mn",1325.59263651084
"SOLENS",1951,"ai",64.6729522687095
"SOLENS",1951,"enn_mn",1329.64688194395
"SOLRUG",1951,"ai",48.3247422680412
"SOLRUG",1951,"enn_mn",1368.2579546587
"SOLTOR",1951,"ai",41.0135347812402
"SOLTOR",1951,"enn_mn",1491.94457022174
"SPACAM",1951,"ai",57.5278696557638
"SPACAM",1951,"enn_mn",1333.28135562905
"SPOMOM",1951,"ai",36.8370911400445
"SPOMOM",1951,"enn_mn",1450.74663075227
"STAMON",1951,"ai",56.0992419021365
"STAMON",1951,"enn_mn",1779.45151237194
"STEACU",1951,"ai",64.3189755529686
"STEACU",1951,"enn_mn",2146.05459497936
"STEAPE",1951,"ai",63.3217993079585
"STEAPE",1951,"enn_mn",1351.20609769252
"STESIN",1951,"ai",68.8216039279869
"STESIN",1951,"enn_mn",1674.62066507491
"SWIMAC",1951,"ai",63.9717303510407
"SWIMAC",1951,"enn_mn",1326.32265686703
"SWIMAH",1951,"ai",60.0760456273764
"SWIMAH",1951,"enn_mn",1615.87973253624
"SYMMAR",1951,"ai",67.262044653349
"SYMMAR",1951,"enn_mn",1633.28388216989
"SYMMIC",1951,"ai",81.5668202764977
"SYMMIC",1951,"enn_mn",2089.22338028135
"SYZJAM",1951,"ai",57.8696925329429
"SYZJAM",1951,"enn_mn",1386.86677655621
"SYZMAL",1951,"ai",62.0658949243099
"SYZMAL",1951,"enn_mn",1396.60911600336
"TABCIT",1951,"ai",59.2015901938049
"TABCIT",1951,"enn_mn",1409.22290595915
"TABHAE",1951,"ai",48.1111763554512
"TABHAE",1951,"enn_mn",1388.32951021306
"TABHET",1951,"ai",59.5581395348837
"TABHET",1951,"enn_mn",1471.51062033731
"TABKAR",1951,"ai",72.9454735194365
"TABKAR",1951,"enn_mn",1436.10345220305
"TABRIG",1951,"ai",74.7252747252747
"TABRIG",1951,"enn_mn",1502.86751369683
"TABSCH",1951,"ai",65.1646447140381
"TABSCH",1951,"enn_mn",1388.33718197696
"TAMIND",1951,"ai",50.4692387904067
"TAMIND",1951,"enn_mn",1677.79889082797
"TECGRA",1951,"ai",64.4393118827652
"TECGRA",1951,"enn_mn",1345.61412705697
"TECSTA",1951,"ai",46.1262185736275
"TECSTA",1951,"enn_mn",1537.32123429593
"TERCAT",1951,"ai",60.7224247948952
"TERCAT",1951,"enn_mn",1422.09093985483
"TERSTA",1951,"ai",70.1440177252585
"TERSTA",1951,"enn_mn",1834.93051211286
"TETBAL",1951,"ai",55.0652495627607
"TETBAL",1951,"enn_mn",1399.34382081484
"TETBIF",1951,"ai",71.0328317373461
"TETBIF",1951,"enn_mn",1402.15128867369
"TETELA",1951,"ai",62.7492331288344
"TETELA",1951,"enn_mn",1561.38552279807
"TETURB",1951,"ai",67.3951828724353
"TETURB",1951,"enn_mn",1349.58993079574
"THEGRA",1951,"ai",47.3060982830077
"THEGRA",1951,"enn_mn",1519.7298070663
"THEPOP",1951,"ai",38.2600258732212
"THEPOP",1951,"enn_mn",1552.95593052315
"THOPOR",1951,"ai",67.8943710910354
"THOPOR",1951,"enn_mn",2440.77918149896
"THOSTR",1951,"ai",72.3543400713436
"THOSTR",1951,"enn_mn",1458.78665359288
"THRMOR",1951,"ai",65.0076569678407
"THRMOR",1951,"enn_mn",1569.0241608043
"TOUFIL",1951,"ai",60.2439400957233
"TOUFIL",1951,"enn_mn",1431.8020588073
"TRELAM",1951,"ai",58.4097859327217
"TRELAM",1951,"enn_mn",1514.43896244087
"TREMIC",1951,"ai",49.9144767532266
"TREMIC",1951,"enn_mn",1396.67675407838
"TRIHIR",1951,"ai",55.8217344753747
"TRIHIR",1951,"enn_mn",1366.90792863363
"TRIPAL",1951,"ai",64.6935054004769
"TRIPAL",1951,"enn_mn",1286.67027718818
"TRITRI",1951,"ai",73.8476953907816
"TRITRI",1951,"enn_mn",1936.18434657627
"TRORAC",1951,"ai",65.2124737437389
"TRORAC",1951,"enn_mn",1391.46683585998
"TUROCC",1951,"ai",62.5780389276533
"TUROCC",1951,"enn_mn",1310.67181406681
"UREBAC",1951,"ai",62.7314193721492
"UREBAC",1951,"enn_mn",1336.78164632436
"VACFAR",1951,"ai",53.9772727272727
"VACFAR",1951,"enn_mn",1777.99343902908
"VARBEL",1951,"ai",83.7349397590361
"VARBEL",1951,"enn_mn",2648.80174085272
"VARPOL",1951,"ai",36.9098712446352
"VARPOL",1951,"enn_mn",1625.16266269764
"VARRUP",1951,"ai",72.9946524064171
"VARRUP",1951,"enn_mn",2172.28551112257
"VITDIV",1951,"ai",59.2813256376839
"VITDIV",1951,"enn_mn",1378.05604960836
"WALLAM",1951,"ai",70.7165109034268
"WALLAM",1951,"enn_mn",1138.32155012541
"XYLBUX",1951,"ai",67.5418011146964
"XYLBUX",1951,"enn_mn",1820.45001096524
"XYLSCH",1951,"ai",83.7349397590361
"XYLSCH",1951,"enn_mn",2648.80174085272
"ZANFLA",1951,"ai",72.3400078523753
"ZANFLA",1951,"enn_mn",1455.18249942087
"ZANMAR",1951,"ai",60.2950121654501
"ZANMAR",1951,"enn_mn",1406.02363447601
"ZANMON",1951,"ai",41.7058823529412
"ZANMON",1951,"enn_mn",1665.09812850224
"ZANPUN",1951,"ai",62.7772420443587
"ZANPUN",1951,"enn_mn",1499.31588726743
"ZAPPOR",1951,"ai",59.8416886543536
"ZAPPOR",1951,"enn_mn",1611.33792640275
"ZIZRET",1951,"ai",62.6441881100266
"ZIZRET",1951,"enn_mn",2019.44535202555
"ACNARB",1977,"ai",68.8138130111723
"ACNARB",1977,"enn_mn",1235.15576002298
"ADEPAV",1977,"ai",77.0199225235196
"ADEPAV",1977,"enn_mn",1651.88345782834
"ADERIC",1977,"ai",61.9230769230769
"ADERIC",1977,"enn_mn",1649.68604199502
"AIPMIN",1977,"ai",73.3967831760941
"AIPMIN",1977,"enn_mn",1242.95386574923
"ALBLEB",1977,"ai",57.8173190984579
"ALBLEB",1977,"enn_mn",1484.81925272583
"ALBPRO",1977,"ai",59.8104265402844
"ALBPRO",1977,"enn_mn",1424.41173520283
"ALCLAT",1977,"ai",73.6684782608696
"ALCLAT",1977,"enn_mn",1330.83587366695
"ALLCRA",1977,"ai",73.2261404470431
"ALLCRA",1977,"enn_mn",1262.91059160135
"ALLRAC",1977,"ai",77.2693173293323
"ALLRAC",1977,"enn_mn",1476.61222222911
"ALSBRY",1977,"ai",69.7300965018094
"ALSBRY",1977,"enn_mn",1262.35114348532
"ALSPOR",1977,"ai",71.9161105815062
"ALSPOR",1977,"enn_mn",1339.82877943838
"AMYELE",1977,"ai",75.759273786843
"AMYELE",1977,"enn_mn",1484.18638810189
"ANAPER",1977,"ai",69.8623829743695
"ANAPER",1977,"enn_mn",1237.13352638381
"ANDINE",1977,"ai",73.5880157075677
"ANDINE",1977,"enn_mn",1220.82396746825
"ANNGLA",1977,"ai",68.1141353279313
"ANNGLA",1977,"enn_mn",1240.12517999901
"ANNMON",1977,"ai",61.9981149858624
"ANNMON",1977,"enn_mn",1338.37317695552
"ARDELL",1977,"ai",73.4299971754072
"ARDELL",1977,"enn_mn",1240.4387920226
"ARDGLA",1977,"ai",71.7764132966335
"ARDGLA",1977,"enn_mn",1283.44235321612
"ARDOBO",1977,"ai",72.5930420711974
"ARDOBO",1977,"enn_mn",1383.20814759609
"ARTALT",1977,"ai",69.9984774665043
"ARTALT",1977,"enn_mn",1270.40807604683
"AVIGER",1977,"ai",49.3881941643136
"AVIGER",1977,"enn_mn",1246.16109570772
"BADPEN",1977,"ai",61.6573495560671
"BADPEN",1977,"enn_mn",1580.98649200309
"BIXORE",1977,"ai",74.4915096100019
"BIXORE",1977,"enn_mn",1194.44138184906
"BOCFRU",1977,"ai",69.9919693048987
"BOCFRU",1977,"enn_mn",1342.1914222988
"BONUMB",1977,"ai",72.6928895612708
"BONUMB",1977,"enn_mn",1480.68624035174
"BOUSUC",1977,"ai",60.7047965319536
"BOUSUC",1977,"enn_mn",1352.53876257274
"BOUVIR",1977,"ai",73.1411551962557
"BOUVIR",1977,"enn_mn",1569.17602986264
"BRUAME",1977,"ai",75.0714673421386
"BRUAME",1977,"enn_mn",1196.88952726886
"BRUDEN",1977,"ai",70.6836202585899
"BRUDEN",1977,"enn_mn",1286.49779569116
"BRULAC",1977,"ai",72.8986645718775
"BRULAC",1977,"enn_mn",1354.36627114089
"BUCBUC",1977,"ai",63.5028130860596
"BUCBUC",1977,"enn_mn",1252.04236654792
"BUCTET",1977,"ai",78.57063093244
"BUCTET",1977,"enn_mn",1314.60045309459
"BUNGLA",1977,"ai",64.7299509001637
"BUNGLA",1977,"enn_mn",1308.0716350132
"BURSIM",1977,"ai",69.052371447581
"BURSIM",1977,"enn_mn",1430.67828239561
"BUXPOR",1977,"ai",73.8626535201522
"BUXPOR",1977,"enn_mn",1444.06349810857
"BUXVAH",1977,"ai",73.3680598619207
"BUXVAH",1977,"enn_mn",1239.22652893334
"BYRCRA",1977,"ai",55.5355737889176
"BYRCRA",1977,"enn_mn",1282.52607188844
"BYRLUC",1977,"ai",62.8601090059694
"BYRLUC",1977,"enn_mn",1328.5536632295
"BYRSPI",1977,"ai",61.4166666666667
"BYRSPI",1977,"enn_mn",1236.93013765962
"BYRWAD",1977,"ai",77.4590163934426
"BYRWAD",1977,"enn_mn",1343.62329266645
"CALANT",1977,"ai",72.2884678209735
"CALANT",1977,"enn_mn",1459.96212453246
"CALKRU",1977,"ai",82.0009689922481
"CALKRU",1977,"enn_mn",1388.87058904325
"CALPAL",1977,"ai",72.2916088444814
"CALPAL",1977,"enn_mn",1594.56042039754
"CAPFRO",1977,"ai",43.652561247216
"CAPFRO",1977,"enn_mn",1675.7376242905
"CASACU",1977,"ai",50.9742602838586
"CASACU",1977,"enn_mn",1242.79544914026
"CASARB",1977,"ai",73.7181309828452
"CASARB",1977,"enn_mn",1261.2057508709
"CASDEC",1977,"ai",71.7517279899462
"CASDEC",1977,"enn_mn",1277.99587546961
"CASELA",1977,"ai",73.365617433414
"CASELA",1977,"enn_mn",1188.62361186681
"CASEQU",1977,"ai",46.016713091922
"CASEQU",1977,"enn_mn",1617.86828189713
"CASGUI",1977,"ai",72.8298124259986
"CASGUI",1977,"enn_mn",1251.56170512878
"CASSYL",1977,"ai",74.2193173565723
"CASSYL",1977,"enn_mn",1256.56184919272
"CECSCH",1977,"ai",75.5393835616438
"CECSCH",1977,"enn_mn",1253.54020428459
"CEIPEN",1977,"ai",59.5953002610966
"CEIPEN",1977,"enn_mn",1378.36985171184
"CELTRI",1977,"ai",66.7453758362849
"CELTRI",1977,"enn_mn",1481.56728389955
"CESCIT",1977,"ai",74.814635718891
"CESCIT",1977,"enn_mn",1200.27977086367
"CESMAC",1977,"ai",78.1068162926018
"CESMAC",1977,"enn_mn",1328.01214878132
"CHICOM",1977,"ai",69.0468171101381
"CHICOM",1977,"enn_mn",1296.94763684941
"CHIDOM",1977,"ai",75.1913791072901
"CHIDOM",1977,"enn_mn",1253.47145495078
"CHIHOL",1977,"ai",67.9814385150812
"CHIHOL",1977,"enn_mn",1693.26016872092
"CHIVEN",1977,"ai",72.8199665195556
"CHIVEN",1977,"enn_mn",1234.28971000627
"CHRARG",1977,"ai",74.2635224966762
"CHRARG",1977,"enn_mn",1241.5044998364
"CHRICA",1977,"ai",51.1081344374087
"CHRICA",1977,"enn_mn",1260.5043493051
"CHROLI",1977,"ai",53.9714413208389
"CHROLI",1977,"enn_mn",1395.45649333414
"CHRPAU",1977,"ai",63.7743506493507
"CHRPAU",1977,"enn_mn",1307.63433921813
"CINELO",1977,"ai",68.8138130111723
"CINELO",1977,"enn_mn",1235.15576002298
"CINMON",1977,"ai",73.7387917761072
"CINMON",1977,"enn_mn",1217.43044077307
"CITCAU",1977,"ai",78.6070381231671
"CITCAU",1977,"enn_mn",1189.3712508931
"CITSPI",1977,"ai",72.5023837270897
"CITSPI",1977,"enn_mn",1226.96869433326
"CLIEGG",1977,"ai",74.733893557423
"CLIEGG",1977,"enn_mn",1263.81826749319
"CLIERO",1977,"ai",83.647523016221
"CLIERO",1977,"enn_mn",2662.28111162134
"CLIHIR",1977,"ai",68.6460049970762
"CLIHIR",1977,"enn_mn",1223.1769385647
"CLUCLU",1977,"ai",68.6225132208512
"CLUCLU",1977,"enn_mn",1552.34850316161
"CLUGUN",1977,"ai",77.4070439428634
"CLUGUN",1977,"enn_mn",1193.44313547065
"CLUMIN",1977,"ai",74.9357693405652
"CLUMIN",1977,"enn_mn",1184.8200106338
"CLUROS",1977,"ai",67.4441687344913
"CLUROS",1977,"enn_mn",1368.68124763896
"COCCOS",1977,"ai",74.6535991889152
"COCCOS",1977,"enn_mn",1567.60955936649
"COCDIV",1977,"ai",72.3663558304866
"COCDIV",1977,"enn_mn",1576.85434373612
"COCKRU",1977,"ai",61.195851128737
"COCKRU",1977,"enn_mn",1358.24577267529
"COCMIC",1977,"ai",70.4389312977099
"COCMIC",1977,"enn_mn",1655.69808894889
"COCPUB",1977,"ai",78.5117389574214
"COCPUB",1977,"enn_mn",1490.87984824253
"COCPYR",1977,"ai",75.0300761930223
"COCPYR",1977,"enn_mn",1289.96170464704
"COCRUG",1977,"ai",70.5075621635478
"COCRUG",1977,"enn_mn",1451.2779866806
"COCSIN",1977,"ai",82.7930174563591
"COCSIN",1977,"enn_mn",2036.44228192399
"COCSWA",1977,"ai",75.4612005856515
"COCSWA",1977,"enn_mn",1273.05940214677
"COCUVI",1977,"ai",73.3967831760941
"COCUVI",1977,"enn_mn",1242.95386574923
"COCVEN",1977,"ai",69.3301545797124
"COCVEN",1977,"enn_mn",1320.31278706139
"COFARA",1977,"ai",73.2035835650293
"COFARA",1977,"enn_mn",1252.7671558548
"COJARB",1977,"ai",72.8880494505495
"COJARB",1977,"enn_mn",1574.76220084322
"COLARB",1977,"ai",73.8927991337304
"COLARB",1977,"enn_mn",1533.91437134137
"COLELL",1977,"ai",58.0459770114943
"COLELL",1977,"enn_mn",1289.91395026525
"COLVER",1977,"ai",59.1502276176024
"COLVER",1977,"enn_mn",1233.95620569284
"COMDOD",1977,"ai",63.0032644178455
"COMDOD",1977,"enn_mn",1425.87637229477
"COMGLA",1977,"ai",75.6928931910317
"COMGLA",1977,"enn_mn",1277.8033831568
"CONERE",1977,"ai",69.3787830519274
"CONERE",1977,"enn_mn",1249.791392703
"CORALL",1977,"ai",74.9357693405652
"CORALL",1977,"enn_mn",1184.8200106338
"CORBOR",1977,"ai",77.3436161096829
"CORBOR",1977,"enn_mn",1226.2177363143
"CORCOL",1977,"ai",62.5658731600945
"CORCOL",1977,"enn_mn",1289.17880361481
"CORHIR",1977,"ai",63.3599736343413
"CORHIR",1977,"enn_mn",1280.07764036458
"CORLAE",1977,"ai",68.9349751566213
"CORLAE",1977,"enn_mn",1221.14221093455
"COROBO",1977,"ai",73.3967831760941
"COROBO",1977,"enn_mn",1242.95386574923
"CORRIC",1977,"ai",62.0083470342734
"CORRIC",1977,"enn_mn",1345.02505064056
"CORSUL",1977,"ai",68.883592760855
"CORSUL",1977,"enn_mn",1262.27341538494
"CRECUJ",1977,"ai",58.4802961027651
"CRECUJ",1977,"enn_mn",1478.37748600989
"CRELIN",1977,"ai",57.9262527576426
"CRELIN",1977,"enn_mn",1544.2661746456
"CREPOR",1977,"ai",45.7791309161362
"CREPOR",1977,"enn_mn",1617.89239835647
"CRIPOR",1977,"ai",72.986334592603
"CRIPOR",1977,"enn_mn",1216.99076866139
"CROAST",1977,"ai",47.1739130434783
"CROAST",1977,"enn_mn",1877.61052787669
"CROBET",1977,"ai",61.8107951247824
"CROBET",1977,"enn_mn",1445.86102619867
"CRODIS",1977,"ai",62.16
"CRODIS",1977,"enn_mn",1549.51813883546
"CROFLA",1977,"ai",65.3553504937672
"CROFLA",1977,"enn_mn",1400.40366097227
"CROGLA",1977,"ai",63.3899676375405
"CROGLA",1977,"enn_mn",1500.52740574087
"CROIMP",1977,"ai",61.38147566719
"CROIMP",1977,"enn_mn",1272.15055910068
"CROPOE",1977,"ai",93.8978829389788
"CROPOE",1977,"enn_mn",905.691086425948
"CRORHA",1977,"ai",64
"CRORHA",1977,"enn_mn",1308.26534231928
"CSSGUI",1977,"ai",75.8920083655491
"CSSGUI",1977,"enn_mn",1284.66397397475
"CUPAME",1977,"ai",72.2672064777328
"CUPAME",1977,"enn_mn",1210.15164117856
"CYAARB",1977,"ai",73.5689397710304
"CYAARB",1977,"enn_mn",1296.47147118805
"CYABOR",1977,"ai",74.814635718891
"CYABOR",1977,"enn_mn",1200.27977086367
"CYNFLE",1977,"ai",59.4376528117359
"CYNFLE",1977,"enn_mn",1511.36152915552
"CYNHAS",1977,"ai",63.7875536480687
"CYNHAS",1977,"enn_mn",1197.71185188028
"CYNPOR",1977,"ai",66.2278191184888
"CYNPOR",1977,"enn_mn",1630.35329873481
"CYRRAC",1977,"ai",81.9462647444299
"CYRRAC",1977,"enn_mn",1689.46154034532
"DACEXC",1977,"ai",73.5271730857056
"DACEXC",1977,"enn_mn",1283.95144235881
"DAPAME",1977,"ai",78.1728880157171
"DAPAME",1977,"enn_mn",1279.87361771316
"DAPHEL",1977,"ai",71.7357187696171
"DAPHEL",1977,"enn_mn",1725.07669663002
"DAPPHI",1977,"ai",77.9881504379186
"DAPPHI",1977,"enn_mn",1291.77858463399
"DELREG",1977,"ai",41.3857677902622
"DELREG",1977,"enn_mn",1468.53968788145
"DENARB",1977,"ai",74.4409572381326
"DENARB",1977,"enn_mn",1227.22154216495
"DENLAU",1977,"ai",75.5028365136668
"DENLAU",1977,"enn_mn",1131.44319595238
"DIOSIN",1977,"ai",75.9725400457666
"DIOSIN",1977,"enn_mn",1503.26529818651
"DITMYR",1977,"ai",78.8126555279061
"DITMYR",1977,"enn_mn",1376.21592764954
"DRYALB",1977,"ai",72.7724468814256
"DRYALB",1977,"enn_mn",1577.72001505459
"DRYGLA",1977,"ai",77.1459131829931
"DRYGLA",1977,"enn_mn",1212.62878661608
"DRYILI",1977,"ai",74.2927127985303
"DRYILI",1977,"enn_mn",1752.32529963718
"ELAXYL",1977,"ai",61.0524961399897
"ELAXYL",1977,"enn_mn",1407.49339783971
"ERIFRU",1977,"ai",61.5592930444698
"ERIFRU",1977,"enn_mn",1530.19831603355
"ERYARE",1977,"ai",60.6387391124015
"ERYARE",1977,"enn_mn",1241.33346129759
"ERYBER",1977,"ai",67.2443570960634
"ERYBER",1977,"enn_mn",1271.0557372774
"ERYBRE",1977,"ai",56.7499049309165
"ERYBRE",1977,"enn_mn",1386.90851370748
"ERYPOE",1977,"ai",66.4747120681021
"ERYPOE",1977,"enn_mn",1289.20456083882
"ERYROT",1977,"ai",59.388062196957
"ERYROT",1977,"enn_mn",1412.53404656265
"ERYRUF",1977,"ai",72.7724468814256
"ERYRUF",1977,"enn_mn",1577.72001505459
"ERYURB",1977,"ai",72.7724468814256
"ERYURB",1977,"enn_mn",1577.72001505459
"EUGAXI",1977,"ai",62.9155230253126
"EUGAXI",1977,"enn_mn",1490.96936899099
"EUGBIF",1977,"ai",61.1045012889153
"EUGBIF",1977,"enn_mn",1303.03943994374
"EUGBOR",1977,"ai",75.6298016794711
"EUGBOR",1977,"enn_mn",1265.85737588712
"EUGCON",1977,"ai",82.7930174563591
"EUGCON",1977,"enn_mn",2036.44228192399
"EUGCOR",1977,"ai",66.4041661374317
"EUGCOR",1977,"enn_mn",1206.03588742979
"EUGDOM",1977,"ai",72.9156010230179
"EUGDOM",1977,"enn_mn",1246.30221295988
"EUGEGG",1977,"ai",76.7813567593948
"EUGEGG",1977,"enn_mn",1276.98977588761
"EUGFOE",1977,"ai",72.1234454168586
"EUGFOE",1977,"enn_mn",1596.88349143265
"EUGLIG",1977,"ai",62.7194830734654
"EUGLIG",1977,"enn_mn",1457.96641676247
"EUGMON",1977,"ai",72.8406466512702
"EUGMON",1977,"enn_mn",1216.20095588494
"EUGPAD",1977,"ai",77.311208940061
"EUGPAD",1977,"enn_mn",1476.02322865271
"EUGPSE",1977,"ai",70.8491250705588
"EUGPSE",1977,"enn_mn",1339.94952150683
"EUGRHO",1977,"ai",65.3069306930693
"EUGRHO",1977,"enn_mn",1281.26925343215
"EUGSTA",1977,"ai",78.8562725006923
"EUGSTA",1977,"enn_mn",1288.00829726246
"EUGSTE",1977,"ai",69.1839797772336
"EUGSTE",1977,"enn_mn",1248.09300940957
"EUGWOO",1977,"ai",62.816091954023
"EUGWOO",1977,"enn_mn",1663.34013207568
"EUPPET",1977,"ai",56.1766735679779
"EUPPET",1977,"enn_mn",1286.0684021818
"EXOCAR",1977,"ai",65.7253973621914
"EXOCAR",1977,"enn_mn",1475.29643181232
"EXOPAN",1977,"ai",77.2353187334356
"EXOPAN",1977,"enn_mn",1720.52573915634
"FAROCC",1977,"ai",72.8276587353753
"FAROCC",1977,"enn_mn",1215.03652699744
"FICAME",1977,"ai",72.4339169241332
"FICAME",1977,"enn_mn",1306.38246496154
"FICCIT",1977,"ai",75.8253214409823
"FICCIT",1977,"enn_mn",1440.76351555224
"FICCRA",1977,"ai",73.3967831760941
"FICCRA",1977,"enn_mn",1242.95386574923
"FICTRI",1977,"ai",67.8058081548841
"FICTRI",1977,"enn_mn",1407.8618446959
"FORSEG",1977,"ai",57.8272604588394
"FORSEG",1977,"enn_mn",1367.48553328775
"GARHES",1977,"ai",59.110251450677
"GARHES",1977,"enn_mn",1535.62960799626
"GARPOR",1977,"ai",68.7026671056964
"GARPOR",1977,"enn_mn",1600.21745402391
"GAUATT",1977,"ai",38.0185019397195
"GAUATT",1977,"enn_mn",1476.0360855149
"GENAME",1977,"ai",68.2062123922589
"GENAME",1977,"enn_mn",1301.30553904017
"GESPED",1977,"ai",69.9217140502678
"GESPED",1977,"enn_mn",1277.58014957382
"GOEELE",1977,"ai",67.6785236694303
"GOEELE",1977,"enn_mn",1288.95462185949
"GOMLIN",1977,"ai",75.894764957265
"GOMLIN",1977,"enn_mn",1192.16231978181
"GONHIR",1977,"ai",75.7719236387448
"GONHIR",1977,"enn_mn",1239.27278747591
"GONPOR",1977,"ai",93.5323383084577
"GONPOR",1977,"enn_mn",902.209856076526
"GOSHIR",1977,"ai",55.3970339778487
"GOSHIR",1977,"enn_mn",1454.08316406283
"GUABLA",1977,"ai",76.7744974874372
"GUABLA",1977,"enn_mn",1307.47606479628
"GUACAR",1977,"ai",74.9585076014074
"GUACAR",1977,"enn_mn",1249.55265279486
"GUAFRA",1977,"ai",68.6876021056453
"GUAFRA",1977,"enn_mn",1268.38709681828
"GUAGLA",1977,"ai",77.4485302868023
"GUAGLA",1977,"enn_mn",1262.15423506095
"GUAGUI",1977,"ai",72.8089665728534
"GUAGUI",1977,"enn_mn",1235.76796143294
"GUAOBT",1977,"ai",77.4898143956542
"GUAOBT",1977,"enn_mn",1470.54875387165
"GUAOFF",1977,"ai",62.736171181425
"GUAOFF",1977,"enn_mn",1448.45262543399
"GUASAN",1977,"ai",61.0401459854015
"GUASAN",1977,"enn_mn",1451.68675397014
"GUAULM",1977,"ai",65.1363636363636
"GUAULM",1977,"enn_mn",1282.17751878626
"GUEELL",1977,"ai",67.0273194482012
"GUEELL",1977,"enn_mn",1335.62437232418
"GUEKRU",1977,"ai",61.0161211529067
"GUEKRU",1977,"enn_mn",1367.57683758095
"GUEOVA",1977,"ai",71.90362289248
"GUEOVA",1977,"enn_mn",1243.86737491162
"GUEPUN",1977,"ai",82.7930174563591
"GUEPUN",1977,"enn_mn",2036.44228192399
"GUESCA",1977,"ai",72.6025804951761
"GUESCA",1977,"enn_mn",1522.02018862696
"GUEVAL",1977,"ai",71.7442697091171
"GUEVAL",1977,"enn_mn",1293.03560251851
"GYMLAT",1977,"ai",71.7663551401869
"GYMLAT",1977,"enn_mn",1488.041291778
"GYMLUC",1977,"ai",66.732412886259
"GYMLUC",1977,"enn_mn",1441.89351903784
"HAESAL",1977,"ai",77.4564643799472
"HAESAL",1977,"enn_mn",1204.96009794152
"HAMAXI",1977,"ai",70.2846187877894
"HAMAXI",1977,"enn_mn",1428.34940323649
"HAMPAT",1977,"ai",72.913052905464
"HAMPAT",1977,"enn_mn",1258.45565818468
"HEDARB",1977,"ai",79.6108522882982
"HEDARB",1977,"enn_mn",1476.73686406948
"HELJAM",1977,"ai",64.0676719382126
"HELJAM",1977,"enn_mn",1435.06072154172
"HENFAS",1977,"ai",71.44207739821
"HENFAS",1977,"enn_mn",1210.32243918927
"HENSQU",1977,"ai",80.9174311926605
"HENSQU",1977,"enn_mn",1547.39929364665
"HIBELA",1977,"ai",69.8623829743695
"HIBELA",1977,"enn_mn",1237.13352638381
"HIBTIL",1977,"ai",73.4187953624281
"HIBTIL",1977,"enn_mn",1237.97177618428
"HIECLU",1977,"ai",72.6639466613593
"HIECLU",1977,"enn_mn",1229.20596266072
"HIPMAN",1977,"ai",59.8172076898834
"HIPMAN",1977,"enn_mn",1349.55309136401
"HIRRUG",1977,"ai",75.5066079295154
"HIRRUG",1977,"enn_mn",1270.65623046654
"HOMRAC",1977,"ai",69.4302783039487
"HOMRAC",1977,"enn_mn",1226.35409502794
"HURCRE",1977,"ai",66.4747120681021
"HURCRE",1977,"enn_mn",1289.20456083882
"HYMCOU",1977,"ai",51.998411858126
"HYMCOU",1977,"enn_mn",1281.03229045766
"HYPTRI",1977,"ai",62.0222929936306
"HYPTRI",1977,"enn_mn",1415.89471752364
"ILENIT",1977,"ai",76.9369711949805
"ILENIT",1977,"enn_mn",1317.62450071652
"ILESID",1977,"ai",85.5
"ILESID",1977,"enn_mn",1029.41722644012
"ILEURB",1977,"ai",82.7930174563591
"ILEURB",1977,"enn_mn",2036.44228192399
"INDSUF",1977,"ai",49.4475638471291
"INDSUF",1977,"enn_mn",1489.88485320003
"INGLAU",1977,"ai",73.0236712818222
"INGLAU",1977,"enn_mn",1308.99706443672
"INGVER",1977,"ai",69.9984774665043
"INGVER",1977,"enn_mn",1270.40807604683
"IXOFER",1977,"ai",75.2572103221454
"IXOFER",1977,"enn_mn",1274.23848800528
"JACARB",1977,"ai",54.5272636318159
"JACARB",1977,"enn_mn",1272.95206632207
"JACBER",1977,"ai",66.4181753638623
"JACBER",1977,"enn_mn",1531.21719617018
"JATGOS",1977,"ai",51.3777955271565
"JATGOS",1977,"enn_mn",1441.48668378675
"JATHER",1977,"ai",68.2406811189812
"JATHER",1977,"enn_mn",1346.45325776529
"KOAPOL",1977,"ai",69.8623829743695
"KOAPOL",1977,"enn_mn",1237.13352638381
"KRUFER",1977,"ai",64.878892733564
"KRUFER",1977,"enn_mn",1337.18529901786
"LAGRAC",1977,"ai",39.8255813953488
"LAGRAC",1977,"enn_mn",1403.81777212793
"LANCAM",1977,"ai",67.8306745383746
"LANCAM",1977,"enn_mn",1303.80755567264
"LANINV",1977,"ai",61.7718446601942
"LANINV",1977,"enn_mn",1333.57861613728
"LEULEU",1977,"ai",70.4875832828589
"LEULEU",1977,"enn_mn",1452.028380944
"LICBRI",1977,"ai",82.7930174563591
"LICBRI",1977,"enn_mn",2036.44228192399
"LICPAR",1977,"ai",67.9651113557456
"LICPAR",1977,"enn_mn",1349.38015159731
"LONGLA",1977,"ai",74.5009586105786
"LONGLA",1977,"enn_mn",1678.87920647769
"LONHEP",1977,"ai",73.7387917761072
"LONHEP",1977,"enn_mn",1217.43044077307
"LONSER",1977,"ai",72.8880494505495
"LONSER",1977,"enn_mn",1574.76220084322
"LYOSTA",1977,"ai",70.8072021039854
"LYOSTA",1977,"enn_mn",1435.31886154619
"MACLUN",1977,"ai",40.8940397350993
"MACLUN",1977,"enn_mn",1369.61095240842
"MACPOR",1977,"ai",63.4273451870018
"MACPOR",1977,"enn_mn",1457.95059295536
"MAGPOR",1977,"ai",77.4991859329209
"MAGPOR",1977,"enn_mn",1232.40905010035
"MAGSPL",1977,"ai",71.44207739821
"MAGSPL",1977,"enn_mn",1210.32243918927
"MALCOC",1977,"ai",67.4594213126323
"MALCOC",1977,"enn_mn",1356.8510285052
"MALFUC",1977,"ai",74.195028361695
"MALFUC",1977,"enn_mn",1198.47046292423
"MAMAME",1977,"ai",68.5727208115268
"MAMAME",1977,"enn_mn",1283.39184331124
"MANBID",1977,"ai",59.371590661139
"MANBID",1977,"enn_mn",1304.14475514567
"MANIND",1977,"ai",69.9984774665043
"MANIND",1977,"enn_mn",1270.40807604683
"MANPLE",1977,"ai",72.7898089171974
"MANPLE",1977,"enn_mn",1556.13134731244
"MARMIC",1977,"ai",74.4915096100019
"MARMIC",1977,"enn_mn",1194.44138184906
"MARNOB",1977,"ai",67.6398601398601
"MARNOB",1977,"enn_mn",1318.80848721325
"MATDOM",1977,"ai",78.3635365183965
"MATDOM",1977,"enn_mn",1271.71127288644
"MAYELO",1977,"ai",75.0714673421386
"MAYELO",1977,"enn_mn",1196.88952726886
"MAYLAE",1977,"ai",66.7195508908958
"MAYLAE",1977,"enn_mn",1348.22738732993
"MAYPON",1977,"ai",77.2732344081223
"MAYPON",1977,"enn_mn",1414.23913094776
"MECLAT",1977,"ai",77.2805261652845
"MECLAT",1977,"enn_mn",1255.62420523206
"MELAZE",1977,"ai",73.3680598619207
"MELAZE",1977,"enn_mn",1239.22652893334
"MELBIJ",1977,"ai",62.2440717177559
"MELBIJ",1977,"enn_mn",1327.64555418343
"MELHER",1977,"ai",69.8623829743695
"MELHER",1977,"enn_mn",1237.13352638381
"MELOBT",1977,"ai",72.4829402609841
"MELOBT",1977,"enn_mn",1207.05266416049
"MELTOM",1977,"ai",62.1954557897618
"MELTOM",1977,"enn_mn",1280.24729464866
"MICCAL",1977,"ai",74.5343267695583
"MICCAL",1977,"enn_mn",1238.935116024
"MICFOV",1977,"ai",94.1176470588235
"MICFOV",1977,"enn_mn",902.209856076526
"MICGAR",1977,"ai",72.2527472527473
"MICGAR",1977,"enn_mn",1265.63946903647
"MICGUY",1977,"ai",77.6447105788423
"MICGUY",1977,"enn_mn",1211.51498283605
"MICIMP",1977,"ai",64.4589096826688
"MICIMP",1977,"enn_mn",1254.35754322492
"MICLAE",1977,"ai",74.260328742781
"MICLAE",1977,"enn_mn",1200.14548433286
"MICMIR",1977,"ai",76.5374069721896
"MICMIR",1977,"enn_mn",1249.11607241811
"MICPAC",1977,"ai",89.9457861015278
"MICPAC",1977,"enn_mn",2190.08854863116
"MICPRA",1977,"ai",69.0119971771348
"MICPRA",1977,"enn_mn",1269.10826503058
"MICRAC",1977,"ai",71.1889614145253
"MICRAC",1977,"enn_mn",1267.36393597561
"MICSER",1977,"ai",58.1804567577686
"MICSER",1977,"enn_mn",1505.77129032591
"MICSIN",1977,"ai",78.2503037667072
"MICSIN",1977,"enn_mn",1373.32222473713
"MICTET",1977,"ai",73.6806418804385
"MICTET",1977,"enn_mn",1205.01127674042
"MICTHO",1977,"ai",50.4392386530015
"MICTHO",1977,"enn_mn",1313.12695958062
"MORCIT",1977,"ai",35.522496371553
"MORCIT",1977,"enn_mn",1637.26381245098
"MOSXER",1977,"ai",62.7570872707059
"MOSXER",1977,"enn_mn",1368.81259688134
"MOUHEL",1977,"ai",82.7930174563591
"MOUHEL",1977,"enn_mn",2036.44228192399
"MUNCAL",1977,"ai",46.13131139066
"MUNCAL",1977,"enn_mn",1342.96468532043
"MYRAMA",1977,"ai",72.1024927996822
"MYRAMA",1977,"enn_mn",1214.62173097613
"MYRBOR",1977,"ai",65.2346857597454
"MYRBOR",1977,"enn_mn",1144.108798587
"MYRCER",1977,"ai",75.0526759376317
"MYRCER",1977,"enn_mn",1260.43014423053
"MYRCIT",1977,"ai",59.0621814475025
"MYRCIT",1977,"enn_mn",1339.75306870294
"MYRCOR",1977,"ai",74.3111455108359
"MYRCOR",1977,"enn_mn",1274.61913798292
"MYRDEF",1977,"ai",74.4833560202945
"MYRDEF",1977,"enn_mn",1254.2747710163
"MYRFAL",1977,"ai",77.7473106939464
"MYRFAL",1977,"enn_mn",1477.30674892098
"MYRFLO",1977,"ai",35.6573014221297
"MYRFLO",1977,"enn_mn",1629.93941263151
"MYRGUI",1977,"ai",55.7455905932656
"MYRGUI",1977,"enn_mn",1456.53545307973
"MYRSPL",1977,"ai",71.67362600158
"MYRSPL",1977,"enn_mn",1305.30966335481
"NECCOR",1977,"ai",73.5694234506586
"NECCOR",1977,"enn_mn",1676.81586293283
"NECKRU",1977,"ai",67.2443570960634
"NECKRU",1977,"enn_mn",1271.0557372774
"NECMEM",1977,"ai",74.6720757268425
"NECMEM",1977,"enn_mn",1204.40705534055
"NECPAT",1977,"ai",74.7549778190447
"NECPAT",1977,"enn_mn",1702.56357463156
"NECTUR",1977,"ai",75.3773901375377
"NECTUR",1977,"enn_mn",1243.4359710878
"NEEBUX",1977,"ai",74.211126599924
"NEEBUX",1977,"enn_mn",1625.92923157468
"NEORES",1977,"ai",78.3615914050697
"NEORES",1977,"enn_mn",1615.42944283388
"OCHPYR",1977,"ai",68.7737515388321
"OCHPYR",1977,"enn_mn",1232.71458347072
"OCOCUN",1977,"ai",82.7930174563591
"OCOCUN",1977,"enn_mn",2036.44228192399
"OCOFLO",1977,"ai",74.814635718891
"OCOFLO",1977,"enn_mn",1200.27977086367
"OCOLEU",1977,"ai",76.4071269002343
"OCOLEU",1977,"enn_mn",1261.71945346332
"OCOSPA",1977,"ai",83.3026557980542
"OCOSPA",1977,"enn_mn",1774.08139644167
"OCOWRI",1977,"ai",67.5451704931395
"OCOWRI",1977,"enn_mn",1249.53395766305
"ORMKRU",1977,"ai",74.5101999596041
"ORMKRU",1977,"enn_mn",1472.96066577745
"OSSKRU",1977,"ai",74.5511398022998
"OSSKRU",1977,"enn_mn",1152.2768259914
"OTTRHO",1977,"ai",72.9764243614931
"OTTRHO",1977,"enn_mn",1561.99281668619
"OURLIT",1977,"ai",55.2318548387097
"OURLIT",1977,"enn_mn",1259.94725682614
"OXALAN",1977,"ai",74.4101191924106
"OXALAN",1977,"enn_mn",1354.07582257886
"PALALP",1977,"ai",73.399433427762
"PALALP",1977,"enn_mn",1415.23345611706
"PALCRO",1977,"ai",68.7824180525106
"PALCRO",1977,"enn_mn",1235.15576002298
"PALRIP",1977,"ai",72.2992929383335
"PALRIP",1977,"enn_mn",1353.82480784499
"PARCRE",1977,"ai",82.7930174563591
"PARCRE",1977,"enn_mn",2036.44228192399
"PERAME",1977,"ai",71.5733590733591
"PERAME",1977,"enn_mn",1419.54348171619
"PETDOM",1977,"ai",71.2573964497041
"PETDOM",1977,"enn_mn",1248.64043935135
"PHIMYR",1977,"ai",61.1819235225956
"PHIMYR",1977,"enn_mn",1785.38384616728
"PHLCOW",1977,"ai",60.6292517006803
"PHLCOW",1977,"enn_mn",1277.73177592734
"PHYCUN",1977,"ai",52.8976175144881
"PHYCUN",1977,"enn_mn",1621.76311057195
"PHYEPI",1977,"ai",69.0110943706342
"PHYEPI",1977,"enn_mn",1356.56087236891
"PHYJUG",1977,"ai",45.6029489204845
"PHYJUG",1977,"enn_mn",1707.15244299978
"PICACU",1977,"ai",64.9555923528526
"PICACU",1977,"enn_mn",1220.81830827523
"PICPEN",1977,"ai",73.2134980149978
"PICPEN",1977,"enn_mn",1662.89537528759
"PILRAC",1977,"ai",63.3763837638376
"PILRAC",1977,"enn_mn",2415.37319567095
"PIMRAC",1977,"ai",70.4921339249697
"PIMRAC",1977,"enn_mn",1266.70527358256
"PINCAR",1977,"ai",65.9058487874465
"PINCAR",1977,"enn_mn",1557.16459728208
"PINCOR",1977,"ai",75.5956432947583
"PINCOR",1977,"enn_mn",1260.19271523317
"PIPADU",1977,"ai",70.5572585082135
"PIPADU",1977,"enn_mn",1268.30667749197
"PIPAMA",1977,"ai",73.194812188664
"PIPAMA",1977,"enn_mn",1228.67567888104
"PIPBLA",1977,"ai",73.7960153054493
"PIPBLA",1977,"enn_mn",1276.61720457311
"PIPGLA",1977,"ai",71.5214820654316
"PIPGLA",1977,"enn_mn",1309.83127112934
"PIPHIS",1977,"ai",69.7841726618705
"PIPHIS",1977,"enn_mn",1227.07022546502
"PIPJAC",1977,"ai",70.4654642829015
"PIPJAC",1977,"enn_mn",1316.67374154818
"PIPMAR",1977,"ai",74.4137059401769
"PIPMAR",1977,"enn_mn",1268.56055019707
"PIPUMB",1977,"ai",71.4726242920076
"PIPUMB",1977,"enn_mn",1249.5516293839
"PISALB",1977,"ai",63.9202498198415
"PISALB",1977,"enn_mn",1316.66248222149
"PISCAR",1977,"ai",53.8461538461538
"PISCAR",1977,"enn_mn",1462.17910344203
"PISSUB",1977,"ai",74.814635718891
"PISSUB",1977,"enn_mn",1200.27977086367
"PITDUL",1977,"ai",51.468315301391
"PITDUL",1977,"enn_mn",1752.74009921143
"PITUNG",1977,"ai",65.5259365994236
"PITUNG",1977,"enn_mn",1392.22096884182
"PLUALB",1977,"ai",63.0152398486243
"PLUALB",1977,"enn_mn",1276.27157404037
"PLUCAR",1977,"ai",70.9577852699558
"PLUCAR",1977,"enn_mn",1227.4094298839
"PLUOBT",1977,"ai",77.3378454596729
"PLUOBT",1977,"enn_mn",1479.18483038706
"PODCOR",1977,"ai",72.6756504788541
"PODCOR",1977,"enn_mn",1560.55083394742
"POIFLO",1977,"ai",60.2500538909248
"POIFLO",1977,"enn_mn",1409.5135345271
"POIPUN",1977,"ai",67.2282689727151
"POIPUN",1977,"enn_mn",1287.46797342272
"POUDIC",1977,"ai",71.8520721792584
"POUDIC",1977,"enn_mn",1504.14162814665
"POUMUL",1977,"ai",73.7078832175415
"POUMUL",1977,"enn_mn",1227.57792067928
"PREMON",1977,"ai",77.4334140435835
"PREMON",1977,"enn_mn",1328.36780003226
"PROJUL",1977,"ai",63.8529411764706
"PROJUL",1977,"enn_mn",1369.92347192512
"PRUMYR",1977,"ai",75.8138938733658
"PRUMYR",1977,"enn_mn",1448.41556657797
"PSESPU",1977,"ai",75.7336343115124
"PSESPU",1977,"enn_mn",1414.13646339189
"PSIAMP",1977,"ai",80.6084482381265
"PSIAMP",1977,"enn_mn",1389.03575883845
"PSYBER",1977,"ai",77.4638508371385
"PSYBER",1977,"enn_mn",1283.10978025204
"PSYBRA",1977,"ai",71.7311493928269
"PSYBRA",1977,"enn_mn",1305.92977772252
"PSYGRA",1977,"ai",70.6836202585899
"PSYGRA",1977,"enn_mn",1286.49779569116
"PSYMAL",1977,"ai",86.6178776790382
"PSYMAL",1977,"enn_mn",1861.19376752491
"PSYMAR",1977,"ai",45.1915559030493
"PSYMAR",1977,"enn_mn",1576.96251466027
"PSYPUB",1977,"ai",76.1870728547818
"PSYPUB",1977,"enn_mn",1217.20570145808
"PTEIND",1977,"ai",67.9874717750747
"PTEIND",1977,"enn_mn",1265.28243752548
"QUACYN",1977,"ai",63.5072314049587
"QUACYN",1977,"enn_mn",1379.70186575256
"QUAIND",1977,"ai",64.0350877192982
"QUAIND",1977,"enn_mn",1528.46528364375
"QUATUR",1977,"ai",71.1631161561188
"QUATUR",1977,"enn_mn",1282.46807096091
"RANACU",1977,"ai",65.7170923379175
"RANACU",1977,"enn_mn",1314.30351104591
"RAUNIT",1977,"ai",65.6568778979907
"RAUNIT",1977,"enn_mn",1287.43008305009
"RAVURB",1977,"ai",79.6438883541867
"RAVURB",1977,"enn_mn",3599.14150046432
"REYKRU",1977,"ai",73.7614362161229
"REYKRU",1977,"enn_mn",1430.9791660926
"REYUNC",1977,"ai",62.9039026437264
"REYUNC",1977,"enn_mn",1464.02524062067
"REYVIV",1977,"ai",60.7438016528926
"REYVIV",1977,"enn_mn",1331.2770952976
"RHIMAN",1977,"ai",49.6021560574949
"RHIMAN",1977,"enn_mn",1253.91936782716
"ROCACA",1977,"ai",60.2898550724638
"ROCACA",1977,"enn_mn",1446.85474953307
"RONINE",1977,"ai",71.3095946290473
"RONINE",1977,"enn_mn",1393.25720916043
"RONPOR",1977,"ai",77.3488418730573
"RONPOR",1977,"enn_mn",1264.09714766987
"SAMDOD",1977,"ai",63.4861006761833
"SAMDOD",1977,"enn_mn",1381.24084171254
"SAMSAM",1977,"ai",72.6673695308382
"SAMSAM",1977,"enn_mn",1285.61137704569
"SAMSPI",1977,"ai",75.4347988355602
"SAMSPI",1977,"enn_mn",1256.88658217231
"SAPLAU",1977,"ai",78.791117444484
"SAPLAU",1977,"enn_mn",1377.41684783512
"SAPSAP",1977,"ai",73.3879270004679
"SAPSAP",1977,"enn_mn",1233.45273894317
"SAVSES",1977,"ai",61.3121693121693
"SAVSES",1977,"enn_mn",1292.21971653418
"SCHFRU",1977,"ai",71.4517343216168
"SCHFRU",1977,"enn_mn",1344.58139361359
"SCHGLE",1977,"ai",70.6836202585899
"SCHGLE",1977,"enn_mn",1286.49779569116
"SCHMOR",1977,"ai",73.4369030943588
"SCHMOR",1977,"enn_mn",1522.22311554964
"SCHOBO",1977,"ai",77.4898143956542
"SCHOBO",1977,"enn_mn",1470.54875387165
"SENPOL",1977,"ai",64.5461043602573
"SENPOL",1977,"enn_mn",1438.38030775463
"SENSIA",1977,"ai",74.4915096100019
"SENSIA",1977,"enn_mn",1194.44138184906
"SIDCUB",1977,"ai",77.323377369328
"SIDCUB",1977,"enn_mn",1464.87820604695
"SIDFOE",1977,"ai",72.1770138063454
"SIDFOE",1977,"enn_mn",1572.76583766421
"SIDOBO",1977,"ai",64.4938091769847
"SIDOBO",1977,"enn_mn",1489.17336701159
"SIDPOR",1977,"ai",73.587786259542
"SIDPOR",1977,"enn_mn",1514.21316437061
"SIDSAL",1977,"ai",73.7958773252891
"SIDSAL",1977,"enn_mn",1629.37408003472
"SIMTUL",1977,"ai",66.9599807135969
"SIMTUL",1977,"enn_mn",1265.39378685233
"SIPDEN",1977,"ai",71.0751237067027
"SIPDEN",1977,"enn_mn",1675.38604115243
"SLOAMY",1977,"ai",77.4898143956542
"SLOAMY",1977,"enn_mn",1470.54875387165
"SLOBER",1977,"ai",73.9931448157669
"SLOBER",1977,"enn_mn",1266.66900234455
"SOLENS",1977,"ai",73.4299971754072
"SOLENS",1977,"enn_mn",1240.4387920226
"SOLRUG",1977,"ai",67.750538516771
"SOLRUG",1977,"enn_mn",1297.24422734435
"SOLTOR",1977,"ai",58.2622891347724
"SOLTOR",1977,"enn_mn",1295.05390241765
"SPACAM",1977,"ai",68.5145700071073
"SPACAM",1977,"enn_mn",1456.7945237602
"SPOMOM",1977,"ai",68.6896039078263
"SPOMOM",1977,"enn_mn",1225.56401348745
"STAMON",1977,"ai",54.3575920934412
"STAMON",1977,"enn_mn",1458.58808386428
"STEACU",1977,"ai",63.1533847472151
"STEACU",1977,"enn_mn",1519.93238287454
"STESIN",1977,"ai",72.5568817605371
"STESIN",1977,"enn_mn",1436.20436194126
"SURMAR",1977,"ai",50.1170960187354
"SURMAR",1977,"enn_mn",1898.61193260981
"SWIMAC",1977,"ai",68.7737515388321
"SWIMAC",1977,"enn_mn",1232.71458347072
"SWIMAH",1977,"ai",69.1121276096646
"SWIMAH",1977,"enn_mn",1224.46810075868
"SYMMAR",1977,"ai",74.2571816052275
"SYMMAR",1977,"enn_mn",1330.09865194515
"SYMMIC",1977,"ai",66.550838495241
"SYMMIC",1977,"enn_mn",1227.9443551174
"SYZJAM",1977,"ai",72.8200522534291
"SYZJAM",1977,"enn_mn",1293.41152249293
"SYZMAL",1977,"ai",71.44207739821
"SYZMAL",1977,"enn_mn",1210.32243918927
"TABCIT",1977,"ai",71.44207739821
"TABCIT",1977,"enn_mn",1210.32243918927
"TABHAE",1977,"ai",69.6534498907274
"TABHAE",1977,"enn_mn",1291.74758038178
"TABHET",1977,"ai",71.8033364144549
"TABHET",1977,"enn_mn",1237.58578437072
"TABKAR",1977,"ai",80
"TABKAR",1977,"enn_mn",1839.20736791026
"TABRIG",1977,"ai",72.0300516512756
"TABRIG",1977,"enn_mn",1223.00203160365
"TABSCH",1977,"ai",73.6500895675169
"TABSCH",1977,"enn_mn",1330.7779070384
"TAMIND",1977,"ai",61.5011453981943
"TAMIND",1977,"enn_mn",1374.64933982925
"TECGRA",1977,"ai",73.7078832175415
"TECGRA",1977,"enn_mn",1227.57792067928
"TECSTA",1977,"ai",56.7139899438036
"TECSTA",1977,"enn_mn",1304.47715651965
"TERCAT",1977,"ai",74.4915096100019
"TERCAT",1977,"enn_mn",1194.44138184906
"TERSTA",1977,"ai",72.4409448818898
"TERSTA",1977,"enn_mn",1468.81121202383
"TETBAL",1977,"ai",67.0995159957502
"TETBAL",1977,"enn_mn",1263.35275483568
"TETCRO",1977,"ai",66.3234663234663
"TETCRO",1977,"enn_mn",1276.07345042698
"TETELA",1977,"ai",72.0033587572598
"TETELA",1977,"enn_mn",1274.34666507476
"TETURB",1977,"ai",71.4726242920076
"TETURB",1977,"enn_mn",1249.5516293839
"THEGRA",1977,"ai",68.3363025901055
"THEGRA",1977,"enn_mn",1238.49645284709
"THEPOP",1977,"ai",48.1238560097621
"THEPOP",1977,"enn_mn",1296.2165689276
"THOPOR",1977,"ai",62.5821414766138
"THOPOR",1977,"enn_mn",1616.18960520255
"THOSTR",1977,"ai",72.8175588439766
"THOSTR",1977,"enn_mn",1435.42526197245
"THRMOR",1977,"ai",68.2133172642362
"THRMOR",1977,"enn_mn",1508.35731393118
"TOUFIL",1977,"ai",59.1082109842306
"TOUFIL",1977,"enn_mn",1278.85123775786
"TRELAM",1977,"ai",65.7168908137679
"TRELAM",1977,"enn_mn",1192.39283910169
"TREMIC",1977,"ai",67.2443570960634
"TREMIC",1977,"enn_mn",1271.0557372774
"TRIHIR",1977,"ai",65.6439626372128
"TRIHIR",1977,"enn_mn",1256.09899785435
"TRIPAL",1977,"ai",70.5561385099685
"TRIPAL",1977,"enn_mn",1313.36612898616
"TRITRI",1977,"ai",66.1528580603725
"TRITRI",1977,"enn_mn",1612.10858819275
"TRORAC",1977,"ai",72.2568629038789
"TRORAC",1977,"enn_mn",1215.53025046064
"TUROCC",1977,"ai",75.6613324624428
"TUROCC",1977,"enn_mn",1224.40887609131
"UREBAC",1977,"ai",77.1617221418234
"UREBAC",1977,"enn_mn",1507.97436674289
"VACFAR",1977,"ai",66.8271435121504
"VACFAR",1977,"enn_mn",1305.58762083974
"VARBEL",1977,"ai",82.7930174563591
"VARBEL",1977,"enn_mn",2036.44228192399
"VARPOL",1977,"ai",68.7912087912088
"VARPOL",1977,"enn_mn",1279.99047136012
"VARRUP",1977,"ai",61.6626311541566
"VARRUP",1977,"enn_mn",1455.53382663181
"VITDIV",1977,"ai",69.7300965018094
"VITDIV",1977,"enn_mn",1262.35114348532
"WALLAM",1977,"ai",77.2693173293323
"WALLAM",1977,"enn_mn",1476.61222222911
"XYLBUX",1977,"ai",72.1770138063454
"XYLBUX",1977,"enn_mn",1572.76583766421
"XYLSCH",1977,"ai",82.7930174563591
"XYLSCH",1977,"enn_mn",2036.44228192399
"ZANFLA",1977,"ai",77.2693173293323
"ZANFLA",1977,"enn_mn",1476.61222222911
"ZANMAR",1977,"ai",71.1149663041302
"ZANMAR",1977,"enn_mn",1253.05071030599
"ZANMON",1977,"ai",64.1731328806983
"ZANMON",1977,"enn_mn",1409.83464769221
"ZANPUN",1977,"ai",59.5619208087616
"ZANPUN",1977,"enn_mn",1299.24074962451
"ZAPPOR",1977,"ai",63.4802665299846
"ZAPPOR",1977,"enn_mn",1270.10075608667
"ZIZRET",1977,"ai",58.8014981273408
"ZIZRET",1977,"enn_mn",1313.51332362698
"ACNARB",1991,"ai",79.6354887614528
"ACNARB",1991,"enn_mn",1266.35394479734
"ADEPAV",1991,"ai",76.7836354565109
"ADEPAV",1991,"enn_mn",1521.82381019631
"ADERIC",1991,"ai",65.7553290083411
"ADERIC",1991,"enn_mn",1538.90909983839
"AIPMIN",1991,"ai",78.6098752372359
"AIPMIN",1991,"enn_mn",1209.66196151524
"ALBLEB",1991,"ai",68.6114140312614
"ALBLEB",1991,"enn_mn",1451.23808642578
"ALBPRO",1991,"ai",68.1689779147406
"ALBPRO",1991,"enn_mn",1412.98623566743
"ALCLAT",1991,"ai",78.4705477092663
"ALCLAT",1991,"enn_mn",1165.19704460124
"ALLCRA",1991,"ai",79.4202780382405
"ALLCRA",1991,"enn_mn",1176.36297311608
"ALLRAC",1991,"ai",77.0329994107248
"ALLRAC",1991,"enn_mn",1354.78380874486
"ALSBRY",1991,"ai",78.2679808892524
"ALSBRY",1991,"enn_mn",1158.58650012962
"ALSPOR",1991,"ai",79.8204823185898
"ALSPOR",1991,"enn_mn",1225.94606243619
"AMYELE",1991,"ai",74.955952680594
"AMYELE",1991,"enn_mn",1481.00833777365
"ANAPER",1991,"ai",80.3425644309268
"ANAPER",1991,"enn_mn",1259.97455762967
"ANDINE",1991,"ai",75.8773982218063
"ANDINE",1991,"enn_mn",1195.66769800864
"ANNGLA",1991,"ai",72.534958766583
"ANNGLA",1991,"enn_mn",1226.33034263153
"ANNMON",1991,"ai",80.0056534438896
"ANNMON",1991,"enn_mn",1356.24742072232
"ARDELL",1991,"ai",78.502140754616
"ARDELL",1991,"enn_mn",1152.49909228556
"ARDGLA",1991,"ai",73.1136738056013
"ARDGLA",1991,"enn_mn",1194.27413464642
"ARDOBO",1991,"ai",71.277694868557
"ARDOBO",1991,"enn_mn",1331.80915488525
"ARTALT",1991,"ai",78.4148251261528
"ARTALT",1991,"enn_mn",1184.20603871136
"AVIGER",1991,"ai",64.8736529171312
"AVIGER",1991,"enn_mn",1293.9443276599
"BADPEN",1991,"ai",68.1716082659479
"BADPEN",1991,"enn_mn",1497.24262298004
"BIXORE",1991,"ai",80.7613776798667
"BIXORE",1991,"enn_mn",1185.79092402676
"BOCFRU",1991,"ai",82.9686239141786
"BOCFRU",1991,"enn_mn",1343.16125265784
"BONUMB",1991,"ai",73.0103806228374
"BONUMB",1991,"enn_mn",1412.07371419165
"BOUSUC",1991,"ai",56.6009104704097
"BOUSUC",1991,"enn_mn",1325.97645714326
"BOUVIR",1991,"ai",71.1576846307385
"BOUVIR",1991,"enn_mn",1621.53258373397
"BRUAME",1991,"ai",81.3218240016792
"BRUAME",1991,"enn_mn",1182.3582073609
"BRUDEN",1991,"ai",78.7094345935095
"BRUDEN",1991,"enn_mn",1169.17873061718
"BRULAC",1991,"ai",72.7957906712173
"BRULAC",1991,"enn_mn",1211.25468801076
"BUCBUC",1991,"ai",66.762283705006
"BUCBUC",1991,"enn_mn",1270.06790251645
"BUCTET",1991,"ai",81.1492694682934
"BUCTET",1991,"enn_mn",1129.64294715711
"BUNGLA",1991,"ai",72.7351164797239
"BUNGLA",1991,"enn_mn",1437.21596538495
"BURSIM",1991,"ai",66.8770053475936
"BURSIM",1991,"enn_mn",1405.51862032536
"BUXPOR",1991,"ai",74.2641864845773
"BUXPOR",1991,"enn_mn",1356.42062123614
"BUXVAH",1991,"ai",78.660532328784
"BUXVAH",1991,"enn_mn",1206.93194468771
"BYRCRA",1991,"ai",70.7448422330097
"BYRCRA",1991,"enn_mn",1292.01036138256
"BYRLUC",1991,"ai",73.8716188938232
"BYRLUC",1991,"enn_mn",1315.99136868202
"BYRSPI",1991,"ai",65.8929364726788
"BYRSPI",1991,"enn_mn",1286.39930959094
"BYRWAD",1991,"ai",81.5642976433476
"BYRWAD",1991,"enn_mn",1242.77646991706
"CALANT",1991,"ai",71.2703384004278
"CALANT",1991,"enn_mn",1456.7422202097
"CALKRU",1991,"ai",82.738803012287
"CALKRU",1991,"enn_mn",1195.08585252893
"CALPAL",1991,"ai",69.6808510638298
"CALPAL",1991,"enn_mn",1566.875403539
"CAPFRO",1991,"ai",36.9760479041916
"CAPFRO",1991,"enn_mn",1549.79479795427
"CASACU",1991,"ai",63.7329154696614
"CASACU",1991,"enn_mn",1262.54890561748
"CASARB",1991,"ai",79.9715504978663
"CASARB",1991,"enn_mn",1180.19737694703
"CASDEC",1991,"ai",71.8708112593349
"CASDEC",1991,"enn_mn",1261.14338763988
"CASELA",1991,"ai",82.0961658182883
"CASELA",1991,"enn_mn",1251.51897132349
"CASEQU",1991,"ai",44.3648208469055
"CASEQU",1991,"enn_mn",1700.26615065178
"CASGUI",1991,"ai",73.3022490400439
"CASGUI",1991,"enn_mn",1172.46387023932
"CASSYL",1991,"ai",79.6238034674342
"CASSYL",1991,"enn_mn",1184.55924509275
"CECSCH",1991,"ai",78.8588064046579
"CECSCH",1991,"enn_mn",1245.25734391454
"CEIPEN",1991,"ai",69.4744976816074
"CEIPEN",1991,"enn_mn",1473.65019778644
"CELTRI",1991,"ai",62.8841607565012
"CELTRI",1991,"enn_mn",1429.93508786896
"CESCIT",1991,"ai",80.9724274443113
"CESCIT",1991,"enn_mn",1140.78788218849
"CESMAC",1991,"ai",83.2635729451016
"CESMAC",1991,"enn_mn",1162.60645574255
"CHICOM",1991,"ai",70.630081300813
"CHICOM",1991,"enn_mn",1295.68322889164
"CHIDOM",1991,"ai",78.6711900251134
"CHIDOM",1991,"enn_mn",1209.76258424349
"CHIHOL",1991,"ai",66.8402777777778
"CHIHOL",1991,"enn_mn",1597.01099022213
"CHIVEN",1991,"ai",73.3135194912911
"CHIVEN",1991,"enn_mn",1186.77332099014
"CHRARG",1991,"ai",75.1090930534261
"CHRARG",1991,"enn_mn",1147.47109337169
"CHRICA",1991,"ai",66.287970348884
"CHRICA",1991,"enn_mn",1271.62241060689
"CHROLI",1991,"ai",65.6869220607662
"CHROLI",1991,"enn_mn",1442.62996334323
"CHRPAU",1991,"ai",76.9597952856651
"CHRPAU",1991,"enn_mn",1355.96212126627
"CINELO",1991,"ai",79.6354887614528
"CINELO",1991,"enn_mn",1266.35394479734
"CINMON",1991,"ai",78.7514616084189
"CINMON",1991,"enn_mn",1149.73628960876
"CITCAU",1991,"ai",79.7153024911032
"CITCAU",1991,"enn_mn",1090.77918915371
"CITSPI",1991,"ai",74.3904012385499
"CITSPI",1991,"enn_mn",1197.64771737945
"CLIEGG",1991,"ai",80.3119441784102
"CLIEGG",1991,"enn_mn",1282.35519675514
"CLIERO",1991,"ai",84.8316685164632
"CLIERO",1991,"enn_mn",2401.74299991885
"CLIHIR",1991,"ai",79.6465390279823
"CLIHIR",1991,"enn_mn",1258.14132574489
"CLUCLU",1991,"ai",72.7830188679245
"CLUCLU",1991,"enn_mn",1535.506321966
"CLUGUN",1991,"ai",82.7546609024588
"CLUGUN",1991,"enn_mn",1300.1112979542
"CLUMIN",1991,"ai",81.2980956082394
"CLUMIN",1991,"enn_mn",1180.99868606108
"CLUROS",1991,"ai",65.4112004514036
"CLUROS",1991,"enn_mn",1355.96432608306
"COCCOS",1991,"ai",74.0150605696824
"COCCOS",1991,"enn_mn",1485.62658029909
"COCDIV",1991,"ai",69.5500599193812
"COCDIV",1991,"enn_mn",1550.48790048966
"COCKRU",1991,"ai",60.2643171806167
"COCKRU",1991,"enn_mn",1785.6688344088
"COCMIC",1991,"ai",68.0067950169875
"COCMIC",1991,"enn_mn",1557.96199216977
"COCPUB",1991,"ai",76.9363911726525
"COCPUB",1991,"enn_mn",1180.93116345741
"COCPYR",1991,"ai",78.8013371537727
"COCPYR",1991,"enn_mn",1156.43686443694
"COCRUG",1991,"ai",71.6207559256887
"COCRUG",1991,"enn_mn",1338.64868221978
"COCSIN",1991,"ai",87.221570926143
"COCSIN",1991,"enn_mn",3899.6551401537
"COCSWA",1991,"ai",81.0047846889952
"COCSWA",1991,"enn_mn",1181.39170090008
"COCUVI",1991,"ai",78.6098752372359
"COCUVI",1991,"enn_mn",1209.66196151524
"COCVEN",1991,"ai",68.697096748675
"COCVEN",1991,"enn_mn",1397.62728420154
"COFARA",1991,"ai",80.9489627449573
"COFARA",1991,"enn_mn",1210.2291530939
"COJARB",1991,"ai",71.0106919507767
"COJARB",1991,"enn_mn",1555.69319269752
"COLARB",1991,"ai",72.1593077999745
"COLARB",1991,"enn_mn",1523.05385188448
"COLELL",1991,"ai",57.1033210332103
"COLELL",1991,"enn_mn",1478.33371902817
"COLVER",1991,"ai",63.7406947890819
"COLVER",1991,"enn_mn",1347.28678419199
"COMDOD",1991,"ai",65.552158960642
"COMDOD",1991,"enn_mn",1395.35968338316
"COMGLA",1991,"ai",75.6319763624425
"COMGLA",1991,"enn_mn",1171.43414115985
"CONERE",1991,"ai",72.9741496598639
"CONERE",1991,"enn_mn",1228.65735360807
"CORALL",1991,"ai",81.2980956082394
"CORALL",1991,"enn_mn",1180.99868606108
"CORBOR",1991,"ai",82.9026150145847
"CORBOR",1991,"enn_mn",1184.36061345402
"CORCOL",1991,"ai",75.1675313445741
"CORCOL",1991,"enn_mn",1325.18990325595
"CORHIR",1991,"ai",72.8933448148604
"CORHIR",1991,"enn_mn",1343.50084052356
"CORLAE",1991,"ai",73.7586236266076
"CORLAE",1991,"enn_mn",1231.49779656294
"COROBO",1991,"ai",78.6098752372359
"COROBO",1991,"enn_mn",1209.66196151524
"CORRIC",1991,"ai",69.5573983414927
"CORRIC",1991,"enn_mn",1332.18351955217
"CORSUL",1991,"ai",76.3409669211196
"CORSUL",1991,"enn_mn",1246.94176003663
"CRECUJ",1991,"ai",68.9545225709012
"CRECUJ",1991,"enn_mn",1479.99348673813
"CRELIN",1991,"ai",54.4532488114105
"CRELIN",1991,"enn_mn",1612.85010688758
"CREPOR",1991,"ai",44.0683430045132
"CREPOR",1991,"enn_mn",1700.93274615589
"CRIPOR",1991,"ai",78.2600033206044
"CRIPOR",1991,"enn_mn",1149.31941772617
"CROAST",1991,"ai",44.9645390070922
"CROAST",1991,"enn_mn",1754.70962514559
"CROBET",1991,"ai",69.4570821959357
"CROBET",1991,"enn_mn",1569.71614040856
"CRODIS",1991,"ai",58.3060109289617
"CRODIS",1991,"enn_mn",1482.12871302263
"CROFLA",1991,"ai",63.121546961326
"CROFLA",1991,"enn_mn",1431.04434013745
"CROGLA",1991,"ai",62.1899576527526
"CROGLA",1991,"enn_mn",1481.94718451826
"CROIMP",1991,"ai",77.6092233009709
"CROIMP",1991,"enn_mn",1509.63348454235
"CROPOE",1991,"ai",95.0116009280742
"CROPOE",1991,"enn_mn",NA
"CRORHA",1991,"ai",70.8071608040201
"CRORHA",1991,"enn_mn",1311.01375083494
"CSSGUI",1991,"ai",81.2543928556663
"CSSGUI",1991,"enn_mn",1245.3012331905
"CUPAME",1991,"ai",75.3012277167509
"CUPAME",1991,"enn_mn",1179.64028842614
"CYAARB",1991,"ai",73.4556713487389
"CYAARB",1991,"enn_mn",1211.47883339298
"CYABOR",1991,"ai",80.9724274443113
"CYABOR",1991,"enn_mn",1140.78788218849
"CYNFLE",1991,"ai",59.5505617977528
"CYNFLE",1991,"enn_mn",1543.5568529824
"CYNHAS",1991,"ai",60.6521739130435
"CYNHAS",1991,"enn_mn",1350.46718550479
"CYNPOR",1991,"ai",62.454412837345
"CYNPOR",1991,"enn_mn",1514.1680004157
"CYRRAC",1991,"ai",84.7100591715976
"CYRRAC",1991,"enn_mn",1490.82432191479
"DACEXC",1991,"ai",79.7282409107602
"DACEXC",1991,"enn_mn",1159.17563207724
"DAPAME",1991,"ai",84.4686648501362
"DAPAME",1991,"enn_mn",1184.95908040896
"DAPHEL",1991,"ai",70.2708006279435
"DAPHEL",1991,"enn_mn",1581.58859246724
"DAPPHI",1991,"ai",83.7237602677213
"DAPPHI",1991,"enn_mn",1109.87139780369
"DELREG",1991,"ai",64.2042158189905
"DELREG",1991,"enn_mn",1456.19232673242
"DENARB",1991,"ai",77.2822029378969
"DENARB",1991,"enn_mn",1159.5475406412
"DENLAU",1991,"ai",83.1685063484974
"DENLAU",1991,"enn_mn",1243.12190709825
"DIOSIN",1991,"ai",77.3153192416649
"DIOSIN",1991,"enn_mn",1467.82872225682
"DITMYR",1991,"ai",79.1846652267819
"DITMYR",1991,"enn_mn",1245.98287766129
"DRYALB",1991,"ai",70.8496732026144
"DRYALB",1991,"enn_mn",1558.36845498264
"DRYGLA",1991,"ai",82.3009797098346
"DRYGLA",1991,"enn_mn",1234.03967948292
"DRYILI",1991,"ai",72.7060198714202
"DRYILI",1991,"enn_mn",1613.11614350207
"ELAXYL",1991,"ai",61.5291912158543
"ELAXYL",1991,"enn_mn",1388.53472116003
"ERIFRU",1991,"ai",58.3376623376623
"ERIFRU",1991,"enn_mn",1515.93435272564
"ERYARE",1991,"ai",58.5790884718499
"ERYARE",1991,"enn_mn",1360.46590232534
"ERYBER",1991,"ai",77.1474506201194
"ERYBER",1991,"enn_mn",1281.85400104071
"ERYBRE",1991,"ai",52.9553099471408
"ERYBRE",1991,"enn_mn",1371.02739288387
"ERYPOE",1991,"ai",76.7732742241925
"ERYPOE",1991,"enn_mn",1285.54420532028
"ERYROT",1991,"ai",63.9729048519219
"ERYROT",1991,"enn_mn",1327.2399607314
"ERYRUF",1991,"ai",70.8496732026144
"ERYRUF",1991,"enn_mn",1558.36845498264
"ERYURB",1991,"ai",70.8496732026144
"ERYURB",1991,"enn_mn",1558.36845498264
"EUGAXI",1991,"ai",59.9827437446074
"EUGAXI",1991,"enn_mn",1463.20185139255
"EUGBIF",1991,"ai",61.841385597083
"EUGBIF",1991,"enn_mn",1304.60072685225
"EUGBOR",1991,"ai",75.9527326440177
"EUGBOR",1991,"enn_mn",1201.56280596316
"EUGCON",1991,"ai",87.221570926143
"EUGCON",1991,"enn_mn",3899.6551401537
"EUGCOR",1991,"ai",81.821482602118
"EUGCOR",1991,"enn_mn",1204.89691092456
"EUGDOM",1991,"ai",73.6624843843354
"EUGDOM",1991,"enn_mn",1294.74481589438
"EUGEGG",1991,"ai",81.7657198531065
"EUGEGG",1991,"enn_mn",1205.57729720409
"EUGFOE",1991,"ai",69.4750771945302
"EUGFOE",1991,"enn_mn",1568.86601351003
"EUGLIG",1991,"ai",58.1269209907792
"EUGLIG",1991,"enn_mn",1408.62582506663
"EUGMON",1991,"ai",80.9237279730221
"EUGMON",1991,"enn_mn",1245.56323291323
"EUGPAD",1991,"ai",77.5557861961598
"EUGPAD",1991,"enn_mn",1459.98899535987
"EUGPSE",1991,"ai",70.8954065797641
"EUGPSE",1991,"enn_mn",1366.81067433476
"EUGRHO",1991,"ai",64.5309424885196
"EUGRHO",1991,"enn_mn",1263.31880548944
"EUGSTA",1991,"ai",83.5704720455306
"EUGSTA",1991,"enn_mn",1089.04822873331
"EUGSTE",1991,"ai",81.4019171516604
"EUGSTE",1991,"enn_mn",1237.10942617285
"EUGWOO",1991,"ai",59.4395280235988
"EUGWOO",1991,"enn_mn",1413.9325842999
"EUPPET",1991,"ai",54.5454545454545
"EUPPET",1991,"enn_mn",1473.79319546406
"EXOCAR",1991,"ai",62.5961358094166
"EXOCAR",1991,"enn_mn",1383.53892200876
"EXOPAN",1991,"ai",76.16211745244
"EXOPAN",1991,"enn_mn",1640.41682353255
"FAROCC",1991,"ai",72.9493685825563
"FAROCC",1991,"enn_mn",1152.23251965314
"FICAME",1991,"ai",73.6078770540882
"FICAME",1991,"enn_mn",1219.15963976168
"FICCIT",1991,"ai",75.522220664517
"FICCIT",1991,"enn_mn",1370.77130491182
"FICCRA",1991,"ai",78.6098752372359
"FICCRA",1991,"enn_mn",1209.66196151524
"FICTRI",1991,"ai",70.0039533504645
"FICTRI",1991,"enn_mn",1447.93127882016
"FORSEG",1991,"ai",57.2826086956522
"FORSEG",1991,"enn_mn",1772.25309654812
"GARHES",1991,"ai",67.1867007672634
"GARHES",1991,"enn_mn",1478.46293048755
"GARPOR",1991,"ai",70.3602822830259
"GARPOR",1991,"enn_mn",1463.31273377801
"GAUATT",1991,"ai",60.7439651760981
"GAUATT",1991,"enn_mn",1473.91757919088
"GENAME",1991,"ai",71.4376793114441
"GENAME",1991,"enn_mn",1261.90190960737
"GESPED",1991,"ai",77.0247772010577
"GESPED",1991,"enn_mn",1212.791973458
"GOEELE",1991,"ai",68.0420199974687
"GOEELE",1991,"enn_mn",1258.73763083276
"GOMLIN",1991,"ai",82.6262147428301
"GOMLIN",1991,"enn_mn",1047.24636751175
"GONHIR",1991,"ai",81.8542834267414
"GONHIR",1991,"enn_mn",1128.96492729937
"GONPOR",1991,"ai",94.635761589404
"GONPOR",1991,"enn_mn",NA
"GOSHIR",1991,"ai",66.8895845190666
"GOSHIR",1991,"enn_mn",1446.79901535412
"GUABLA",1991,"ai",84.1108415749207
"GUABLA",1991,"enn_mn",1360.84015955064
"GUACAR",1991,"ai",74.6761435286026
"GUACAR",1991,"enn_mn",1164.05924087758
"GUAFRA",1991,"ai",68.3624398886358
"GUAFRA",1991,"enn_mn",1353.31722864563
"GUAGLA",1991,"ai",82.7427485935559
"GUAGLA",1991,"enn_mn",1194.90520133904
"GUAGUI",1991,"ai",77.8295761046918
"GUAGUI",1991,"enn_mn",1150.07135300186
"GUAOBT",1991,"ai",77.8298814641136
"GUAOBT",1991,"enn_mn",1311.06503893361
"GUAOFF",1991,"ai",57.767277023036
"GUAOFF",1991,"enn_mn",1398.30255760077
"GUASAN",1991,"ai",63.4877384196185
"GUASAN",1991,"enn_mn",1506.43963484874
"GUAULM",1991,"ai",76.6914247130317
"GUAULM",1991,"enn_mn",1256.33737990993
"GUEELL",1991,"ai",63.6465743167353
"GUEELL",1991,"enn_mn",1492.62962019052
"GUEKRU",1991,"ai",59.6051632498102
"GUEKRU",1991,"enn_mn",1449.56311828085
"GUEOVA",1991,"ai",77.5002175994429
"GUEOVA",1991,"enn_mn",1215.84643876984
"GUEPUN",1991,"ai",87.221570926143
"GUEPUN",1991,"enn_mn",3899.6551401537
"GUESCA",1991,"ai",70.934434692824
"GUESCA",1991,"enn_mn",1402.41354360276
"GUEVAL",1991,"ai",74.6275895517218
"GUEVAL",1991,"enn_mn",1227.24942477317
"GYMLAT",1991,"ai",69.6626695057716
"GYMLAT",1991,"enn_mn",1457.27245399656
"GYMLUC",1991,"ai",65.1245551601424
"GYMLUC",1991,"enn_mn",1469.74698039345
"HAESAL",1991,"ai",81.1849001525907
"HAESAL",1991,"enn_mn",1075.00474080069
"HAMAXI",1991,"ai",69.3032148420904
"HAMAXI",1991,"enn_mn",1361.33683093906
"HAMPAT",1991,"ai",80.9527278024619
"HAMPAT",1991,"enn_mn",1224.77972230834
"HEDARB",1991,"ai",78.4571553802323
"HEDARB",1991,"enn_mn",1352.30353707307
"HELJAM",1991,"ai",65.404811332275
"HELJAM",1991,"enn_mn",1404.71438220599
"HENFAS",1991,"ai",80.6527470961306
"HENFAS",1991,"enn_mn",1176.0711771589
"HENSQU",1991,"ai",83.6348684210526
"HENSQU",1991,"enn_mn",1329.34416464739
"HIBELA",1991,"ai",80.3425644309268
"HIBELA",1991,"enn_mn",1259.97455762967
"HIBTIL",1991,"ai",78.5159389231181
"HIBTIL",1991,"enn_mn",1151.89236507499
"HIECLU",1991,"ai",78.1269841269841
"HIECLU",1991,"enn_mn",1162.2044748561
"HIPMAN",1991,"ai",68.4493255342008
"HIPMAN",1991,"enn_mn",1362.2974072944
"HIRRUG",1991,"ai",75.6074321105288
"HIRRUG",1991,"enn_mn",1142.29501194556
"HOMRAC",1991,"ai",70.1554527115225
"HOMRAC",1991,"enn_mn",1181.09926837326
"HURCRE",1991,"ai",76.7732742241925
"HURCRE",1991,"enn_mn",1285.54420532028
"HYMCOU",1991,"ai",67.7474681476642
"HYMCOU",1991,"enn_mn",1259.91644104209
"HYPTRI",1991,"ai",61.5209988649262
"HYPTRI",1991,"enn_mn",1414.53562934376
"ILENIT",1991,"ai",86.1149653121903
"ILENIT",1991,"enn_mn",1196.95894323636
"ILESID",1991,"ai",86.575654152446
"ILESID",1991,"enn_mn",1398.99749391757
"ILEURB",1991,"ai",87.221570926143
"ILEURB",1991,"enn_mn",3899.6551401537
"INDSUF",1991,"ai",59.3812838360402
"INDSUF",1991,"enn_mn",1592.02765811954
"INGLAU",1991,"ai",73.7073576607631
"INGLAU",1991,"enn_mn",1219.64309243749
"INGVER",1991,"ai",78.4148251261528
"INGVER",1991,"enn_mn",1184.20603871136
"IXOFER",1991,"ai",75.2218328238014
"IXOFER",1991,"enn_mn",1224.62255424492
"JACARB",1991,"ai",50.1340482573727
"JACARB",1991,"enn_mn",1348.48414818086
"JACBER",1991,"ai",62.2231686541738
"JACBER",1991,"enn_mn",1455.74646666292
"JATGOS",1991,"ai",62.8007300481168
"JATGOS",1991,"enn_mn",1413.82800031791
"JATHER",1991,"ai",71.5957038741849
"JATHER",1991,"enn_mn",1346.32538197408
"KOAPOL",1991,"ai",80.3425644309268
"KOAPOL",1991,"enn_mn",1259.97455762967
"KRUFER",1991,"ai",70.0510743219444
"KRUFER",1991,"enn_mn",1264.51970077317
"LAGRAC",1991,"ai",49.338146811071
"LAGRAC",1991,"enn_mn",1540.08879479192
"LANCAM",1991,"ai",77.0008206279964
"LANCAM",1991,"enn_mn",1313.70716224421
"LANINV",1991,"ai",69.520190023753
"LANINV",1991,"enn_mn",1276.01981108137
"LEULEU",1991,"ai",72.74994655455
"LEULEU",1991,"enn_mn",1442.96946861836
"LICBRI",1991,"ai",87.221570926143
"LICBRI",1991,"enn_mn",3899.6551401537
"LICPAR",1991,"ai",73.3216905344045
"LICPAR",1991,"enn_mn",1343.72447974512
"LONGLA",1991,"ai",71.2883904676947
"LONGLA",1991,"enn_mn",1585.67686404894
"LONHEP",1991,"ai",78.7514616084189
"LONHEP",1991,"enn_mn",1149.73628960876
"LONSER",1991,"ai",71.0106919507767
"LONSER",1991,"enn_mn",1555.69319269752
"LYOSTA",1991,"ai",78.4375393131211
"LYOSTA",1991,"enn_mn",1377.55667627299
"MACLUN",1991,"ai",60.8200767964893
"MACLUN",1991,"enn_mn",1385.90512252629
"MACPOR",1991,"ai",62.4781239061953
"MACPOR",1991,"enn_mn",1507.5697638617
"MAGPOR",1991,"ai",83.1634705645702
"MAGPOR",1991,"enn_mn",1253.04928866327
"MAGSPL",1991,"ai",80.6527470961306
"MAGSPL",1991,"enn_mn",1176.0711771589
"MALCOC",1991,"ai",71.4479777709169
"MALCOC",1991,"enn_mn",1347.29575072581
"MALFUC",1991,"ai",80.3865507776761
"MALFUC",1991,"enn_mn",1145.021836687
"MAMAME",1991,"ai",74.2824690926565
"MAMAME",1991,"enn_mn",1189.78254030599
"MANBID",1991,"ai",63.3840052875083
"MANBID",1991,"enn_mn",1379.25056854947
"MANIND",1991,"ai",78.4148251261528
"MANIND",1991,"enn_mn",1184.20603871136
"MANPLE",1991,"ai",70.4961606615475
"MANPLE",1991,"enn_mn",1535.35506731028
"MARMIC",1991,"ai",80.7613776798667
"MARMIC",1991,"enn_mn",1185.79092402676
"MARNOB",1991,"ai",71.966983335929
"MARNOB",1991,"enn_mn",1342.93783874224
"MATDOM",1991,"ai",83.2858579088472
"MATDOM",1991,"enn_mn",1166.33160377239
"MAYELO",1991,"ai",81.3218240016792
"MAYELO",1991,"enn_mn",1182.3582073609
"MAYLAE",1991,"ai",65.5317470750624
"MAYLAE",1991,"enn_mn",1462.55291284249
"MAYPON",1991,"ai",76.7706097714935
"MAYPON",1991,"enn_mn",1297.00130169417
"MECLAT",1991,"ai",83.2103790384126
"MECLAT",1991,"enn_mn",1118.37500727438
"MELAZE",1991,"ai",78.660532328784
"MELAZE",1991,"enn_mn",1206.93194468771
"MELBIJ",1991,"ai",70.2287104622871
"MELBIJ",1991,"enn_mn",1429.32425120489
"MELHER",1991,"ai",80.3425644309268
"MELHER",1991,"enn_mn",1259.97455762967
"MELOBT",1991,"ai",81.3661164445058
"MELOBT",1991,"enn_mn",1160.41541043332
"MELTOM",1991,"ai",57.5707837505129
"MELTOM",1991,"enn_mn",1366.56120202962
"MICCAL",1991,"ai",82.0360211158265
"MICCAL",1991,"enn_mn",1221.71332712393
"MICFOV",1991,"ai",95.1518691588785
"MICFOV",1991,"enn_mn",NA
"MICGAR",1991,"ai",72.5434349188265
"MICGAR",1991,"enn_mn",1124.1262386567
"MICGUY",1991,"ai",83.5344874665502
"MICGUY",1991,"enn_mn",1194.04694148765
"MICIMP",1991,"ai",75.1702728999676
"MICIMP",1991,"enn_mn",1204.41723310379
"MICLAE",1991,"ai",81.3024289012948
"MICLAE",1991,"enn_mn",1173.92705319117
"MICMIR",1991,"ai",76.4879198585739
"MICMIR",1991,"enn_mn",1126.90246020904
"MICPAC",1991,"ai",90.2192242833052
"MICPAC",1991,"enn_mn",2886.78294941745
"MICPRA",1991,"ai",73.2249107497025
"MICPRA",1991,"enn_mn",1266.19172455123
"MICRAC",1991,"ai",78.7270964119839
"MICRAC",1991,"enn_mn",1293.7846966185
"MICSER",1991,"ai",66.1732346469294
"MICSER",1991,"enn_mn",1486.64460200951
"MICSIN",1991,"ai",83.5310218978102
"MICSIN",1991,"enn_mn",1228.83442719917
"MICTET",1991,"ai",74.0186586868509
"MICTET",1991,"enn_mn",1188.43678682318
"MICTHO",1991,"ai",54.9821788315512
"MICTHO",1991,"enn_mn",1328.85947260375
"MORCIT",1991,"ai",27.996340347667
"MORCIT",1991,"enn_mn",1712.03276134592
"MOSXER",1991,"ai",63.1881676253081
"MOSXER",1991,"enn_mn",1489.01308900026
"MOUHEL",1991,"ai",87.221570926143
"MOUHEL",1991,"enn_mn",3899.6551401537
"MUNCAL",1991,"ai",62.1268656716418
"MUNCAL",1991,"enn_mn",1318.87112929024
"MYRAMA",1991,"ai",72.5723009074718
"MYRAMA",1991,"enn_mn",1156.1479331864
"MYRBOR",1991,"ai",71.1998622826648
"MYRBOR",1991,"enn_mn",1162.19674144629
"MYRCER",1991,"ai",80.0721038884597
"MYRCER",1991,"enn_mn",1176.60063649814
"MYRCIT",1991,"ai",73.1107969990214
"MYRCIT",1991,"enn_mn",1270.38155715782
"MYRCOR",1991,"ai",81.0544718439455
"MYRCOR",1991,"enn_mn",1174.35852725087
"MYRDEF",1991,"ai",76.2572886297376
"MYRDEF",1991,"enn_mn",1154.87537520438
"MYRFAL",1991,"ai",79.4736022426413
"MYRFAL",1991,"enn_mn",1277.82777788865
"MYRFLO",1991,"ai",28.6537669822972
"MYRFLO",1991,"enn_mn",1647.76241584407
"MYRGUI",1991,"ai",62.3849741585781
"MYRGUI",1991,"enn_mn",1453.64224994682
"MYRSPL",1991,"ai",77.3188803512624
"MYRSPL",1991,"enn_mn",1253.31706806349
"NECCOR",1991,"ai",70.5075954057058
"NECCOR",1991,"enn_mn",1604.76933823126
"NECKRU",1991,"ai",77.1474506201194
"NECKRU",1991,"enn_mn",1281.85400104071
"NECMEM",1991,"ai",82.4089593173853
"NECMEM",1991,"enn_mn",1162.50645375256
"NECPAT",1991,"ai",72.1508735392803
"NECPAT",1991,"enn_mn",1612.39390765378
"NECTUR",1991,"ai",75.224097553097
"NECTUR",1991,"enn_mn",1161.61858933815
"NEEBUX",1991,"ai",71.4926885768061
"NEEBUX",1991,"enn_mn",1384.31016563796
"NEORES",1991,"ai",77.9111194449653
"NEORES",1991,"enn_mn",1758.09948044586
"OCHPYR",1991,"ai",79.61398878258
"OCHPYR",1991,"enn_mn",1267.38988247953
"OCOCUN",1991,"ai",87.221570926143
"OCOCUN",1991,"enn_mn",3899.6551401537
"OCOFLO",1991,"ai",80.9724274443113
"OCOFLO",1991,"enn_mn",1140.78788218849
"OCOLEU",1991,"ai",80.0991643008517
"OCOLEU",1991,"enn_mn",1186.82281322918
"OCOSPA",1991,"ai",82.1125143513203
"OCOSPA",1991,"enn_mn",1287.61362006181
"OCOWRI",1991,"ai",86.1034569138277
"OCOWRI",1991,"enn_mn",1231.63080055734
"ORMKRU",1991,"ai",74.9206589088711
"ORMKRU",1991,"enn_mn",1308.53807668826
"OSSKRU",1991,"ai",82.4885348781077
"OSSKRU",1991,"enn_mn",1138.14624588076
"OTTRHO",1991,"ai",70.8880037488285
"OTTRHO",1991,"enn_mn",1492.74148598813
"OURLIT",1991,"ai",69.3827971109652
"OURLIT",1991,"enn_mn",1257.54193203537
"OXALAN",1991,"ai",72.9995781184081
"OXALAN",1991,"enn_mn",1259.00350959421
"PALALP",1991,"ai",85.8260153677278
"PALALP",1991,"enn_mn",1582.33080313181
"PALCRO",1991,"ai",79.6182753164557
"PALCRO",1991,"enn_mn",1266.35394479734
"PALRIP",1991,"ai",79.9137104506232
"PALRIP",1991,"enn_mn",1138.22161404543
"PARCRE",1991,"ai",87.221570926143
"PARCRE",1991,"enn_mn",3899.6551401537
"PERAME",1991,"ai",71.115197688165
"PERAME",1991,"enn_mn",1356.020056803
"PETDOM",1991,"ai",82.0413340296949
"PETDOM",1991,"enn_mn",1245.48574881079
"PHIMYR",1991,"ai",63.6645962732919
"PHIMYR",1991,"enn_mn",1661.01576509571
"PHLCOW",1991,"ai",67.1723157146243
"PHLCOW",1991,"enn_mn",1275.31615204126
"PHYCUN",1991,"ai",55.7671957671958
"PHYCUN",1991,"enn_mn",1467.82970433251
"PHYEPI",1991,"ai",68.551282051282
"PHYEPI",1991,"enn_mn",1342.01796921865
"PHYJUG",1991,"ai",45.8931648477886
"PHYJUG",1991,"enn_mn",1604.21296867683
"PICACU",1991,"ai",62.8169979437971
"PICACU",1991,"enn_mn",1303.80464579514
"PICPEN",1991,"ai",70.4415320015269
"PICPEN",1991,"enn_mn",1604.23938955693
"PILRAC",1991,"ai",61.8959107806691
"PILRAC",1991,"enn_mn",1486.11470651798
"PIMRAC",1991,"ai",75.5520426814207
"PIMRAC",1991,"enn_mn",1228.00798756376
"PINCAR",1991,"ai",71.4067278287462
"PINCAR",1991,"enn_mn",1538.85799193761
"PINCOR",1991,"ai",81.7451703928804
"PINCOR",1991,"enn_mn",1107.61172289227
"PIPADU",1991,"ai",78.7225619143976
"PIPADU",1991,"enn_mn",1190.90915843253
"PIPAMA",1991,"ai",77.9381973696903
"PIPAMA",1991,"enn_mn",1165.67683684829
"PIPBLA",1991,"ai",82.2612993338586
"PIPBLA",1991,"enn_mn",1173.1250590675
"PIPGLA",1991,"ai",79.4322892071987
"PIPGLA",1991,"enn_mn",1156.02836118008
"PIPHIS",1991,"ai",80.2047206976666
"PIPHIS",1991,"enn_mn",1254.92992420793
"PIPJAC",1991,"ai",74.722271728153
"PIPJAC",1991,"enn_mn",1241.46706920668
"PIPMAR",1991,"ai",74.3324827285741
"PIPMAR",1991,"enn_mn",1191.98833895374
"PIPUMB",1991,"ai",80.6669751218991
"PIPUMB",1991,"enn_mn",1174.86581869215
"PISALB",1991,"ai",63.1112469437653
"PISALB",1991,"enn_mn",1375.16737204888
"PISCAR",1991,"ai",60.8009563658099
"PISCAR",1991,"enn_mn",1443.2424937715
"PISSUB",1991,"ai",80.9724274443113
"PISSUB",1991,"enn_mn",1140.78788218849
"PITDUL",1991,"ai",56.4167725540025
"PITDUL",1991,"enn_mn",1342.03046398813
"PITUNG",1991,"ai",64.0061791967044
"PITUNG",1991,"enn_mn",1412.32360681879
"PLUALB",1991,"ai",70.9541113834192
"PLUALB",1991,"enn_mn",1350.41871945506
"PLUCAR",1991,"ai",77.2188423431253
"PLUCAR",1991,"enn_mn",1201.63173989941
"PLUOBT",1991,"ai",77.5602800103707
"PLUOBT",1991,"enn_mn",1462.60426414069
"PODCOR",1991,"ai",70.333660451423
"PODCOR",1991,"enn_mn",1538.1865910466
"POIFLO",1991,"ai",65.9099580312858
"POIFLO",1991,"enn_mn",1471.48330394018
"POIPUN",1991,"ai",83.2682856316855
"POIPUN",1991,"enn_mn",1308.83898612121
"POUDIC",1991,"ai",69.62212610972
"POUDIC",1991,"enn_mn",1442.15917592473
"POUMUL",1991,"ai",78.8575061302334
"POUMUL",1991,"enn_mn",1207.83200587489
"PREMON",1991,"ai",76.5851223165252
"PREMON",1991,"enn_mn",1239.39279689333
"PROJUL",1991,"ai",61.8882633174534
"PROJUL",1991,"enn_mn",1311.01197049635
"PRUMYR",1991,"ai",74.4285355438332
"PRUMYR",1991,"enn_mn",1249.23446960969
"PSESPU",1991,"ai",76.1509635974304
"PSESPU",1991,"enn_mn",1287.28986230069
"PSIAMP",1991,"ai",80.5269461077844
"PSIAMP",1991,"enn_mn",1169.08175016442
"PSYBER",1991,"ai",83.1585954401731
"PSYBER",1991,"enn_mn",1266.32841215424
"PSYBRA",1991,"ai",79.7084201130616
"PSYBRA",1991,"enn_mn",1148.66395906093
"PSYGRA",1991,"ai",78.7094345935095
"PSYGRA",1991,"enn_mn",1169.17873061718
"PSYMAL",1991,"ai",87.8760255241568
"PSYMAL",1991,"enn_mn",1973.84122948528
"PSYMAR",1991,"ai",43.3841463414634
"PSYMAR",1991,"enn_mn",1656.51038131426
"PSYPUB",1991,"ai",79.9993174993175
"PSYPUB",1991,"enn_mn",1191.48909727893
"PTEIND",1991,"ai",71.1213318649997
"PTEIND",1991,"enn_mn",1257.10442679323
"QUACYN",1991,"ai",60.3448275862069
"QUACYN",1991,"enn_mn",1346.68441658322
"QUAIND",1991,"ai",57.7259475218659
"QUAIND",1991,"enn_mn",1613.29895745921
"QUATUR",1991,"ai",71.3446567586695
"QUATUR",1991,"enn_mn",1269.01589330337
"RANACU",1991,"ai",64.661793282132
"RANACU",1991,"enn_mn",1258.88842822961
"RAUNIT",1991,"ai",68.0330004342162
"RAUNIT",1991,"enn_mn",1334.75150819805
"RAVURB",1991,"ai",80.0851970181044
"RAVURB",1991,"enn_mn",3979.51686676383
"REYKRU",1991,"ai",74.1720817349096
"REYKRU",1991,"enn_mn",1332.70076690568
"REYUNC",1991,"ai",59.7622027534418
"REYUNC",1991,"enn_mn",1576.04086659675
"REYVIV",1991,"ai",60.4719764011799
"REYVIV",1991,"enn_mn",1404.6939736196
"RHIMAN",1991,"ai",65.612547689699
"RHIMAN",1991,"enn_mn",1277.81611119059
"ROCACA",1991,"ai",55.800792303339
"ROCACA",1991,"enn_mn",1302.5274985478
"RONINE",1991,"ai",72.7037420499926
"RONINE",1991,"enn_mn",1324.53062672389
"RONPOR",1991,"ai",83.6210577685598
"RONPOR",1991,"enn_mn",1240.88443900634
"SAMDOD",1991,"ai",70.1541990569644
"SAMDOD",1991,"enn_mn",1414.09293744214
"SAMSAM",1991,"ai",79.0853031860226
"SAMSAM",1991,"enn_mn",1189.09913928859
"SAMSPI",1991,"ai",75.8893539105415
"SAMSPI",1991,"enn_mn",1264.38978183421
"SAPLAU",1991,"ai",82.4237862250659
"SAPLAU",1991,"enn_mn",1301.85550066213
"SAPSAP",1991,"ai",78.5076805679971
"SAPSAP",1991,"enn_mn",1144.88377867683
"SAVSES",1991,"ai",60.4513815650707
"SAVSES",1991,"enn_mn",1275.39946182844
"SCHFRU",1991,"ai",76.7175227949806
"SCHFRU",1991,"enn_mn",1320.89439493817
"SCHGLE",1991,"ai",78.7094345935095
"SCHGLE",1991,"enn_mn",1169.17873061718
"SCHMOR",1991,"ai",73.7660999484802
"SCHMOR",1991,"enn_mn",1281.10127913189
"SCHOBO",1991,"ai",77.8298814641136
"SCHOBO",1991,"enn_mn",1311.06503893361
"SENPOL",1991,"ai",62.0406189555126
"SENPOL",1991,"enn_mn",1509.38315263979
"SENSIA",1991,"ai",80.7613776798667
"SENSIA",1991,"enn_mn",1185.79092402676
"SIDCUB",1991,"ai",77.8820729772607
"SIDCUB",1991,"enn_mn",1303.02102103299
"SIDFOE",1991,"ai",69.1411307725507
"SIDFOE",1991,"enn_mn",1548.62416265158
"SIDOBO",1991,"ai",63.0971128608924
"SIDOBO",1991,"enn_mn",1731.61336479235
"SIDPOR",1991,"ai",72.7999312478515
"SIDPOR",1991,"enn_mn",1411.75124264319
"SIDSAL",1991,"ai",72.49755859375
"SIDSAL",1991,"enn_mn",1516.19212566732
"SIMTUL",1991,"ai",77.6689810693727
"SIMTUL",1991,"enn_mn",1232.27546694622
"SIPDEN",1991,"ai",77.4468857817323
"SIPDEN",1991,"enn_mn",1402.56454363615
"SLOAMY",1991,"ai",77.8298814641136
"SLOAMY",1991,"enn_mn",1311.06503893361
"SLOBER",1991,"ai",75.6352299298519
"SLOBER",1991,"enn_mn",1181.5653696221
"SOLENS",1991,"ai",78.502140754616
"SOLENS",1991,"enn_mn",1152.49909228556
"SOLRUG",1991,"ai",77.6249133471978
"SOLRUG",1991,"enn_mn",1138.06169646538
"SOLTOR",1991,"ai",70.8708217460058
"SOLTOR",1991,"enn_mn",1301.81145246273
"SPACAM",1991,"ai",72.0860361898259
"SPACAM",1991,"enn_mn",1366.20045118642
"SPOMOM",1991,"ai",79.6678327393991
"SPOMOM",1991,"enn_mn",1257.1379648832
"STAMON",1991,"ai",57.1667363142499
"STAMON",1991,"enn_mn",1470.52739390434
"STEACU",1991,"ai",59.9225020758373
"STEACU",1991,"enn_mn",1400.62127358062
"STESIN",1991,"ai",72.2723820774618
"STESIN",1991,"enn_mn",1354.19853851425
"SURMAR",1991,"ai",44.921875
"SURMAR",1991,"enn_mn",1543.34320473325
"SWIMAC",1991,"ai",79.61398878258
"SWIMAC",1991,"enn_mn",1267.38988247953
"SWIMAH",1991,"ai",73.8633624222554
"SWIMAH",1991,"enn_mn",1188.72854735613
"SYMMAR",1991,"ai",73.9703804490031
"SYMMAR",1991,"enn_mn",1263.5941599668
"SYMMIC",1991,"ai",69.6695921528136
"SYMMIC",1991,"enn_mn",1273.75996933512
"SYZJAM",1991,"ai",78.024429102496
"SYZJAM",1991,"enn_mn",1227.21091329329
"SYZMAL",1991,"ai",80.6527470961306
"SYZMAL",1991,"enn_mn",1176.0711771589
"TABCIT",1991,"ai",80.6527470961306
"TABCIT",1991,"enn_mn",1176.0711771589
"TABHAE",1991,"ai",82.8284147296944
"TABHAE",1991,"enn_mn",1309.329654636
"TABHET",1991,"ai",77.4756586017129
"TABHET",1991,"enn_mn",1206.90107966367
"TABKAR",1991,"ai",79.5836516424752
"TABKAR",1991,"enn_mn",1585.57182986189
"TABRIG",1991,"ai",72.7419914421187
"TABRIG",1991,"enn_mn",1171.20512677304
"TABSCH",1991,"ai",81.1020822752666
"TABSCH",1991,"enn_mn",1228.12702513538
"TAMIND",1991,"ai",70.1306413301663
"TAMIND",1991,"enn_mn",1416.73505970203
"TECGRA",1991,"ai",78.8575061302334
"TECGRA",1991,"enn_mn",1207.83200587489
"TECSTA",1991,"ai",60.4076218041486
"TECSTA",1991,"enn_mn",1379.32866681484
"TERCAT",1991,"ai",80.7613776798667
"TERCAT",1991,"enn_mn",1185.79092402676
"TERSTA",1991,"ai",72.9937194696441
"TERSTA",1991,"enn_mn",1335.05251706838
"TETBAL",1991,"ai",77.0842013560092
"TETBAL",1991,"enn_mn",1267.37115007902
"TETCRO",1991,"ai",84.4861240770602
"TETCRO",1991,"enn_mn",1287.82639063617
"TETELA",1991,"ai",71.664505562001
"TETELA",1991,"enn_mn",1230.37665799015
"TETURB",1991,"ai",80.6669751218991
"TETURB",1991,"enn_mn",1174.86581869215
"THEGRA",1991,"ai",72.82138261785
"THEGRA",1991,"enn_mn",1219.13977727868
"THEPOP",1991,"ai",64.9443207126949
"THEPOP",1991,"enn_mn",1405.747654074
"THOPOR",1991,"ai",59.0163934426229
"THOPOR",1991,"enn_mn",1469.56019911172
"THOSTR",1991,"ai",73.8657892112873
"THOSTR",1991,"enn_mn",1500.8710070257
"THRMOR",1991,"ai",63.9154160982265
"THRMOR",1991,"enn_mn",1563.19904006328
"TOUFIL",1991,"ai",70.5618816501773
"TOUFIL",1991,"enn_mn",1237.59318905862
"TRELAM",1991,"ai",80.3815615350684
"TRELAM",1991,"enn_mn",1379.82801800744
"TREMIC",1991,"ai",77.1474506201194
"TREMIC",1991,"enn_mn",1281.85400104071
"TRIHIR",1991,"ai",67.3910418930339
"TRIHIR",1991,"enn_mn",1249.88126648632
"TRIPAL",1991,"ai",71.730492856539
"TRIPAL",1991,"enn_mn",1239.55912584238
"TRITRI",1991,"ai",64.2463235294118
"TRITRI",1991,"enn_mn",1802.05347627578
"TRORAC",1991,"ai",71.9204580625193
"TRORAC",1991,"enn_mn",1173.33357167946
"TUROCC",1991,"ai",81.3079428714608
"TUROCC",1991,"enn_mn",1127.81452299014
"UREBAC",1991,"ai",85.2621964324092
"UREBAC",1991,"enn_mn",1583.42072694945
"VACFAR",1991,"ai",76.1446331109763
"VACFAR",1991,"enn_mn",1354.55669604234
"VARBEL",1991,"ai",87.221570926143
"VARBEL",1991,"enn_mn",3899.6551401537
"VARPOL",1991,"ai",78.4647841609867
"VARPOL",1991,"enn_mn",1303.21496500921
"VARRUP",1991,"ai",60.8352144469526
"VARRUP",1991,"enn_mn",1581.82989513196
"VITDIV",1991,"ai",78.2679808892524
"VITDIV",1991,"enn_mn",1158.58650012962
"WALLAM",1991,"ai",77.0329994107248
"WALLAM",1991,"enn_mn",1354.78380874486
"XYLBUX",1991,"ai",69.1411307725507
"XYLBUX",1991,"enn_mn",1548.62416265158
"XYLSCH",1991,"ai",87.221570926143
"XYLSCH",1991,"enn_mn",3899.6551401537
"ZANFLA",1991,"ai",77.0329994107248
"ZANFLA",1991,"enn_mn",1354.78380874486
"ZANMAR",1991,"ai",72.3741164867678
"ZANMAR",1991,"enn_mn",1207.1589712936
"ZANMON",1991,"ai",69.2901234567901
"ZANMON",1991,"enn_mn",1406.67121811371
"ZANPUN",1991,"ai",66.7003027245207
"ZANPUN",1991,"enn_mn",1327.34030600783
"ZAPPOR",1991,"ai",60.5180259012951
"ZAPPOR",1991,"enn_mn",1304.25523702308
"ZIZRET",1991,"ai",54.5703839122486
"ZIZRET",1991,"enn_mn",1383.17023189394
"ACNARB",2000,"ai",76.7752125550291
"ACNARB",2000,"enn_mn",1254.31924619908
"ADEPAV",2000,"ai",74.847104749512
"ADEPAV",2000,"enn_mn",1316.64992391841
"ADERIC",2000,"ai",63.1435129522352
"ADERIC",2000,"enn_mn",1272.89264660366
"AIPMIN",2000,"ai",77.0094024871095
"AIPMIN",2000,"enn_mn",1213.0832463108
"ALBLEB",2000,"ai",61.847555923778
"ALBLEB",2000,"enn_mn",1351.06674855287
"ALBPRO",2000,"ai",65.6763715587245
"ALBPRO",2000,"enn_mn",1309.77377984969
"ALCLAT",2000,"ai",78.0147020489026
"ALCLAT",2000,"enn_mn",1102.80763159577
"ALLCRA",2000,"ai",78.8834951456311
"ALLCRA",2000,"enn_mn",1286.67740354387
"ALLRAC",2000,"ai",79.2264175766347
"ALLRAC",2000,"enn_mn",1443.06029305028
"ALSBRY",2000,"ai",79.2657237436052
"ALSBRY",2000,"enn_mn",1141.94349944801
"ALSPOR",2000,"ai",79.0488633394304
"ALSPOR",2000,"enn_mn",1216.47705231888
"AMYELE",2000,"ai",77.9718244265921
"AMYELE",2000,"enn_mn",1545.11045008235
"ANAPER",2000,"ai",77.5508206349724
"ANAPER",2000,"enn_mn",1254.65756064462
"ANDINE",2000,"ai",73.1130204890945
"ANDINE",2000,"enn_mn",1246.54322216388
"ANNGLA",2000,"ai",72.2309911282861
"ANNGLA",2000,"enn_mn",1228.9551355352
"ANNMON",2000,"ai",76.8968819836118
"ANNMON",2000,"enn_mn",1250.02334579502
"ARDELL",2000,"ai",77.751678962517
"ARDELL",2000,"enn_mn",1201.85409554305
"ARDGLA",2000,"ai",71.0661764705882
"ARDGLA",2000,"enn_mn",1102.85177345314
"ARDOBO",2000,"ai",73.9316239316239
"ARDOBO",2000,"enn_mn",1477.66515489886
"ARTALT",2000,"ai",71.9021659054074
"ARTALT",2000,"enn_mn",1208.04223848436
"AVIGER",2000,"ai",63.5641512692108
"AVIGER",2000,"enn_mn",1301.53516434895
"BADPEN",2000,"ai",73.2599643069601
"BADPEN",2000,"enn_mn",1595.89406296572
"BIXORE",2000,"ai",78.7110885859852
"BIXORE",2000,"enn_mn",1178.04292011094
"BOCFRU",2000,"ai",76.7752125550291
"BOCFRU",2000,"enn_mn",1254.31924619908
"BONUMB",2000,"ai",71.7181467181467
"BONUMB",2000,"enn_mn",1414.44732756571
"BOUSUC",2000,"ai",65.343793262575
"BOUSUC",2000,"enn_mn",1284.23907196909
"BOUVIR",2000,"ai",73.8097843931268
"BOUVIR",2000,"enn_mn",1553.73460023296
"BRUAME",2000,"ai",79.2933635581959
"BRUAME",2000,"enn_mn",1176.77859739242
"BRUDEN",2000,"ai",77.2738940703346
"BRUDEN",2000,"enn_mn",1208.6071689979
"BRULAC",2000,"ai",93.8181818181818
"BRULAC",2000,"enn_mn",919.616007823625
"BUCBUC",2000,"ai",75.6864532300331
"BUCBUC",2000,"enn_mn",1200.82455151883
"BUCTET",2000,"ai",80.3222793087342
"BUCTET",2000,"enn_mn",1175.25004065703
"BUNGLA",2000,"ai",71.7264740129142
"BUNGLA",2000,"enn_mn",1296.34584965476
"BURSIM",2000,"ai",63.4954909183285
"BURSIM",2000,"enn_mn",1397.60357062045
"BUXPOR",2000,"ai",76.955618798554
"BUXPOR",2000,"enn_mn",1545.07707855475
"BUXVAH",2000,"ai",76.9781790820166
"BUXVAH",2000,"enn_mn",1203.71242636999
"BYRCRA",2000,"ai",75.3456221198157
"BYRCRA",2000,"enn_mn",1446.49771559051
"BYRLUC",2000,"ai",75.038269211144
"BYRLUC",2000,"enn_mn",1273.70635942181
"BYRSPI",2000,"ai",62.2173366834171
"BYRSPI",2000,"enn_mn",1335.05381558038
"BYRWAD",2000,"ai",77.9393173198483
"BYRWAD",2000,"enn_mn",1254.4378964857
"CALANT",2000,"ai",71.6540274646444
"CALANT",2000,"enn_mn",1258.50821806107
"CALKRU",2000,"ai",81.4309346567411
"CALKRU",2000,"enn_mn",1263.20599686482
"CALPAL",2000,"ai",50.9820193637621
"CALPAL",2000,"enn_mn",1718.05596752993
"CANWIN",2000,"ai",67.863681171666
"CANWIN",2000,"enn_mn",1250.40562619391
"CAPFRO",2000,"ai",45.8412098298677
"CAPFRO",2000,"enn_mn",1550.90698711847
"CASACU",2000,"ai",70.6955388719985
"CASACU",2000,"enn_mn",1265.28108336237
"CASARB",2000,"ai",76.2678885262365
"CASARB",2000,"enn_mn",1096.74536553305
"CASDEC",2000,"ai",71.8713049971996
"CASDEC",2000,"enn_mn",1168.78812911606
"CASELA",2000,"ai",78.7172011661808
"CASELA",2000,"enn_mn",1170.62105472023
"CASEQU",2000,"ai",49.79520187244
"CASEQU",2000,"enn_mn",1680.81899663636
"CASGUI",2000,"ai",72.2521008403361
"CASGUI",2000,"enn_mn",1228.07032184448
"CASSYL",2000,"ai",79.5663265306122
"CASSYL",2000,"enn_mn",1174.75158116803
"CECSCH",2000,"ai",80.6018423746162
"CECSCH",2000,"enn_mn",1160.30203788954
"CEDODO",2000,"ai",79.2933635581959
"CEDODO",2000,"enn_mn",1176.77859739242
"CEIPEN",2000,"ai",70.0121408336706
"CEIPEN",2000,"enn_mn",1210.0263808241
"CELTRI",2000,"ai",65.5285890580008
"CELTRI",2000,"enn_mn",1604.08092266346
"CESCIT",2000,"ai",79.8618297765223
"CESCIT",2000,"enn_mn",1193.85914124172
"CESLAU",2000,"ai",76.9475710900474
"CESLAU",2000,"enn_mn",1230.95745577047
"CESMAC",2000,"ai",80.5340897975154
"CESMAC",2000,"enn_mn",1167.29199943688
"CHICOM",2000,"ai",71.3594408101084
"CHICOM",2000,"enn_mn",1262.17194243845
"CHIDOM",2000,"ai",76.7440718739261
"CHIDOM",2000,"enn_mn",1217.03211002053
"CHIHOL",2000,"ai",71.4147286821705
"CHIHOL",2000,"enn_mn",1725.22658090899
"CHIVEN",2000,"ai",72.7411625807348
"CHIVEN",2000,"enn_mn",1198.9222720199
"CHRARG",2000,"ai",72.5744019290564
"CHRARG",2000,"enn_mn",1322.79094391387
"CHRCAI",2000,"ai",77.0094024871095
"CHRCAI",2000,"enn_mn",1213.0832463108
"CHRICA",2000,"ai",62.1096586782861
"CHRICA",2000,"enn_mn",1546.10907242024
"CHROLI",2000,"ai",60.371235721703
"CHROLI",2000,"enn_mn",1370.00450399214
"CHRPAU",2000,"ai",69.5881409031864
"CHRPAU",2000,"enn_mn",1374.09951173127
"CINELO",2000,"ai",77.4660508719928
"CINELO",2000,"enn_mn",1196.95207173032
"CINMON",2000,"ai",75.6577329727072
"CINMON",2000,"enn_mn",1225.04115914227
"CITCAU",2000,"ai",75.855614973262
"CITCAU",2000,"enn_mn",1107.07297771983
"CITSIN",2000,"ai",79.8016864459713
"CITSIN",2000,"enn_mn",1139.41854125933
"CITSPI",2000,"ai",70.5284147557328
"CITSPI",2000,"enn_mn",1239.89146724843
"CLIEGG",2000,"ai",78.1759203379602
"CLIEGG",2000,"enn_mn",1093.3606643828
"CLIERO",2000,"ai",85.4890864995958
"CLIERO",2000,"enn_mn",2465.4198896745
"CLIHIR",2000,"ai",76.6792100969063
"CLIHIR",2000,"enn_mn",1251.83969152008
"CLUCLU",2000,"ai",76.8515600378191
"CLUCLU",2000,"enn_mn",1836.29129842443
"CLUGUN",2000,"ai",80.0088915234143
"CLUGUN",2000,"enn_mn",1145.38616851308
"CLUMIN",2000,"ai",73.035592272812
"CLUMIN",2000,"enn_mn",1380.31332129804
"CLUROS",2000,"ai",75.0110766504209
"CLUROS",2000,"enn_mn",1739.73561451824
"COCCOS",2000,"ai",80.1364552643821
"COCCOS",2000,"enn_mn",1659.50482977374
"COCDIV",2000,"ai",71.86171720034
"COCDIV",2000,"enn_mn",1543.54781799068
"COCKRU",2000,"ai",67.6350662589195
"COCKRU",2000,"enn_mn",1583.0512493277
"COCMIC",2000,"ai",69.8386199220924
"COCMIC",2000,"enn_mn",1420.99210835804
"COCPUB",2000,"ai",74.7620367803345
"COCPUB",2000,"enn_mn",1496.22487174402
"COCPYR",2000,"ai",82.3367907260525
"COCPYR",2000,"enn_mn",1378.05405675636
"COCRUG",2000,"ai",71.9581411848173
"COCRUG",2000,"enn_mn",1365.71420958127
"COCSIN",2000,"ai",86.7768595041322
"COCSIN",2000,"enn_mn",2699.64010300205
"COCSWA",2000,"ai",78.9950887797507
"COCSWA",2000,"enn_mn",1294.3577624943
"COCUVI",2000,"ai",77.0094024871095
"COCUVI",2000,"enn_mn",1213.0832463108
"COCVEN",2000,"ai",68.9146284101599
"COCVEN",2000,"enn_mn",1245.92886385178
"COFARA",2000,"ai",78.7541182590602
"COFARA",2000,"enn_mn",1212.93209439012
"COJARB",2000,"ai",73.4770551927722
"COJARB",2000,"enn_mn",1556.27241396922
"COLARB",2000,"ai",73.8667772249862
"COLARB",2000,"enn_mn",1612.72536996447
"COLELL",2000,"ai",57.3487031700288
"COLELL",2000,"enn_mn",1324.02600253872
"COLVER",2000,"ai",67.824939520563
"COLVER",2000,"enn_mn",1356.9953867116
"COMDOD",2000,"ai",63.0685920577617
"COMDOD",2000,"enn_mn",1390.98383867535
"COMGLA",2000,"ai",82.1311475409836
"COMGLA",2000,"enn_mn",1276.85349007383
"CONERE",2000,"ai",67.8418585693907
"CONERE",2000,"enn_mn",1377.9090029073
"CORALL",2000,"ai",77.954954954955
"CORALL",2000,"enn_mn",1234.09181268984
"CORBOR",2000,"ai",76.2859257431849
"CORBOR",2000,"enn_mn",1137.66217414731
"CORCOL",2000,"ai",72.1422300263389
"CORCOL",2000,"enn_mn",1309.19023438655
"CORHIR",2000,"ai",53.4502923976608
"CORHIR",2000,"enn_mn",1596.1156024131
"CORLAE",2000,"ai",74.1852554975479
"CORLAE",2000,"enn_mn",1186.97359502407
"COROBO",2000,"ai",77.0094024871095
"COROBO",2000,"enn_mn",1213.0832463108
"CORRIC",2000,"ai",70.425470748886
"CORRIC",2000,"enn_mn",1283.34764115886
"CORSUL",2000,"ai",76.5718908922792
"CORSUL",2000,"enn_mn",1143.73201842096
"CRECUJ",2000,"ai",71.5643536053741
"CRECUJ",2000,"enn_mn",1365.97531010629
"CRELIN",2000,"ai",57.3836046843759
"CRELIN",2000,"enn_mn",1503.92663035978
"CREPOR",2000,"ai",49.4946578111464
"CREPOR",2000,"enn_mn",1689.1898592706
"CRIPOR",2000,"ai",78.0263875959038
"CRIPOR",2000,"enn_mn",1212.83111431059
"CROAST",2000,"ai",63.1824062095731
"CROAST",2000,"enn_mn",1656.12100284276
"CROBET",2000,"ai",61.875
"CROBET",2000,"enn_mn",1434.08616618462
"CRODIS",2000,"ai",61.2416851441242
"CRODIS",2000,"enn_mn",1527.98262201486
"CROFLA",2000,"ai",63.3632380554976
"CROFLA",2000,"enn_mn",1297.40620415714
"CROGLA",2000,"ai",62.8126474752242
"CROGLA",2000,"enn_mn",1536.20183620277
"CROIMP",2000,"ai",79.1960760856562
"CROIMP",2000,"enn_mn",1375.65892997509
"CROPOE",2000,"ai",94.0100882723834
"CROPOE",2000,"enn_mn",919.616007823644
"CRORHA",2000,"ai",71.056741280583
"CRORHA",2000,"enn_mn",1721.43447065194
"CSSGUI",2000,"ai",77.0022286500071
"CSSGUI",2000,"enn_mn",1203.57714454771
"CUPAME",2000,"ai",77.0007297494527
"CUPAME",2000,"enn_mn",1195.58930104404
"CYAARB",2000,"ai",79.8891735061948
"CYAARB",2000,"enn_mn",1045.04504716561
"CYABOR",2000,"ai",79.8618297765223
"CYABOR",2000,"enn_mn",1193.85914124172
"CYNFLE",2000,"ai",63.6101694915254
"CYNFLE",2000,"enn_mn",1518.60869065884
"CYNHAS",2000,"ai",60.8885464817668
"CYNHAS",2000,"enn_mn",1234.73562348347
"CYNPOR",2000,"ai",66.593438781488
"CYNPOR",2000,"enn_mn",1604.08771266068
"CYRRAC",2000,"ai",90.719114935464
"CYRRAC",2000,"enn_mn",3730.24868416455
"DACEXC",2000,"ai",74.5017723513194
"DACEXC",2000,"enn_mn",1113.15504447737
"DAPAME",2000,"ai",76.3915266617969
"DAPAME",2000,"enn_mn",1190.4465560074
"DAPHEL",2000,"ai",73.7995649991635
"DAPHEL",2000,"enn_mn",1593.8056614767
"DAPPHI",2000,"ai",79.5887026774387
"DAPPHI",2000,"enn_mn",1300.73029728374
"DELREG",2000,"ai",74.7591374827955
"DELREG",2000,"enn_mn",1279.9093175425
"DENARB",2000,"ai",79.4847605224964
"DENARB",2000,"enn_mn",1170.56453977521
"DENLAU",2000,"ai",79.5242600351399
"DENLAU",2000,"enn_mn",1381.53219917203
"DIOSIN",2000,"ai",79.4021101992966
"DIOSIN",2000,"enn_mn",1768.06772488518
"DITMYR",2000,"ai",82.4721780604134
"DITMYR",2000,"enn_mn",1512.54003257361
"DRYALB",2000,"ai",76.9419784400761
"DRYALB",2000,"enn_mn",1578.03441917083
"DRYGLA",2000,"ai",83.4340487601584
"DRYGLA",2000,"enn_mn",1433.54102503755
"DRYILI",2000,"ai",74.4902741973283
"DRYILI",2000,"enn_mn",1667.05602104472
"ELAXYL",2000,"ai",64.0903270864859
"ELAXYL",2000,"enn_mn",1398.12870174124
"ERIFRU",2000,"ai",62.1122467276314
"ERIFRU",2000,"enn_mn",1515.31443577163
"ERYARE",2000,"ai",61.8001046572475
"ERYARE",2000,"enn_mn",1247.97284249597
"ERYBER",2000,"ai",77.5508206349724
"ERYBER",2000,"enn_mn",1254.65756064462
"ERYBRE",2000,"ai",54.5360213459828
"ERYBRE",2000,"enn_mn",1360.24866689068
"ERYPOE",2000,"ai",78.271784904438
"ERYPOE",2000,"enn_mn",1281.19426236612
"ERYROT",2000,"ai",60.5570060922541
"ERYROT",2000,"enn_mn",1292.30301723833
"ERYRUF",2000,"ai",49.79520187244
"ERYRUF",2000,"enn_mn",1680.81899663636
"ERYURB",2000,"ai",73.3226410050789
"ERYURB",2000,"enn_mn",1569.96244922783
"EUGAXI",2000,"ai",59.9067599067599
"EUGAXI",2000,"enn_mn",1530.72557884307
"EUGBIF",2000,"ai",72.1695098569392
"EUGBIF",2000,"enn_mn",1171.15327117798
"EUGBOR",2000,"ai",74.0200689871433
"EUGBOR",2000,"enn_mn",1086.03678449343
"EUGCON",2000,"ai",86.7768595041322
"EUGCON",2000,"enn_mn",2699.64010300205
"EUGCOR",2000,"ai",77.0711100680591
"EUGCOR",2000,"enn_mn",1209.05811273498
"EUGDOM",2000,"ai",73.1675228668087
"EUGDOM",2000,"enn_mn",1170.63370506782
"EUGEGG",2000,"ai",79.8208722741433
"EUGEGG",2000,"enn_mn",1107.51518549856
"EUGFOE",2000,"ai",65.9943181818182
"EUGFOE",2000,"enn_mn",1566.98319592267
"EUGLIG",2000,"ai",61.5711854792967
"EUGLIG",2000,"enn_mn",1394.31854598895
"EUGMON",2000,"ai",74.0497172168881
"EUGMON",2000,"enn_mn",1206.34923747874
"EUGPAD",2000,"ai",79.4021101992966
"EUGPAD",2000,"enn_mn",1768.06772488518
"EUGPSE",2000,"ai",69.9628310360849
"EUGPSE",2000,"enn_mn",1333.05817689827
"EUGRHO",2000,"ai",73.6193742563169
"EUGRHO",2000,"enn_mn",1296.51177056689
"EUGSTA",2000,"ai",79.443173150267
"EUGSTA",2000,"enn_mn",1142.76591756275
"EUGSTE",2000,"ai",79.6946510297483
"EUGSTE",2000,"enn_mn",1191.05270139665
"EUGWOO",2000,"ai",63.5031847133758
"EUGWOO",2000,"enn_mn",1629.88227290373
"EUPPET",2000,"ai",60.3179753406879
"EUPPET",2000,"enn_mn",1361.02778850117
"EXOCAR",2000,"ai",62.9089909265878
"EXOCAR",2000,"enn_mn",1165.18183426599
"EXOPAN",2000,"ai",72.9253797050407
"EXOPAN",2000,"enn_mn",1319.06922283754
"FAROCC",2000,"ai",72.4481228259566
"FAROCC",2000,"enn_mn",1216.5905536944
"FICAME",2000,"ai",76.3862755949087
"FICAME",2000,"enn_mn",1229.18347957003
"FICCIT",2000,"ai",73.5618390459762
"FICCIT",2000,"enn_mn",1197.98300581252
"FICCRA",2000,"ai",77.0094024871095
"FICCRA",2000,"enn_mn",1213.0832463108
"FICTRI",2000,"ai",76.7752125550291
"FICTRI",2000,"enn_mn",1254.31924619908
"FORSEG",2000,"ai",57.318070318888
"FORSEG",2000,"enn_mn",1349.24204703132
"GARHES",2000,"ai",72.1476510067114
"GARHES",2000,"enn_mn",2696.19463946004
"GARPOR",2000,"ai",68.4012875536481
"GARPOR",2000,"enn_mn",1310.47102520038
"GAUATT",2000,"ai",57.5671616886367
"GAUATT",2000,"enn_mn",1496.74465064227
"GENAME",2000,"ai",71.7745803357314
"GENAME",2000,"enn_mn",1341.54659569909
"GESPED",2000,"ai",78.5223185953036
"GESPED",2000,"enn_mn",1306.25061581421
"GOEELE",2000,"ai",69.9975804500363
"GOEELE",2000,"enn_mn",1300.62887507862
"GOMLIN",2000,"ai",79.5881440634155
"GOMLIN",2000,"enn_mn",1119.29052936334
"GONHIR",2000,"ai",80.4722036168788
"GONHIR",2000,"enn_mn",1167.05708333167
"GONPOR",2000,"ai",94.4578313253012
"GONPOR",2000,"enn_mn",919.61600782364
"GOSHIR",2000,"ai",55.4932365555922
"GOSHIR",2000,"enn_mn",1265.88839975141
"GUABLA",2000,"ai",81.5251383209045
"GUABLA",2000,"enn_mn",1319.18097319338
"GUACAR",2000,"ai",87.9367172050099
"GUACAR",2000,"enn_mn",2446.88063505575
"GUAFRA",2000,"ai",72.541357962042
"GUAFRA",2000,"enn_mn",1182.24761894601
"GUAGLA",2000,"ai",78.9719130895601
"GUAGLA",2000,"enn_mn",1149.0074395342
"GUAGUI",2000,"ai",78.8836212495129
"GUAGUI",2000,"enn_mn",1141.18369236252
"GUAOBT",2000,"ai",79.4021101992966
"GUAOBT",2000,"enn_mn",1768.06772488518
"GUAOFF",2000,"ai",60.6728971962617
"GUAOFF",2000,"enn_mn",1423.78265149778
"GUASAN",2000,"ai",65.0834403080873
"GUASAN",2000,"enn_mn",1647.50243528298
"GUAULM",2000,"ai",73.3316497253614
"GUAULM",2000,"enn_mn",1232.95874068674
"GUEELL",2000,"ai",65.0870406189555
"GUEELL",2000,"enn_mn",1486.31674895978
"GUEKRU",2000,"ai",60.3870233352305
"GUEKRU",2000,"enn_mn",1298.00522884217
"GUEOVA",2000,"ai",78.8468022929077
"GUEOVA",2000,"enn_mn",1205.57450821398
"GUEPUN",2000,"ai",76.8691588785047
"GUEPUN",2000,"enn_mn",1535.25435999289
"GUESCA",2000,"ai",73.5897863818425
"GUESCA",2000,"enn_mn",1411.17472846822
"GUEVAL",2000,"ai",73.6739023992166
"GUEVAL",2000,"enn_mn",1206.36271864057
"GYMLAT",2000,"ai",71.2496358869793
"GYMLAT",2000,"enn_mn",1556.66763895789
"GYMLUC",2000,"ai",72.3697782362042
"GYMLUC",2000,"enn_mn",1307.36661183192
"HAESAL",2000,"ai",81.0929810929811
"HAESAL",2000,"enn_mn",1280.12853905317
"HAMAXI",2000,"ai",71.6595116715857
"HAMAXI",2000,"enn_mn",1405.86696690046
"HEDARB",2000,"ai",77.2681196147998
"HEDARB",2000,"enn_mn",1204.43137928499
"HELJAM",2000,"ai",66.166721008586
"HELJAM",2000,"enn_mn",1410.5178626089
"HENFAS",2000,"ai",78.953591486846
"HENFAS",2000,"enn_mn",1181.86844978303
"HENMAC",2000,"ai",79.6348654980208
"HENMAC",2000,"enn_mn",1093.24865372424
"HENSQU",2000,"ai",80.9040288241074
"HENSQU",2000,"enn_mn",1309.9807876803
"HIBELA",2000,"ai",74.3368805590851
"HIBELA",2000,"enn_mn",1280.7466570161
"HIBTIL",2000,"ai",77.8042880339331
"HIBTIL",2000,"enn_mn",1203.00589603632
"HIECLU",2000,"ai",77.3159074817088
"HIECLU",2000,"enn_mn",1213.08943342851
"HIPMAN",2000,"ai",69.3984413054067
"HIPMAN",2000,"enn_mn",1384.79497809017
"HIRRUG",2000,"ai",77.6403004860804
"HIRRUG",2000,"enn_mn",1010.50888707066
"HIRTRI",2000,"ai",76.7752125550291
"HIRTRI",2000,"enn_mn",1254.31924619908
"HOMRAC",2000,"ai",71.7024602978688
"HOMRAC",2000,"enn_mn",1185.07859997202
"HURCRE",2000,"ai",77.4030160009209
"HURCRE",2000,"enn_mn",1298.51379562838
"HYMCOU",2000,"ai",69.4184975661097
"HYMCOU",2000,"enn_mn",1264.96909954598
"HYPTRI",2000,"ai",66.0112359550562
"HYPTRI",2000,"enn_mn",1641.39926738575
"ILENIT",2000,"ai",83.2415538026492
"ILENIT",2000,"enn_mn",1645.3214208031
"ILESID",2000,"ai",79.5502036479547
"ILESID",2000,"enn_mn",1214.28289723647
"ILEURB",2000,"ai",79.677191328935
"ILEURB",2000,"enn_mn",1449.43609808064
"INDSUF",2000,"ai",55.8414903694348
"INDSUF",2000,"enn_mn",1507.19603570035
"INGLAU",2000,"ai",77.3079241433672
"INGLAU",2000,"enn_mn",1189.6834979739
"INGVER",2000,"ai",78.6042915136285
"INGVER",2000,"enn_mn",1162.56140959133
"IXOFER",2000,"ai",72.8190489452064
"IXOFER",2000,"enn_mn",1201.71129254862
"JACARB",2000,"ai",53.2014575741801
"JACARB",2000,"enn_mn",1306.62855743119
"JACBER",2000,"ai",66.2660588479072
"JACBER",2000,"enn_mn",1536.58493117122
"JATGOS",2000,"ai",55.3339115351258
"JATGOS",2000,"enn_mn",1535.84838618161
"JATHER",2000,"ai",72.295553791187
"JATHER",2000,"enn_mn",1221.43606840839
"KOAPOL",2000,"ai",77.5508206349724
"KOAPOL",2000,"enn_mn",1254.65756064462
"KRUFER",2000,"ai",64.0495356037152
"KRUFER",2000,"enn_mn",1298.12879702719
"LAEPRO",2000,"ai",78.9822353811991
"LAEPRO",2000,"enn_mn",1164.99551441456
"LAGRAC",2000,"ai",44.1275167785235
"LAGRAC",2000,"enn_mn",1615.07054429919
"LANCAM",2000,"ai",60.1879650176217
"LANCAM",2000,"enn_mn",1491.97412476109
"LANINV",2000,"ai",67.4233716475096
"LANINV",2000,"enn_mn",1391.82853207086
"LEULEU",2000,"ai",66.1114989528274
"LEULEU",2000,"enn_mn",1378.36488649451
"LICBRI",2000,"ai",86.7768595041322
"LICBRI",2000,"enn_mn",2699.64010300205
"LICPAR",2000,"ai",68.7110607654341
"LICPAR",2000,"enn_mn",1370.49172052054
"LONGLA",2000,"ai",78.1871061560834
"LONGLA",2000,"enn_mn",1314.72373850894
"LONHEP",2000,"ai",78.0263875959038
"LONHEP",2000,"enn_mn",1212.83111431059
"LONSER",2000,"ai",73.4770551927722
"LONSER",2000,"enn_mn",1556.27241396922
"LYOSTA",2000,"ai",74.5797429015398
"LYOSTA",2000,"enn_mn",1478.67791870332
"MACLUN",2000,"ai",58.2212257100149
"MACLUN",2000,"enn_mn",1371.35028624798
"MACPOR",2000,"ai",66.9791222837665
"MACPOR",2000,"enn_mn",1632.49687538728
"MAGPOR",2000,"ai",80.6620689655172
"MAGPOR",2000,"enn_mn",1469.15087766118
"MAGSPL",2000,"ai",78.953591486846
"MAGSPL",2000,"enn_mn",1181.86844978303
"MALCOC",2000,"ai",75.5459296914155
"MALCOC",2000,"enn_mn",1208.89209002807
"MALFUC",2000,"ai",72.6239895127813
"MALFUC",2000,"enn_mn",1221.08628687876
"MAMAME",2000,"ai",70.6479804739784
"MAMAME",2000,"enn_mn",1202.65939815715
"MANBID",2000,"ai",65.79914268218
"MANBID",2000,"enn_mn",1387.96427846526
"MANIND",2000,"ai",73.1264463300303
"MANIND",2000,"enn_mn",1197.24386782581
"MANPLE",2000,"ai",72.9314110965487
"MANPLE",2000,"enn_mn",1522.45984792898
"MARMIC",2000,"ai",78.7110885859852
"MARMIC",2000,"enn_mn",1178.04292011094
"MARNOB",2000,"ai",72.642443093454
"MARNOB",2000,"enn_mn",1180.23206924337
"MATDOM",2000,"ai",79.4129196936972
"MATDOM",2000,"enn_mn",1119.82240989931
"MAYELO",2000,"ai",77.5508206349724
"MAYELO",2000,"enn_mn",1254.65756064462
"MAYLAE",2000,"ai",67.1735131820969
"MAYLAE",2000,"enn_mn",1255.14110118509
"MAYPON",2000,"ai",78.6415525114155
"MAYPON",2000,"enn_mn",1375.88159234142
"MECLAT",2000,"ai",79.3977195205146
"MECLAT",2000,"enn_mn",1131.92487799715
"MELAZE",2000,"ai",76.9781790820166
"MELAZE",2000,"enn_mn",1203.71242636999
"MELBIJ",2000,"ai",68.6594813068373
"MELBIJ",2000,"enn_mn",1340.95816086223
"MELHER",2000,"ai",80.5386258269521
"MELHER",2000,"enn_mn",1287.14993824888
"MELOBT",2000,"ai",79.7235353101275
"MELOBT",2000,"enn_mn",1174.22103852761
"MELTOM",2000,"ai",59.8542274052478
"MELTOM",2000,"enn_mn",1273.71239015376
"MICCAL",2000,"ai",80.1031504380787
"MICCAL",2000,"enn_mn",1499.29968360456
"MICFOV",2000,"ai",73.2982571522525
"MICFOV",2000,"enn_mn",1199.00864809128
"MICGAR",2000,"ai",72.3076923076923
"MICGAR",2000,"enn_mn",1137.44850793389
"MICGUY",2000,"ai",79.7085096379878
"MICGUY",2000,"enn_mn",1176.50044132857
"MICIMP",2000,"ai",67.5775531544092
"MICIMP",2000,"enn_mn",1278.35725670356
"MICLAE",2000,"ai",78.8104197660512
"MICLAE",2000,"enn_mn",1204.3354843071
"MICMIR",2000,"ai",77.1295433364399
"MICMIR",2000,"enn_mn",1205.17479657982
"MICPAC",2000,"ai",93.6412717456509
"MICPAC",2000,"enn_mn",8272.29143159437
"MICPRA",2000,"ai",73.4856007944389
"MICPRA",2000,"enn_mn",1285.76589747578
"MICRAC",2000,"ai",77.4937547202696
"MICRAC",2000,"enn_mn",1110.57694533062
"MICSER",2000,"ai",81.6500559612002
"MICSER",2000,"enn_mn",1368.57215145056
"MICSIN",2000,"ai",80.3650998993819
"MICSIN",2000,"enn_mn",1260.44642253337
"MICTET",2000,"ai",78.0235693598322
"MICTET",2000,"enn_mn",1209.6887497878
"MICTHO",2000,"ai",54.930532023043
"MICTHO",2000,"enn_mn",1466.88766704776
"MORCIT",2000,"ai",45.2471482889734
"MORCIT",2000,"enn_mn",1411.68849557432
"MOSXER",2000,"ai",65.5848132271892
"MOSXER",2000,"enn_mn",1628.87543638299
"MOUHEL",2000,"ai",86.7768595041322
"MOUHEL",2000,"enn_mn",2699.64010300205
"MUNCAL",2000,"ai",59.2782040352373
"MUNCAL",2000,"enn_mn",1398.9031173073
"MYRAMA",2000,"ai",72.4611654844213
"MYRAMA",2000,"enn_mn",1150.05767507767
"MYRBOR",2000,"ai",70.7118644067797
"MYRBOR",2000,"enn_mn",1152.47757854962
"MYRCER",2000,"ai",78.2755548957019
"MYRCER",2000,"enn_mn",1214.15368440035
"MYRCIT",2000,"ai",68.2230581987165
"MYRCIT",2000,"enn_mn",1295.0562764272
"MYRCOR",2000,"ai",79.4775591108594
"MYRCOR",2000,"enn_mn",1114.11731445154
"MYRDEF",2000,"ai",76.6783029001074
"MYRDEF",2000,"enn_mn",1138.17783803033
"MYRFAL",2000,"ai",77.112676056338
"MYRFAL",2000,"enn_mn",1078.67291452084
"MYRFLO",2000,"ai",35.1851851851852
"MYRFLO",2000,"enn_mn",1801.08423013523
"MYRGUI",2000,"ai",64.5721750489876
"MYRGUI",2000,"enn_mn",1541.62046931261
"MYRSPL",2000,"ai",77.7681174244361
"MYRSPL",2000,"enn_mn",1143.07055415822
"NECCOR",2000,"ai",73.9124226558781
"NECCOR",2000,"enn_mn",1274.28605032259
"NECKRU",2000,"ai",73.8903625110522
"NECKRU",2000,"enn_mn",1309.1887243765
"NECMEM",2000,"ai",76.945052001964
"NECMEM",2000,"enn_mn",1178.25772029134
"NECPAT",2000,"ai",75.5717033554178
"NECPAT",2000,"enn_mn",1691.31886013849
"NECTUR",2000,"ai",77.0574534161491
"NECTUR",2000,"enn_mn",1311.30063885581
"NEEBUX",2000,"ai",73.1412525943108
"NEEBUX",2000,"enn_mn",1521.18882682111
"NEORES",2000,"ai",75.4687651802196
"NEORES",2000,"enn_mn",1585.76978496285
"OCHPYR",2000,"ai",78.9822353811991
"OCHPYR",2000,"enn_mn",1164.99551441456
"OCOCUN",2000,"ai",86.7768595041322
"OCOCUN",2000,"enn_mn",2699.64010300205
"OCOFLO",2000,"ai",79.8618297765223
"OCOFLO",2000,"enn_mn",1193.85914124172
"OCOLEU",2000,"ai",80.2971732302489
"OCOLEU",2000,"enn_mn",1133.15492299139
"OCOSPA",2000,"ai",88.1524725274725
"OCOSPA",2000,"enn_mn",2222.05141452672
"OCOWRI",2000,"ai",77.1520618556701
"OCOWRI",2000,"enn_mn",1478.238527505
"ORMKRU",2000,"ai",76.9997746732762
"ORMKRU",2000,"enn_mn",1143.81036927538
"OSSKRU",2000,"ai",83.4742412262028
"OSSKRU",2000,"enn_mn",1315.80748305243
"OURLIT",2000,"ai",63.0281051677244
"OURLIT",2000,"enn_mn",1531.79232382684
"OXALAN",2000,"ai",78.3799136559873
"OXALAN",2000,"enn_mn",1660.93935257953
"PALALP",2000,"ai",81.0315627405697
"PALALP",2000,"enn_mn",1310.00994735602
"PALCRO",2000,"ai",72.8220939385988
"PALCRO",2000,"enn_mn",1275.82775312549
"PALRIP",2000,"ai",76.8928571428571
"PALRIP",2000,"enn_mn",1203.82426559341
"PARCRE",2000,"ai",74.3734690032033
"PARCRE",2000,"enn_mn",1883.32865011875
"PERAME",2000,"ai",78.8068359541616
"PERAME",2000,"enn_mn",1197.60150241717
"PETDOM",2000,"ai",77.9892579652709
"PETDOM",2000,"enn_mn",1262.34022050209
"PHIMYR",2000,"ai",65.597667638484
"PHIMYR",2000,"enn_mn",1520.01596536528
"PHLCOW",2000,"ai",67.4295129989015
"PHLCOW",2000,"enn_mn",1227.73279335223
"PHYCUN",2000,"ai",55.9748427672956
"PHYCUN",2000,"enn_mn",1371.52016537688
"PHYEPI",2000,"ai",73.5010060362173
"PHYEPI",2000,"enn_mn",1605.65504262483
"PHYJUG",2000,"ai",49.5212765957447
"PHYJUG",2000,"enn_mn",1437.73138354243
"PICACU",2000,"ai",71.6772456241585
"PICACU",2000,"enn_mn",1248.77425355747
"PICEXC",2000,"ai",77.0094024871095
"PICEXC",2000,"enn_mn",1213.0832463108
"PICPEN",2000,"ai",72.1281800391389
"PICPEN",2000,"enn_mn",1214.26034384649
"PILRAC",2000,"ai",62.3931623931624
"PILRAC",2000,"enn_mn",1539.59922321631
"PIMRAC",2000,"ai",73.4991584065831
"PIMRAC",2000,"enn_mn",1377.35359434849
"PINCAR",2000,"ai",79.6946510297483
"PINCAR",2000,"enn_mn",1191.05270139665
"PINCOR",2000,"ai",80.5415209223993
"PINCOR",2000,"enn_mn",1160.29487878096
"PIPADU",2000,"ai",79.467380486633
"PIPADU",2000,"enn_mn",1140.39461300795
"PIPAMA",2000,"ai",78.205313520858
"PIPAMA",2000,"enn_mn",1185.30412325766
"PIPBLA",2000,"ai",80.2671598849157
"PIPBLA",2000,"enn_mn",1240.27372639533
"PIPGLA",2000,"ai",79.8803090527444
"PIPGLA",2000,"enn_mn",1160.44024347388
"PIPHIS",2000,"ai",79.5752510925401
"PIPHIS",2000,"enn_mn",1200.33973319259
"PIPJAC",2000,"ai",73.055697259194
"PIPJAC",2000,"enn_mn",1225.96729953594
"PIPMAR",2000,"ai",75.1694277108434
"PIPMAR",2000,"enn_mn",1193.71600506992
"PIPUMB",2000,"ai",76.945052001964
"PIPUMB",2000,"enn_mn",1178.25772029134
"PISALB",2000,"ai",64.8528724894909
"PISALB",2000,"enn_mn",1349.87453989015
"PISCAR",2000,"ai",45.8838544990428
"PISCAR",2000,"enn_mn",1267.95441834859
"PISSUB",2000,"ai",79.8618297765223
"PISSUB",2000,"enn_mn",1193.85914124172
"PITDUL",2000,"ai",52.7320954907162
"PITDUL",2000,"enn_mn",1350.2034138599
"PITUNG",2000,"ai",65.6652360515021
"PITUNG",2000,"enn_mn",1393.944714622
"PLUALB",2000,"ai",72.9413320986838
"PLUALB",2000,"enn_mn",1262.77505058786
"PLUCAR",2000,"ai",76.343182259003
"PLUCAR",2000,"enn_mn",1216.36764342085
"PLUOBT",2000,"ai",81.4767932489451
"PLUOBT",2000,"enn_mn",2641.98458291006
"PODCOR",2000,"ai",48.6096256684492
"PODCOR",2000,"enn_mn",1636.51597641263
"POIFLO",2000,"ai",71.5961482346075
"POIFLO",2000,"enn_mn",1292.80540221315
"POIPUN",2000,"ai",80.8274403542396
"POIPUN",2000,"enn_mn",1207.23058972246
"POUDIC",2000,"ai",74.4462770970782
"POUDIC",2000,"enn_mn",1625.73876710467
"POUMUL",2000,"ai",77.3159074817088
"POUMUL",2000,"enn_mn",1213.08943342851
"PREMON",2000,"ai",77.1408975112679
"PREMON",2000,"enn_mn",1069.22336990652
"PROJUL",2000,"ai",63.0367143746111
"PROJUL",2000,"enn_mn",1356.5536886473
"PROPAL",2000,"ai",62.4041277367173
"PROPAL",2000,"enn_mn",1497.58226342008
"PRUMYR",2000,"ai",81.0660915113234
"PRUMYR",2000,"enn_mn",1719.43467444104
"PSESPU",2000,"ai",79.3483146067416
"PSESPU",2000,"enn_mn",1324.89733701562
"PSIAMP",2000,"ai",77.1356783919598
"PSIAMP",2000,"enn_mn",1487.1401498179
"PSIGUA",2000,"ai",74.9148356327712
"PSIGUA",2000,"enn_mn",1217.31147096892
"PSYBER",2000,"ai",78.7279302276111
"PSYBER",2000,"enn_mn",1058.85498169601
"PSYBRA",2000,"ai",77.0429515418502
"PSYBRA",2000,"enn_mn",1154.18442007724
"PSYDOM",2000,"ai",72.0357025876187
"PSYDOM",2000,"enn_mn",1386.75499398937
"PSYGRA",2000,"ai",77.3267029622326
"PSYGRA",2000,"enn_mn",1189.69752011515
"PSYMAL",2000,"ai",79.1615667074663
"PSYMAL",2000,"enn_mn",1785.91970303963
"PSYMAR",2000,"ai",49.9371701432521
"PSYMAR",2000,"enn_mn",1631.23630261769
"PSYPUB",2000,"ai",76.144415701271
"PSYPUB",2000,"enn_mn",1246.20567592654
"PTEIND",2000,"ai",77.3159074817088
"PTEIND",2000,"enn_mn",1213.08943342851
"QUACYN",2000,"ai",68.0673642903859
"QUACYN",2000,"enn_mn",1552.6736397495
"QUAIND",2000,"ai",61.3329040566645
"QUAIND",2000,"enn_mn",1393.66144425147
"QUATUR",2000,"ai",72.4492903697387
"QUATUR",2000,"enn_mn",1269.4103581424
"RANACU",2000,"ai",66.6806300268097
"RANACU",2000,"enn_mn",1280.62483969681
"RAUNIT",2000,"ai",70.3215706737982
"RAUNIT",2000,"enn_mn",1238.83246471645
"RAVURB",2000,"ai",79.1937581274382
"RAVURB",2000,"enn_mn",3852.95996190936
"REYKRU",2000,"ai",76.829922587568
"REYKRU",2000,"enn_mn",1573.90343961025
"REYUNC",2000,"ai",61.3377609108159
"REYUNC",2000,"enn_mn",1516.08189739109
"REYVIV",2000,"ai",63.0494505494505
"REYVIV",2000,"enn_mn",1767.54339758003
"RHIMAN",2000,"ai",52.668570173512
"RHIMAN",2000,"enn_mn",1507.02458055831
"ROCACA",2000,"ai",63.1843575418994
"ROCACA",2000,"enn_mn",1165.10245780869
"RONINE",2000,"ai",73.576276187666
"RONINE",2000,"enn_mn",1398.06332988657
"ROYBOR",2000,"ai",73.6801640184521
"ROYBOR",2000,"enn_mn",1197.46403307349
"SAMDOD",2000,"ai",72.9470316388198
"SAMDOD",2000,"enn_mn",1291.48410399855
"SAMSAM",2000,"ai",68.2708622551288
"SAMSAM",2000,"enn_mn",1321.04589069444
"SAMSPI",2000,"ai",74.3333972760407
"SAMSPI",2000,"enn_mn",1276.68388510321
"SAPLAU",2000,"ai",78.3238787449034
"SAPLAU",2000,"enn_mn",1172.64519036856
"SAPSAP",2000,"ai",68.4089162182936
"SAPSAP",2000,"enn_mn",1577.17521798778
"SAVSES",2000,"ai",69.7273233166388
"SAVSES",2000,"enn_mn",1477.44082403206
"SCHFRU",2000,"ai",75.0612008723906
"SCHFRU",2000,"enn_mn",1331.84798000458
"SCHGLE",2000,"ai",77.2738940703346
"SCHGLE",2000,"enn_mn",1208.6071689979
"SCHMOR",2000,"ai",79.1483529467366
"SCHMOR",2000,"enn_mn",1172.18933341706
"SCHOBO",2000,"ai",79.4021101992966
"SCHOBO",2000,"enn_mn",1768.06772488518
"SENPOL",2000,"ai",63.6503067484663
"SENPOL",2000,"enn_mn",1432.05710220954
"SENSIA",2000,"ai",78.7172011661808
"SENSIA",2000,"enn_mn",1170.62105472023
"SIDCUB",2000,"ai",72.6665553514777
"SIDCUB",2000,"enn_mn",1586.4776128053
"SIDFOE",2000,"ai",72.0193493313099
"SIDFOE",2000,"enn_mn",1530.21166038034
"SIDOBO",2000,"ai",67.953839325344
"SIDOBO",2000,"enn_mn",1489.29965244747
"SIDPOR",2000,"ai",75.1639482091811
"SIDPOR",2000,"enn_mn",1449.46146470985
"SIDSAL",2000,"ai",72.4154636178665
"SIDSAL",2000,"enn_mn",1581.83510628327
"SIMTUL",2000,"ai",78.5618053216571
"SIMTUL",2000,"enn_mn",1228.16096523867
"SIPDEN",2000,"ai",74.3734690032033
"SIPDEN",2000,"enn_mn",1883.32865011875
"SLOAMY",2000,"ai",79.4021101992966
"SLOAMY",2000,"enn_mn",1768.06772488518
"SLOBER",2000,"ai",76.6416825148227
"SLOBER",2000,"enn_mn",1091.49138231122
"SOLENS",2000,"ai",77.751678962517
"SOLENS",2000,"enn_mn",1201.85409554305
"SOLRUG",2000,"ai",75.6956606343647
"SOLRUG",2000,"enn_mn",1189.7845592877
"SOLTOR",2000,"ai",69.2940804051915
"SOLTOR",2000,"enn_mn",1285.95547319641
"SPACAM",2000,"ai",76.9801626944484
"SPACAM",2000,"enn_mn",1151.75070380312
"SPOMOM",2000,"ai",72.5954424385913
"SPOMOM",2000,"enn_mn",1281.70702322871
"STAMON",2000,"ai",58.0006387735548
"STAMON",2000,"enn_mn",1451.75742317589
"STEACU",2000,"ai",62.7161182375906
"STEACU",2000,"enn_mn",1354.36768107451
"STEAPE",2000,"ai",77.0094024871095
"STEAPE",2000,"enn_mn",1213.0832463108
"STESIN",2000,"ai",75.258756313654
"STESIN",2000,"enn_mn",1535.75001171478
"SWIMAC",2000,"ai",78.7110885859852
"SWIMAC",2000,"enn_mn",1178.04292011094
"SWIMAH",2000,"ai",68.3683298015796
"SWIMAH",2000,"enn_mn",1362.18636363731
"SYMMAR",2000,"ai",73.2929063230371
"SYMMAR",2000,"enn_mn",1398.90319530325
"SYMMIC",2000,"ai",75.1976994967649
"SYMMIC",2000,"enn_mn",1475.37824049921
"SYZJAM",2000,"ai",77.5
"SYZJAM",2000,"enn_mn",1165.81182058944
"SYZMAL",2000,"ai",79.6946510297483
"SYZMAL",2000,"enn_mn",1191.05270139665
"TABCIT",2000,"ai",78.953591486846
"TABCIT",2000,"enn_mn",1181.86844978303
"TABHAE",2000,"ai",77.988226260558
"TABHAE",2000,"enn_mn",1226.17576021906
"TABHET",2000,"ai",67.6520864756159
"TABHET",2000,"enn_mn",1308.36008965217
"TABKAR",2000,"ai",81.6322994281754
"TABKAR",2000,"enn_mn",1718.37762994275
"TABRIG",2000,"ai",71.3510178901912
"TABRIG",2000,"enn_mn",1177.28677067105
"TABSCH",2000,"ai",78.9867841409692
"TABSCH",2000,"enn_mn",1250.79827769996
"TAMIND",2000,"ai",68.6215913335824
"TAMIND",2000,"enn_mn",1349.44801571652
"TECGRA",2000,"ai",77.3159074817088
"TECGRA",2000,"enn_mn",1213.08943342851
"TECSTA",2000,"ai",66.923804672149
"TECSTA",2000,"enn_mn",1277.50139332032
"TERCAT",2000,"ai",74.3309775271976
"TERCAT",2000,"enn_mn",1175.58928132393
"TERSTA",2000,"ai",75.8382337769524
"TERSTA",2000,"enn_mn",1695.01509127976
"TETBAL",2000,"ai",74.6131436570693
"TETBAL",2000,"enn_mn",1277.68086744336
"TETBIF",2000,"ai",81.753980482794
"TETBIF",2000,"enn_mn",1707.55054037934
"TETELA",2000,"ai",69.4404818513235
"TETELA",2000,"enn_mn",1264.16291334972
"TETURB",2000,"ai",79.1627082145798
"TETURB",2000,"enn_mn",1220.12786493913
"THEGRA",2000,"ai",70.6287941242599
"THEGRA",2000,"enn_mn",1379.41331118437
"THEPOP",2000,"ai",64.0820551425614
"THEPOP",2000,"enn_mn",1360.89751017767
"THOPOR",2000,"ai",60.9318996415771
"THOPOR",2000,"enn_mn",1568.64415984972
"THOSTR",2000,"ai",79.2043640234167
"THOSTR",2000,"enn_mn",1451.3932064981
"THRMOR",2000,"ai",70.9408825978351
"THRMOR",2000,"enn_mn",1396.4155805411
"TOUFIL",2000,"ai",74.8682178797721
"TOUFIL",2000,"enn_mn",1227.24099353521
"TRELAM",2000,"ai",81.8765477391544
"TRELAM",2000,"enn_mn",1631.16135749264
"TREMIC",2000,"ai",73.7064456425525
"TREMIC",2000,"enn_mn",1273.37133445743
"TRIHIR",2000,"ai",77.6149182718134
"TRIHIR",2000,"enn_mn",1248.99907151927
"TRIPAL",2000,"ai",78.4063676823006
"TRIPAL",2000,"enn_mn",1177.33845456283
"TRITRI",2000,"ai",68.3284457478006
"TRITRI",2000,"enn_mn",1916.55106662644
"TRORAC",2000,"ai",71.8681814761869
"TRORAC",2000,"enn_mn",1253.75754088297
"TUROCC",2000,"ai",79.5393513736831
"TUROCC",2000,"enn_mn",1183.04155501621
"UREBAC",2000,"ai",82.7757180506544
"UREBAC",2000,"enn_mn",1285.42982908271
"VACFAR",2000,"ai",65.407475894862
"VACFAR",2000,"enn_mn",1289.45096837224
"VARBEL",2000,"ai",86.7768595041322
"VARBEL",2000,"enn_mn",2699.64010300205
"VARPOL",2000,"ai",57.8457177566309
"VARPOL",2000,"enn_mn",1406.08086458656
"VARRUP",2000,"ai",64.334085778781
"VARRUP",2000,"enn_mn",1457.59994863487
"VITDIV",2000,"ai",77.3278653140514
"VITDIV",2000,"enn_mn",1197.08443230497
"WALLAM",2000,"ai",79.9216880574288
"WALLAM",2000,"enn_mn",1289.83020456252
"XYLBUX",2000,"ai",71.86171720034
"XYLBUX",2000,"enn_mn",1543.54781799068
"XYLSCH",2000,"ai",86.7768595041322
"XYLSCH",2000,"enn_mn",2699.64010300205
"ZANFLA",2000,"ai",79.2264175766347
"ZANFLA",2000,"enn_mn",1443.06029305028
"ZANMAR",2000,"ai",73.1420529350343
"ZANMAR",2000,"enn_mn",1193.10727191782
"ZANMON",2000,"ai",71.0979124814394
"ZANMON",2000,"enn_mn",1340.66468949739
"ZANPUN",2000,"ai",67.895217788608
"ZANPUN",2000,"enn_mn",1567.0683532426
"ZAPPOR",2000,"ai",66.3094805666546
"ZAPPOR",2000,"enn_mn",1238.9115525077
"ZIZRET",2000,"ai",54.2328042328042
"ZIZRET",2000,"enn_mn",1216.37066337096
