"","fc","rm","tune.args","auc.train","cbi.train","auc.diff.avg","auc.diff.sd","auc.val.avg","auc.val.sd","cbi.val.avg","cbi.val.sd","or.10p.avg","or.10p.sd","or.mtp.avg","or.mtp.sd","AICc","delta.AICc","w.AIC","ncoef","species"
"1","H","5","fc.H_rm.5",0.715480956780618,NA,0.0325608253772713,0.293047428395442,0.68899240324402,0.238396981829381,NA,NA,0.1,0.9,0.1,0.9,218.779661034841,0,0.873365975573295,3,"ACNARB"
"2","LQ","1","fc.LQ_rm.1",0.837165203402304,0.823,0.172447673117759,0.0936564970910676,0.713012999029258,0.154153303104187,0.618,0.169502212374942,0.276190476190476,0.239614202388745,0.228571428571429,0.206031501455085,336.805765240403,17.3059365420297,9.53499118469047e-05,8,"ADEPAV"
"3","LQH","5","fc.LQH_rm.5",0.787013271992615,0.863,0.0721861122816923,0.0822669648170055,0.713259502993661,0.0782811229909158,0.50175,0.301713302104277,0.192612942612943,0.18337084793923,0.0992063492063492,0.134920634920635,704.507507294465,10.6752061408667,0.0030280649012236,5,"ADERIC"
"4","H","4","fc.H_rm.4",0.633552327670277,NA,0.105793084569454,0.528965422847269,0.549068418621362,0.422419545244572,NA,NA,0.166666666666667,0.833333333333333,0.166666666666667,0.833333333333333,144.419983361788,0,0.335148821044384,3,"AIPMIN"
"5","L","4","fc.L_rm.4",0.806295896882863,0.514,0.0957071080224802,0.0654052960196926,0.75930802010164,0.0959698231884279,0.44425,0.402286278662348,0.25,0.204124145231932,0.1875,0.239356776939085,273.370681279826,3.64638330895207,0.0346408692441286,3,"ALBLEB"
"6","H","5","fc.H_rm.5",0.793788182144874,0.881,0.0746040303572651,0.14920806071453,0.612761938277909,0.00177374679535003,NA,NA,0.166666666666667,0.333333333333333,0.0833333333333333,0.166666666666667,226.043222892179,4.02056277685918,0.0446610450484979,4,"ALBPRO"
"7","L","5","fc.L_rm.5",0.779340423631649,0.878,0.0735538133689528,0.0480587967589931,0.749905034734795,0.0682858455733622,0.537,0.412138326293491,0.107360793287567,0.152387875327516,0.0339912280701754,0.0412023996229297,1448.0553862429,22.827422596212,4.46482014502733e-06,7,"ALCLAT"
"8","L","4","fc.L_rm.4",0.664658315167732,0.658,0.193537451628423,0.140560849384749,0.476312829606872,0.0864198070234172,0.0345,0.454944318937311,0.178787878787879,0.137001873399483,0.133333333333333,0.163299316185545,698.432479650081,17.625448343858,4.92825363808132e-05,6,"ALLCRA"
"9","L","5","fc.L_rm.5",0.679304057524396,-0.205,0.106752931305568,0.204148644162929,0.500629177807013,0.143946573307351,NA,NA,0.0833333333333333,0.166666666666667,0.0833333333333333,0.166666666666667,425.111163817054,3.0052435770753,0.054695654046952,3,"ALLRAC"
"10","L","5","fc.L_rm.5",0.801351212494862,NA,0.079116354948104,0.158232709896208,0.759305978499309,0.0833048115365363,NA,NA,0.25,0.5,0.125,0.25,258.740467784633,15.3088916254425,0.00013141292840216,5,"ALSBRY"
"11","LQ","1","fc.LQ_rm.1",0.784739709132021,0.746,0.34835027511244,0.264036824510581,0.439476393029258,0.2713606211188,0.22425,0.824497574283879,0.49047619047619,0.352380952380952,0.49047619047619,0.352380952380952,362.542330666151,20.6974277501057,6.40488712162179e-06,8,"ALSPOR"
"12","H","3","fc.H_rm.3",0.755736259213804,0.919,0.0854976145013599,0.0870308876044206,0.68472234637708,0.0779789208854273,0.1835,0.495428097709446,0.100961538461538,0.0766331788052534,0.0817307692307692,0.0681168296123721,713.281175726822,6.94025477881587,0.00551917442094685,8,"AMYELE"
"13","H","4","fc.H_rm.4",0.646640661089155,NA,0.131281116871118,0.415148073179849,0.534470221902855,0.355054977291053,NA,NA,0.333333333333333,1.05409255338946,0.333333333333333,1.05409255338946,133.459362048421,0,0.499007533440062,2,"ANAPER"
"14","L","5","fc.L_rm.5",0.651803647495722,0.923,0.0647519183719218,0.037293703290563,0.633035828669501,0.0594559772872702,0.5675,0.282482447832309,0.113997113997114,0.0932272744889645,0.0277777777777778,0.0555555555555556,1454.4299130754,0.290520168073044,0.247010472986275,4,"ANDINE"
"15","L","5","fc.L_rm.5",0.701299729526157,0.397,0.134821953838671,0.137569942719589,0.571744955040235,0.189299999183313,-0.31675,0.628401875129814,0.333333333333333,0.384900179459751,0.333333333333333,0.384900179459751,257.932466162463,0,0.409055682153105,2,"ANNGLA"
"16","H","3","fc.H_rm.3",0.875167559365927,0.644,0.165681205369916,0.184656230652229,0.828450502513811,0.209362582994915,NA,NA,0.25,0.5,0.25,0.5,233.953860295326,41.171012986027,7.35887113406051e-10,6,"ANNMON"
"17","H","5","fc.H_rm.5",0.693121149897331,NA,0.074783073744826,0.129528083272209,0.679997222217121,0.0385384031138261,NA,NA,0.333333333333333,0.577350269189626,0.333333333333333,0.577350269189626,220.744052543671,0.0686173118378122,0.1641000168735,4,"ARDELL"
"18","H","1","fc.H_rm.1",0.94222148075903,0.603,0.0498138823686794,0.113985904407713,0.919806478106873,0.175275742189036,NA,NA,0.166666666666667,1.23603308118261,0.0833333333333333,0.916666666666667,448.61863253989,223.055225496434,8.14322106709393e-50,10,"ARDGLA"
"19","L","1","fc.L_rm.1",0.718647691790509,0.806,0.0714060052661839,0.071177196733753,0.684932824099409,0.0759278949796239,0.47,0.172238207143479,0.110042735042735,0.184912411421538,0.0908119658119658,0.146939583307301,1068.94305123642,0.542019829008723,0.157343087289163,9,"ARDOBO"
"20","L","3","fc.L_rm.3",0.777282458867349,1,0.148141698683169,0.652495549328951,0.644466521981406,0.541017338828067,NA,NA,0.142857142857143,0.857142857142857,0.142857142857143,0.857142857142857,NA,NA,NA,6,"ARTALT"
"21","LQ","5","fc.LQ_rm.5",0.879269441589585,0.269,0.0553368160422432,0.0568904120504208,0.837426452106581,0.0706988347707699,0.32775,0.562475703178961,0.25,0.288675134594813,0.1875,0.239356776939085,377.465345175433,2.26250589011391,0.0692757727393238,5,"AVIGER"
"22","LQH","1","fc.LQH_rm.1",0.883645148026316,0.675,0.0450686279435804,0.034007791244719,0.846814829009182,0.0291119859173411,0.22925,0.379130034860512,0.133333333333333,0.163299316185545,0.133333333333333,0.163299316185545,392.515033476276,23.4386197860941,5.06417765844302e-06,10,"BADPEN"
"23","L","5","fc.L_rm.5",0.588842656803822,NA,0.0322162678020849,0.0644325356041697,0.567811998653331,0.042097834337992,NA,NA,0.0714285714285714,0.142857142857143,0.0714285714285714,0.142857142857143,408.972591623627,0.0163744122157823,0.165084509344688,2,"BIXORE"
"24","L","1","fc.L_rm.1",0.807377505091475,0.672,0.145470657499713,0.118956830949218,0.681245569652661,0.11034320859784,0.117,0.345655898257212,0.166666666666667,0.192450089729875,0.166666666666667,0.192450089729875,313.23071846501,52.7656326052982,2.34795323755926e-12,8,"BOCFRU"
"25","H","5","fc.H_rm.5",0.876633021710842,0.89,0.0851829136279416,0.0441820100706827,0.676588942144616,0.163407692150942,0.333333333333333,1.15470053837925,0.15,0.13228756555323,0.15,0.13228756555323,247.285853066563,14.5202663790955,0.000458242706870385,5,"BONUMB"
"26","L","1","fc.L_rm.1",0.790723663510418,0.929,0.0448019133083996,0.0444946684790068,0.777317281567329,0.0485708840093941,0.67425,0.123235208713527,0.105714285714286,0.107867391502993,0.04,0.0565685424949238,1720.03870476292,0,0.218046463384888,7,"BOUSUC"
"27","H","3","fc.H_rm.3",0.860141994559087,0.928,0.0516073337813343,0.0195723536645761,0.849425511520744,0.0485628210384345,0.553,0.333530608290554,0.090625,0.0744093252568869,0.0461805555555556,0.0311262983764097,1369.417465261,13.5572414813146,0.000233866379930047,10,"BOUVIR"
"28","H","4","fc.H_rm.4",0.519939437487169,NA,0.222831187494501,0.630261774948851,0.350639352435698,0.484290403008712,NA,NA,0.428571428571429,1.21218305346265,0.428571428571429,1.21218305346265,151.903956208143,0.00561187021691012,0.16623730879785,1,"BRUAME"
"29","H","5","fc.H_rm.5",0.75096237745727,NA,0,0,0.75096237745727,0,NA,NA,0,0,0,0,180.494008458573,0,0.499909714486928,4,"BRUDEN"
"30","H","5","fc.H_rm.5",0.936846518472885,0.601,0.0892744908636796,0.145581705918811,0.783282552688295,0.124995763601796,NA,NA,0.333333333333333,0.577350269189626,0.333333333333333,0.577350269189626,NA,NA,NA,8,"BRULAC"
"31","L","2","fc.L_rm.2",0.751786542325725,0.807,0.0555091698189908,0.0539020936251251,0.726192520143274,0.0601101431236114,0.0955,0.17018715188482,0.132440476190476,0.0527348703732927,0.0645833333333333,0.0746519702798705,1261.35238305709,3.41696566174232,0.0734304676259832,7,"BUCBUC"
"32","LQ","3","fc.LQ_rm.3",0.801958759078833,0.772,0.0830296476743725,0.0625228530218385,0.748417249405038,0.0737134540893012,0.31075,0.667261255681261,0.136458333333333,0.179227218450026,0.065625,0.094303919147969,772.329256770488,4.99763225697961,0.020799768932672,7,"BUCTET"
"33","LQH","4","fc.LQH_rm.4",0.839666563965629,0.889,0.296949473084698,0.146354092333865,0.640308200184257,0.24761985771515,0.34275,0.574053060846005,0.45,0.412310562561766,0.45,0.412310562561766,310.553039864546,8.66050567486661,0.00726069751061744,4,"BUNGLA"
"34","H","2","fc.H_rm.2",0.767838714660899,0.852,0.0323194259463149,0.0198123278647317,0.751294190172253,0.0289247779572527,0.30925,0.19259867600791,0.0801767676767677,0.076104005888483,0.0227272727272727,0.0454545454545455,1038.61369139871,13.4049341241669,0.000350307238432631,9,"BURSIM"
"35","H","3","fc.H_rm.3",0.725017977297242,0,0.0632885808311853,0.0611411991628622,0.743056484767884,0.0625775905783393,NA,NA,0.0833333333333333,0.166666666666667,0.0833333333333333,0.166666666666667,252.278443937699,3.13374743494438,0.058525219829459,4,"BUXPOR"
"36","H","5","fc.H_rm.5",0.613699404150401,NA,0.0193135693366901,0.0386271386733802,0.599361484907166,0.0287030984516306,NA,NA,0.05,0.1,0.05,0.1,258.611419389102,0.0247879728872817,0.28976177128495,2,"BUXVAH"
"37","LQ","5","fc.LQ_rm.5",0.829870063146882,0.823,0.104243663149227,0.0705764927013136,0.768603240694509,0.0647134802962321,0.02275,0.453694739518398,0.1875,0.239356776939085,0.1875,0.239356776939085,239.095449749376,9.59587773657168,0.00518257809902648,4,"BYRCRA"
"38","L","1","fc.L_rm.1",0.809203743041248,0.892,0.13515422268705,0.101359280339746,0.74540123730134,0.126568622258303,0.561,0.290561525326393,0.208333333333333,0.315494908100015,0.125,0.25,603.96240216275,1.45390692392562,0.127933102915397,9,"BYRLUC"
"39","L","5","fc.L_rm.5",0.731214221216983,0.676,0.0344795518056976,0.023793659628485,0.728331818650905,0.0266263762041175,0.477,0.241773999153479,0.097985347985348,0.0777687682987624,0.0595238095238095,0.0789672569132238,989.040241898087,7.11162141474335,0.0221321680831874,5,"BYRSPI"
"40","L","2","fc.L_rm.2",0.888609571203302,0.92,0.0481884541613171,0.0551563891457732,0.870657516183661,0.0637600133810078,0.61475,0.164441225569097,0.15,0.238047614284762,0.15,0.238047614284762,433.364839328849,4.03356230049417,0.0683969960662698,6,"BYRWAD"
"41","LQH","1","fc.LQH_rm.1",0.782475334682352,0.859,0.137224369230553,0.0680708528548425,0.660071806391814,0.0604429343743343,0.62025,0.0680214426976278,0.235930735930736,0.187251331202443,0.177489177489177,0.158112401452378,970.108476054554,24.8929818595698,7.97367780349713e-07,14,"CALANT"
"42","H","1","fc.H_rm.1",0.923435888932724,0.886,0.0660515781178837,0.0274198756948124,0.904268655416381,0.0673358630421788,0.41575,0.544632215352709,0.170454545454545,0.235823976004142,0.0454545454545455,0.0909090909090909,504.036253814753,28.2844218748615,3.49341387318416e-07,13,"CALKRU"
"43","H","3","fc.H_rm.3",0.886942044504423,0.814,0.2,0.282842712474619,0.652599876171606,0.169927840146541,NA,NA,0.4,0.565685424949238,0.4,0.565685424949238,NA,NA,NA,6,"CALPAL"
"44","L","1","fc.L_rm.1",0.932240418456343,0.837,0.319573808092796,0.250118462362167,0.626369404378844,0.252859446169609,-0.672,0.568112664882592,0.511111111111111,0.428606700488576,0.511111111111111,0.428606700488576,205.510018511233,29.3934021775106,1.49418326931503e-07,6,"CAPFRO"
"45","LQ","1","fc.LQ_rm.1",0.793627350251721,0.61,0.2597296655653,0.167999004790936,0.558971307624523,0.142276805636947,-0.07375,0.283407098240911,0.364583333333333,0.270833333333333,0.364583333333333,0.270833333333333,395.402694546848,11.5120946670276,0.000431902410709644,7,"CASACU"
"46","LQH","4","fc.LQH_rm.4",0.802170921637018,0.938,0.0496886963232446,0.040626767163463,0.771826159052772,0.0508274491815596,0.6745,0.129536352683973,0.124158249158249,0.0839095137256107,0.0300925925925926,0.0395555728949886,1672.73614049688,0.69639060398481,0.348104391478426,7,"CASARB"
"47","L","4","fc.L_rm.4",0.626167644182293,0.711,0.191780612710745,0.0509859362823281,0.5291739730377,0.125997926671664,-0.289,0.209855505844696,0.168181818181818,0.159995025940437,0.0560606060606061,0.039081903277077,1094.57364208763,5.07901854610873,0.0335077960216344,3,"CASDEC"
"48","H","4","fc.H_rm.4",0.70192521652802,0.933,0.202158381173088,0.242304854771799,0.476288120400135,0.140672634920968,NA,NA,0.375,0.478713553878169,0.375,0.478713553878169,259.471680913523,0,0.312977502694972,2,"CASELA"
"49","H","2","fc.H_rm.2",0.911047451624493,0.808,0.0601650889786701,0.0928145272256984,0.880588205101884,0.149458907826711,NA,NA,0,0,0,0,243.260708045588,54.9147392025338,1.06378892856009e-13,6,"CASEQU"
"50","LQH","3","fc.LQH_rm.3",0.818357995999059,0.644,0.032590661539274,0.0135695805148457,0.817110094748154,0.0295349833945011,0.53775,0.0929708735751866,0.0728021978021978,0.10105260526236,0.0192307692307692,0.0384615384615385,1026.03742475047,1.37581580368965,0.0820378319832294,7,"CASGUI"
"51","LQH","2","fc.LQH_rm.2",0.664404299211845,0.837,0.0627980478856681,0.0257686969708037,0.650991228254433,0.0604720810762823,0.275,0.443336591466724,0.0793478260869565,0.0559474728897322,0.0576086956521739,0.0453752817520385,1763.89950832979,17.1779574325321,4.18749104321479e-05,11,"CASSYL"
"52","L","2","fc.L_rm.2",0.690060585499977,0.84,0.0813405889001287,0.122209408538262,0.61771443955316,0.111329959610257,0.32025,0.437344543809569,0.184113777089783,0.213122624372202,0.0434887770897833,0.0292771001745413,1218.13483534331,3.07365246058816,0.0449343723512068,7,"CECSCH"
"53","H","4","fc.H_rm.4",0.708528087386786,0.659,0.191030133436608,0.115829661045951,0.729631394426531,0.184432682722832,0.1205,0.295515933016592,0.178571428571429,0.357142857142857,0.142857142857143,0.285714285714286,388.673357053431,2.66459429128554,0.0765158039995083,4,"CEIPEN"
"54","H","2","fc.H_rm.2",0.903709193101324,0.385,0.134079809934445,0.567721513481104,0.775250872600349,0.576487458369737,NA,NA,0.25,1.14564392373896,0.25,1.14564392373896,NA,NA,NA,10,"CELTRI"
"55","H","5","fc.H_rm.5",0.594925971622455,1,0.155012425697394,0.129360672236733,0.449540882001924,0.0686598473428998,NA,NA,0.0982142857142857,0.121551058670608,0.0982142857142857,0.121551058670608,468.244937080673,0.272598583079343,0.26474783714336,3,"CESCIT"
"56","LQH","5","fc.LQH_rm.5",0.76503288344445,0.96,0.0390687355350489,0.0546689574822736,0.725934948215555,0.0460519342937205,0.505,0.220119664425209,0.151785714285714,0.186307305123967,0.0208333333333333,0.0416666666666667,1165.78612029658,7.34400366753243,0.0161473597528658,6,"CESMAC"
"57","H","4","fc.H_rm.4",0.87527501752859,0.472,0.0180818952840628,0.0218827891928076,0.816687264001215,0.0210017653799131,0.043,0.48331425249693,0.125,0.159571184626056,0.0416666666666667,0.0833333333333333,393.418214874522,40.4136622302902,6.35456136080869e-10,10,"CHICOM"
"58","L","4","fc.L_rm.4",0.696796683409803,0.869,0.109562008074678,0.143441835943184,0.623196005495344,0.135636849351371,0.13775,0.417404979206845,0.150703463203463,0.189768491726144,0.103625541125541,0.126082251082251,1118.78256509907,15.6095034794932,0.000210546180744986,6,"CHIDOM"
"59","H","4","fc.H_rm.4",0.88683284156271,0.905,0.0387356968673795,0.0670921950408878,0.817075731389238,0.0699573442554891,NA,NA,0,0,0,0,218.466561888018,11.7512105820676,0.000848837527622024,5,"CHIHOL"
"60","LQ","5","fc.LQ_rm.5",0.669055492770969,0.666,0.0450605130899965,0.0237623819952145,0.651117687436015,0.0313031786536327,0.153,0.584890303105349,0.122008547008547,0.127434292353762,0.047008547008547,0.0560464831136923,788.135288412743,4.51170809818234,0.0577096765560699,4,"CHIVEN"
"61","H","3","fc.H_rm.3",0.78741532938738,0.706,0.0295480085159077,0.0151282316053356,0.772090719069636,0.0244161559801903,0.4895,0.413619390261143,0.0651260504201681,0.0759020947049817,0.0357142857142857,0.0714285714285714,1118.99231373094,7.6543036625385,0.00987234106086562,11,"CHRARG"
"62","LQ","3","fc.LQ_rm.3",0.74219907721219,0.614,0.106364312218641,0.129094754703487,0.640183878709413,0.113378350183345,-0.13225,0.206401510007396,0.169642857142857,0.209012498405708,0.107142857142857,0.214285714285714,477.108791519993,10.2583143334699,0.00140645084966728,6,"CHRICA"
"63","LQH","2","fc.LQH_rm.2",0.862725678778675,0.71,0.12389587411031,0.124380310039326,0.781692751155985,0.154916438086006,0.38375,0.411043691919322,0.30952380952381,0.359515925489083,0.166666666666667,0.333333333333333,342.028356410084,49.1004897538673,5.91908904597679e-12,9,"CHROLI"
"64","LQ","5","fc.LQ_rm.5",0.718292906682324,0.774,0.0555288108185973,0.0494230132971541,0.636590027988234,0.0993943562137927,NA,NA,0.0555555555555556,0.0962250448649376,0.0555555555555556,0.0962250448649376,451.388030731213,2.39981891965334,0.109465087838378,4,"CHRPAU"
"65","L","4","fc.L_rm.4",0.72312853547767,1,0.117211780189854,0.108431671268098,0.634104616833973,0.108344438240915,NA,NA,0.208333333333333,0.25,0.208333333333333,0.25,308.471266542568,3.39267017380018,0.0414170316247553,4,"CINELO"
"66","H","5","fc.H_rm.5",0.624287694440166,NA,0.0437518143855653,0.075780365439122,0.612226496045544,0.035745205882373,NA,NA,0.0833333333333333,0.144337567297406,0.0833333333333333,0.144337567297406,235.152001493449,0.0873051270572489,0.310971135446974,3,"CINMON"
"67","LQ","4","fc.LQ_rm.4",0.898412263319495,0.859,0.0507374239862115,0.0413713437435056,0.857639850373942,0.0505578803231794,0.6515,0.22268288364099,0.0555555555555556,0.111111111111111,0.0555555555555556,0.111111111111111,501.795137178384,10.993225457906,0.00214801475041585,7,"CITCAU"
"68","LQH","3","fc.LQH_rm.3",0.642521172257469,0.71,0.0907588308369571,0.0783869701900494,0.555097297028433,0.0683374696207244,0.0525,0.238934440101603,0.0938186813186813,0.0731730825100684,0.0938186813186813,0.0731730825100684,1280.93514070311,15.4924750594648,0.000115652099806763,8,"CITSPI"
"69","L","2","fc.L_rm.2",0.845908340898321,0.821,0.0918968657391959,0.0961390186583572,0.808254067966699,0.105020029993464,NA,NA,0.1,0.2,0.1,0.2,377.23693201671,3.09080233085734,0.128612395837744,6,"CLIEGG"
"70","L","1","fc.L_rm.1",0.918683068320545,0.848,0.0696306280632404,0.0311783020171657,0.898838927384717,0.058716325615236,0.68875,0.156199391804194,0.2125,0.283945417290014,0.0625,0.125,480.836213696208,0.3422619392814,0.204827526562302,7,"CLIERO"
"71","L","2","fc.L_rm.2",0.644906679061785,0.2,0.251098413336975,0.234122025132223,0.447663096186904,0.249633439339428,-0.343,0.94300724634897,0.3625,0.438510737230762,0.0875,0.118145390656315,500.648317818481,6.10285871199653,0.00555246256011732,4,"CLIHIR"
"72","L","3","fc.L_rm.3",0.810503586610349,0.767,0.0681847490439504,0.0523408816586656,0.704257530160207,0.0448063077978178,1,0,0,0,0,0,401.386903300156,15.8234887187219,0.000305019245553407,7,"CLUCLU"
"73","L","2","fc.L_rm.2",0.765247402530604,0.818,0.166737003075267,0.113412849681645,0.672286247907236,0.161259454171541,0.66675,0.284311302389945,0.316666666666667,0.317979733805649,0.15,0.238047614284762,511.278411123255,1.24291674641125,0.122753777248134,5,"CLUGUN"
"74","H","3","fc.H_rm.3",0.5,NA,0.130415442281625,0.0889626491994683,0.43969481547561,0.0550184820027223,NA,NA,0.225,0.262995563967658,0.225,0.262995563967658,296.983223361539,17.3226119199854,7.91216500017759e-05,0,"CLUMIN"
"75","L","5","fc.L_rm.5",0.596881565396499,0.54,0.070909941573362,0.0693320643698394,0.536260638919058,0.0749907137685616,-0.117,0.564794357856616,0.0722689075630252,0.0518063421623942,0.0428571428571429,0.0508432297715777,1073.45189032029,5.74977537399468,0.022548687890248,4,"CLUROS"
"76","LQ","2","fc.LQ_rm.2",0.82213138990209,0.84,0.0950461722184514,0.0950279236831443,0.781723067773158,0.11193801628293,0.7155,0.0911025063687419,0.174825174825175,0.257509827126181,0.0839160839160839,0.0975685293074888,855.010712980864,9.45030067539244,0.0048676397896239,8,"COCCOS"
"77","H","3","fc.H_rm.3",0.79378123477604,0.755,0.0896440208944573,0.042705302393668,0.754531748661207,0.0789185349838161,0.41325,0.221054103482986,0.132589285714286,0.0917328340352355,0.0357142857142857,0.0714285714285714,954.901475461396,6.4505175774899,0.00839081782495889,7,"COCDIV"
"78","LQH","1","fc.LQH_rm.1",0.964562670229714,0.856,0.0243494323638959,0.0128021412514091,0.96307196813291,0.0254753902623517,0.4755,0.199433363975707,0.1,0.2,0.1,0.2,370.072133901341,25.3101570000096,6.88379739864355e-07,11,"COCKRU"
"79","H","5","fc.H_rm.5",0.776453459859742,0.746,0.0858765502787824,0.0511421080824492,0.734883875405101,0.0823099064453276,0.179,0.415784399258398,0.160714285714286,0.236002709542845,0.129464285714286,0.177002032157134,854.019709507403,17.8214338573393,7.64107288801983e-05,6,"COCMIC"
"80","LQH","3","fc.LQH_rm.3",0.909968220783887,0.898,0.179131881413592,0.713150380660858,0.77223961808942,0.82596004124687,NA,NA,0.272727272727273,1.40835758043906,0.272727272727273,1.40835758043906,260.341320167046,31.9649424624699,2.35794605839183e-08,7,"COCPUB"
"81","LQ","1","fc.LQ_rm.1",0.695672723580381,0.791,0.106779787270335,0.0514687466970799,0.636493467119288,0.102727939060603,0.53725,0.250690213876277,0.173776059466849,0.0960256886604212,0.0376794258373206,0.049891520945384,1329.53854534609,0,0.28879424233937,8,"COCPYR"
"82","L","3","fc.L_rm.3",0.900880466538848,0.976,0.129565198764961,0.109471312460559,0.787219328649471,0.190781300383879,NA,NA,0.166666666666667,0.288675134594813,0.166666666666667,0.288675134594813,306.138925314636,94.3887154336398,1.08574433405336e-21,7,"COCRUG"
"83","L","4","fc.L_rm.4",0.768765360382501,1,0.0775813765135898,0.0255096847582017,0.710703288692762,0.0142558099475955,-0.7,0.244948974278318,0.185416666666667,0.0528690730852063,0.1125,0.131497781983829,443.866651703558,0.505858784612258,0.17245123400539,2,"COCSIN"
"84","LQ","2","fc.LQ_rm.2",0.756140588847936,0.819,0.0758983634644923,0.0920728414744828,0.713045235528523,0.0872855348797573,0.59925,0.365450749075713,0.197727272727273,0.10127364609174,0.114393939393939,0.0888788447034089,677.502173746861,3.01978305984812,0.0560974636507888,7,"COCSWA"
"85","H","5","fc.H_rm.5",0.633593469220106,NA,0.0426696246995748,0.0739059579195595,0.641093545580111,0.00185926504221609,NA,NA,0.0666666666666667,0.115470053837925,0.0666666666666667,0.115470053837925,220.727114951647,0,0.995066172053598,3,"COCUVI"
"86","L","1","fc.L_rm.1",0.801502328793288,0.692,0.13555253978796,0.0762640075706023,0.681897275060909,0.0752040866928873,-0.045,0.256807320767925,0.283333333333333,0.251661147842358,0.258333333333333,0.211476292340825,719.496442750788,0,0.796122749536617,8,"COCVEN"
"87","L","5","fc.L_rm.5",0.682124943906361,0.874,0.134459050758066,0.0759391731783088,0.629744600873106,0.130690999685032,0.40825,0.38359820559191,0.139423076923077,0.162705642903808,0.0384615384615385,0.0769230769230769,939.978891667816,0.0818261655563219,0.156327941722498,5,"COFARA"
"88","L","3","fc.L_rm.3",0.711689558323359,0,0.162707540617068,0.26962784119961,0.558643493037687,0.26683917831764,NA,NA,0.25,0.5,0.25,0.5,277.725201814495,3.28935046781481,0.0346211729516077,4,"COJARB"
"89","H","3","fc.H_rm.3",0.779943921656011,0.916,0.0724357582267064,0.0440575531211882,0.751679428553265,0.062008200964622,0.41075,0.415818369804253,0.113636363636364,0.172088131690917,0.0909090909090909,0.128564869306645,759.838599297806,11.7556495446674,0.00101904383975698,10,"COLARB"
"90","LQ","3","fc.LQ_rm.3",0.936229828348237,0.865,0.0534728405988758,0.0412411227441173,0.912693892100636,0.0557782331935224,0.619,0.186263254561924,0.119047619047619,0.157934513826448,0.119047619047619,0.157934513826448,445.039145268724,0.324235485095642,0.149495440073832,4,"COLELL"
"91","H","3","fc.H_rm.3",0.871632226448717,0.93,0.0951938942820948,0.107816470316286,0.751744344767083,0.0904445216161176,0.12375,0.387555049853136,0.266666666666667,0.32659863237109,0.0833333333333333,0.166666666666667,329.384999025645,18.6776856988741,6.74210052117389e-05,8,"COLVER"
"92","H","2","fc.H_rm.2",0.873590626445347,0.9,0.0880565858074906,0.0827477071128636,0.786868261350116,0.0691704280031371,0.6695,0.1739779679538,0.247727272727273,0.143385430556055,0.147727272727273,0.141256224959061,497.60761701922,8.89696581686837,0.00573568050326129,8,"COMDOD"
"93","L","4","fc.L_rm.4",0.667452694628893,0.671,0.133740097862472,0.0982598615929035,0.581397239924333,0.142587178468181,0.59625,0.563284046167355,0.121527777777778,0.176913044484125,0.03125,0.0625,721.565525010392,2.66641559754248,0.108981139404758,3,"COMGLA"
"94","H","2","fc.H_rm.2",0.823941370866937,0.613,0.0868709305810109,0.0266299614725751,0.842301719783519,0.0789516150289629,0.54775,0.240692577090916,0.0625,0.125,0.0625,0.125,479.95520742131,156.551261524358,3.32342061196036e-35,12,"CONERE"
"95","L","5","fc.L_rm.5",0.5,NA,0.0679824561403509,0.0824047992458593,0.452137386607727,0.0692329489272326,NA,NA,0.0833333333333333,0.166666666666667,0.0833333333333333,0.166666666666667,593.966446723077,37.6537031324488,1.60399355484225e-09,0,"CORALL"
"96","H","4","fc.H_rm.4",0.783833769942847,0.854,0.0953321760279473,0.116813783184829,0.742556044856124,0.11996128045789,0.3335,0.303592380229368,0.145367132867133,0.208568387456972,0.0681818181818182,0.136363636363636,1275.40748950899,16.1024671154798,9.30446522988456e-05,8,"CORBOR"
"97","LQH","1","fc.LQH_rm.1",0.855438142903453,0.764,0.273772591809495,0.171344076792868,0.59777970010692,0.155697924281651,0.55525,0.154111161179196,0.484577922077922,0.252432019998061,0.484577922077922,0.252432019998061,581.338354234916,27.3752358300012,2.64363189280392e-07,13,"CORCOL"
"98","LQ","5","fc.LQ_rm.5",0.813453164010982,0.794,0.0542076757790715,0.023003569267015,0.799493579791224,0.045336894708791,0.654,0.126113705308609,0.100694444444444,0.0711593803191639,0.0277777777777778,0.0555555555555556,632.729365105051,1.08878090016026,0.0973319725243264,4,"CORHIR"
"99","H","5","fc.H_rm.5",0.698215296201304,0.748,0.147375869698262,0.0758915643854187,0.728452050619976,0.158076079674684,0.5205,0.537382235161032,0.0576923076923077,0.115384615384615,0.0576923076923077,0.115384615384615,610.219457470797,6.43050764526799,0.00845849810495409,6,"CORLAE"
"100","H","4","fc.H_rm.4",0.633552327670277,NA,0.0619867320227891,0.433907124159524,0.579004773392188,0.38183287994662,NA,NA,0.125,0.875,0.125,0.875,180.560074828857,0,0.25075305856076,3,"COROBO"
"101","LQ","3","fc.LQ_rm.3",0.810318570234498,0.3,0.156213689744446,0.150397669696239,0.699651393083355,0.13613252228276,-0.21875,0.261945764106491,0.347222222222222,0.25,0.263888888888889,0.305555555555556,400.755941853708,6.23396943096287,0.0269346839481405,5,"CORRIC"
"102","L","2","fc.L_rm.2",0.745616596807073,0.898,0.0553584094412261,0.053432876207242,0.708926105052975,0.0479782677774822,0.6,0.197185192141804,0.156799450549451,0.0721969711177015,0.03125,0.0625,1332.7336294017,10.7512193797957,0.00266144683400241,9,"CORSUL"
"103","L","3","fc.L_rm.3",0.784145213503931,0.452,0.191327054501929,0.13241768144783,0.603301634837583,0.154382235706947,-0.07125,0.462374577588344,0.375,0.284637521276656,0.375,0.284637521276656,294.805008877039,2.19591094295464,0.0582151978325207,3,"CRECUJ"
"104","LQH","2","fc.LQH_rm.2",0.920180112270363,0.824,0.122461615962686,0.100593609299524,0.820209449219948,0.113908498871136,0.40875,0.350706311130363,0.471428571428571,0.429205879590238,0.4,0.489897948556636,368.270609618095,14.320991484322,0.000266138465296211,9,"CRELIN"
"105","L","5","fc.L_rm.5",0.834082502825439,1,0.0538588771794679,0.0527336819480283,0.766371554587728,0.0828747063643039,NA,NA,0.125,0.25,0,0,291.575583471352,3.11989499616425,0.0611735123486715,5,"CREPOR"
"106","L","5","fc.L_rm.5",0.64288805578547,-0.143,0.157964374936255,0.130482489440495,0.560885929206884,0.16516793192813,NA,NA,0.05,0.1,0.05,0.1,410.646476979317,4.13645386100126,0.0377168800614607,4,"CRIPOR"
"107","LQ","1","fc.LQ_rm.1",0.932859517716719,0.789,0.16378760331743,0.136511176018378,0.808833501270454,0.171666943785407,0.41975,0.427549119985061,0.316666666666667,0.366666666666667,0.316666666666667,0.366666666666667,277.301479801956,51.0262857356068,2.81395398075808e-12,8,"CROAST"
"108","LQ","5","fc.LQ_rm.5",0.792954127996175,0.917,0.0556227663238232,0.0493630260896779,0.744796692169146,0.0377851200972889,0.26275,0.337284622635937,0.183838383838384,0.192014861853809,0.05,0.1,693.978960995173,5.04974374801054,0.0212236859752759,4,"CROBET"
"109","H","4","fc.H_rm.4",0.896129202221401,0.889,0.0428837355687006,0.0464027617763326,0.884197479924368,0.0558845613097073,0.52025,0.166568054160054,0.0880952380952381,0.135442501460266,0.0357142857142857,0.0714285714285714,655.15046457323,4.86511162105785,0.0293603710280808,6,"CRODIS"
"110","LQ","1","fc.LQ_rm.1",0.832157901850043,0.907,0.153636808709173,0.212995700082814,0.681024703992391,0.201339697384761,0.49375,0.201405685123335,0.459375,0.371283668506979,0.296875,0.477010547577305,551.592682200724,7.54069594226405,0.0153007868843432,9,"CROFLA"
"111","H","4","fc.H_rm.4",0.89308897661871,0.936,0.0728496421981969,0.0665238606633274,0.849725263931748,0.0755359862987302,0.53475,0.149649312282639,0.145833333333333,0.171796067734069,0.145833333333333,0.171796067734069,362.555149897535,4.60296546137778,0.0259461314977069,5,"CROGLA"
"112","H","2","fc.H_rm.2",0.900897995889003,0.622,0.0709493243542748,0.0175276387242296,0.861381601342148,0.0692914407737384,0.35075,0.633081550828959,0.125,0.144337567297406,0.125,0.144337567297406,390.622698918549,1.72629371345374,0.175824480264808,7,"CROIMP"
"113","LQ","5","fc.LQ_rm.5",0.877130048686827,0.889,0.125934670539342,0.157347904833505,0.721272994730678,0.172072783059342,NA,NA,0.111111111111111,0.192450089729875,0.111111111111111,0.192450089729875,352.153199441174,4.07153218945552,0.0981172319492512,5,"CROPOE"
"114","LQH","5","fc.LQH_rm.5",0.865218443690452,0.779,0.0595304937363177,0.0938406050597744,0.807804197840497,0.0783556849686952,0.396,0.193433881899389,0.138888888888889,0.13981174880131,0.0833333333333333,0.166666666666667,484.891765976806,4.68001619241619,0.0278977842789288,6,"CRORHA"
"115","L","5","fc.L_rm.5",0.719545150517316,0.833,0.129279646908903,0.12182753423688,0.646865536588061,0.137816089122166,0.4395,0.41552737575279,0.208333333333333,0.25,0.116666666666667,0.157527187541754,903.808632178999,9.14769376499237,0.00497731101463554,5,"CSSGUI"
"116","LQH","5","fc.LQH_rm.5",0.751182908117919,0.896,0.0643690569561695,0.0352024456179433,0.721745509642097,0.0702321818936786,0.51975,0.249294170275467,0.0875,0.068549792662517,0.0416666666666667,0.0481125224324688,944.08134264443,8.25114315950202,0.010771102355369,7,"CUPAME"
"117","LQ","1","fc.LQ_rm.1",0.876304932121274,0.781,0.14272029829419,0.232756398439568,0.730370651184328,0.183783334188182,0.356,0.322871491463709,0.25,0.5,0.25,0.5,327.249619270524,18.6213227960969,3.41517851275363e-05,8,"CYAARB"
"118","L","5","fc.L_rm.5",0.579520361526216,NA,0.0191831047413572,0.0383662094827144,0.571523285225257,0.0160132119950204,NA,NA,0.0416666666666667,0.0833333333333333,0.0416666666666667,0.0833333333333333,275.400881013161,4.57001842489825,0.0231020528581817,2,"CYABOR"
"119","LQ","5","fc.LQ_rm.5",0.848492541282851,0.704,0.052706644743066,0.0400777174515428,0.817176937696169,0.0550146565476104,0.31325,0.500994594115878,0.125,0.25,0.125,0.25,361.260348684376,7.11431877490145,0.0161788749527215,6,"CYNFLE"
"120","LQH","4","fc.LQH_rm.4",0.892769041011409,0.835,0.0971349597260948,0.0577004181877467,0.799133720887115,0.0844701143017256,0.4425,0.443824665079954,0.1625,0.19737865470545,0.1625,0.19737865470545,434.973787198098,7.61014333547524,0.0123894334485248,6,"CYNHAS"
"121","L","1","fc.L_rm.1",0.838536739198991,0.124,0.131286777803053,0.0437539651901223,0.826529478596808,0.168264987619096,0.354,0.913581961293019,0,0,0,0,NA,NA,NA,7,"CYNPOR"
"122","LQ","3","fc.LQ_rm.3",0.835098997171509,0.817,0.0607639964164732,0.0034688649040041,0.800851772935662,0.035806853537993,0.60425,0.0945599457134644,0.0727272727272727,0.0950568917658068,0.0227272727272727,0.0454545454545455,621.106813516003,14.2623266841382,0.000462758637593664,6,"CYRRAC"
"123","LQ","2","fc.LQ_rm.2",0.810835595244225,0.914,0.0527299597818215,0.0582116960731214,0.766563867995247,0.0442531932538674,0.05725,0.270456866554848,0.122727272727273,0.189751178235797,0.0727272727272727,0.0950568917658068,854.273776317233,11.8745058087522,0.00158308408882083,8,"DACEXC"
"124","H","5","fc.H_rm.5",0.910783004656259,0.924,0.129526433021975,0.130159233030799,0.797611477566034,0.142555744468102,0.467,0.583814468245977,0.333333333333333,0.384900179459751,0.333333333333333,0.384900179459751,308.927921323226,4.2674587919746,0.0710220736390801,5,"DAPAME"
"125","L","3","fc.L_rm.3",0.851449907616506,0.552,0.129617463902005,0.547608312095653,0.827999897351673,0.604324770478534,NA,NA,0.2,1.2,0.1,0.9,238.717827405768,10.1763250276549,0.00458449244457252,6,"DAPHEL"
"126","H","2","fc.H_rm.2",0.863086108394668,0.784,0.101357119968091,0.0343041335353446,0.859526060028743,0.104644401912623,0.5695,0.346389472511314,0.119047619047619,0.157934513826448,0.0773809523809524,0.0898789813722708,792.487392987789,23.3510179677281,2.21684258863224e-06,12,"DAPPHI"
"127","H","4","fc.H_rm.4",0.852726152582401,0.818,0.114491872323318,0.12839676317051,0.753893808998783,0.162286631153033,NA,NA,0.25,0.433012701892219,0.25,0.433012701892219,243.857059406902,23.2293868814585,3.44302894909714e-06,6,"DELREG"
"128","H","2","fc.H_rm.2",0.770737578229914,0.84,0.0370914225019659,0.0227146998278515,0.746075928195154,0.024185879434048,0.19325,0.193341450979004,0.100446428571429,0.0914543188262467,0.0334821428571429,0.0388332986627973,1273.74485695273,7.56405890358064,0.00711726844829047,11,"DENARB"
"129","L","5","fc.L_rm.5",0.883034658302052,0.957,0.13280340073677,0.0522344971306317,0.765529259068234,0.166819959853163,0.35825,0.422155086036715,0.215909090909091,0.16798149868245,0.215909090909091,0.16798149868245,479.687930631054,11.3172093402324,0.000980538217245126,4,"DENLAU"
"130","L","1","fc.L_rm.1",0.797532049548331,0.802,0.179104978983546,0.164174570212852,0.648809126091854,0.15404207041366,-0.14525,0.159483280210393,0.160714285714286,0.236002709542845,0.160714285714286,0.236002709542845,398.093790500033,2.84795186669822,0.0727490961806649,8,"DIOSIN"
"131","L","3","fc.L_rm.3",0.927258398862449,0.756,0.156491460467715,0.153994434118508,0.805491286383626,0.175052306532247,0.05575,0.414106568409631,0.375,0.478713553878169,0.25,0.5,432.559158448395,17.6482736574416,0.000141475731345473,7,"DITMYR"
"132","L","5","fc.L_rm.5",0.643488898026316,0.9,0.130487494861143,0.0658889024220348,0.584498590776136,0.110213743188133,NA,NA,0.09375,0.1875,0.09375,0.1875,537.714389312688,8.15366846165523,0.00604787820349851,4,"DRYALB"
"133","L","5","fc.L_rm.5",0.788557582000796,0.829,0.0594754420366913,0.0429505372716465,0.781513378823205,0.0684744114342339,0.4425,0.219272281269962,0.0727272727272727,0.0950568917658068,0.05,0.1,1093.84576556103,33.8306707171312,4.41609425506452e-08,4,"DRYGLA"
"134","L","5","fc.L_rm.5",0.935692326996675,0.167,0.0204212509054406,0.163370007243525,0.809418293608017,0.0374610018878793,NA,NA,0.111111111111111,0.888888888888889,0.111111111111111,0.888888888888889,229.251118054989,7.87909815742839,0.00492046232441377,6,"DRYILI"
"135","LQH","4","fc.LQH_rm.4",0.77962460425147,0.706,0.106527792929281,0.0787272402864187,0.686856295214973,0.0852703455105067,0.23625,0.600771379145179,0.208333333333333,0.25,0.0833333333333333,0.166666666666667,686.072195517872,2.09214559867462,0.0827315883591488,6,"ELAXYL"
"136","H","3","fc.H_rm.3",0.856500942438924,0.909,0.104165864385327,0.0612249003832889,0.821633047745876,0.10415545326793,0.5775,0.0813326502703557,0.206140350877193,0.315911282550335,0.0679824561403509,0.0824047992458594,832.182736042752,6.12634525688054,0.0100413764782774,9,"ERIFRU"
"137","LQ","3","fc.LQ_rm.3",0.919046960234011,0.649,0.102990712779769,0.0861559412211407,0.855236256493221,0.114115565220021,0.527,0.154611340679352,0.316666666666667,0.280871659105879,0.275,0.320156211871642,480.168883077613,3.87419742633972,0.0281663550748228,6,"ERYARE"
"138","L","2","fc.L_rm.2",0.692629471847251,NA,0,0,0.692629471847251,0,NA,NA,0,0,0,0,186.525732675993,9.24196492897073,0.00243991243837558,4,"ERYBER"
"139","H","2","fc.H_rm.2",0.780857161702216,0.922,0.0664341430778915,0.024799757994024,0.737042113324265,0.0547699523415815,0.442,0.28265998419774,0.0717948717948718,0.0645369894802729,0.0509615384615385,0.0725266053339209,1213.62770101434,22.3967548989081,1.89564401211168e-06,13,"ERYBRE"
"140","L","4","fc.L_rm.4",0.662540209922223,1,0.0376245505906523,0.0752491011813046,0.560748660987537,0.00802864039862151,NA,NA,0.05,0.1,0.05,0.1,370.582146448752,1.93958457183385,0.146502159151346,4,"ERYPOE"
"141","L","5","fc.L_rm.5",0.800106839396339,0.786,0.0696557858554815,0.0569834583553799,0.781193889851573,0.0769775386551335,0.60775,0.0915473465845224,0.142361111111111,0.162119687915677,0.09375,0.1875,881.661060129735,6.80486030067016,0.0174225970330886,4,"ERYROT"
"142","L","3","fc.L_rm.3",0.606563604264166,1,0.129785286886651,0.0913593947153355,0.564986797210337,0.121613113802023,NA,NA,0,0,0,0,408.101398366405,2.43649403307069,0.0965691132938473,3,"ERYRUF"
"143","H","4","fc.H_rm.4",0.722944603881396,1,0.086533312307109,0.0555472512248028,0.721115530309427,0.0820864386143026,0.95525,0.0895,0.0833333333333333,0.166666666666667,0,0,656.715651050173,0,0.377048684013439,4,"ERYURB"
"144","L","5","fc.L_rm.5",0.776816360086322,0.575,0.122808494706751,0.0507241910609576,0.743854116916035,0.119697071557963,0.37925,0.579034469325157,0.0833333333333333,0.166666666666667,0.0416666666666667,0.0833333333333333,421.715048566581,3.82134508640763,0.031521212950088,4,"EUGAXI"
"145","L","3","fc.L_rm.3",0.755572339893715,0.935,0.0440590885534438,0.0237264901073834,0.718528841526293,0.0287811825752446,0.6105,0.125487051124807,0.0958333333333333,0.0640095478989051,0.0333333333333333,0.0666666666666667,1606.4516546678,0.459900697436751,0.136451633115164,7,"EUGBIF"
"146","LQH","1","fc.LQH_rm.1",0.944913553277694,0.841,0.0999626474577177,0.0827350897708699,0.896254169721669,0.102259520768,-0.124,0.0180277563773199,0.333333333333333,0.577350269189626,0.333333333333333,0.577350269189626,NA,NA,NA,12,"EUGBOR"
"147","L","2","fc.L_rm.2",0.82843644046029,1,0.180462036548059,0.0779919883965214,0.730443952608096,0.147810379473249,NA,NA,0.308333333333333,0.216666666666667,0.1625,0.19737865470545,301.778840774331,1.22821907888192,0.23878323002682,5,"EUGCON"
"148","H","5","fc.H_rm.5",0.930931354931458,0.937,0.0260524978048893,0.0451242498621449,0.754210788279914,0.0195251840503193,NA,NA,0.111111111111111,0.192450089729875,0.111111111111111,0.192450089729875,198.137920715996,4.42637622762408,0.0225804915999832,5,"EUGCOR"
"149","H","5","fc.H_rm.5",0.715349673706387,0.661,0.134793392219597,0.058283274890193,0.664831270182943,0.121517382218197,0.559,0.416550917255822,0.116666666666667,0.145296631451356,0.116666666666667,0.145296631451356,535.791952246012,3.10693747061396,0.0462070152696794,4,"EUGDOM"
"150","L","4","fc.L_rm.4",0.852598212963718,0.905,0.0339433078228734,0.0285384455164131,0.819545254551918,0.0776612484107627,NA,NA,0.0416666666666667,0.0833333333333333,0.0416666666666667,0.0833333333333333,362.992776661903,12.2740867493458,0.000787065516987099,6,"EUGEGG"
"151","H","3","fc.H_rm.3",0.867548884169686,0.561,0.0620789413910555,0.0531066497675138,0.839456442440376,0.072512296765311,0.48525,0.331594506387948,0.106060606060606,0.157459164324443,0.106060606060606,0.157459164324443,552.020468325737,1.78824650708555,0.169713350963053,6,"EUGFOE"
"152","L","1","fc.L_rm.1",0.822166862272851,0.673,0.0709460176604838,0.0526826726056702,0.792066802917296,0.0712914738277875,0.4075,0.240647044444764,0.0868055555555556,0.0582395630805978,0.03125,0.0625,746.27680231326,0,0.630419086180872,8,"EUGLIG"
"153","H","5","fc.H_rm.5",0.641644041732886,0.782,0.118583863887809,0.0755319946365203,0.609008428293469,0.113397687327466,0.3435,0.612472856541414,0.0902777777777778,0.118666718684966,0,0,1194.69597803421,2.89988359236304,0.0480001575942584,3,"EUGMON"
"154","L","3","fc.L_rm.3",0.829765085236725,1,0.162746448271358,0.0946152590307226,0.767043166551877,0.171840844817702,NA,NA,0.15625,0.236621181075011,0.15625,0.236621181075011,395.267537980455,0,0.353082312212737,5,"EUGPAD"
"155","LQ","1","fc.LQ_rm.1",0.805069665939231,0.933,0.0846527288429404,0.0642727556361705,0.773298974298128,0.0864247625395585,0.73475,0.0751015978525091,0.166666666666667,0.121405226514114,0.0892857142857143,0.107142857142857,963.490123205441,8.6784631146179,0.00404544212792218,8,"EUGPSE"
"156","H","5","fc.H_rm.5",0.863380668786283,0.912,0.112726755021403,0.114718164705006,0.789824857083426,0.132994838960202,0.6175,0.466563679112151,0.258333333333333,0.26718699236469,0.125,0.189296944860009,514.673285027832,2.90256119116827,0.103753424127943,5,"EUGRHO"
"157","LQH","4","fc.LQH_rm.4",0.837880493080345,0.866,0.0968001248684144,0.108417535768665,0.785715476400046,0.126069312709892,0.4335,0.348630176548158,0.220833333333333,0.358333333333333,0.1875,0.375,791.432950270471,1.29758328360822,0.100046525947219,6,"EUGSTA"
"158","LQ","4","fc.LQ_rm.4",0.748970044663484,0.455,0.32034960055948,0.373597140549384,0.617822602014145,0.392538207908545,-0.148333333333333,0.78804081958572,0.333333333333333,0.577350269189626,0.333333333333333,0.577350269189626,201.786306014719,27.7529871246596,8.66383823855529e-07,5,"EUGSTE"
"159","LQ","2","fc.LQ_rm.2",0.900795893205736,0.624,0.162512127541775,0.0595614388099803,0.809157808230985,0.136085988930036,0.013,0.880274389040145,0.333333333333333,0.305505046330389,0.333333333333333,0.305505046330389,262.356119298635,9.26728661073139,0.0070894795485638,6,"EUGWOO"
"160","LQ","2","fc.LQ_rm.2",0.905011664983943,0.755,0.111605760113303,0.0696664153445311,0.847015557353521,0.115927426103705,0.25375,0.530689724164067,0.166666666666667,0.192450089729875,0.166666666666667,0.192450089729875,202.551803806771,5.15894825538072,0.0297611794012481,5,"EUPPET"
"161","H","5","fc.H_rm.5",0.82770084766121,0.951,0.0750457683216444,0.0695712384436959,0.814979435839335,0.0939243740440593,0.48725,0.43889055203623,0.133333333333333,0.188561808316413,0.05,0.1,719.591013230716,14.0726798908505,0.000526406804013523,4,"EXOCAR"
"162","H","5","fc.H_rm.5",0.787101397702786,0.212,0.117039480297665,0.0898035551384688,0.778018855275225,0.130819934551459,NA,NA,0.0714285714285714,0.0824786098842323,0.0357142857142857,0.0714285714285714,556.687356401374,4.67919444009931,0.0335398139271528,8,"EXOPAN"
"163","H","3","fc.H_rm.3",0.750409823405241,0.864,0.087912622962417,0.0815495363190871,0.682189253341014,0.0683969499792116,0.36075,0.203902550253792,0.110897435897436,0.0903732489670621,0.0900641025641026,0.0824933005866725,1066.14622960623,11.9175500934721,0.00133772975627742,8,"FAROCC"
"164","LQ","3","fc.LQ_rm.3",0.773406003693526,0.915,0.0875609893299671,0.0548207660793467,0.764796030045241,0.0902304618713404,0.61775,0.132979635032336,0.075,0.0876651879892194,0.0583333333333333,0.0787635937708768,867.414925841813,0,0.277464784301555,5,"FICAME"
"165","LQ","2","fc.LQ_rm.2",0.664010432753355,0.848,0.113739918631884,0.0462313954136077,0.645436485008407,0.110124601275102,0.30275,0.297561618268665,0.145562770562771,0.112267575664423,0.0643939393939394,0.0805314076722322,961.900633023848,5.45352608014923,0.0119356614600998,5,"FICCIT"
"166","H","5","fc.H_rm.5",0.633552327670277,NA,0.126951701483344,0.507806805933378,0.542673099625314,0.363516912179849,NA,NA,0.2,0.8,0.2,0.8,135.363585362978,0.0135992285177338,0.332576966384858,3,"FICCRA"
"167","LQH","1","fc.LQH_rm.1",0.807994030089263,0.782,0.160428942776502,0.251523517185736,0.689904884928703,0.21672310411726,0.52575,0.247169813421192,0.25,0.378593889720018,0.25,0.378593889720018,450.841271273081,61.7888755992981,1.09632047945817e-14,12,"FICTRI"
"168","H","2","fc.H_rm.2",0.890373607540703,0.914,0.0541427720918609,0.0588106803073224,0.851079944831199,0.0599048082529297,0.62325,0.14153297613395,0.1125,0.131497781983829,0.0625,0.125,611.187612346401,34.7375310298139,1.43163917934148e-08,15,"FORSEG"
"169","LQH","2","fc.LQH_rm.2",0.915376679395371,0.713,0.140606099891316,0.145917306762042,0.878922772193235,0.18150525670496,0.558,0.587801553814437,0.25,0.5,0.25,0.5,239.828368481107,14.1011913527945,0.000833980676679542,7,"GARHES"
"170","L","3","fc.L_rm.3",0.823363490643305,0.728,0.0594138791753595,0.0442205110739794,0.697413519046146,0.0258789556462948,0.201666666666667,0.754657759075817,0.163888888888889,0.0375770812735241,0.0666666666666667,0.115470053837925,409.385985711591,10.9955410546111,0.00169746821545794,7,"GARPOR"
"171","H","3","fc.H_rm.3",0.881718748541178,0.901,0.235442309501478,0.181128324009364,0.677663656707173,0.200091639025673,0.096,0.978305167113003,0.412698412698413,0.36056560925716,0.301587301587302,0.287033989206748,NA,NA,NA,10,"GAUATT"
"172","LQ","1","fc.LQ_rm.1",0.827855100748121,0.632,0.172895528218507,0.0987096030625823,0.720062094542975,0.153498529080044,0.53625,0.360842879011535,0.1875,0.239356776939085,0.1875,0.239356776939085,399.915332280619,14.0327771149338,0.000302682550170301,8,"GENAME"
"173","LQ","1","fc.LQ_rm.1",0.765459845967343,0.896,0.0772025702745337,0.0776105213368755,0.699845407072796,0.0705544826968209,0.4345,0.213411183711945,0.154458041958042,0.084167443569712,0.0685606060606061,0.0462121212121212,971.396503028779,0,0.568016681788927,9,"GESPED"
"174","LQ","1","fc.LQ_rm.1",0.963948406587766,0.861,0.0835826477187734,0.249642352500724,0.931163564902401,0.286900924198416,NA,NA,0.285714285714286,1.10656667034498,0.142857142857143,0.857142857142857,NA,NA,NA,9,"GOEELE"
"175","LQ","4","fc.LQ_rm.4",0.867707370609981,0.722,0.134865281887994,0.118963776144949,0.734731002857999,0.20708604314917,0.21725,0.430777107872118,0.266666666666667,0.32659863237109,0.266666666666667,0.32659863237109,327.402774102193,3.07282336810761,0.0913616399347014,4,"GOMLIN"
"176","LQH","4","fc.LQH_rm.4",0.675720704648674,0.78,0.0560445265182147,0.0386972665746158,0.643563265447641,0.0280442034830471,-0.2355,0.285202267405667,0.116666666666667,0.0881917103688197,0.05,0.0577350269189626,718.194555723738,12.4429967485705,0.00128465797422605,6,"GONHIR"
"177","L","5","fc.L_rm.5",0.93328968315103,0.772,0.00445863746958636,0.00630546557919388,0.77092991294429,0.107176762462514,NA,NA,0.0833333333333333,0.117851130197758,0.0833333333333333,0.117851130197758,217.70411960211,35.2093959333047,2.25967792679852e-08,5,"GONPOR"
"178","H","2","fc.H_rm.2",0.897510672221365,0.876,0.0907359013513423,0.118100067685018,0.843744025137754,0.128993056748414,0.52275,0.23396349430342,0.15625,0.3125,0.125,0.25,609.723581876897,20.3619613412469,1.29150086360846e-05,11,"GOSHIR"
"179","L","5","fc.L_rm.5",0.726954466029397,0.862,0.114581343676726,0.11067641071607,0.56524558750207,0.0404838216205907,0.3455,0.572841746616521,0.195833333333333,0.141666666666667,0.0625,0.125,542.603901753613,16.2164170249162,0.000168016536415354,7,"GUABLA"
"180","L","5","fc.L_rm.5",0.870764646133294,-0.465,0.0359095853262408,0.0621972262637789,0.752256963726924,0.180119222971994,NA,NA,0,0,0,0,273.728249801927,18.9185916722816,6.38829838431732e-05,4,"GUACAR"
"181","LQ","5","fc.LQ_rm.5",0.673356750914533,0.663,0.0659368245555747,0.0263304132549699,0.653910852580209,0.05442063424318,0.24225,0.364681025006786,0.114133986928105,0.062624347658449,0.0166666666666667,0.0333333333333333,1326.22307850403,1.17946831875179,0.176869948613993,3,"GUAFRA"
"182","LQ","5","fc.LQ_rm.5",0.800274258343634,0.907,0.108561760472982,0.0849586818873154,0.74671058934483,0.120478007124633,0.76425,0.0548110390341216,0.204513888888889,0.207917408890533,0.025,0.05,951.87166467923,0.41578726281432,0.184282953359743,3,"GUAGLA"
"183","L","2","fc.L_rm.2",0.697250867813616,0.83,0.034727043799954,0.0193103484473821,0.69088164657628,0.0323963444714949,0.027,0.499432344433825,0.075,0.0957427107756338,0.025,0.0288675134594813,1290.65688066958,5.69467579956063,0.0123246679235272,7,"GUAGUI"
"184","L","4","fc.L_rm.4",0.789788878114795,0,0.0249603781109926,0.0276087951897103,0.773599159458557,0.0355031230385171,NA,NA,0.0416666666666667,0.0833333333333333,0.0416666666666667,0.0833333333333333,338.801690389056,1.63730083479174,0.0856018793559569,5,"GUAOBT"
"185","LQ","1","fc.LQ_rm.1",0.90740243047441,0.85,0.0844140621642852,0.0739076258927159,0.858851728817793,0.0932656380587358,0.0415,0.607368367083217,0.152777777777778,0.237333437369931,0.152777777777778,0.237333437369931,418.850688928113,6.99927543604088,0.0138682261572539,7,"GUAOFF"
"186","H","1","fc.H_rm.1",0.963056183366436,0.883,0.0543399567294371,0.0814290832269275,0.926266081860885,0.0908588966045336,0.147,0.282505457174429,0.166666666666667,0.333333333333333,0.166666666666667,0.333333333333333,866.50184229696,546.936300132748,4.94877457189856e-120,16,"GUASAN"
"187","LQH","4","fc.LQH_rm.4",0.797886123971193,0.861,0.07966798128951,0.0495707322995012,0.732654787272887,0.0630575916353509,0.642,0.201237836071318,0.1,0.115470053837925,0.025,0.05,670.61326877924,7.42804762719788,0.0113459066729163,4,"GUAULM"
"188","LQH","1","fc.LQH_rm.1",0.934254211537602,0.915,0.0647001206873927,0.0690761746094037,0.902862300849234,0.0808153080105494,0.523,0.140766946877928,0.125,0.25,0.125,0.25,435.41366888322,12.6593546460862,0.000644486685779881,10,"GUEELL"
"189","H","5","fc.H_rm.5",0.881937136359788,0.791,0.150322704196587,0.0876367182871441,0.844831004344972,0.159898405435858,0.12675,0.548022733713362,0.208333333333333,0.25,0.114583333333333,0.157288217401474,337.410649829846,4.98689118715089,0.0296396868687161,5,"GUEKRU"
"190","L","4","fc.L_rm.4",0.699065471955968,0.58,0.0738366290282606,0.0395774047407908,0.60427433217478,0.0622903655857289,0.236,0.24715851863396,0.06875,0.0554338945652086,0.04375,0.0590726953281576,932.910301253222,21.0009067434924,2.38818514474644e-05,7,"GUEOVA"
"191","L","3","fc.L_rm.3",0.806478248964644,0.652,0.114365928770109,0.102213109477451,0.731247095124108,0.140508717331233,0.5225,0.586536443880515,0.208333333333333,0.25,0.208333333333333,0.25,247.223549351146,4.51326796332992,0.0706940079955879,4,"GUEPUN"
"192","LQH","1","fc.LQH_rm.1",0.807575601463088,0.798,0.0679476015336543,0.0444445967906889,0.757024469262399,0.0545594975690558,0.3605,0.638770433463123,0.0982142857142857,0.121551058670608,0.046875,0.09375,1030.04107302897,6.27627346584438,0.0203119860814383,11,"GUESCA"
"193","L","5","fc.L_rm.5",0.890235086019611,0.789,0.100065794305184,0.111216442137557,0.717044170256625,0.110979855954248,NA,NA,0.125,0.25,0.125,0.25,304.984051349761,11.0503418832716,0.00279153839579059,6,"GUEVAL"
"194","H","5","fc.H_rm.5",0.724952106519859,0.766,0.05929500998928,0.0379292039592533,0.680433335185496,0.0345662376896063,0.38275,0.74557511358682,0.123778998778999,0.125303298324026,0.0138888888888889,0.0277777777777778,1053.80492310717,0,0.431110728686141,4,"GYMLAT"
"195","LQ","1","fc.LQ_rm.1",0.763099034490867,0.927,0.0484313945579195,0.0499857499112286,0.724394500480088,0.0446898037848379,0.588,0.0873651341592667,0.0526315789473684,0.105263157894737,0.0263157894736842,0.0526315789473684,732.061385144169,9.70161931587825,0.00303700500504615,8,"GYMLUC"
"196","LQ","3","fc.LQ_rm.3",0.931959695661115,0.788,0.0563217088761829,0.0634773618884472,0.908768394360422,0.0783826962452243,0.46125,0.396210697314783,0.147727272727273,0.238726534190738,0,0,437.590990964075,33.4253237991376,5.3311590827087e-08,8,"HAESAL"
"197","L","3","fc.L_rm.3",0.624048459563543,1,0.112781508397103,0.151693332223708,0.460084885329908,0.0853471750765768,NA,NA,0.25,0.353553390593274,0.0625,0.125,348.171748297878,5.06416015253023,0.0212114703269289,3,"HAMAXI"
"198","LQH","3","fc.LQH_rm.3",0.627722289797635,0.705,0.143249299872461,0.0914500226765474,0.566850544327698,0.123499832620768,0.21925,0.903571939582013,0.145833333333333,0.171796067734069,0.145833333333333,0.171796067734069,580.650977413775,3.63460847398028,0.0259023836444601,4,"HAMPAT"
"199","LQ","3","fc.LQ_rm.3",0.941578585262065,0.866,0.0756086199183595,0.0919039039457013,0.876488648443929,0.0902353478914347,0.571666666666667,0.195228925452489,0.333333333333333,0.577350269189626,0.333333333333333,0.577350269189626,356.016790341313,9.94441608140642,0.00575575599216237,6,"HEDARB"
"200","L","5","fc.L_rm.5",0.774856164823862,0.669,0.0592651170134963,0.039277175350129,0.727913777732768,0.0401492238177749,0.193,0.357153561744338,0.125,0.15,0.1,0.115470053837925,653.423919233442,0.141397572276674,0.127931070248738,3,"HELJAM"
"201","L","2","fc.L_rm.2",0.77672606543327,0.632,0.0546158680648205,0.0278704566918787,0.749957427700465,0.0548874105268415,NA,NA,0.0277777777777778,0.0555555555555556,0.0277777777777778,0.0555555555555556,407.385903916876,4.1541115641599,0.0196047910591224,6,"HENFAS"
"202","H","5","fc.H_rm.5",0.911796091540242,0.765,0.0610577958337242,0.0912032112923054,0.87025418537262,0.0954983369730278,0.34925,0.35198046820811,0.25,0.5,0.25,0.5,528.922646089125,28.8121542882255,3.5991290478655e-07,8,"HENSQU"
"203","L","4","fc.L_rm.4",0.646633134879901,NA,0.0787697598029152,0.472619251367136,0.579339458016834,0.404084128588909,NA,NA,0.2,1.2,0.2,1.2,214.813010508265,2.8421709430404e-14,0.121417393601611,2,"HIBELA"
"204","L","2","fc.L_rm.2",0.694307565958321,NA,0,0,0.694307565958321,0,NA,NA,0,0,0,0,246.947052436468,7.13743379105509,0.00349124286162011,5,"HIBTIL"
"205","LQ","3","fc.LQ_rm.3",0.530028264556247,-0.26,0.151470070761963,0.17997073844564,0.472448799752252,0.204758786661006,-0.22475,0.519021756127172,0.0972222222222222,0.114530711822713,0.0972222222222222,0.114530711822713,541.765613852892,22.902814712991,3.67341999372656e-06,4,"HIECLU"
"206","H","4","fc.H_rm.4",0.89643003798378,0.858,0.226307342308651,0.403038363408435,0.748684683297403,0.646600278000579,NA,NA,0.125,0.875,0.125,0.875,NA,NA,NA,7,"HIPMAN"
"207","LQ","1","fc.LQ_rm.1",0.790010252187991,0.819,0.123351923771025,0.11203726358494,0.73359405407746,0.136699709161105,0.551,0.109316055545377,0.208333333333333,0.315494908100015,0.0833333333333333,0.0962250448649376,792.443470992869,5.87920085280416,0.00899678452453738,8,"HIRRUG"
"208","L","1","fc.L_rm.1",0.726426217691278,0.844,0.090527290965845,0.0945074473079781,0.693444560060947,0.102729257433801,0.522,0.184504742486474,0.181547619047619,0.220238095238095,0.0625,0.125,1038.49398792594,0.878266930109021,0.100633879290515,8,"HOMRAC"
"209","H","5","fc.H_rm.5",0.760239170601519,NA,0.123948710052693,0.619743550263464,0.670126770683638,0.450561999589407,NA,NA,0.166666666666667,0.833333333333333,0.166666666666667,0.833333333333333,171.742118402102,0,1,4,"HURCRE"
"210","H","4","fc.H_rm.4",0.78113083920037,0.881,0.0844713911517666,0.0874785201825612,0.668637490185399,0.111663735859433,-0.3765,0.731263062561392,0.114583333333333,0.157288217401474,0.114583333333333,0.157288217401474,437.202589948414,9.39359742179028,0.00265724462125344,6,"HYMCOU"
"211","L","1","fc.L_rm.1",0.942821197494095,0.624,0.0371730131176063,0.0451412475406819,0.930200624432953,0.056720024526831,0.333,0.352483569357022,0.138888888888889,0.166666666666667,0.0833333333333333,0.166666666666667,277.043466378615,1.11199141566692,0.201730810545931,7,"HYPTRI"
"212","H","3","fc.H_rm.3",0.760227994816942,0.795,0.127519319449897,0.126604032151181,0.65450643811413,0.109539139193,0.444,0.250359741172577,0.166666666666667,0.136082763487954,0.104166666666667,0.157747454050008,650.600648927428,6.35968799268232,0.0148529878995072,6,"ILENIT"
"213","LQH","4","fc.LQH_rm.4",0.871980428385684,0.737,0.259072971555008,0.52149973540139,0.739592600196172,0.760666045888547,NA,NA,0.333333333333333,1.33333333333333,0.333333333333333,1.33333333333333,223.998511408981,36.8124329458682,3.08119000623452e-09,6,"ILESID"
"214","L","2","fc.L_rm.2",0.781562467919105,1,0.230815909842704,0.277834384121477,0.755512781028642,0.65743266600693,NA,NA,0.2,1.2,0,0,215.95555725017,5.24632786557561,0.0537181621438864,5,"ILEURB"
"215","H","3","fc.H_rm.3",0.739598562378168,0.826,0.116800767989318,0.029199685300251,0.674388346197407,0.0977997275067022,0.41875,0.546506099386518,0.169047619047619,0.138095238095238,0.169047619047619,0.138095238095238,583.258361992156,8.00117508531082,0.00224791290135014,5,"INDSUF"
"216","L","5","fc.L_rm.5",0.720870647067921,0.816,0.0558756547695443,0.0454495972542974,0.688431771562109,0.0519210614985103,0.582,0.234755191635883,0.146501782531194,0.0727163631894754,0.0441176470588235,0.0563192416327258,1417.19965507795,0,0.452181673677476,4,"INGLAU"
"217","L","4","fc.L_rm.4",0.696797275744644,1,0.041003700140115,0.0367726308155265,0.674995200973195,0.0392878138052793,0.414,0.698749358974065,0.0868055555555556,0.107806768724028,0.0555555555555556,0.111111111111111,789.734468021019,0.439332128242199,0.112560713982388,4,"INGVER"
"218","H","5","fc.H_rm.5",0.695137488593212,0.631,0.11769803348543,0.05770551333133,0.647889426273844,0.0951133321874976,0.0325,0.441039302859356,0.179824561403509,0.178554206324819,0.0625,0.125,1183.0117870812,15.8610167453335,0.000298253599675602,6,"IXOFER"
"219","H","3","fc.H_rm.3",0.909416237978081,0.832,0.0807066238588232,0.0514387080428007,0.83366320487288,0.0633290073512514,0.18825,0.313151055136867,0.1875,0.142318760638328,0.1875,0.142318760638328,363.361306362573,29.8436588615469,1.0595156034624e-07,9,"JACARB"
"220","L","2","fc.L_rm.2",0.887451993292584,0.846,0.152589537950468,0.109092115523709,0.775021480120599,0.142204588919545,0.597666666666667,0.344938158708678,0.266666666666667,0.305505046330389,0.266666666666667,0.305505046330389,384.295290279405,18.4045283645758,3.48352300267537e-05,9,"JACBER"
"221","L","1","fc.L_rm.1",0.848223687589891,0.827,0.194904684631124,0.122574711386626,0.738267391327267,0.178844936852861,0.63475,0.256801317494024,0.325,0.3947573094109,0.225,0.262995563967658,342.53086643332,12.905065167762,0.000507837330650962,6,"JATGOS"
"222","H","5","fc.H_rm.5",0.748169094544416,0.833,0.0810922979225719,0.050133344272091,0.65804354794525,0.0673127155351948,0.5405,0.288779616085808,0.0416666666666667,0.0833333333333333,0.0416666666666667,0.0833333333333333,584.098260287782,6.14901851977845,0.0157359498262035,6,"JATHER"
"223","L","5","fc.L_rm.5",0.646798890144898,NA,0.0806123231123044,0.106327936497782,0.685183051523628,0.115245906630774,NA,NA,0.0625,0.125,0.0625,0.125,297.856096745533,5.6843418860808e-14,0.312430851613825,2,"KOAPOL"
"224","L","2","fc.L_rm.2",0.808299529688419,0.554,0.096122190474583,0.060592167660766,0.744648523719259,0.0746729860126599,0.2095,0.147924530307406,0.260416666666667,0.098454492213596,0.0520833333333333,0.0625,722.158525183104,8.3087604059549,0.0042267299566429,9,"KRUFER"
"225","L","1","fc.L_rm.1",0.864781705256428,0.591,0.117301029482847,0.104732267092788,0.786289240375862,0.110834590336655,0.6935,0.171017542959779,0.2125,0.283945417290014,0.1625,0.19737865470545,396.369175664581,9.80187881561983,0.00187476893309856,8,"LAGRAC"
"226","H","5","fc.H_rm.5",0.660901692312015,0.76,0.0747299817476423,0.0503665689643314,0.607759666875483,0.0533018123194106,0.22525,0.309721783756541,0.163492063492063,0.169150054663584,0.0166666666666667,0.0333333333333333,1187.01781243529,2.88172763589387,0.0556882380300932,6,"LANCAM"
"227","H","4","fc.H_rm.4",0.80710991727679,0.699,0.0741918209108115,0.0145503057943821,0.763465481268938,0.0494336021383118,0.5775,0.0963206450698222,0.140522875816993,0.139416529462102,0.140522875816993,0.139416529462102,1080.50203304854,23.368023136919,1.93042573852207e-06,6,"LANINV"
"228","H","5","fc.H_rm.5",0.689325346583111,0.809,0.0991884712556147,0.124557692477649,0.643137011947628,0.112502959008467,0.7615,0.477,0.107142857142857,0.214285714285714,0.107142857142857,0.214285714285714,610.354149388032,1.15714415753439,0.100734350631251,3,"LEULEU"
"229","L","4","fc.L_rm.4",0.782107131850634,1,0.107680449431792,0.0666749843099746,0.714310623403169,0.102896521907443,0.592,0.816,0.183333333333333,0.213437474581095,0.05,0.1,319.219849119526,2.80696722013761,0.113280612980592,4,"LICBRI"
"230","H","2","fc.H_rm.2",0.715721761078021,0.906,0.0766538700192037,0.048375669865944,0.683564342917075,0.0730780135237172,0.39525,0.285521014988389,0.111111111111111,0.157134840263677,0.0666666666666667,0.133333333333333,844.447457890681,12.74880376281,0.000353641715974233,9,"LICPAR"
"231","H","4","fc.H_rm.4",0.850422208099292,0.418,0.0947858080060333,0.0790825602373175,0.793385049946093,0.0972465993731417,0.4335,0.383337536208844,0.1,0.2,0.1,0.2,444.327374823208,0,0.527430989325122,5,"LONGLA"
"232","L","5","fc.L_rm.5",0.624262177282759,NA,0,0,0.624262177282759,0,NA,NA,0,0,0,0,176.162579626442,0.0635118967296648,0.122410492283531,3,"LONHEP"
"233","L","3","fc.L_rm.3",0.745264616806119,NA,0.0644345772804271,0.322172886402135,0.692294201187482,0.264852078093185,NA,NA,0.166666666666667,0.833333333333333,0.166666666666667,0.833333333333333,165.812790500531,29.8913180621954,8.07462731303121e-08,4,"LONSER"
"234","LQ","1","fc.LQ_rm.1",0.91743708269132,0.787,0.103295673821124,0.0112355169691077,0.917393308727992,0.0880393245158395,0.738,0.30398793835721,0.166666666666667,0.333333333333333,0.166666666666667,0.333333333333333,283.449132705067,37.9990397085074,4.64122130657987e-09,8,"LYOSTA"
"235","H","2","fc.H_rm.2",0.933409788549975,0.772,0.188274159044378,0.0882631278710607,0.786793342020254,0.181954914008215,-0.038,1.00216365928924,0.277777777777778,0.254587538608658,0.277777777777778,0.254587538608658,NA,NA,NA,10,"MACLUN"
"236","H","2","fc.H_rm.2",0.873930062537911,0.917,0.0493177841366162,0.0319085484940742,0.858537675451487,0.0519209814649167,0.4195,0.351842294217168,0.111805555555556,0.0912976579419155,0.025,0.05,556.389581332866,9.65685972504014,0.00589207509315599,10,"MACPOR"
"237","LQH","2","fc.LQH_rm.2",0.86428681618171,0.778,0.0946091791847983,0.0349455151111402,0.813657926398144,0.0666601537986216,0.56375,0.282061902189336,0.258333333333333,0.211476292340825,0.133333333333333,0.163299316185545,540.252995140022,10.1560759770604,0.00238557755889694,7,"MAGPOR"
"238","H","4","fc.H_rm.4",0.776300251578785,NA,0.125,0.25,0.662501283631136,0.227609194543691,NA,NA,0.25,0.5,0.25,0.5,NA,NA,NA,5,"MAGSPL"
"239","L","2","fc.L_rm.2",0.68069234372403,0.669,0.280224020614956,0.326272274255996,0.420999495042587,0.296297678101111,NA,NA,0.428571428571429,0.508432297715777,0.321428571428571,0.472005419085691,376.357862333489,9.66672064375047,0.00220678655497649,5,"MALCOC"
"240","H","5","fc.H_rm.5",0.648316394620675,NA,0.108253772713274,0.541268863566369,0.561372891215823,0.434717517024262,NA,NA,0.166666666666667,0.833333333333333,0.166666666666667,0.833333333333333,142.479641353072,0.0281982799543812,0.165881531842322,3,"MALFUC"
"241","LQ","1","fc.LQ_rm.1",0.686618357487923,0.758,0.146864510218903,0.0665676001238395,0.64625136794407,0.140403265768484,0.374,0.317304270377819,0.195833333333333,0.141666666666667,0.195833333333333,0.141666666666667,555.764044073838,16.0596353836654,7.37233517806253e-05,8,"MAMAME"
"242","L","1","fc.L_rm.1",0.810630204585175,0.845,0.096708394770377,0.0676925469444944,0.749515104347644,0.0925845697668854,0.53875,0.187478665452899,0.224358974358974,0.207913778720857,0.141025641025641,0.0987540171648833,585.411001308672,4.96007137942229,0.0212125615998078,9,"MANBID"
"243","L","3","fc.L_rm.3",0.727890861705952,1,0.0985940372047123,0.0607636312459064,0.740098567840901,0.105180148397336,NA,NA,0.0714285714285714,0.142857142857143,0.0714285714285714,0.142857142857143,345.171256911996,0.041215541052793,0.0836681289495292,4,"MANIND"
"244","L","3","fc.L_rm.3",0.755075303857671,NA,0.0319103162868565,0.0552702890944281,0.688997007562913,0.0449744676409525,NA,NA,0.111111111111111,0.192450089729875,0.111111111111111,0.192450089729875,288.395596245426,7.15746078890317,0.00571921226727837,4,"MANPLE"
"245","H","3","fc.H_rm.3",0.58877425315676,NA,0.0565393696745714,0.395775587722,0.537980571809876,0.35555576942819,NA,NA,0.125,0.875,0.125,0.875,176.585207020052,0,0.185001259374905,2,"MARMIC"
"246","H","5","fc.H_rm.5",0.673147720073286,0.514,0.204785997162668,0.16749876217845,0.442878953469124,0.143069924737059,-0.8125,0.375,0.0833333333333333,0.0962250448649376,0.0833333333333333,0.0962250448649376,453.734680234664,3.6721327403319,0.07344008271858,3,"MARNOB"
"247","H","3","fc.H_rm.3",0.846396918788369,0.894,0.0672012467529038,0.0865637659686142,0.811898755953657,0.0928881193712228,0.38425,0.48484387521483,0.216666666666667,0.31446603773522,0.166666666666667,0.333333333333333,576.229628882486,8.51097849324037,0.00473831504115541,7,"MATDOM"
"248","L","3","fc.L_rm.3",0.519955824943497,NA,0.17361958828368,0.141843613306181,0.406976735447056,0.0902933215595447,NA,NA,0.333333333333333,0.272165526975909,0.333333333333333,0.272165526975909,279.260534970419,1.30319525184035,0.0955237554201741,1,"MAYELO"
"249","L","5","fc.L_rm.5",0.912494766197139,0.856,0.0424715419060321,0.0197797604705392,0.913749748609477,0.0384407932629202,0.3555,0.629987036903671,0.145833333333333,0.171796067734069,0.0625,0.125,277.931008015141,0,0.631163900088551,6,"MAYLAE"
"250","L","4","fc.L_rm.4",0.767652697890989,1,0.0218488366120499,0.0436976732240998,0.729226241945302,0.021076997288677,NA,NA,0.0833333333333333,0.166666666666667,0.0833333333333333,0.166666666666667,296.147768574875,5.86404214747478,0.0182483049938398,4,"MAYPON"
"251","H","2","fc.H_rm.2",0.878383713545153,0.801,0.0366300596100743,0.0257492072131529,0.894512874288872,0.0406014330777076,0.473,0.459566099707104,0.114285714285714,0.103015750727543,0.0166666666666667,0.0288675134594813,918.085731053944,14.0486297131446,0.000211882720880351,9,"MECLAT"
"252","H","4","fc.H_rm.4",0.613629363449692,NA,0.166867758552823,0.20246987123826,0.483677231545438,0.151159727448065,NA,NA,0.333333333333333,0.384900179459751,0.333333333333333,0.384900179459751,195.940023887576,0,0.375527506728461,2,"MELAZE"
"253","L","5","fc.L_rm.5",0.771896990086805,0.268,0.156814843888325,0.0772663312679436,0.663162414118631,0.125446559433445,0.09125,0.34849234807477,0.391666666666667,0.283333333333333,0.391666666666667,0.283333333333333,331.240205629411,1.64114499637236,0.0928724381899809,1,"MELBIJ"
"254","L","5","fc.L_rm.5",0.646731035899543,NA,0.0519552951651176,0.060258276048191,0.616824277986351,0.0345268569120325,NA,NA,0.0833333333333333,0.166666666666667,0,0,422.942012825171,6.59651531829229,0.00845326173857484,2,"MELHER"
"255","L","3","fc.L_rm.3",0.707439162131636,NA,0.05712873067242,0.09894986409655,0.651714579491808,0.0708719699763109,NA,NA,0.166666666666667,0.288675134594813,0.166666666666667,0.288675134594813,169.673804074048,13.894755494875,0.000239715398182182,4,"MELOBT"
"256","LQ","1","fc.LQ_rm.1",0.927544238313034,0.621,0.0841571811057612,0.0472814420872883,0.88490408311102,0.0816387393165491,0.59675,0.203067107134563,0.166666666666667,0.117851130197758,0.104166666666667,0.125,351.043814593713,11.5484244800869,0.00115623871829586,8,"MELTOM"
"257","LQH","4","fc.LQH_rm.4",0.843010198180136,0.939,0.083737431697861,0.0349068789548692,0.778704607039136,0.0554798024899724,0.78525,0.0884246383462588,0.127380952380952,0.0880952380952381,0.0208333333333333,0.0416666666666667,669.717824833475,12.9292060368066,0.000957245402364265,9,"MICCAL"
"258","H","5","fc.H_rm.5",0.961389316897792,0.721,0,0,0.74644724093086,0.00148022388121186,NA,NA,0,0,0,0,232.987378350019,84.2450530190401,1.77523338469629e-19,6,"MICFOV"
"259","H","4","fc.H_rm.4",0.922706834532374,-0.09,0.0818997007014564,0.03861290806401,0.896434107850926,0.0683633265883487,0.74175,0.18546944941598,0.375,0.478713553878169,0.0833333333333333,0.166666666666667,347.089066197508,38.8357217954914,1.1624404132821e-09,10,"MICGAR"
"260","LQH","2","fc.LQH_rm.2",0.867834119874037,0.952,0.0477311094883568,0.0299110935568011,0.860919542890779,0.047473354712995,0.792,0.0744714710476435,0.129741379310345,0.115361663977493,0.0416666666666667,0.0833333333333333,1126.92062459837,1.15228809722794,0.209169849638463,9,"MICGUY"
"261","LQH","1","fc.LQH_rm.1",0.850235946426374,0.711,0.133782024480887,0.0843301887305387,0.727402249373599,0.0734412022024319,0.61125,0.114956151060596,0.203472222222222,0.0756785151434738,0.203472222222222,0.0756785151434738,720.903752612714,21.344382569593,7.15834057638767e-06,14,"MICIMP"
"262","H","3","fc.H_rm.3",0.689792088988276,0.918,0.125497956227502,0.053649108600558,0.623752598161879,0.104584139036555,0.2745,0.252035050472482,0.103648190045249,0.0989408178048122,0.0355392156862745,0.0422394312245443,1469.5139828913,14.4936452573857,0.000384617748662793,9,"MICLAE"
"263","L","3","fc.L_rm.3",0.796421530813405,0.909,0.115130518979255,0.12737727955696,0.692469709973752,0.147788992872358,0.688333333333333,0.101026399190179,0.161111111111111,0.211037999035806,0.133333333333333,0.23094010767585,724.180598868551,28.0238040532658,3.48256230140475e-07,6,"MICMIR"
"264","H","5","fc.H_rm.5",0.945859760168447,0.718,0.0151880052807344,0.018880128214582,0.865307022514656,0.0875103145738649,NA,NA,0.111111111111111,0.192450089729875,0,0,304.805212902837,49.9506662209971,1.36051320405748e-11,8,"MICPAC"
"265","L","4","fc.L_rm.4",0.701582159823897,0.644,0.0331681517220367,0.0156260454346509,0.697166915480359,0.0380270622652925,0.63075,0.169531462173446,0.105848792234052,0.042859153471243,0.0205108359133127,0.025510504020605,2948.22366880824,13.4303126468481,0.00105452291694298,6,"MICPRA"
"266","H","2","fc.H_rm.2",0.788106599885631,0.93,0.0662448607249599,0.0448629494659263,0.734234060988486,0.038216787005277,0.54675,0.154573337502516,0.136864973262032,0.094519402042761,0.0227272727272727,0.0454545454545455,980.419109198478,11.3711682717526,0.00136891858103565,10,"MICRAC"
"267","L","5","fc.L_rm.5",0.737319807267395,1,0.121943501406915,0.14796964120498,0.673246038665925,0.149206066636947,0.525,0.660176744011279,0.175,0.287228132326901,0.125,0.189296944860009,548.250033819255,5.49094192028235,0.0396359642410141,4,"MICSER"
"268","L","2","fc.L_rm.2",0.830883925694683,0.827,0.108449472943449,0.0687796405344284,0.76941792737095,0.098679243713848,0.63425,0.258570912259416,0.225198412698413,0.175782901244309,0.126984126984127,0.148902087613442,740.467069107717,2.75352327988628,0.0352857765299986,6,"MICSIN"
"269","LQ","1","fc.LQ_rm.1",0.856863660768584,0.866,0.0459768825009309,0.0193569350208624,0.833058535294637,0.0395162731793838,0.13975,0.579716238056747,0.0902777777777778,0.118666718684966,0.0902777777777778,0.118666718684966,765.594023745443,14.6373929448653,0.000379323033381214,9,"MICTET"
"270","L","1","fc.L_rm.1",0.90703589391861,0.854,0.0373272488874685,0.0344997909646891,0.867987467940326,0.0197519420703779,0.63075,0.327063067312713,0.154166666666667,0.0363241578628389,0.1125,0.082915619758885,548.12714376394,7.27918284720545,0.0084299881884799,8,"MICTHO"
"271","H","5","fc.H_rm.5",0.75376512701324,1,0.151249978607246,0.302499957214492,0.511918113734224,0.153766976474867,NA,NA,0.25,0.5,0.25,0.5,241.756491988835,0,0.756854563492853,3,"MORCIT"
"272","LQ","1","fc.LQ_rm.1",0.941887167614949,0.358,0.0239507606682276,0.017093196413794,0.917591605275191,0.0137155265864778,0.407,0.360546806947448,0.3625,0.438510737230762,0.0625,0.125,233.267078191148,18.0921089256219,4.21750676288698e-05,7,"MOSXER"
"273","H","5","fc.H_rm.5",0.77933885715266,1,0.0495213585310566,0.0221667594647821,0.756017222660307,0.0540109116922305,0.625,0.478713553878169,0.121428571428571,0.144514199099938,0,0,646.769375480995,2.62539551954978,0.12829576921021,4,"MOUHEL"
"274","L","1","fc.L_rm.1",0.803769019547428,0.75,0.173414868479916,0.0930672273373958,0.696660894760059,0.126797314133798,0.51025,0.314795568583803,0.333333333333333,0.235702260395516,0.208333333333333,0.25,378.150592351779,6.14845713253737,0.011675977469767,7,"MUNCAL"
"275","L","5","fc.L_rm.5",0.849968064964986,0.206,0.176456750838295,0.422476993125245,0.803240265517005,0.589457958988195,NA,NA,0.222222222222222,1.17588947158426,0.222222222222222,1.17588947158426,198.934897353591,0,0.681773296095325,4,"MYRAMA"
"276","LQ","1","fc.LQ_rm.1",0.891919995891958,0.705,0.240940215467834,0.267236819064094,0.674245344970859,0.269457662920034,-0.04275,0.50097197193722,0.4125,0.425,0.4125,0.425,243.984518342979,4.99015634614642,0.0310392361299094,6,"MYRBOR"
"277","H","5","fc.H_rm.5",0.695977420443375,1,0.152657962183846,0.275584174851774,0.484223689128891,0.288823197681149,NA,NA,0.25,0.5,0.25,0.5,303.005788397185,2.50383031923667,0.0815548936130612,3,"MYRCER"
"278","H","2","fc.H_rm.2",0.821410462130937,0.833,0.158616935631006,0.101260823656206,0.758167237445861,0.154622578351442,0.723,0.156835370160348,0.25,0.288675134594813,0.145833333333333,0.171796067734069,322.836385974337,1.01071675671045,0.292703934996862,5,"MYRCIT"
"279","LQH","3","fc.LQH_rm.3",0.823460314190564,0.934,0.0869660894882078,0.0708587052608185,0.784946072773829,0.0906752922058566,0.78625,0.0880052081792132,0.172433155080214,0.219386947757234,0.0147058823529412,0.0294117647058824,1253.7235219446,1.70997522455923,0.0677561882489358,7,"MYRCOR"
"280","L","5","fc.L_rm.5",0.763888877151856,0.907,0.0869713949239549,0.0536694641357448,0.742393179739819,0.0827182343355367,0.4415,0.399610226762696,0.129166666666667,0.142967880360642,0.0104166666666667,0.0208333333333333,1259.18562718145,12.4073726688769,0.00124965398842063,6,"MYRDEF"
"281","H","1","fc.H_rm.1",0.921529343093562,0.833,0.0576243999966787,0.0486945402404422,0.889795799321129,0.0629596235731035,0.221,0.472008474500194,0.0977272727272727,0.0817760834455372,0.0977272727272727,0.0817760834455372,539.864803131906,11.030871043054,0.00229765923608977,12,"MYRFAL"
"282","H","3","fc.H_rm.3",0.880934356394991,1,0.136850382731619,0.193110019144961,0.805776534592486,0.309666677929705,NA,NA,0.25,1.14564392373896,0,0,252.978153158433,75.6360417841267,3.71029306609565e-17,6,"MYRFLO"
"283","H","5","fc.H_rm.5",0.709374411155078,0.71,0.106479120982314,0.0823236949623358,0.570121844492697,0.0816716510938134,0.064,0.530362768929595,0.0277777777777778,0.0555555555555556,0.0277777777777778,0.0555555555555556,642.535727233656,9.50584433062681,0.00453016276195763,4,"MYRGUI"
"284","H","5","fc.H_rm.5",0.747236471505713,0.705,0.0410192534844385,0.0232119364131328,0.741406890178433,0.0361963561412378,0.26775,0.663020550209419,0.103902116402116,0.100128081381079,0.00833333333333333,0.0166666666666667,2048.02412712375,24.5355325297862,9.93263808100941e-07,7,"MYRSPL"
"285","H","5","fc.H_rm.5",0.805551239347477,0.704,0.0490300353169376,0.0485441459851952,0.770916704526628,0.0468672996193025,-0.2155,0.506878354900529,0.126893939393939,0.106667635154005,0.0885416666666667,0.102592268768709,973.467401081099,4.53946078065985,0.0210799417540132,7,"NECCOR"
"286","H","3","fc.H_rm.3",0.692659137577002,NA,0,0,0.696962347592918,2.42172164118448e-05,NA,NA,0,0,0,0,171.929230609612,29.9664348582814,7.82196822756683e-08,4,"NECKRU"
"287","H","4","fc.H_rm.4",0.89672370656659,0.857,0.0395937460773909,0.0590712300642199,0.776588893633676,0.066456177318488,NA,NA,0.0625,0.125,0.0625,0.125,308.854988671907,64.7924337995478,2.22808206948179e-15,8,"NECMEM"
"288","H","4","fc.H_rm.4",0.731592503304608,0.703,0.0608969582717113,0.0693255755446933,0.726188314417252,0.0696140229909395,0.28675,0.475342946373107,0.0694444444444444,0.0833333333333333,0.0694444444444444,0.0833333333333333,703.098244384788,1.68482091164844,0.262967070036787,4,"NECPAT"
"289","LQ","3","fc.LQ_rm.3",0.739228347468517,0.776,0.0724443688769179,0.0549299823371855,0.69915710846882,0.0581733919356891,0.1505,0.560345429177396,0.0902777777777778,0.118666718684966,0.0590277777777778,0.0683948458458063,514.341226292802,8.85003903758457,0.00687021560195417,6,"NECTUR"
"290","LQ","1","fc.LQ_rm.1",0.846143711361103,0.871,0.0727536790218903,0.0890433612024336,0.795707842086418,0.0873117843735089,0.266,0.581098385244128,0.160714285714286,0.236002709542845,0.0833333333333333,0.166666666666667,678.383203524299,5.53599725095739,0.0263108799541029,10,"NEEBUX"
"291","LQH","5","fc.LQH_rm.5",0.818365148919474,0.814,0.0913119165303727,0.0369168085696168,0.760596971199058,0.0758508335032075,0.599,0.273740753268489,0.0961805555555555,0.0936058562653026,0.0961805555555555,0.0936058562653026,1094.46762585872,20.2154567331565,1.44416638509697e-05,11,"NEORES"
"292","L","3","fc.L_rm.3",0.71674282487036,NA,0.0188783905529868,0.0326983316029015,0.710778811085301,0.00120346471856747,NA,NA,0.0555555555555556,0.0962250448649376,0.0555555555555556,0.0962250448649376,244.264054154709,5.178060197506,0.0163414784848863,4,"OCHPYR"
"293","L","3","fc.L_rm.3",0.657282373242281,1,0.0790872284185311,0.0816306677975056,0.64074621745667,0.075593719852675,0.456,0.942235639317469,0.0476190476190476,0.0824786098842323,0.0476190476190476,0.0824786098842323,432.291827765,2.8421709430404e-13,0.271313440270396,2,"OCOCUN"
"294","L","5","fc.L_rm.5",0.579536699368226,NA,0,0,0.579515531231537,3.40833532108931e-05,NA,NA,0,0,0,0,358.196649224083,2.32674391568355,0.0937846172467476,2,"OCOFLO"
"295","L","1","fc.L_rm.1",0.711449908511777,0.866,0.138530210507476,0.0619785287920399,0.681744385188672,0.133886719050871,0.54225,0.359714122602936,0.129807692307692,0.150094480435488,0.0384615384615385,0.0769230769230769,1890.77358125652,15.9306439888635,0.000299586182731711,8,"OCOLEU"
"296","L","3","fc.L_rm.3",0.948444233791957,0.864,0.0453313721737991,0.0704975653145945,0.919321675395422,0.0786086944942756,0.59925,0.381997709417216,0.282563025210084,0.479303242761575,0,0,530.546590517671,5.36162595928408,0.0357204120436003,7,"OCOSPA"
"297","LQH","3","fc.LQH_rm.3",0.762440599453486,1,0.283141482293,0.0974550177648938,0.504173795412186,0.121332707062013,0.314333333333333,0.618074698829626,0.666666666666667,0.288675134594813,0.666666666666667,0.288675134594813,188.029099469902,3.03248387467647e-06,0.326991630597762,2,"OCOWRI"
"298","LQH","4","fc.LQH_rm.4",0.856243478724457,0.74,0.0905782462570951,0.0470088487484066,0.826422233946951,0.0989375371285162,0.3335,0.195483162105248,0.160714285714286,0.236002709542845,0.160714285714286,0.236002709542845,531.634581817948,0,0.700767844517316,5,"ORMKRU"
"299","LQ","1","fc.LQ_rm.1",0.898740276922375,0.524,0.158857552635781,0.477032619431484,0.783728529391638,0.540006441686466,NA,NA,0.333333333333333,1.33333333333333,0.333333333333333,1.33333333333333,NA,NA,NA,8,"OSSKRU"
"300","L","3","fc.L_rm.3",0.832664792071946,0.843,0.0268184750070203,0.0231634096364948,0.820374939291209,0.0290945025051952,0.498,0.168426047075069,0.123737373737374,0.0990980650017605,0.0555555555555556,0.111111111111111,825.111300458688,2.51129205727375,0.0639471983209763,7,"OTTRHO"
"301","H","4","fc.H_rm.4",0.794030216927413,0.952,0.208173148838579,0.215082937694351,0.554561069581333,0.0889632449187463,NA,NA,0.5,0.5,0.5,0.5,205.623020691724,11.4167042265714,0.000895792503566742,4,"OURLIT"
"302","LQ","2","fc.LQ_rm.2",0.797416966272898,0.589,0.16755991621148,0.142203979879022,0.683594887073852,0.135497067270677,0.40975,0.401166112726387,0.25,0.166666666666667,0.166666666666667,0.192450089729875,296.464862539536,43.2480479669897,1.52751906630749e-10,8,"OXALAN"
"303","LQ","1","fc.LQ_rm.1",0.973577940421161,0.626,0.0167449508326502,0.0171435605564951,0.970651074721452,0.0170906943646931,-0.00924999999999999,0.460768470420159,0.2,0.4,0.2,0.4,278.784082943984,0,0.55012353774702,7,"PALALP"
"304","LQ","4","fc.LQ_rm.4",0.724915066659803,0.81,0.051523850535873,0.0248301238213052,0.691855262810957,0.0316530411561007,NA,NA,0.106060606060606,0.157459164324443,0,0,851.416566472193,3.54703523648436,0.0497947578980281,5,"PALCRO"
"305","H","4","fc.H_rm.4",0.786908940582875,0.802,0.0469725161343491,0.0600637024582782,0.752148254392145,0.0599628399465805,0.37475,0.339479380817157,0.108441558441558,0.084920236469854,0.0834415584415584,0.0600628875279886,714.434499837526,14.9716737736543,0.000424310422474944,9,"PALRIP"
"306","L","4","fc.L_rm.4",0.621992973801855,1,0.283329832680099,0.161951639317144,0.356821131872228,0.133828603308641,-0.15125,0.850395741209154,0.2375,0.330088372005639,0.1375,0.160078105935821,406.750707286394,0.373208075210925,0.119999660498992,3,"PARCRE"
"307","L","2","fc.L_rm.2",0.549719708036341,1,0.199905917907223,0.0882783254352713,0.383531190778027,0.0674819520074652,NA,NA,0.263888888888889,0.305555555555556,0.263888888888889,0.305555555555556,454.41320078821,5.41940914166554,0.0143008356087967,3,"PERAME"
"308","H","3","fc.H_rm.3",0.826991598079561,0.754,0.0804585885759621,0.0552294670208283,0.745836936744179,0.0443899014408612,0.34625,0.445226814855829,0.125,0.159571184626056,0.0833333333333333,0.166666666666667,625.025043656212,0,0.260771333078653,7,"PETDOM"
"309","H","4","fc.H_rm.4",0.902443692379508,0.951,0.100524699452391,0.0441920101916327,0.819990007354332,0.103396945749942,NA,NA,0.258333333333333,0.211476292340825,0.258333333333333,0.211476292340825,225.179722166861,8.89681530223541,0.00340761847431135,5,"PHIMYR"
"310","LQ","5","fc.LQ_rm.5",0.761106711236822,0.868,0.115724862183738,0.0904740522102641,0.702975227526131,0.105020089736153,0.5005,0.271417881995027,0.1875,0.239356776939085,0.0833333333333333,0.166666666666667,527.522477101214,1.10625500927028,0.113522993181802,4,"PHLCOW"
"311","LQH","2","fc.LQH_rm.2",0.943578940156887,0.864,0.151719956993809,0.197789021532927,0.803997682537087,0.204973585423833,-0.365,0.125557423781578,0.46875,0.543666181279162,0.46875,0.543666181279162,284.158863662304,0,0.671509919739167,6,"PHYCUN"
"312","LQ","1","fc.LQ_rm.1",0.832385501971489,0.601,0.099591674104379,0.107998648155279,0.740307645773964,0.0989970132019843,-0.06075,0.551820849551736,0.114583333333333,0.157288217401474,0.114583333333333,0.157288217401474,447.220175436349,7.16545409577998,0.00923095015872136,8,"PHYEPI"
"313","LQH","1","fc.LQH_rm.1",0.888933963233029,0.803,0.32389793225534,0.31027441629073,0.668547375633551,0.360337218469538,0.233,0.843195113837835,0.5,0.577350269189626,0.416666666666667,0.5,679.402916347048,352.025757742695,1.61738830266067e-77,13,"PHYJUG"
"314","H","1","fc.H_rm.1",0.900265489979776,0.795,0.0875418059378718,0.0793079399177323,0.834827657029074,0.0914704995404046,0.2045,0.360394691044878,0.145833333333333,0.171796067734069,0.145833333333333,0.171796067734069,723.502329074875,36.9120300656305,2.75967763997197e-09,14,"PICACU"
"315","H","5","fc.H_rm.5",0.80214081050795,0.421,0.0275598313052831,0.013437763174659,0.786481579064221,0.0253418984399937,0.16725,0.519036527295206,0.168055555555556,0.113888888888889,0.0777777777777778,0.0968644209675705,609.2390976379,3.40988816817628,0.0496722724489521,6,"PICPEN"
"316","L","2","fc.L_rm.2",0.920784020414449,0.885,0.181105513758732,0.508850228290886,0.815767668323874,0.584162908878511,NA,NA,0.285714285714286,1.10656667034498,0.285714285714286,1.10656667034498,NA,NA,NA,7,"PILRAC"
"317","H","5","fc.H_rm.5",0.747232682871163,0.912,0.0738409367133399,0.0944223038546314,0.660400132143437,0.0944912714647697,0.3145,0.355217773579345,0.10541958041958,0.0949837686772119,0.025,0.05,971.200816831603,8.17164536894143,0.00626009619772648,6,"PIMRAC"
"318","L","2","fc.L_rm.2",0.836654434407719,1,0.199740812974748,0.271129574215106,0.77447521042907,0.504160516459785,NA,NA,0.25,1.14564392373896,0.125,0.875,252.03530754633,78.002053078164,2.88409114728151e-18,6,"PINCAR"
"319","LQH","5","fc.LQH_rm.5",0.689174154899444,0.536,0.034561980276597,0.0403888994574451,0.611750819596496,0.0870917418545036,NA,NA,0.0416666666666667,0.0833333333333333,0.0416666666666667,0.0833333333333333,380.563619607876,1.73422177708579,0.0778886984411388,3,"PINCOR"
"320","L","4","fc.L_rm.4",0.715016999751223,0.847,0.0500484220255165,0.0224992298139802,0.692985062555092,0.0445390708674535,0.2475,0.521863647581115,0.0625,0.0721687836487032,0,0,650.715883205947,0.185415491332833,0.178604896799905,4,"PIPADU"
"321","LQ","1","fc.LQ_rm.1",0.645818406423718,0.677,0.121726119220786,0.121156868844479,0.558996873677819,0.0671783640522459,-0.185,0.298445975010554,0.115384615384615,0.230769230769231,0.0769230769230769,0.153846153846154,1091.81271914905,16.8637835230595,8.94934651517716e-05,8,"PIPAMA"
"322","L","5","fc.L_rm.5",0.666818675871925,0.881,0.077227686010824,0.0200298253509119,0.625164941830754,0.0598736397744347,NA,NA,0.0486111111111111,0.0572653559113564,0.0277777777777778,0.0555555555555556,857.141967852032,12.9732780634341,0.000758077297639515,3,"PIPBLA"
"323","L","5","fc.L_rm.5",0.728871214519363,0.905,0.0418611798459205,0.0513180419385688,0.717425221079537,0.0537299094952443,0.73225,0.135226661572339,0.0799450549450549,0.0598901098901099,0.0607142857142857,0.0722570995499691,818.513542876968,0,0.190674997139594,4,"PIPGLA"
"324","H","5","fc.H_rm.5",0.661665966338133,0.568,0.171110719088261,0.162564551557,0.53041198249594,0.11827604186047,-0.14075,0.839833862538697,0.185714285714286,0.284282124887606,0.185714285714286,0.284282124887606,627.52225010466,1.67416283581247,0.0945415115621374,5,"PIPHIS"
"325","LQH","4","fc.LQH_rm.4",0.777657898342239,0.892,0.0828078135540916,0.0877479758694591,0.611380545406887,0.0670248811427682,0.2135,0.489421767667384,0.15,0.3,0.1,0.2,394.365960091417,9.69879201489249,0.0028933125802467,6,"PIPJAC"
"326","L","4","fc.L_rm.4",0.796844244758237,0.967,0.100284806979635,0.119894555991503,0.649972916995795,0.0601446459096249,NA,NA,0.25,0.5,0.25,0.5,264.122395304187,4.79260868531964,0.0189912100100127,5,"PIPMAR"
"327","L","4","fc.L_rm.4",0.738205034401314,1,0.17932423197161,0.126262922165512,0.570990871693751,0.11926934246396,NA,NA,0.3,0.244948974278318,0.3,0.244948974278318,345.838634110595,4.33701967371201,0.045775669063804,5,"PIPUMB"
"328","H","1","fc.H_rm.1",0.898276470199211,0.894,0.0449248254494229,0.0486015591731643,0.87242148810134,0.0495344016227474,0.6095,0.133540256102795,0.125,0.159571184626056,0.0833333333333333,0.166666666666667,562.173730996879,18.9247654978698,2.44404612997103e-05,12,"PISALB"
"329","H","5","fc.H_rm.5",0.807216547759585,NA,0.117117487039984,0.191252055469988,0.724688189703844,0.135642261275146,NA,NA,0.6,0.979795897113271,0.6,0.979795897113271,126.58960361036,5.91138181108704,0.0253614078213647,3,"PISCAR"
"330","H","3","fc.H_rm.3",0.579483625911097,NA,0.115810605801366,0.617933164546114,0.476559559251275,0.548295875531005,NA,NA,0.222222222222222,1.17588947158426,0.222222222222222,1.17588947158426,192.967318146302,0,0.100896473347196,2,"PISSUB"
"331","H","5","fc.H_rm.5",0.924905244683433,0.871,0.0487471644326002,0.0435044770773655,0.871670477254679,0.112277599561195,0.000499999999999987,0.833583629077891,0.291666666666667,0.478713553878169,0.0416666666666667,0.0833333333333333,259.461832700091,32.2135841201058,3.19598787653955e-08,7,"PITDUL"
"332","LQ","2","fc.LQ_rm.2",0.919227305792097,0.777,0.0354635382536643,0.0239663056270636,0.919116454535132,0.0457192433615424,0.45275,0.531672439885061,0.133333333333333,0.163299316185545,0.108333333333333,0.15723301886761,348.048539190863,0,0.41782417386249,5,"PITUNG"
"333","LQ","5","fc.LQ_rm.5",0.833155851277381,0.483,0.133416026722942,0.189293320312724,0.734031424434332,0.190216900155095,0.36075,0.348659695596341,0.364583333333333,0.445365798467332,0.333333333333333,0.471404520791032,429.575341544159,1.51193245596829,0.142079483076258,3,"PLUALB"
"334","H","3","fc.H_rm.3",0.697729024122551,0.72,0.210802721910359,0.131008587662109,0.518700000660969,0.0898038809752101,0.02,0.452961367006062,0.29047619047619,0.109004982307234,0.254761904761905,0.176190476190476,474.702040351141,4.4282863531642,0.0207899406150033,5,"PLUCAR"
"335","L","3","fc.L_rm.3",0.766588848782918,0.653,0.0922144903710065,0.0740902357591207,0.706800375187854,0.0899472459518229,0.39375,0.748850841845914,0.0625,0.125,0.0625,0.125,513.224833295885,2.34039864547123,0.132676765557454,6,"PLUOBT"
"336","LQH","4","fc.LQH_rm.4",0.772675344013144,0.847,0.301255410909893,0.25192769820159,0.526366585002335,0.306065991361488,NA,NA,0.4125,0.425,0.4125,0.425,257.836069918262,8.64482733097424,0.00485219022403141,4,"PODCOR"
"337","L","4","fc.L_rm.4",0.719029649249126,0.921,0.17395601530633,0.239575040675017,0.545725525551171,0.205686094554105,0.063,0.778754989283108,0.251488095238095,0.278444848123847,0.251488095238095,0.278444848123847,690.755597794454,0.137467676936353,0.145919007064946,5,"POIFLO"
"338","LQ","4","fc.LQ_rm.4",0.811605755363511,0.888,0.0752700761997173,0.0441646304460898,0.781801420023852,0.0790848090055346,0.6965,0.178614109185137,0.116666666666667,0.145296631451356,0.0916666666666667,0.106718737290547,469.368507426077,6.76783624799941,0.0109911464750258,5,"POIPUN"
"339","H","2","fc.H_rm.2",0.785459305092813,0.437,0.220625565790333,0.576004074522424,0.715259306959338,0.85377072587283,NA,NA,0.181818181818182,1.21967344227261,0.0909090909090909,0.909090909090909,278.649527426527,41.0083198851602,4.50397882514905e-10,7,"POUDIC"
"340","L","5","fc.L_rm.5",0.564772960756113,NA,0.0689083132096799,0.13781662641936,0.522547983967534,0.0844765765207961,NA,NA,0,0,0,0,363.620652282462,0,0.261845775073314,2,"POUMUL"
"341","LQH","1","fc.LQH_rm.1",0.892486380923014,0.848,0.0830632923921878,0.0586268268833947,0.811841519096461,0.0527953046539045,0.324,0.193012952933216,0.177083333333333,0.145833333333333,0.177083333333333,0.145833333333333,469.389160646849,24.4167142415826,4.0588685240524e-06,11,"PREMON"
"342","LQ","1","fc.LQ_rm.1",0.91829124319885,0.713,0.18024900477934,0.572071875498479,0.790942921671286,0.655660783802875,NA,NA,0.4,1.46969384566991,0.3,1.37477270848675,218.751108712666,24.871578723549,8.78599164934747e-07,6,"PROJUL"
"343","H","2","fc.H_rm.2",0.900240405181117,0.861,0.0873496787079252,0.29757695697006,0.876706791232483,0.388282471533626,NA,NA,0.166666666666667,1.23603308118261,0.0833333333333333,0.916666666666667,331.921827329628,75.087126001199,3.98004698906382e-17,9,"PRUMYR"
"344","L","2","fc.L_rm.2",0.804492608561749,0.603,0.253173481037663,0.77200695583906,0.711316856585566,1.03760353971425,NA,NA,0.25,1.43614066163451,0.25,1.43614066163451,268.507782038824,14.8441907266003,0.000358139071412162,6,"PSESPU"
"345","H","4","fc.H_rm.4",0.939063720732825,0.914,0.0947407960861263,0.14339548622636,0.87955316169925,0.151330430948805,0.05325,0.769948645473623,0.25,0.5,0.25,0.5,362.487088611159,0,0.6524743660076,7,"PSIAMP"
"346","H","1","fc.H_rm.1",0.863100422079744,0.874,0.068557978351873,0.0786242289080494,0.811282787372841,0.0829460800189314,0.50825,0.303675676778149,0.144771062271062,0.0770374193784375,0.0817307692307692,0.11789470613942,1289.86113413089,0.827144676276703,0.23075187882971,14,"PSYBER"
"347","H","5","fc.H_rm.5",0.826642151684548,0.881,0.0764590892362511,0.0493909998986866,0.82252254976896,0.0742321426506951,0.093,0.507323039755407,0.0777777777777778,0.0968644209675705,0.0777777777777778,0.0968644209675705,558.586978686652,4.49911870261678,0.0279936290384445,5,"PSYBRA"
"348","L","4","fc.L_rm.4",0.706952146386425,1,0.0799070000197462,0.0511823667323005,0.712696183650563,0.0784633654815854,NA,NA,0.0625,0.125,0.0625,0.125,357.843371768568,5.6843418860808e-14,0.124556953409183,4,"PSYGRA"
"349","LQH","2","fc.LQH_rm.2",0.92874507789762,0.735,0.133247022857521,0.175710328197761,0.828017930525207,0.191247378222969,0.224,0.824114474248976,0.3,0.476095228569523,0.25,0.5,313.767308106388,73.9804537137292,4.90799717868928e-17,9,"PSYMAL"
"350","LQ","5","fc.LQ_rm.5",0.890888558082234,0.739,0.115859612499929,0.581423237608976,0.806247112571223,0.64224379357627,NA,NA,0.2,1.2,0.1,0.9,220.959285343665,0,0.370113321130308,5,"PSYMAR"
"351","L","4","fc.L_rm.4",0.631933594467675,0.467,0.0961892075593051,0.0586769655047574,0.539258314343709,0.0465743385303014,0.1525,0.340889522670713,0.145833333333333,0.138192699598142,0.125,0.102062072615966,748.314412955125,10.6586646250825,0.00138451750469858,4,"PSYPUB"
"352","H","4","fc.H_rm.4",0.7311734100089,1,0.203301980652662,0.0556406892944709,0.539825725314071,0.218951675947156,NA,NA,0.291666666666667,0.209717623201965,0.291666666666667,0.209717623201965,207.542170520439,11.6085015908687,0.00150790996896755,4,"PTEIND"
"353","L","1","fc.L_rm.1",0.881910923966999,0.639,0.0904973251913317,0.0828392146699898,0.811459941462928,0.0837517799136044,0.412,0.410526491228033,0.233333333333333,0.251661147842358,0.233333333333333,0.251661147842358,318.128175651415,16.7367758384412,0.000102061862595905,7,"QUACYN"
"354","LQ","1","fc.LQ_rm.1",0.87507622623211,0.923,0.0740863440915371,0.0549908995557031,0.840700781019484,0.080989282604037,0.56525,0.0595951619960323,0.177380952380952,0.165660226540942,0.0708333333333333,0.0946484724300046,549.437970168533,4.61058895115241,0.0280564732271587,9,"QUAIND"
"355","L","5","fc.L_rm.5",0.754887430735456,0.613,0.0742430577547949,0.0720091583184649,0.751452029851317,0.0803485565812894,0.0705,0.357499184148253,0.0833333333333333,0.166666666666667,0.0625,0.125,803.432846125527,0.915446933618227,0.104748267784912,5,"QUATUR"
"356","L","3","fc.L_rm.3",0.704533420250573,0.886,0.130779666148397,0.0623350817192222,0.602326597200097,0.0686677626353376,0.13075,0.169669040585881,0.125371360665478,0.112093357595317,0.102644087938206,0.075500829017916,959.901622988396,3.5865854496875,0.043250137511987,6,"RANACU"
"357","LQ","1","fc.LQ_rm.1",0.781785961785962,0.948,0.0879273788989658,0.0855312569670592,0.729369637985994,0.0724023318701102,0.60775,0.222249671915768,0.109375,0.21875,0.09375,0.1875,830.581088420537,11.7248024099697,0.000859325698436333,10,"RAUNIT"
"358","LQH","1","fc.LQH_rm.1",0.948171531556194,0.575,0.0595300220146232,0.20887139900205,0.898952309254126,0.215399728363333,NA,NA,0.333333333333333,1.33333333333333,0.222222222222222,1.17588947158426,277.171831019713,80.553708170451,1.18107186333444e-18,7,"RAVURB"
"359","L","3","fc.L_rm.3",0.709064286514965,1,0.0932806420011612,0.0656093107773693,0.710195053359131,0.110321868285482,0.86075,0.241996384270509,0,0,0,0,449.96452596053,0,0.624066274519568,4,"REYKRU"
"360","LQ","5","fc.LQ_rm.5",0.947140875462392,0.745,0.0399593215764881,0.0346626070349285,0.932988003220168,0.0469610647935099,0.437,0.553964800325797,0.133333333333333,0.23094010767585,0.133333333333333,0.23094010767585,358.142242983482,0.628705885125953,0.144826357935201,5,"REYUNC"
"361","H","5","fc.H_rm.5",0.955051931380558,0.6,0,0,0.840969827093741,7.53730793235384e-05,NA,NA,0,0,0,0,186.760568221724,11.488793335669,0.000685284431683458,2,"REYVIV"
"362","LQ","5","fc.LQ_rm.5",0.852218988997972,0.56,0.104698401159239,0.0908447609688453,0.813055645855781,0.128493911825218,0.73275,0.220864023024726,0.266666666666667,0.32659863237109,0.1,0.2,364.946589300354,0.633221706898325,0.132647880136012,5,"RHIMAN"
"363","H","2","fc.H_rm.2",0.916270412887863,0.896,0.105359987598635,0.0816717957505187,0.806423505020805,0.0786696624063678,0.18375,0.181409986862172,0.192361111111111,0.187211712530605,0.133333333333333,0.163299316185545,541.811848614887,3.5888504844379,0.0655550277265009,9,"ROCACA"
"364","LQH","5","fc.LQH_rm.5",0.702393406347402,0.968,0.0702680935213454,0.0577972726950145,0.654713306147862,0.0484415433023718,0.19625,0.377931541419871,0.0705186880244088,0.0601579252558254,0.0108695652173913,0.0217391304347826,1501.77799319836,14.0180473749924,0.000627858878242351,5,"RONINE"
"365","L","1","fc.L_rm.1",0.864491437837961,0.789,0.0935021778302544,0.0549379303152021,0.888285534226793,0.0917532885674253,0.50925,0.226942540451689,0.113636363636364,0.227272727272727,0.0909090909090909,0.181818181818182,352.775496955804,4.18103263154558,0.0324971899131149,7,"RONPOR"
"366","L","5","fc.L_rm.5",0.679900372104189,0.8,0.0587655428255564,0.0473390402529929,0.651882775342718,0.0571128560867395,-0.09975,0.508461322685085,0.0871212121212121,0.10078889920947,0.0416666666666667,0.0833333333333333,891.641292049068,7.63410344298006,0.00492666022880295,4,"SAMDOD"
"367","H","5","fc.H_rm.5",0.804260514365259,0.6,0.0408461281708945,0.0816922563417891,0.637361652172918,0.0717445766572351,NA,NA,0.125,0.25,0.125,0.25,202.223834575332,5.99823074270307,0.0130144020693281,4,"SAMSAM"
"368","H","5","fc.H_rm.5",0.710232848529732,0.843,0.215325592127796,0.155740526333005,0.513525995375556,0.219819046897747,-0.025,0.939308788418377,0.111111111111111,0.192450089729875,0,0,658.784773112433,28.5406814086446,4.08082939573593e-07,6,"SAMSPI"
"369","LQ","4","fc.LQ_rm.4",0.789923226420923,0.93,0.0695437545026208,0.0398006057381498,0.769209719958486,0.0638524842235419,0.624,0.148137323678628,0.165896358543417,0.128565096906885,0.0386904761904762,0.0449394906861354,969.713619637494,0.655316118994733,0.145188995175792,4,"SAPLAU"
"370","H","5","fc.H_rm.5",0.673150952112098,NA,0.0653698095775805,0.261479238310322,0.611743571318585,0.245629523174049,NA,NA,0.2,0.8,0.2,0.8,132.60874262419,0,1,3,"SAPSAP"
"371","L","1","fc.L_rm.1",0.874167049632353,0.629,0.0392188060559938,0.0122415698605402,0.852271661651146,0.0289358452607884,0.2,0.449605011834462,0.0416666666666667,0.0833333333333333,0.0416666666666667,0.0833333333333333,353.200805984494,15.8649925752175,9.57890862912979e-05,8,"SAVSES"
"372","L","5","fc.L_rm.5",0.727214612458882,0.935,0.102270483808069,0.0924453069977095,0.701685776119418,0.125183136950799,0.8295,0.288930787559928,0.0357142857142857,0.0714285714285714,0.0357142857142857,0.0714285714285714,514.172298432525,4.92996279734285,0.0208994782811361,5,"SCHFRU"
"373","L","5","fc.L_rm.5",0.75098814229249,NA,0.0231145548409806,0.161801883886864,0.781482598429239,0.21346119295724,NA,NA,0,0,0,0,180.494176864269,0,1,4,"SCHGLE"
"374","L","1","fc.L_rm.1",0.776585886291142,0.89,0.0996414202759258,0.104497883090196,0.704691643863237,0.110191197176923,0.6595,0.239725537507653,0.163348416289593,0.17352061151167,0.114705882352941,0.192206876244486,976.214840400048,9.21962777885255,0.00392429809785898,9,"SCHMOR"
"375","H","5","fc.H_rm.5",0.866328012288672,NA,0.0483904725218285,0.0967809450436569,0.776382059294006,0.0571703088501118,NA,NA,0.25,0.5,0,0,232.384577437035,11.2449616122028,0.000899297732338889,6,"SCHOBO"
"376","LQ","3","fc.LQ_rm.3",0.926308961052307,0.783,0.085792671769242,0.073563993760623,0.87377282989205,0.0926011993119401,0.269,0.285898583417267,0.180555555555556,0.237333437369931,0.180555555555556,0.237333437369931,361.10462294944,0,0.152992687980865,4,"SENPOL"
"377","L","4","fc.L_rm.4",0.588810721988292,NA,0.0281924114021572,0.0563848228043143,0.571829847661874,0.0339891162450676,NA,NA,0.0625,0.125,0.0625,0.125,281.762170762159,0.0111916233592524,0.111989906410747,2,"SENSIA"
"378","L","2","fc.L_rm.2",0.751282758663687,0.678,0.126884431103175,0.0820696354988494,0.73170761995298,0.125648041465606,0.326,0.157685340684119,0.112637362637363,0.146439996392972,0.0357142857142857,0.0714285714285714,665.125014677142,5.02933797297896,0.0389140270951213,7,"SIDCUB"
"379","H","4","fc.H_rm.4",0.766603446884378,0,0.122849424536703,0.101709607058062,0.689743394736398,0.128653792874103,NA,NA,0.1875,0.239356776939085,0.1875,0.239356776939085,296.778471078789,3.25949232924711,0.0639904703224858,4,"SIDFOE"
"380","H","5","fc.H_rm.5",0.888093653807661,0.803,0.0231334963881372,0.0155386733299792,0.88476861936728,0.0229780521808342,0.6015,0.24067197593405,0.104166666666667,0.125,0.0625,0.125,367.245599312208,10.4244980244018,0.00145131375162733,5,"SIDOBO"
"381","H","5","fc.H_rm.5",0.77421445807876,0.901,0.186975676227329,0.137504567243083,0.472839183607485,0.0787178646225137,NA,NA,0.316666666666667,0.245703826527733,0.316666666666667,0.245703826527733,345.905659718899,4.05480909885182,0.0978164877996935,4,"SIDPOR"
"382","L","3","fc.L_rm.3",0.758806218460842,0.867,0.104266131439308,0.135956043553375,0.658886572332124,0.127045940949671,0.4215,0.669342214416512,0.0833333333333333,0.166666666666667,0.0833333333333333,0.166666666666667,588.845347496476,12.8969887027639,0.000923491439872708,9,"SIDSAL"
"383","L","1","fc.L_rm.1",0.734887022983364,0.915,0.10246722452592,0.0684486396929338,0.688095054554188,0.114233258103896,0.50125,0.444865803735613,0.187745098039216,0.157012795879741,0.133333333333333,0.163299316185545,809.389817288608,0,0.290952894753579,9,"SIMTUL"
"384","H","4","fc.H_rm.4",0.909532854209446,0.677,0.0542128258173203,0.0539328284370928,0.745126030444209,0.0371573618702417,NA,NA,0.277777777777778,0.254587538608658,0,0,262.303614896078,54.1922928700341,1.5833991638187e-12,7,"SIPDEN"
"385","L","2","fc.L_rm.2",0.711933627863968,0.696,0.13953524196643,0.210925003132031,0.579575523996919,0.189218582363386,0.44125,0.741064718271398,0.125,0.25,0.125,0.25,342.520464017313,8.12103263408852,0.00706609221179471,6,"SLOAMY"
"386","LQ","1","fc.LQ_rm.1",0.896549619693699,0.335,0.0590686384708382,0.0209806618838854,0.875154629091038,0.0473692157286811,0.3585,0.161683847884279,0.175,0.206155281280883,0.075,0.15,617.267898046674,26.0581071251358,1.7343411377389e-06,10,"SLOBER"
"387","H","4","fc.H_rm.4",0.693101324299353,NA,0,0,0.693101324299353,0,NA,NA,0,0,0,0,185.073680243374,5.6843418860808e-14,0.25339676841531,4,"SOLENS"
"388","LQH","1","fc.LQH_rm.1",0.893926803552601,0.759,0.175605620134686,0.187661298370026,0.7835917345126,0.227555182816726,0.45175,0.324051821987369,0.170454545454545,0.235823976004142,0.170454545454545,0.235823976004142,537.358140522125,52.8379977745564,7.48676124270346e-13,14,"SOLRUG"
"389","L","1","fc.L_rm.1",0.715453443986962,0.692,0.0669185741467631,0.0633972964782344,0.653734614213037,0.0682091327400979,0.2095,0.469171255158142,0.102380952380952,0.128571428571429,0.0690476190476191,0.07982406959162,1046.11083247088,17.0521769680274,6.20991295274532e-05,8,"SOLTOR"
"390","H","4","fc.H_rm.4",0.735090394067153,0.731,0.114758594493883,0.138348669173479,0.636011442204316,0.133188777853258,0.072,0.40585876032597,0.141666666666667,0.240947204913349,0.1,0.2,928.409715806357,6.17536123689672,0.0279992041525823,7,"SPACAM"
"391","L","4","fc.L_rm.4",0.63398452980288,1,0.0883501037045861,0.0791672611633537,0.544354425790988,0.0437006596321378,NA,NA,0.1875,0.239356776939085,0.0625,0.125,451.89472994015,0.0262389494541821,0.148349902174404,2,"SPOMOM"
"392","H","2","fc.H_rm.2",0.885225219235953,0.802,0.116663478248844,0.107850596865349,0.849333347262089,0.134648267651779,0.55825,0.188089296168956,0.1875,0.239356776939085,0.125,0.25,367.117339934819,15.4504068294858,0.000177212386376647,9,"STAMON"
"393","H","2","fc.H_rm.2",0.898623816136546,0.712,0.0660089570681857,0.0487722315688563,0.874863232847167,0.0711322288323352,0.461,0.275875575818762,0.154761904761905,0.179757962744542,0.0416666666666667,0.0833333333333333,671.36487391004,3.36645215298518,0.0697283117721472,8,"STEACU"
"394","L","4","fc.L_rm.4",0.828875770020534,NA,0.019152643010047,0.0331733507926304,0.856216717607896,0.0553857303473308,NA,NA,0,0,0,0,190.325880412539,0,0.344402914974332,5,"STESIN"
"395","LQ","2","fc.LQ_rm.2",0.979581885110065,0.754,0.0160282262992457,0.0258610757603558,0.9759521609691,0.0405191170324887,NA,NA,0.428571428571429,1.21218305346265,0.285714285714286,1.10656667034498,NA,NA,NA,7,"SURMAR"
"396","L","2","fc.L_rm.2",0.658063759275009,1,0.223264387873811,0.637884491144344,0.409438513652227,0.51293639154597,NA,NA,0.428571428571429,1.21218305346265,0.428571428571429,1.21218305346265,176.872984578385,20.9609110317262,2.34700141598772e-06,4,"SWIMAC"
"397","LQ","5","fc.LQ_rm.5",0.681556572923479,0.775,0.107800333235456,0.114742672998813,0.623737115139838,0.133992461008899,0.207,0.510717795525735,0.20625,0.2125,0.08125,0.0986893273527251,468.017475816249,0.477875800996287,0.123467649804418,2,"SWIMAH"
"398","LQH","5","fc.LQH_rm.5",0.726223718322084,0.652,0.144133436236432,0.136048753163382,0.510695233882675,0.177348968057876,NA,NA,0.258928571428571,0.354004064314268,0.0714285714285714,0.142857142857143,387.957664970247,3.39167685945921,0.0423629956622306,3,"SYMMAR"
"399","LQ","2","fc.LQ_rm.2",0.905595769803378,0.533,0.123726050403253,0.125654658989043,0.792485345021308,0.128639606630916,-0.022,0.497631054765141,0.516666666666667,0.422952584681651,0.433333333333333,0.416333199893227,225.413946295904,14.299017869727,0.000359182063198904,6,"SYMMIC"
"400","L","3","fc.L_rm.3",0.694360388861817,0.835,0.0589753290395237,0.0606097057028293,0.653926197134086,0.0662777019967015,0.49725,0.121349014554439,0.0810606060606061,0.0688074550527013,0.0277777777777778,0.0555555555555556,1288.14506810634,4.48985353329908,0.0296282257723063,6,"SYZJAM"
"401","H","3","fc.H_rm.3",0.776215161936047,NA,0.1,0.4,0.685151157419289,0.364256018067033,NA,NA,0.2,0.8,0.2,0.8,NA,NA,NA,5,"SYZMAL"
"402","L","3","fc.L_rm.3",0.719300878838748,0.943,0.167182003462946,0.146440362919667,0.565704725860826,0.146983197198763,NA,NA,0.3,0.280211560287078,0.3,0.280211560287078,294.354605023856,17.3788988765122,2.99546602272627e-05,6,"TABCIT"
"403","L","4","fc.L_rm.4",0.776520426296072,0.925,0.0719732485273975,0.0739211759508475,0.767228793143073,0.0849699344903731,0.426,0.355733983007902,0.0870535714285714,0.135678057507895,0.0535714285714286,0.107142857142857,1149.78703633065,10.3045121888438,0.00277998400646251,7,"TABHAE"
"404","H","5","fc.H_rm.5",0.604082165294671,0.707,0.0520361227079644,0.0537537484451557,0.605704764385963,0.0650642083889267,0.296,0.676743673779076,0.0813717532467532,0.10058032256239,0.00892857142857143,0.0178571428571429,2079.85208743932,1.71343562920492,0.10321535588358,4,"TABHET"
"405","H","5","fc.H_rm.5",0.935080635963412,0.6,0.0265410080065695,0.0563950709847923,0.92793517187892,0.0749464309319076,NA,NA,0.222222222222222,1.17588947158426,0.111111111111111,0.888888888888889,165.345410022598,2.5525866327591,0.0243830497049441,2,"TABKAR"
"406","LQ","1","fc.LQ_rm.1",0.917688074288126,0.422,0.0769095114371449,0.0723534386886375,0.900690050750434,0.087680687270797,0.46875,0.258350375781934,0.25,0.5,0.25,0.5,366.758848159982,5.88083673731035,0.0394449553827337,9,"TABRIG"
"407","L","1","fc.L_rm.1",0.853972437530489,0.855,0.049120718998017,0.0403785474635038,0.817970989685613,0.0448008572473019,0.64225,0.13597395583959,0.135416666666667,0.178000078027449,0.0729166666666667,0.0858980338670346,753.267014544013,7.88030676848427,0.00646898813202477,7,"TABSCH"
"408","H","2","fc.H_rm.2",0.865475496582779,0.923,0.0655487491192711,0.0659372668834334,0.842596965376505,0.0695192033035801,0.6435,0.158359296116984,0.120192307692308,0.139008002834625,0.0416666666666667,0.0833333333333333,775.327842996728,38.3961239319486,1.2668999483451e-09,15,"TAMIND"
"409","H","3","fc.H_rm.3",0.564739706335353,NA,0.122581653383341,0.106158825867872,0.469859747913834,0.0696035903219111,NA,NA,0.222222222222222,0.192450089729875,0.222222222222222,0.192450089729875,216.692832008481,0,0.148992551141449,2,"TECGRA"
"410","LQ","1","fc.LQ_rm.1",0.89765864045303,0.896,0.0916229930169732,0.067626894667339,0.827725337395431,0.0895260477171023,0.574,0.156036320558174,0.2125,0.165201896679992,0.15,0.191485421551268,389.048627704848,0.50224324585281,0.218782512822894,8,"TECSTA"
"411","L","5","fc.L_rm.5",0.563553557857956,1,0.0216653816499615,0.0433307632999229,0.515515294366589,0.0088871852783685,NA,NA,0.0416666666666667,0.0833333333333333,0.0416666666666667,0.0833333333333333,409.805210275772,0,0.228058721642357,2,"TERCAT"
"412","L","5","fc.L_rm.5",0.816366119281886,0.736,0.10215686525696,0.0928422522885364,0.765242813711325,0.112019679530653,0.324,0.422777325156715,0.0777777777777778,0.0968644209675705,0.0777777777777778,0.0968644209675705,533.078263917014,9.09791224652599,0.004999042184894,6,"TERSTA"
"413","L","3","fc.L_rm.3",0.619346814418676,1,0.0462080478581684,0.0571953539692985,0.565509322121909,0.0504812628379835,0,0.912870929175277,0.0972222222222222,0.114530711822713,0.0416666666666667,0.0833333333333333,683.661467851446,2.27373675443232e-13,0.215548906661968,3,"TETBAL"
"414","L","2","fc.L_rm.2",0.924999266496494,0.767,0.0410316868475191,0.0192251835235309,0.917799311329938,0.0391917015138213,0.416,0.113504772293209,0.0833333333333333,0.166666666666667,0.0416666666666667,0.0833333333333333,298.157146063576,2.79214188407508,0.126785340548561,7,"TETCRO"
"415","LQ","5","fc.LQ_rm.5",0.751662249065448,0.926,0.0291445436682408,0.0262790181355397,0.730323432178326,0.0734623603872999,0.59575,0.22986282141022,0.0767045454545455,0.0915578179187259,0.0227272727272727,0.0454545454545455,706.168706301711,0,0.262132315499727,4,"TETELA"
"416","L","5","fc.L_rm.5",0.754708608980095,1,0.0813908712840786,0.162781742568157,0.649916086112639,0.132821637999147,NA,NA,0.25,0.5,0.25,0.5,304.472693480077,12.683772698474,0.000624188512138244,4,"TETURB"
"417","H","5","fc.H_rm.5",0.689194161784356,0.871,0.0828908018312799,0.0561778818246513,0.581059890861069,0.121337585941729,NA,NA,0.107954545454545,0.127725115909753,0.0454545454545455,0.0909090909090909,537.19810655915,3.22286229827239,0.0844423295359163,3,"THEGRA"
"418","LQH","4","fc.LQH_rm.4",0.892735438063838,0.734,0.0382654741952753,0.0386441949749587,0.863570646770116,0.0377131700588334,0.609,0.133683706312076,0.203525641025641,0.142799162884266,0.120192307692308,0.139008002834625,538.093964078245,3.25165503081632,0.0238151428625996,7,"THEPOP"
"419","LQ","4","fc.LQ_rm.4",0.919958805472824,0.192,0.052181217915253,0.0696449446518769,0.885355951041741,0.0755008304068276,0.219,0.517674286271461,0.1875,0.239356776939085,0.125,0.25,327.108637507693,4.05935085060054,0.044379200298746,4,"THOPOR"
"420","L","5","fc.L_rm.5",0.714124077848961,0.873,0.0240884211896536,0.0196816051773954,0.705556645670422,0.0230899614072966,0.69175,0.0367820155329567,0.11421246130031,0.0710277926524706,0.0287828947368421,0.0334789136859036,1414.93508312694,7.61721696085215,0.0077351035247662,5,"THOSTR"
"421","H","5","fc.H_rm.5",0.77715507531055,0.847,0.11801780480805,0.0858629837893886,0.652272326072586,0.167720645978401,NA,NA,0.208333333333333,0.25,0.145833333333333,0.171796067734069,279.014054524174,4.29812108993258,0.0451680189673814,4,"THRMOR"
"422","LQ","3","fc.LQ_rm.3",0.818529958783891,0.79,0.101783398176569,0.0525302109890903,0.739751513581407,0.0927982825271688,0.4615,0.314915332536646,0.0833333333333333,0.166666666666667,0.0833333333333333,0.166666666666667,491.8109929706,18.2879226160977,3.81115966486451e-05,9,"TOUFIL"
"423","L","2","fc.L_rm.2",0.84153624951612,0.769,0.134480213135354,0.116684743494788,0.763484132505685,0.153087620085011,0.62825,0.436538180842562,0.1875,0.239356776939085,0.1875,0.239356776939085,263.589884835912,0,0.712841451539763,5,"TRELAM"
"424","L","3","fc.L_rm.3",0.726556217168865,NA,0.0366019027086221,0.402620929794843,0.661007306264223,0.348061358930924,NA,NA,0.0833333333333333,0.916666666666667,0.0833333333333333,0.916666666666667,267.828903264809,10.9032822453328,0.000541428156092162,5,"TREMIC"
"425","L","2","fc.L_rm.2",0.811820214876801,0.941,0.131849529251969,0.108352470052978,0.710963142239686,0.136707191503743,0.3705,0.44531224999993,0.128739316239316,0.103632478632479,0.0625,0.125,663.880489383864,9.69058885613276,0.00170634259671918,9,"TRIHIR"
"426","LQH","2","fc.LQH_rm.2",0.738231898414072,0.826,0.111339033905048,0.0531202192551634,0.701445582361109,0.100148525415412,0.43525,0.490461942118516,0.10609243697479,0.167975289980174,0.0588235294117647,0.117647058823529,1277.45037011041,5.75200362916848,0.0120826908431122,7,"TRIPAL"
"427","H","2","fc.H_rm.2",0.82163208730281,0.574,0.236711338814254,0.25923789236686,0.6616695663756,0.291932371888078,NA,NA,0.3125,0.473242362150023,0.3125,0.473242362150023,NA,NA,NA,7,"TRITRI"
"428","LQH","3","fc.LQH_rm.3",0.861706930671655,0.802,0.0857390009610131,0.0573697876491918,0.811365192851955,0.0802176790417843,0.5755,0.198528755263984,0.05,0.1,0.05,0.1,396.879779695933,14.3588959130831,0.000393555028476168,7,"TRORAC"
"429","H","4","fc.H_rm.4",0.819554808090769,0.833,0.0869495029947986,0.0501700189913044,0.750734078065588,0.081693276890444,0.32225,0.508430509837218,0.193376068376068,0.158652946844842,0.0972222222222222,0.114530711822713,699.305829391374,5.30057040406837,0.018123546040752,8,"TUROCC"
"430","H","1","fc.H_rm.1",0.772773235984712,0.85,0.142699357409102,0.112217951324826,0.617801359248513,0.0953810063199805,0.407,0.289690639591041,0.2625,0.170171482138851,0.175,0.23629078131263,607.917981682103,31.2510925692056,1.95881449029178e-08,13,"UREBAC"
"431","LQ","4","fc.LQ_rm.4",0.813783112278976,0.874,0.083966893348616,0.0766017141790282,0.764735616212522,0.0821267069966774,0.10825,0.394987236080695,0.173611111111111,0.147640914065759,0.142361111111111,0.139062391628478,574.970815015251,1.16417430284309,0.143510721316283,4,"VACFAR"
"432","L","4","fc.L_rm.4",0.701895626356058,1,0.108636648095896,0.135462690763211,0.570602910979601,0.0697840825132607,NA,NA,0,0,0,0,373.541368321559,1.93605545922082,0.145767214491222,4,"VARBEL"
"433","H","5","fc.H_rm.5",0.627954715291455,0.648,0.0967976749151054,0.0865201315172613,0.524860015950903,0.0915417251049889,-0.05975,0.704482020115962,0.105425824175824,0.0712820330470294,0.0861950549450549,0.0638539297686409,728.696193905385,0,0.477086508716518,3,"VARPOL"
"434","H","2","fc.H_rm.2",0.965905459691409,0.619,0.0215665713190063,0.00301975652381495,0.969252992288032,0.0212952714837995,0.417,0.355945220504504,0,0,0,0,168.502192579237,26.7435491865104,6.79930490769269e-07,5,"VARRUP"
"435","L","1","fc.L_rm.1",0.740154393175335,1,0.110623361172822,0.0647240362675984,0.639391895163943,0.0474351603295767,0.04475,0.59993964974265,0.204166666666667,0.166874869954173,0.1,0.2,409.79367348879,0.728518817079191,0.0837114256121342,6,"VITDIV"
"436","L","5","fc.L_rm.5",0.617542623195534,1,0.0900060519551946,0.108007426559418,0.480733085887214,0.0599065305427824,NA,NA,0,0,0,0,453.324000771759,9.07058607330157,0.00214140521568226,3,"WALLAM"
"437","H","4","fc.H_rm.4",0.761943274793742,0,0.110461790937263,0.131342923358132,0.717089597521136,0.15350928978535,NA,NA,0.125,0.25,0.125,0.25,259.07024708233,3.70352361875578,0.106555692690423,4,"XYLBUX"
"438","L","2","fc.L_rm.2",0.787327503094818,1,0.204124250955198,0.0606208464544601,0.734031545663313,0.193054765047017,NA,NA,0.0833333333333333,0.166666666666667,0.0833333333333333,0.166666666666667,229.3843803321,33.9014304058733,2.07067583727531e-08,6,"XYLSCH"
"439","LQH","4","fc.LQH_rm.4",0.743546029062137,1,0.174905532867724,0.0791491016235871,0.676920954434198,0.142921656520324,NA,NA,0.24375,0.185264450628464,0.19375,0.223955910839611,451.475884579476,1.13801112247387,0.0760896491536311,3,"ZANFLA"
"440","LQH","5","fc.LQH_rm.5",0.711826499685481,0.646,0.0597304968046745,0.0753475125314737,0.653079206065209,0.0581389610857795,0.12225,0.222324650005347,0.167429792429792,0.0716593106209581,0.120421245421245,0.0701010942524039,959.295129085604,4.51735664817738,0.0537569824996287,6,"ZANMAR"
"441","LQH","1","fc.LQH_rm.1",0.876843367767418,0.912,0.0886641274932974,0.033559444259065,0.828754522663688,0.0737513967878542,0.4225,0.325019486595291,0.111805555555556,0.0912976579419155,0.111805555555556,0.0912976579419155,773.611239775548,18.1581489787385,7.82748943653615e-05,13,"ZANMON"
"442","LQ","2","fc.LQ_rm.2",0.842700035973072,0.835,0.131977426700112,0.184827730881174,0.771808934748084,0.171542813247477,0.34175,0.368005774411218,0.291666666666667,0.284637521276655,0.208333333333333,0.315494908100015,385.881915255723,8.64119027791327,0.00762373581618558,6,"ZANPUN"
"443","H","5","fc.H_rm.5",0.791440563752129,0.857,0.0345953123059272,0.047764010217112,0.681629395535727,0.0801318628519047,NA,NA,0.1,0.2,0.05,0.1,283.271253331732,6.19643623864789,0.00809887105380768,4,"ZAPPOR"
"444","H","5","fc.H_rm.5",0.928607371053668,0.917,0.0271772282921735,0.025070895093044,0.908122704899203,0.0244848958773886,0.431,0.491219570728474,0.220454545454545,0.207088567842673,0.1125,0.131497781983829,446.649311338861,14.6978837888898,0.000324295843600717,4,"ZIZRET"
